"actual","predicted","prob_not_repaid","prob_repaid"
"Repaid","Repaid",0.0864620626922719,0.913537937307728
"Repaid","Repaid",0.0246546469577493,0.975345353042251
"Not_Repaid","Repaid",0.195681222259916,0.804318777740084
"Not_Repaid","Not_Repaid",0.880293285085317,0.119706714914683
"Not_Repaid","Not_Repaid",0.785558855395355,0.214441144604645
"Not_Repaid","Not_Repaid",0.991573438261232,0.00842656173876815
"Repaid","Repaid",0.382352558101183,0.617647441898817
"Repaid","Repaid",0.0349272158254696,0.96507278417453
"Not_Repaid","Not_Repaid",0.915419109070713,0.0845808909292874
"Repaid","Repaid",0.0344388630122104,0.96556113698779
"Repaid","Not_Repaid",0.987959404811202,0.0120405951887983
"Repaid","Repaid",0.19049037420828,0.80950962579172
"Repaid","Repaid",0.0183131377850823,0.981686862214918
"Not_Repaid","Not_Repaid",0.539610314603531,0.460389685396469
"Repaid","Repaid",0.0732774132709892,0.926722586729011
"Not_Repaid","Not_Repaid",0.780629208557827,0.219370791442173
"Repaid","Repaid",0.214741891944255,0.785258108055745
"Repaid","Repaid",0.329146134896542,0.670853865103458
"Not_Repaid","Not_Repaid",0.911115227655218,0.0888847723447816
"Not_Repaid","Not_Repaid",0.879392572059929,0.120607427940071
"Repaid","Repaid",0.131247855851227,0.868752144148773
"Repaid","Repaid",0.0608616816388482,0.939138318361152
"Repaid","Repaid",0.117732246444448,0.882267753555552
"Repaid","Not_Repaid",0.812689883577975,0.187310116422025
"Not_Repaid","Not_Repaid",0.706476130803515,0.293523869196485
"Not_Repaid","Repaid",0.0459785063949157,0.954021493605084
"Not_Repaid","Not_Repaid",0.98554715398904,0.0144528460109598
"Not_Repaid","Not_Repaid",0.937036448502906,0.0629635514970942
"Not_Repaid","Not_Repaid",0.552602488259808,0.447397511740192
"Not_Repaid","Not_Repaid",0.746800562299998,0.253199437700002
"Not_Repaid","Not_Repaid",0.834623526749952,0.165376473250048
"Repaid","Repaid",0.0263650882894043,0.973634911710596
"Repaid","Not_Repaid",0.627969924876852,0.372030075123148
"Repaid","Repaid",0.37652208275703,0.62347791724297
"Repaid","Not_Repaid",0.670961827151141,0.329038172848859
"Not_Repaid","Not_Repaid",0.555187503741347,0.444812496258653
"Not_Repaid","Not_Repaid",0.91467759851361,0.08532240148639
"Repaid","Repaid",0.147787859863121,0.852212140136879
"Not_Repaid","Not_Repaid",0.711513525391943,0.288486474608057
"Not_Repaid","Not_Repaid",0.996321660057424,0.00367833994257566
"Not_Repaid","Not_Repaid",0.787545522478632,0.212454477521368
"Repaid","Repaid",0.211275354892292,0.788724645107708
"Not_Repaid","Not_Repaid",0.896397172880644,0.103602827119356
"Not_Repaid","Repaid",0.170615301461391,0.829384698538609
"Repaid","Repaid",0.185492203217025,0.814507796782975
"Not_Repaid","Not_Repaid",0.746128907946514,0.253871092053486
"Repaid","Repaid",0.455666281711371,0.544333718288629
"Repaid","Repaid",0.0249427808839745,0.975057219116025
"Not_Repaid","Not_Repaid",0.791327046285663,0.208672953714337
"Not_Repaid","Not_Repaid",0.991186339530839,0.00881366046916128
"Not_Repaid","Not_Repaid",0.990829113000835,0.00917088699916538
"Repaid","Repaid",0.266057373965889,0.733942626034111
"Repaid","Repaid",0.339665822453311,0.660334177546689
"Not_Repaid","Repaid",0.495716726007462,0.504283273992538
"Not_Repaid","Not_Repaid",0.724662938772666,0.275337061227334
"Repaid","Repaid",0.0251668933086743,0.974833106691326
"Not_Repaid","Not_Repaid",0.973318767237101,0.026681232762899
"Not_Repaid","Not_Repaid",0.797641925794506,0.202358074205494
"Not_Repaid","Not_Repaid",0.906464007597688,0.093535992402312
"Repaid","Repaid",0.0770654638810043,0.922934536118996
"Repaid","Repaid",0.0384587795551607,0.961541220444839
"Not_Repaid","Not_Repaid",0.963864462339766,0.0361355376602343
"Not_Repaid","Not_Repaid",0.727697698923051,0.272302301076949
"Repaid","Repaid",0.141306128760395,0.858693871239605
"Repaid","Repaid",0.069091511652914,0.930908488347086
"Repaid","Repaid",0.210129340377869,0.789870659622131
"Not_Repaid","Not_Repaid",0.527534442612009,0.472465557387991
"Repaid","Repaid",0.189893957788154,0.810106042211846
"Not_Repaid","Repaid",0.174993146739324,0.825006853260676
"Not_Repaid","Not_Repaid",0.973174504124906,0.0268254958750941
"Not_Repaid","Not_Repaid",0.860177936330757,0.139822063669243
"Not_Repaid","Not_Repaid",0.724368600946394,0.275631399053606
"Repaid","Repaid",0.0488978048834328,0.951102195116567
"Not_Repaid","Repaid",0.462481991065145,0.537518008934855
"Repaid","Repaid",0.295595758317403,0.704404241682597
"Repaid","Not_Repaid",0.522079300520863,0.477920699479137
"Repaid","Repaid",0.0969788723075388,0.903021127692461
"Repaid","Repaid",0.0668164546162768,0.933183545383723
"Not_Repaid","Not_Repaid",0.889757882561629,0.110242117438371
"Repaid","Repaid",0.0239736083678508,0.976026391632149
"Repaid","Repaid",0.188545799743023,0.811454200256977
"Repaid","Repaid",0.0637269460533211,0.936273053946679
"Not_Repaid","Not_Repaid",0.763573904835369,0.236426095164631
"Repaid","Repaid",0.085464788607922,0.914535211392078
"Not_Repaid","Not_Repaid",0.839935578308967,0.160064421691032
"Repaid","Repaid",0.016633329247595,0.983366670752405
"Not_Repaid","Not_Repaid",0.875342245816145,0.124657754183855
"Not_Repaid","Not_Repaid",0.664173322094802,0.335826677905198
"Repaid","Repaid",0.0455487041751174,0.954451295824883
"Not_Repaid","Not_Repaid",0.653385529883465,0.346614470116535
"Not_Repaid","Repaid",0.496854782062554,0.503145217937446
"Repaid","Repaid",0.0352743370081189,0.964725662991881
"Not_Repaid","Not_Repaid",0.957827367754077,0.0421726322459229
"Not_Repaid","Not_Repaid",0.928862557706212,0.0711374422937884
"Repaid","Repaid",0.0477538343213673,0.952246165678633
"Repaid","Repaid",0.035263537558144,0.964736462441856
"Not_Repaid","Not_Repaid",0.892959340802743,0.107040659197257
"Repaid","Repaid",0.020801606110232,0.979198393889768
"Not_Repaid","Not_Repaid",0.676610887675279,0.323389112324721
"Not_Repaid","Not_Repaid",0.98639567125941,0.0136043287405896
"Not_Repaid","Not_Repaid",0.944212571040042,0.0557874289599576
"Repaid","Not_Repaid",0.805194757348999,0.194805242651001
"Not_Repaid","Not_Repaid",0.814772979579113,0.185227020420887
"Not_Repaid","Not_Repaid",0.87383083867346,0.12616916132654
"Not_Repaid","Not_Repaid",0.778527060714932,0.221472939285068
"Repaid","Not_Repaid",0.522510430275961,0.477489569724039
"Repaid","Repaid",0.0319752095263238,0.968024790473676
"Repaid","Not_Repaid",0.946862571097772,0.0531374289022277
"Not_Repaid","Not_Repaid",0.720584593693709,0.279415406306291
"Repaid","Repaid",0.0907569195917637,0.909243080408236
"Not_Repaid","Not_Repaid",0.730736996365676,0.269263003634324
"Not_Repaid","Not_Repaid",0.670221956141962,0.329778043858038
"Repaid","Repaid",0.236538980879578,0.763461019120422
"Not_Repaid","Not_Repaid",0.704312513157188,0.295687486842812
"Not_Repaid","Not_Repaid",0.8837992521272,0.1162007478728
"Repaid","Repaid",0.0256397628835943,0.974360237116406
"Not_Repaid","Repaid",0.0770711675395135,0.922928832460487
"Not_Repaid","Repaid",0.499429515957733,0.500570484042267
"Repaid","Not_Repaid",0.712321064070496,0.287678935929504
"Not_Repaid","Not_Repaid",0.639271663492507,0.360728336507493
"Not_Repaid","Not_Repaid",0.894997271107615,0.105002728892385
"Not_Repaid","Not_Repaid",0.703538807288339,0.296461192711661
"Not_Repaid","Not_Repaid",0.692362481730721,0.307637518269279
"Repaid","Repaid",0.109706360862596,0.890293639137404
"Repaid","Repaid",0.0854140433113628,0.914585956688637
"Not_Repaid","Repaid",0.493299237251479,0.506700762748521
"Not_Repaid","Not_Repaid",0.828023145388571,0.171976854611429
"Not_Repaid","Not_Repaid",0.914026231257325,0.0859737687426748
"Not_Repaid","Not_Repaid",0.925134967470334,0.074865032529666
"Not_Repaid","Not_Repaid",0.850973166419038,0.149026833580962
"Not_Repaid","Not_Repaid",0.560572514314522,0.439427485685478
"Not_Repaid","Not_Repaid",0.778085874406582,0.221914125593418
"Repaid","Not_Repaid",0.761778417467653,0.238221582532347
"Repaid","Repaid",0.163342986183239,0.836657013816761
"Not_Repaid","Not_Repaid",0.901937724262354,0.0980622757376462
"Repaid","Repaid",0.43964175710457,0.56035824289543
"Repaid","Repaid",0.077229331617609,0.922770668382391
"Not_Repaid","Repaid",0.267295773416798,0.732704226583202
"Repaid","Repaid",0.399420475992021,0.600579524007979
"Repaid","Repaid",0.0338614489438498,0.96613855105615
"Repaid","Repaid",0.209644600818424,0.790355399181576
"Not_Repaid","Not_Repaid",0.971357961505829,0.0286420384941706
"Repaid","Repaid",0.261310111774572,0.738689888225428
"Repaid","Repaid",0.0407645397560582,0.959235460243942
"Repaid","Repaid",0.247616240608852,0.752383759391148
"Repaid","Repaid",0.212507029153159,0.787492970846841
"Not_Repaid","Not_Repaid",0.729170418933412,0.270829581066588
"Repaid","Repaid",0.133135187822424,0.866864812177576
"Not_Repaid","Not_Repaid",0.800180774379922,0.199819225620078
"Repaid","Repaid",0.216227246539614,0.783772753460386
"Not_Repaid","Repaid",0.436824283291709,0.563175716708291
"Not_Repaid","Not_Repaid",0.593795622106446,0.406204377893554
"Not_Repaid","Not_Repaid",0.550044012829779,0.449955987170221
"Repaid","Repaid",0.117946577731108,0.882053422268892
"Repaid","Not_Repaid",0.676009727374371,0.323990272625629
"Not_Repaid","Not_Repaid",0.910473705415412,0.0895262945845877
"Not_Repaid","Not_Repaid",0.700014451987776,0.299985548012224
"Repaid","Repaid",0.0601059029847132,0.939894097015287
"Not_Repaid","Not_Repaid",0.63646536898462,0.36353463101538
"Not_Repaid","Not_Repaid",0.901278839774273,0.0987211602257265
"Repaid","Not_Repaid",0.766659957210313,0.233340042789687
"Repaid","Repaid",0.10541871149969,0.89458128850031
"Not_Repaid","Not_Repaid",0.997187867632698,0.00281213236730218
"Repaid","Repaid",0.127585999235812,0.872414000764188
"Not_Repaid","Repaid",0.479069861948624,0.520930138051376
"Not_Repaid","Not_Repaid",0.961780079926909,0.0382199200730912
"Repaid","Repaid",0.0935537471309653,0.906446252869035
"Repaid","Repaid",0.263416425635174,0.736583574364826
"Repaid","Not_Repaid",0.818094621326193,0.181905378673807
"Not_Repaid","Not_Repaid",0.920107965005351,0.079892034994649
"Not_Repaid","Not_Repaid",0.764433838795803,0.235566161204197
"Repaid","Repaid",0.113678776296045,0.886321223703955
"Repaid","Repaid",0.213559131798744,0.786440868201256
"Repaid","Repaid",0.0852266391973935,0.914773360802607
"Not_Repaid","Not_Repaid",0.949912846735987,0.0500871532640134
"Repaid","Repaid",0.0815945194610158,0.918405480538984
"Not_Repaid","Repaid",0.183080203863411,0.816919796136589
"Not_Repaid","Not_Repaid",0.7100465036647,0.2899534963353
"Repaid","Not_Repaid",0.598885522817202,0.401114477182798
"Not_Repaid","Not_Repaid",0.631976200718579,0.368023799281421
"Not_Repaid","Not_Repaid",0.92790928502845,0.0720907149715499
"Repaid","Repaid",0.0908393382157486,0.909160661784251
"Not_Repaid","Not_Repaid",0.709842466294619,0.290157533705381
"Not_Repaid","Not_Repaid",0.6883238941469,0.3116761058531
"Repaid","Repaid",0.0120877189179939,0.987912281082006
"Repaid","Repaid",0.277677808191264,0.722322191808736
"Not_Repaid","Not_Repaid",0.833087803345597,0.166912196654403
"Not_Repaid","Not_Repaid",0.971285561319359,0.0287144386806406
"Not_Repaid","Not_Repaid",0.669404480827877,0.330595519172124
"Not_Repaid","Not_Repaid",0.856625134855748,0.143374865144252
"Repaid","Repaid",0.202559526501314,0.797440473498686
"Repaid","Not_Repaid",0.51951504547925,0.48048495452075
"Not_Repaid","Not_Repaid",0.982204329770786,0.0177956702292145
"Not_Repaid","Not_Repaid",0.949034249831252,0.0509657501687481
"Not_Repaid","Not_Repaid",0.74678904907258,0.25321095092742
"Repaid","Repaid",0.0693302205495695,0.93066977945043
"Repaid","Repaid",0.0491587343394434,0.950841265660557
"Repaid","Repaid",0.160752420118517,0.839247579881483
"Repaid","Repaid",0.0341358157343367,0.965864184265663
"Repaid","Repaid",0.0934366343901709,0.906563365609829
"Repaid","Repaid",0.414427745761262,0.585572254238738
"Not_Repaid","Not_Repaid",0.95310820476176,0.04689179523824
"Not_Repaid","Not_Repaid",0.883379757768117,0.116620242231883
"Repaid","Repaid",0.12581338312551,0.87418661687449
"Not_Repaid","Not_Repaid",0.753981860460882,0.246018139539118
"Not_Repaid","Repaid",0.419529292046064,0.580470707953936
"Not_Repaid","Not_Repaid",0.838698698588309,0.161301301411691
"Not_Repaid","Not_Repaid",0.955439836980553,0.0445601630194469
"Not_Repaid","Not_Repaid",0.890852279444131,0.109147720555869
"Not_Repaid","Not_Repaid",0.96772708585073,0.0322729141492702
"Repaid","Repaid",0.0675539502882051,0.932446049711795
"Repaid","Repaid",0.115818757834537,0.884181242165463
"Not_Repaid","Not_Repaid",0.671287205601094,0.328712794398906
"Not_Repaid","Not_Repaid",0.985175143572412,0.0148248564275885
"Repaid","Repaid",0.32213910782057,0.67786089217943
"Repaid","Repaid",0.285714877787208,0.714285122212792
"Not_Repaid","Not_Repaid",0.825616770909101,0.174383229090899
"Repaid","Not_Repaid",0.508020402370493,0.491979597629507
"Not_Repaid","Not_Repaid",0.769387556094496,0.230612443905504
"Not_Repaid","Not_Repaid",0.817351623090243,0.182648376909757
"Not_Repaid","Not_Repaid",0.960504047192473,0.039495952807527
"Repaid","Repaid",0.137074664504842,0.862925335495158
"Not_Repaid","Not_Repaid",0.906794207123029,0.0932057928769712
"Repaid","Repaid",0.176317858003182,0.823682141996818
"Repaid","Repaid",0.331685293779976,0.668314706220024
"Not_Repaid","Not_Repaid",0.75770319961053,0.24229680038947
"Repaid","Repaid",0.0140714851954606,0.985928514804539
"Not_Repaid","Not_Repaid",0.566728662122653,0.433271337877347
"Repaid","Not_Repaid",0.703373153254769,0.296626846745231
"Repaid","Repaid",0.0508583922834672,0.949141607716533
"Repaid","Repaid",0.373559771964112,0.626440228035888
"Repaid","Repaid",0.0716503931439088,0.928349606856091
"Not_Repaid","Repaid",0.370737701330691,0.629262298669309
"Repaid","Repaid",0.359099998439726,0.640900001560274
"Not_Repaid","Not_Repaid",0.817244716160329,0.182755283839671
"Not_Repaid","Repaid",0.470298155863229,0.529701844136771
"Not_Repaid","Not_Repaid",0.874107677852494,0.125892322147506
"Repaid","Repaid",0.342024349544765,0.657975650455235
"Repaid","Not_Repaid",0.907322863313115,0.092677136686885
"Repaid","Not_Repaid",0.502245208573363,0.497754791426637
"Not_Repaid","Not_Repaid",0.919309038679828,0.0806909613201717
"Repaid","Repaid",0.25747300490574,0.74252699509426
"Not_Repaid","Repaid",0.236617967204231,0.763382032795769
"Not_Repaid","Repaid",0.387645957985179,0.612354042014821
"Not_Repaid","Not_Repaid",0.852683786575469,0.147316213424531
"Not_Repaid","Not_Repaid",0.940181624873108,0.0598183751268919
"Not_Repaid","Repaid",0.0453558218154201,0.95464417818458
"Not_Repaid","Not_Repaid",0.936967095831655,0.0630329041683449
"Not_Repaid","Not_Repaid",0.868047553818492,0.131952446181508
"Not_Repaid","Not_Repaid",0.882651614729789,0.117348385270211
"Not_Repaid","Repaid",0.465139888938245,0.534860111061755
"Repaid","Not_Repaid",0.759741239189458,0.240258760810542
"Not_Repaid","Not_Repaid",0.676375781530818,0.323624218469182
"Not_Repaid","Not_Repaid",0.60062616820908,0.39937383179092
"Not_Repaid","Not_Repaid",0.994864330879026,0.00513566912097371
"Not_Repaid","Not_Repaid",0.994061821962864,0.00593817803713579
"Repaid","Repaid",0.100100707991478,0.899899292008522
"Not_Repaid","Not_Repaid",0.909672526049242,0.0903274739507579
"Not_Repaid","Not_Repaid",0.992613989594604,0.00738601040539602
"Not_Repaid","Not_Repaid",0.579962638965095,0.420037361034905
"Repaid","Repaid",0.060748966079923,0.939251033920077
"Repaid","Repaid",0.254893088858034,0.745106911141966
"Not_Repaid","Not_Repaid",0.605534500800414,0.394465499199586
"Repaid","Repaid",0.104694930999597,0.895305069000403
"Not_Repaid","Not_Repaid",0.904822044105499,0.0951779558945006
"Not_Repaid","Not_Repaid",0.653850671992543,0.346149328007457
"Not_Repaid","Not_Repaid",0.88295477397896,0.11704522602104
"Not_Repaid","Not_Repaid",0.8626148073789,0.1373851926211
"Repaid","Repaid",0.0211782218471225,0.978821778152878
"Not_Repaid","Not_Repaid",0.811772178962393,0.188227821037607
"Not_Repaid","Not_Repaid",0.831862646924813,0.168137353075187
"Not_Repaid","Not_Repaid",0.657552297613001,0.342447702386999
"Repaid","Not_Repaid",0.517268226549891,0.482731773450109
"Repaid","Repaid",0.18490291864987,0.81509708135013
"Not_Repaid","Repaid",0.0434705097611793,0.956529490238821
"Not_Repaid","Not_Repaid",0.968972417839115,0.0310275821608847
"Repaid","Repaid",0.194920189285215,0.805079810714785
"Repaid","Not_Repaid",0.981371611074003,0.0186283889259971
"Repaid","Repaid",0.0562970380065434,0.943702961993457
"Not_Repaid","Repaid",0.224592481262752,0.775407518737248
"Repaid","Repaid",0.060266014527584,0.939733985472416
"Repaid","Not_Repaid",0.864602285191468,0.135397714808532
"Repaid","Repaid",0.0854991178383464,0.914500882161654
"Repaid","Repaid",0.0347475769641656,0.965252423035834
"Not_Repaid","Not_Repaid",0.987352357693995,0.0126476423060047
"Repaid","Repaid",0.0226840458654152,0.977315954134585
"Repaid","Repaid",0.0425682454353787,0.957431754564621
"Not_Repaid","Not_Repaid",0.751313948518999,0.248686051481001
"Repaid","Repaid",0.110090948962525,0.889909051037475
"Not_Repaid","Not_Repaid",0.896753488422668,0.103246511577332
"Not_Repaid","Not_Repaid",0.936863926481093,0.0631360735189075
"Repaid","Repaid",0.119348573363807,0.880651426636193
"Repaid","Repaid",0.458505898697312,0.541494101302688
"Repaid","Repaid",0.443255547574648,0.556744452425352
"Repaid","Repaid",0.0336569192129096,0.96634308078709
"Not_Repaid","Not_Repaid",0.646166256260495,0.353833743739505
"Not_Repaid","Not_Repaid",0.947452305521228,0.0525476944787717
"Not_Repaid","Not_Repaid",0.972464275431448,0.0275357245685517
"Not_Repaid","Not_Repaid",0.80555529914153,0.19444470085847
"Not_Repaid","Not_Repaid",0.625897463931939,0.374102536068061
"Repaid","Not_Repaid",0.775654827355765,0.224345172644235
"Not_Repaid","Not_Repaid",0.899594799674582,0.100405200325418
"Repaid","Repaid",0.0392499169127997,0.9607500830872
"Not_Repaid","Not_Repaid",0.788841223363743,0.211158776636257
"Repaid","Repaid",0.454553093554143,0.545446906445857
"Not_Repaid","Not_Repaid",0.582021871950218,0.417978128049782
"Not_Repaid","Not_Repaid",0.671882984633778,0.328117015366222
"Repaid","Repaid",0.0412608949768115,0.958739105023188
"Repaid","Not_Repaid",0.501917808366848,0.498082191633152
"Not_Repaid","Not_Repaid",0.9952006777061,0.00479932229390042
"Repaid","Repaid",0.170476874557844,0.829523125442156
"Not_Repaid","Not_Repaid",0.721461687938463,0.278538312061537
"Repaid","Repaid",0.0618144618725398,0.93818553812746
"Not_Repaid","Not_Repaid",0.947748037095381,0.0522519629046189
"Repaid","Repaid",0.0626893115661479,0.937310688433852
"Repaid","Repaid",0.217378405056948,0.782621594943052
"Not_Repaid","Repaid",0.152215858230301,0.847784141769699
"Repaid","Repaid",0.074959217918246,0.925040782081754
"Not_Repaid","Not_Repaid",0.797892862705507,0.202107137294493
"Not_Repaid","Not_Repaid",0.945870911990428,0.0541290880095719
"Not_Repaid","Not_Repaid",0.767058339423954,0.232941660576046
"Not_Repaid","Not_Repaid",0.974738067126414,0.0252619328735865
"Not_Repaid","Not_Repaid",0.92820518509264,0.0717948149073605
"Repaid","Repaid",0.0916956851881661,0.908304314811834
"Not_Repaid","Not_Repaid",0.879814733026143,0.120185266973857
"Repaid","Repaid",0.343868791252284,0.656131208747716
"Not_Repaid","Not_Repaid",0.778282672922459,0.221717327077541
"Repaid","Not_Repaid",0.851709435670451,0.148290564329549
"Not_Repaid","Not_Repaid",0.996313997045888,0.00368600295411161
"Repaid","Repaid",0.0395440965181774,0.960455903481823
"Repaid","Not_Repaid",0.504986485353401,0.495013514646599
"Not_Repaid","Repaid",0.0918150116810269,0.908184988318973
"Repaid","Repaid",0.122536098356285,0.877463901643715
"Repaid","Repaid",0.0642056534299537,0.935794346570046
"Repaid","Not_Repaid",0.761635454666164,0.238364545333836
"Repaid","Repaid",0.137823818900524,0.862176181099476
"Repaid","Repaid",0.0251105747467597,0.97488942525324
"Not_Repaid","Not_Repaid",0.969681278102616,0.0303187218973842
"Not_Repaid","Not_Repaid",0.932866338596857,0.0671336614031427
"Not_Repaid","Not_Repaid",0.929074711150524,0.0709252888494757
"Not_Repaid","Not_Repaid",0.771643364313876,0.228356635686123
"Repaid","Repaid",0.0344664931493563,0.965533506850644
"Not_Repaid","Not_Repaid",0.951130379330562,0.0488696206694378
"Not_Repaid","Not_Repaid",0.898087875897769,0.101912124102231
"Not_Repaid","Not_Repaid",0.762249243409918,0.237750756590082
"Not_Repaid","Not_Repaid",0.948200505191492,0.0517994948085076
"Not_Repaid","Not_Repaid",0.892201502624447,0.107798497375553
"Repaid","Repaid",0.102152970123129,0.897847029876871
"Repaid","Not_Repaid",0.569700557032212,0.430299442967788
"Repaid","Repaid",0.0521672968120073,0.947832703187993
"Not_Repaid","Not_Repaid",0.994023280258115,0.00597671974188527
"Repaid","Repaid",0.0334274724822299,0.96657252751777
"Not_Repaid","Not_Repaid",0.667677345742264,0.332322654257736
"Not_Repaid","Not_Repaid",0.980165246819442,0.0198347531805579
"Not_Repaid","Not_Repaid",0.989685156035528,0.010314843964472
"Not_Repaid","Not_Repaid",0.707058363191561,0.292941636808439
"Repaid","Repaid",0.225214011234105,0.774785988765895
"Repaid","Not_Repaid",0.613133977075756,0.386866022924244
"Not_Repaid","Not_Repaid",0.874072169375602,0.125927830624398
"Repaid","Repaid",0.259247165735113,0.740752834264887
"Repaid","Repaid",0.190953362335873,0.809046637664127
"Repaid","Not_Repaid",0.535784784798922,0.464215215201078
"Not_Repaid","Not_Repaid",0.974640008299076,0.0253599917009235
"Not_Repaid","Repaid",0.391056797204746,0.608943202795254
"Not_Repaid","Not_Repaid",0.900653030148034,0.0993469698519664
"Repaid","Repaid",0.0583060014759014,0.941693998524099
"Repaid","Repaid",0.15216445045777,0.84783554954223
"Repaid","Repaid",0.215263485540849,0.784736514459151
"Not_Repaid","Not_Repaid",0.819203835705419,0.180796164294581
"Repaid","Not_Repaid",0.781224502452704,0.218775497547296
"Not_Repaid","Not_Repaid",0.867459536966944,0.132540463033056
"Not_Repaid","Not_Repaid",0.985107670110873,0.0148923298891273
"Repaid","Not_Repaid",0.512411803168062,0.487588196831938
"Not_Repaid","Not_Repaid",0.957389783152198,0.0426102168478021
"Not_Repaid","Repaid",0.279734870966397,0.720265129033603
"Not_Repaid","Not_Repaid",0.98930306376645,0.0106969362335502
"Repaid","Not_Repaid",0.56117541026712,0.43882458973288
"Not_Repaid","Not_Repaid",0.735773229592051,0.264226770407949
"Not_Repaid","Not_Repaid",0.924194435608592,0.0758055643914077
"Not_Repaid","Not_Repaid",0.982272471273297,0.0177275287267027
"Repaid","Repaid",0.345540275469921,0.654459724530079
"Repaid","Not_Repaid",0.93686284638854,0.06313715361146
"Not_Repaid","Not_Repaid",0.69668335461309,0.303316645386911
"Repaid","Repaid",0.137632760182831,0.862367239817169
"Repaid","Repaid",0.210617168831119,0.789382831168881
"Repaid","Repaid",0.0945906680625411,0.905409331937459
"Repaid","Repaid",0.109676915334795,0.890323084665205
"Not_Repaid","Not_Repaid",0.975138260199004,0.0248617398009958
"Repaid","Repaid",0.288514624630694,0.711485375369306
"Repaid","Repaid",0.0376324691204858,0.962367530879514
"Not_Repaid","Not_Repaid",0.91444739724588,0.0855526027541196
"Repaid","Repaid",0.0836827443686109,0.916317255631389
"Not_Repaid","Not_Repaid",0.986419421481545,0.0135805785184552
"Not_Repaid","Repaid",0.203493514919434,0.796506485080566
"Not_Repaid","Not_Repaid",0.914211004419503,0.0857889955804971
"Not_Repaid","Not_Repaid",0.900560587272345,0.0994394127276555
"Repaid","Repaid",0.02241433847007,0.97758566152993
"Repaid","Not_Repaid",0.627843653018993,0.372156346981007
"Not_Repaid","Not_Repaid",0.978197398342786,0.021802601657214
"Repaid","Not_Repaid",0.522601221039422,0.477398778960578
"Not_Repaid","Not_Repaid",0.937017294665109,0.0629827053348912
"Repaid","Repaid",0.171524901105868,0.828475098894132
"Not_Repaid","Not_Repaid",0.934422307286509,0.0655776927134912
"Not_Repaid","Repaid",0.058609822124212,0.941390177875788
"Not_Repaid","Repaid",0.0394957473433065,0.960504252656693
"Not_Repaid","Not_Repaid",0.930722363429939,0.0692776365700612
"Repaid","Repaid",0.185102026680749,0.814897973319251
"Not_Repaid","Not_Repaid",0.911145054463096,0.088854945536904
"Repaid","Not_Repaid",0.541197916137559,0.458802083862441
"Not_Repaid","Repaid",0.0675727165314572,0.932427283468543
"Not_Repaid","Not_Repaid",0.884033763593091,0.115966236406909
"Repaid","Repaid",0.0743961957384057,0.925603804261594
"Not_Repaid","Not_Repaid",0.685189294936894,0.314810705063106
"Repaid","Repaid",0.0672853100269559,0.932714689973044
"Repaid","Repaid",0.0203707704711484,0.979629229528852
"Repaid","Repaid",0.281355614330151,0.718644385669849
"Not_Repaid","Not_Repaid",0.96356437350514,0.0364356264948599
"Not_Repaid","Not_Repaid",0.536580728956128,0.463419271043872
"Repaid","Not_Repaid",0.811820038643491,0.188179961356509
"Repaid","Not_Repaid",0.533160166510747,0.466839833489253
"Not_Repaid","Not_Repaid",0.808002332177375,0.191997667822625
"Repaid","Repaid",0.0539283692170162,0.946071630782984
"Not_Repaid","Not_Repaid",0.954202960520914,0.0457970394790856
"Repaid","Repaid",0.14744249625353,0.85255750374647
"Not_Repaid","Not_Repaid",0.509671975923618,0.490328024076382
"Repaid","Repaid",0.196803164089302,0.803196835910698
"Repaid","Not_Repaid",0.944404170129774,0.055595829870226
"Repaid","Repaid",0.101996781258896,0.898003218741104
"Repaid","Not_Repaid",0.522336340134911,0.477663659865089
"Not_Repaid","Not_Repaid",0.989883546395573,0.0101164536044275
"Repaid","Repaid",0.0735093421345134,0.926490657865487
"Repaid","Repaid",0.0785858623794667,0.921414137620533
"Repaid","Repaid",0.16611188052949,0.83388811947051
"Repaid","Not_Repaid",0.672142758041696,0.327857241958304
"Repaid","Repaid",0.118568285121962,0.881431714878038
"Not_Repaid","Not_Repaid",0.861755262736045,0.138244737263955
"Not_Repaid","Not_Repaid",0.876574549880835,0.123425450119165
"Not_Repaid","Not_Repaid",0.923946229901976,0.0760537700980245
"Not_Repaid","Repaid",0.457076646750884,0.542923353249116
"Not_Repaid","Not_Repaid",0.885288695632056,0.114711304367944
"Not_Repaid","Not_Repaid",0.83036938710358,0.16963061289642
"Repaid","Repaid",0.0403158994229684,0.959684100577032
"Repaid","Repaid",0.261727686214262,0.738272313785738
"Repaid","Repaid",0.0633427692737186,0.936657230726281
"Not_Repaid","Not_Repaid",0.873381772319381,0.126618227680619
"Repaid","Repaid",0.0447027134447291,0.955297286555271
"Repaid","Repaid",0.0989062587909966,0.901093741209003
"Not_Repaid","Not_Repaid",0.918708692378292,0.0812913076217083
"Not_Repaid","Not_Repaid",0.667835184751071,0.332164815248929
"Repaid","Not_Repaid",0.579207752792215,0.420792247207785
"Not_Repaid","Not_Repaid",0.951213846645025,0.0487861533549753
"Repaid","Repaid",0.0244187526868351,0.975581247313165
"Not_Repaid","Not_Repaid",0.777484934256266,0.222515065743734
"Repaid","Repaid",0.3025375599469,0.6974624400531
"Not_Repaid","Not_Repaid",0.797592308416691,0.202407691583309
"Not_Repaid","Not_Repaid",0.974703050106284,0.0252969498937164
"Repaid","Repaid",0.253854938089607,0.746145061910393
"Repaid","Repaid",0.221414469320747,0.778585530679253
"Repaid","Repaid",0.027747087019142,0.972252912980858
"Not_Repaid","Not_Repaid",0.97072573754382,0.02927426245618
"Repaid","Not_Repaid",0.53127951190826,0.46872048809174
"Not_Repaid","Not_Repaid",0.785785009326816,0.214214990673183
"Repaid","Not_Repaid",0.744108629413917,0.255891370586083
"Repaid","Repaid",0.125628318611791,0.874371681388209
"Repaid","Not_Repaid",0.510067998852666,0.489932001147334
"Repaid","Not_Repaid",0.775184826263384,0.224815173736616
"Repaid","Repaid",0.214748765738653,0.785251234261347
"Repaid","Repaid",0.0493582728264447,0.950641727173555
"Not_Repaid","Not_Repaid",0.916237012533941,0.0837629874660589
"Not_Repaid","Repaid",0.273508600309868,0.726491399690132
"Repaid","Repaid",0.166767457524031,0.833232542475969
"Not_Repaid","Not_Repaid",0.89679615761028,0.10320384238972
"Not_Repaid","Not_Repaid",0.817230780750487,0.182769219249512
"Not_Repaid","Not_Repaid",0.624415868523988,0.375584131476012
"Not_Repaid","Not_Repaid",0.504982222711695,0.495017777288305
"Repaid","Not_Repaid",0.784219348946451,0.215780651053549
"Not_Repaid","Not_Repaid",0.685413554026006,0.314586445973994
"Not_Repaid","Not_Repaid",0.886634395852517,0.113365604147483
"Not_Repaid","Repaid",0.413202673026031,0.586797326973969
"Not_Repaid","Not_Repaid",0.955298328133269,0.0447016718667308
"Repaid","Repaid",0.0456683561678231,0.954331643832177
"Repaid","Repaid",0.213718113299884,0.786281886700116
"Repaid","Repaid",0.30874871609587,0.69125128390413
"Repaid","Repaid",0.0602706035135306,0.939729396486469
"Repaid","Repaid",0.02922148370737,0.97077851629263
"Repaid","Repaid",0.0339855181188048,0.966014481881195
"Repaid","Not_Repaid",0.78991821152982,0.21008178847018
"Repaid","Repaid",0.0275357752046315,0.972464224795369
"Not_Repaid","Not_Repaid",0.984588653956767,0.0154113460432328
"Not_Repaid","Not_Repaid",0.962702311282144,0.0372976887178562
"Not_Repaid","Not_Repaid",0.942428488271378,0.0575715117286225
"Not_Repaid","Not_Repaid",0.546300537730895,0.453699462269105
"Not_Repaid","Not_Repaid",0.877759019519985,0.122240980480015
"Not_Repaid","Not_Repaid",0.990771558551665,0.00922844144833463
"Repaid","Repaid",0.197236499923249,0.802763500076751
"Not_Repaid","Not_Repaid",0.758936161194655,0.241063838805345
"Not_Repaid","Not_Repaid",0.645543324019976,0.354456675980024
"Not_Repaid","Not_Repaid",0.972730987175993,0.0272690128240074
"Repaid","Repaid",0.0794792453621191,0.920520754637881
"Not_Repaid","Not_Repaid",0.966462939631006,0.0335370603689941
"Repaid","Repaid",0.0496093082481379,0.950390691751862
"Repaid","Repaid",0.0343941614765509,0.965605838523449
"Not_Repaid","Not_Repaid",0.775202218593207,0.224797781406793
"Not_Repaid","Not_Repaid",0.565528916890851,0.434471083109149
"Not_Repaid","Not_Repaid",0.956567796485522,0.0434322035144777
"Not_Repaid","Not_Repaid",0.990528988987673,0.0094710110123273
"Not_Repaid","Not_Repaid",0.997822440646859,0.00217755935314129
"Repaid","Repaid",0.0356516546824366,0.964348345317563
"Not_Repaid","Repaid",0.49383702248147,0.50616297751853
"Repaid","Repaid",0.0805980915547624,0.919401908445238
"Repaid","Repaid",0.311427669111964,0.688572330888036
"Repaid","Repaid",0.227742799258136,0.772257200741864
"Repaid","Repaid",0.036862179293766,0.963137820706234
"Repaid","Repaid",0.147387087647005,0.852612912352995
"Not_Repaid","Not_Repaid",0.878611877502518,0.121388122497482
"Repaid","Repaid",0.370414447043754,0.629585552956246
"Repaid","Repaid",0.160565517750492,0.839434482249508
"Repaid","Repaid",0.0207909599910855,0.979209040008915
"Not_Repaid","Repaid",0.473110072554123,0.526889927445877
"Repaid","Repaid",0.0312277993872003,0.9687722006128
"Not_Repaid","Not_Repaid",0.71248751030352,0.28751248969648
"Repaid","Repaid",0.379365729009833,0.620634270990167
"Not_Repaid","Not_Repaid",0.893492086414703,0.106507913585297
"Repaid","Not_Repaid",0.700508143748473,0.299491856251527
"Not_Repaid","Not_Repaid",0.933616452677525,0.0663835473224752
"Not_Repaid","Not_Repaid",0.975616364277885,0.0243836357221147
"Not_Repaid","Not_Repaid",0.849651739073699,0.150348260926301
"Not_Repaid","Not_Repaid",0.882209391680926,0.117790608319074
"Not_Repaid","Repaid",0.0567718815772741,0.943228118422726
"Not_Repaid","Not_Repaid",0.915298922856146,0.0847010771438544
"Not_Repaid","Not_Repaid",0.782992554987952,0.217007445012048
"Repaid","Repaid",0.120213428914363,0.879786571085637
"Repaid","Repaid",0.018681037234317,0.981318962765683
"Not_Repaid","Repaid",0.372240855187396,0.627759144812604
"Not_Repaid","Not_Repaid",0.731036043771483,0.268963956228517
"Repaid","Repaid",0.182291432607431,0.81770856739257
"Not_Repaid","Not_Repaid",0.901819214850242,0.0981807851497582
"Repaid","Repaid",0.09125752272022,0.90874247727978
"Repaid","Repaid",0.418063547849217,0.581936452150783
"Not_Repaid","Not_Repaid",0.551669560332014,0.448330439667986
"Repaid","Not_Repaid",0.700680732208048,0.299319267791952
"Not_Repaid","Not_Repaid",0.9834639600868,0.0165360399131998
"Repaid","Repaid",0.0234423699365565,0.976557630063444
"Not_Repaid","Not_Repaid",0.968890772419958,0.0311092275800419
"Not_Repaid","Not_Repaid",0.906635583426283,0.0933644165737168
"Not_Repaid","Not_Repaid",0.938260377620493,0.0617396223795072
"Not_Repaid","Not_Repaid",0.971437674743424,0.0285623252565757
"Repaid","Repaid",0.0150355258581191,0.984964474141881
"Not_Repaid","Not_Repaid",0.867753489868496,0.132246510131504
"Repaid","Not_Repaid",0.938776789248167,0.061223210751833
"Repaid","Repaid",0.0477796395878108,0.952220360412189
"Not_Repaid","Not_Repaid",0.740060257337862,0.259939742662138
"Repaid","Repaid",0.0666385400423914,0.933361459957609
"Repaid","Repaid",0.121829983940288,0.878170016059712
"Repaid","Repaid",0.117662894381802,0.882337105618198
"Not_Repaid","Not_Repaid",0.833011607650361,0.166988392349639
"Not_Repaid","Not_Repaid",0.968769745756333,0.0312302542436668
"Repaid","Not_Repaid",0.501147056693397,0.498852943306603
"Repaid","Repaid",0.0325419873881494,0.967458012611851
"Repaid","Not_Repaid",0.652615349547341,0.347384650452659
"Repaid","Repaid",0.195655255460527,0.804344744539473
"Not_Repaid","Not_Repaid",0.96945845827398,0.0305415417260199
"Not_Repaid","Not_Repaid",0.990789174925587,0.00921082507441314
"Not_Repaid","Not_Repaid",0.969265094954197,0.0307349050458027
"Not_Repaid","Not_Repaid",0.865188721721103,0.134811278278897
"Not_Repaid","Not_Repaid",0.585927478435806,0.414072521564195
"Not_Repaid","Not_Repaid",0.981526178999155,0.0184738210008448
"Repaid","Repaid",0.130455846384168,0.869544153615832
"Not_Repaid","Not_Repaid",0.988256988059351,0.0117430119406487
"Not_Repaid","Not_Repaid",0.993497041370345,0.00650295862965457
"Repaid","Repaid",0.0381355967617146,0.961864403238285
"Repaid","Repaid",0.0401196938322066,0.959880306167793
"Repaid","Repaid",0.0645001757837694,0.935499824216231
"Not_Repaid","Not_Repaid",0.993843251435278,0.00615674856472165
"Repaid","Repaid",0.328796667206648,0.671203332793352
"Not_Repaid","Not_Repaid",0.886940405326445,0.113059594673555
"Not_Repaid","Not_Repaid",0.871139412339084,0.128860587660916
"Not_Repaid","Not_Repaid",0.579109086270014,0.420890913729986
"Repaid","Repaid",0.244764381437249,0.755235618562751
"Repaid","Repaid",0.268419976682032,0.731580023317968
"Not_Repaid","Not_Repaid",0.63838571616428,0.36161428383572
"Not_Repaid","Not_Repaid",0.813951044434113,0.186048955565886
"Not_Repaid","Not_Repaid",0.922675119152804,0.0773248808471963
"Not_Repaid","Not_Repaid",0.525071893969544,0.474928106030456
"Not_Repaid","Not_Repaid",0.815965246146113,0.184034753853887
"Repaid","Repaid",0.0429380636338155,0.957061936366185
"Repaid","Repaid",0.0279959172073213,0.972004082792679
"Not_Repaid","Not_Repaid",0.796954225559195,0.203045774440805
"Not_Repaid","Not_Repaid",0.982537171923524,0.0174628280764763
"Repaid","Repaid",0.109317863032679,0.890682136967321
"Not_Repaid","Not_Repaid",0.969970189860222,0.0300298101397776
"Repaid","Repaid",0.385018413383278,0.614981586616722
"Repaid","Repaid",0.137268707007072,0.862731292992928
"Repaid","Not_Repaid",0.802101517235358,0.197898482764642
"Not_Repaid","Not_Repaid",0.870982824281516,0.129017175718484
"Repaid","Repaid",0.0443147329725004,0.9556852670275
"Not_Repaid","Not_Repaid",0.503163161724841,0.496836838275159
"Repaid","Repaid",0.0224921741010075,0.977507825898993
"Not_Repaid","Not_Repaid",0.885438715453133,0.114561284546867
"Repaid","Repaid",0.128680736892187,0.871319263107813
"Not_Repaid","Not_Repaid",0.939445291489947,0.0605547085100528
"Not_Repaid","Repaid",0.405198166945967,0.594801833054033
"Not_Repaid","Not_Repaid",0.642566780275889,0.357433219724111
"Not_Repaid","Not_Repaid",0.611015799372583,0.388984200627417
"Not_Repaid","Not_Repaid",0.80745890063477,0.19254109936523
"Not_Repaid","Not_Repaid",0.962299242849935,0.0377007571500651
"Repaid","Repaid",0.145669237940637,0.854330762059363
"Not_Repaid","Not_Repaid",0.99076749145189,0.0092325085481101
"Repaid","Repaid",0.0826533998096499,0.91734660019035
"Repaid","Repaid",0.127575552312137,0.872424447687863
"Repaid","Repaid",0.161483333470954,0.838516666529046
"Not_Repaid","Repaid",0.407774793411876,0.592225206588124
"Not_Repaid","Not_Repaid",0.933682372673929,0.066317627326071
"Not_Repaid","Not_Repaid",0.689221589108505,0.310778410891495
"Repaid","Repaid",0.412743394042258,0.587256605957742
"Not_Repaid","Not_Repaid",0.967025789156556,0.0329742108434439
"Repaid","Repaid",0.052083472381581,0.947916527618419
"Not_Repaid","Not_Repaid",0.99195656842709,0.00804343157291008
"Not_Repaid","Not_Repaid",0.686770295080256,0.313229704919744
"Not_Repaid","Not_Repaid",0.97914677368283,0.0208532263171697
"Not_Repaid","Not_Repaid",0.994042582006525,0.00595741799347478
"Repaid","Repaid",0.26831335536967,0.73168664463033
"Repaid","Repaid",0.44764723379964,0.55235276620036
"Not_Repaid","Not_Repaid",0.875776283636772,0.124223716363228
"Not_Repaid","Not_Repaid",0.768857813534696,0.231142186465304
"Repaid","Not_Repaid",0.534275098843485,0.465724901156515
"Repaid","Repaid",0.112660806212258,0.887339193787742
"Repaid","Repaid",0.499655723152306,0.500344276847694
"Repaid","Repaid",0.0351333283727251,0.964866671627275
"Repaid","Repaid",0.381007083127906,0.618992916872094
"Repaid","Repaid",0.20123912743098,0.79876087256902
"Repaid","Repaid",0.118873055622475,0.881126944377525
"Repaid","Repaid",0.361270417529363,0.638729582470637
"Not_Repaid","Not_Repaid",0.949425298071314,0.050574701928686
"Not_Repaid","Not_Repaid",0.742325376169245,0.257674623830755
"Repaid","Not_Repaid",0.57040631464083,0.42959368535917
"Not_Repaid","Not_Repaid",0.538710872215392,0.461289127784608
"Not_Repaid","Not_Repaid",0.693048611128165,0.306951388871835
"Repaid","Repaid",0.0750471626313732,0.924952837368627
"Repaid","Not_Repaid",0.657273937951744,0.342726062048256
"Repaid","Repaid",0.0427583390490427,0.957241660950957
"Repaid","Repaid",0.281093332335203,0.718906667664797
"Repaid","Repaid",0.0342411194802698,0.96575888051973
"Not_Repaid","Not_Repaid",0.673764974864347,0.326235025135653
"Not_Repaid","Repaid",0.179963968380688,0.820036031619312
"Repaid","Not_Repaid",0.698883891764028,0.301116108235972
"Not_Repaid","Not_Repaid",0.993401157904826,0.00659884209517397
"Not_Repaid","Not_Repaid",0.979853287876824,0.0201467121231763
"Not_Repaid","Not_Repaid",0.934600752672567,0.065399247327433
"Repaid","Repaid",0.108768031159614,0.891231968840386
"Repaid","Not_Repaid",0.721512266676665,0.278487733323335
"Repaid","Repaid",0.0403243445402837,0.959675655459716
"Not_Repaid","Not_Repaid",0.547559706193541,0.452440293806459
"Not_Repaid","Repaid",0.155522736995229,0.844477263004771
"Not_Repaid","Not_Repaid",0.941969511621767,0.0580304883782332
"Repaid","Repaid",0.0222313953024214,0.977768604697579
"Not_Repaid","Not_Repaid",0.58069962478056,0.41930037521944
"Repaid","Repaid",0.4656222780329,0.5343777219671
"Not_Repaid","Not_Repaid",0.979327696774001,0.0206723032259986
"Repaid","Repaid",0.380813554368896,0.619186445631104
"Not_Repaid","Repaid",0.305373557013809,0.694626442986191
"Repaid","Not_Repaid",0.567693928968479,0.432306071031521
"Repaid","Repaid",0.185475991755727,0.814524008244273
"Repaid","Repaid",0.149662613588646,0.850337386411354
"Not_Repaid","Not_Repaid",0.983433840371291,0.0165661596287093
"Repaid","Repaid",0.0242349521472189,0.975765047852781
"Not_Repaid","Not_Repaid",0.804593431783451,0.195406568216549
"Repaid","Repaid",0.135402570062566,0.864597429937434
"Not_Repaid","Not_Repaid",0.849240330911137,0.150759669088863
"Not_Repaid","Not_Repaid",0.985730228602949,0.0142697713970509
"Repaid","Repaid",0.0562066627684601,0.94379333723154
"Repaid","Not_Repaid",0.78590563367032,0.214094366329679
"Repaid","Repaid",0.0360300661610533,0.963969933838947
"Not_Repaid","Not_Repaid",0.84353890458913,0.15646109541087
"Not_Repaid","Not_Repaid",0.829536244541093,0.170463755458907
"Repaid","Repaid",0.126120090684221,0.873879909315779
"Repaid","Repaid",0.0972862880619161,0.902713711938084
"Not_Repaid","Not_Repaid",0.785457369058891,0.214542630941109
"Repaid","Repaid",0.0504252336412802,0.94957476635872
"Repaid","Repaid",0.107100336491106,0.892899663508894
"Not_Repaid","Not_Repaid",0.663809132771478,0.336190867228522
"Not_Repaid","Not_Repaid",0.735134418834578,0.264865581165422
"Not_Repaid","Repaid",0.477929454408647,0.522070545591353
"Repaid","Repaid",0.0562380951337301,0.94376190486627
"Not_Repaid","Not_Repaid",0.957956378237504,0.0420436217624962
"Not_Repaid","Repaid",0.456835658559346,0.543164341440654
"Not_Repaid","Not_Repaid",0.995227721933097,0.00477227806690334
"Repaid","Repaid",0.0461726741191657,0.953827325880834
"Not_Repaid","Repaid",0.406440520474055,0.593559479525945
"Not_Repaid","Repaid",0.412753498159403,0.587246501840597
"Not_Repaid","Not_Repaid",0.706466650385456,0.293533349614544
"Repaid","Repaid",0.0348396103724516,0.965160389627548
"Repaid","Repaid",0.368162399432493,0.631837600567507
"Not_Repaid","Not_Repaid",0.72086731867312,0.27913268132688
"Repaid","Repaid",0.0155345199322865,0.984465480067714
"Repaid","Repaid",0.204399104865646,0.795600895134354
"Repaid","Repaid",0.0309953426068728,0.969004657393127
"Not_Repaid","Not_Repaid",0.554947303201084,0.445052696798916
"Not_Repaid","Not_Repaid",0.727623871855724,0.272376128144276
"Not_Repaid","Not_Repaid",0.848546826068984,0.151453173931016
"Not_Repaid","Repaid",0.248988156997117,0.751011843002883
"Not_Repaid","Repaid",0.496004327706226,0.503995672293774
"Repaid","Repaid",0.159374029090836,0.840625970909164
"Not_Repaid","Not_Repaid",0.551487607662844,0.448512392337156
"Not_Repaid","Repaid",0.277940798297553,0.722059201702447
"Repaid","Repaid",0.183147475726569,0.816852524273431
"Not_Repaid","Not_Repaid",0.771780541397316,0.228219458602684
"Not_Repaid","Repaid",0.351705499808765,0.648294500191235
"Repaid","Repaid",0.0236599996546495,0.97634000034535
"Not_Repaid","Repaid",0.457140007716244,0.542859992283756
"Repaid","Repaid",0.0405318933361442,0.959468106663856
"Repaid","Repaid",0.267614823875955,0.732385176124045
"Repaid","Not_Repaid",0.63206200625433,0.36793799374567
"Repaid","Not_Repaid",0.664843610469214,0.335156389530786
"Repaid","Not_Repaid",0.575704037448228,0.424295962551772
"Repaid","Not_Repaid",0.724911339467989,0.275088660532011
"Not_Repaid","Not_Repaid",0.994828588184223,0.00517141181577702
"Not_Repaid","Not_Repaid",0.692435133086825,0.307564866913175
"Repaid","Repaid",0.0604964311808499,0.93950356881915
"Not_Repaid","Not_Repaid",0.622669377260927,0.377330622739073
"Not_Repaid","Repaid",0.258409745740717,0.741590254259283
"Not_Repaid","Not_Repaid",0.96055245756815,0.0394475424318501
"Not_Repaid","Repaid",0.129811670413786,0.870188329586214
"Not_Repaid","Not_Repaid",0.785002550371497,0.214997449628503
"Not_Repaid","Repaid",0.145801362540202,0.854198637459798
"Not_Repaid","Not_Repaid",0.710736376114192,0.289263623885808
"Repaid","Repaid",0.49096209927466,0.50903790072534
"Not_Repaid","Not_Repaid",0.60104042089694,0.39895957910306
"Repaid","Repaid",0.169715927528827,0.830284072471173
"Not_Repaid","Not_Repaid",0.967603393410523,0.0323966065894773
"Not_Repaid","Not_Repaid",0.825285412211484,0.174714587788516
"Not_Repaid","Not_Repaid",0.862436848085868,0.137563151914132
"Not_Repaid","Not_Repaid",0.888776147081707,0.111223852918293
"Repaid","Repaid",0.126623613308494,0.873376386691506
"Repaid","Repaid",0.0220707190539685,0.977929280946031
"Repaid","Repaid",0.0168384246113489,0.983161575388651
"Not_Repaid","Not_Repaid",0.656006742657805,0.343993257342195
"Not_Repaid","Not_Repaid",0.802944578389746,0.197055421610254
"Not_Repaid","Not_Repaid",0.839891781403662,0.160108218596338
"Not_Repaid","Not_Repaid",0.940933372175246,0.0590666278247539
"Repaid","Repaid",0.0650191651992538,0.934980834800746
"Not_Repaid","Not_Repaid",0.780031008371484,0.219968991628516
"Not_Repaid","Repaid",0.18584466036099,0.81415533963901
"Repaid","Repaid",0.0963961686827736,0.903603831317226
"Repaid","Repaid",0.0857146624111447,0.914285337588855
"Repaid","Repaid",0.01612730409915,0.98387269590085
"Not_Repaid","Not_Repaid",0.886397461604411,0.113602538395589
"Not_Repaid","Repaid",0.0796164875960814,0.920383512403919
"Repaid","Repaid",0.0272999450557457,0.972700054944254
"Repaid","Repaid",0.163313965911484,0.836686034088516
"Not_Repaid","Not_Repaid",0.992583405868245,0.0074165941317553
"Not_Repaid","Not_Repaid",0.672146544225592,0.327853455774408
"Repaid","Repaid",0.173295929150558,0.826704070849442
"Repaid","Repaid",0.0352614487939212,0.964738551206079
"Not_Repaid","Not_Repaid",0.821184045725437,0.178815954274563
"Not_Repaid","Repaid",0.250640876129493,0.749359123870507
"Not_Repaid","Repaid",0.494604619519049,0.505395380480951
"Not_Repaid","Not_Repaid",0.974893021677076,0.0251069783229241
"Not_Repaid","Not_Repaid",0.937342771645576,0.0626572283544235
"Not_Repaid","Not_Repaid",0.869294698232135,0.130705301767865
"Repaid","Repaid",0.0432719812957338,0.956728018704266
"Repaid","Not_Repaid",0.673092343953425,0.326907656046575
"Not_Repaid","Not_Repaid",0.611107230500466,0.388892769499534
"Not_Repaid","Not_Repaid",0.769626064803379,0.230373935196621
"Not_Repaid","Not_Repaid",0.918608710498829,0.0813912895011707
"Repaid","Repaid",0.412506102012405,0.587493897987595
"Not_Repaid","Not_Repaid",0.623114791763202,0.376885208236798
"Repaid","Repaid",0.0452515377258998,0.9547484622741
"Repaid","Repaid",0.118598727834239,0.881401272165761
"Repaid","Repaid",0.0970213955308702,0.90297860446913
"Not_Repaid","Not_Repaid",0.57005722796734,0.42994277203266
"Repaid","Repaid",0.206863275321093,0.793136724678907
"Repaid","Repaid",0.143942863754981,0.856057136245019
"Not_Repaid","Not_Repaid",0.900128143528921,0.0998718564710794
"Not_Repaid","Not_Repaid",0.797302955348623,0.202697044651377
"Not_Repaid","Repaid",0.151654056761513,0.848345943238487
"Repaid","Repaid",0.0376604263619894,0.962339573638011
"Repaid","Repaid",0.115507888223241,0.884492111776759
"Repaid","Repaid",0.100897156010568,0.899102843989432
"Not_Repaid","Not_Repaid",0.95669855645797,0.0433014435420297
"Repaid","Repaid",0.0646908900332552,0.935309109966745
"Not_Repaid","Not_Repaid",0.886512216759763,0.113487783240237
"Not_Repaid","Not_Repaid",0.983592532093179,0.0164074679068213
"Not_Repaid","Not_Repaid",0.99554859981738,0.00445140018261961
"Repaid","Repaid",0.0388309933171399,0.96116900668286
"Repaid","Repaid",0.0533651642623482,0.946634835737652
"Not_Repaid","Not_Repaid",0.968623698349207,0.0313763016507927
"Not_Repaid","Not_Repaid",0.987390626963124,0.0126093730368762
"Not_Repaid","Not_Repaid",0.869473383922024,0.130526616077976
"Repaid","Repaid",0.0845800237113947,0.915419976288605
"Repaid","Repaid",0.0933989503260976,0.906601049673902
"Repaid","Repaid",0.0148760147737469,0.985123985226253
"Repaid","Repaid",0.292407448718054,0.707592551281946
"Not_Repaid","Not_Repaid",0.891918480417311,0.108081519582688
"Not_Repaid","Repaid",0.283068316543827,0.716931683456173
"Not_Repaid","Not_Repaid",0.989354569191061,0.0106454308089391
"Not_Repaid","Not_Repaid",0.861385757696749,0.138614242303251
"Not_Repaid","Not_Repaid",0.83987560579037,0.16012439420963
"Repaid","Not_Repaid",0.788502196109731,0.211497803890269
"Not_Repaid","Not_Repaid",0.637391507972105,0.362608492027895
"Repaid","Repaid",0.0202952793495026,0.979704720650497
"Repaid","Repaid",0.192837871065663,0.807162128934337
"Repaid","Repaid",0.223577073520563,0.776422926479437
"Not_Repaid","Not_Repaid",0.974842819567838,0.0251571804321618
"Not_Repaid","Not_Repaid",0.76313306852467,0.236866931475329
"Not_Repaid","Not_Repaid",0.747178449350869,0.252821550649131
"Not_Repaid","Not_Repaid",0.885285219904104,0.114714780095896
"Not_Repaid","Not_Repaid",0.792384750226265,0.207615249773735
"Not_Repaid","Not_Repaid",0.670471451315906,0.329528548684094
"Not_Repaid","Not_Repaid",0.926426096162324,0.0735739038376756
"Not_Repaid","Not_Repaid",0.939952127054404,0.0600478729455961
"Not_Repaid","Not_Repaid",0.889596969516288,0.110403030483712
"Repaid","Repaid",0.101397864430706,0.898602135569294
"Not_Repaid","Not_Repaid",0.972617993355927,0.0273820066440733
"Repaid","Repaid",0.147410925863962,0.852589074136038
"Not_Repaid","Not_Repaid",0.959029410416945,0.0409705895830554
"Not_Repaid","Not_Repaid",0.778085127814433,0.221914872185567
"Repaid","Repaid",0.237338736376885,0.762661263623115
"Repaid","Repaid",0.116508480085882,0.883491519914118
"Repaid","Not_Repaid",0.877846399676302,0.122153600323698
"Repaid","Repaid",0.211249208933847,0.788750791066153
"Not_Repaid","Not_Repaid",0.802408334909995,0.197591665090005
"Not_Repaid","Not_Repaid",0.669443399779935,0.330556600220065
"Not_Repaid","Not_Repaid",0.98521095816587,0.0147890418341306
"Repaid","Repaid",0.445824226628384,0.554175773371616
"Repaid","Repaid",0.381810016396295,0.618189983603705
"Not_Repaid","Not_Repaid",0.604210168129697,0.395789831870303
"Repaid","Repaid",0.380884824115921,0.619115175884079
"Not_Repaid","Not_Repaid",0.984401387263414,0.0155986127365864
"Repaid","Not_Repaid",0.666699132829984,0.333300867170016
"Repaid","Repaid",0.0997596478421214,0.900240352157879
"Repaid","Not_Repaid",0.532555972640759,0.467444027359241
"Not_Repaid","Not_Repaid",0.967442086320708,0.0325579136792915
"Not_Repaid","Not_Repaid",0.559637654470419,0.440362345529581
"Not_Repaid","Not_Repaid",0.717894129084802,0.282105870915198
"Repaid","Repaid",0.212194960599316,0.787805039400684
"Repaid","Repaid",0.187258251672455,0.812741748327545
"Repaid","Repaid",0.159754813601564,0.840245186398436
"Not_Repaid","Not_Repaid",0.83190005010464,0.16809994989536
"Not_Repaid","Repaid",0.21769349804568,0.78230650195432
"Repaid","Repaid",0.24526256476192,0.75473743523808
"Not_Repaid","Repaid",0.172886445809632,0.827113554190368
"Not_Repaid","Not_Repaid",0.826122541617282,0.173877458382718
"Not_Repaid","Not_Repaid",0.536651389627784,0.463348610372216
"Not_Repaid","Not_Repaid",0.956547154154887,0.0434528458451131
"Not_Repaid","Not_Repaid",0.878138476180096,0.121861523819904
"Repaid","Repaid",0.0737291636417985,0.926270836358202
"Not_Repaid","Not_Repaid",0.648255277823673,0.351744722176327
"Not_Repaid","Repaid",0.32733938049325,0.67266061950675
"Not_Repaid","Not_Repaid",0.916126352957481,0.0838736470425191
"Repaid","Repaid",0.0549158517877303,0.94508414821227
"Not_Repaid","Not_Repaid",0.83682950793381,0.16317049206619
"Repaid","Repaid",0.353595288406056,0.646404711593944
"Repaid","Repaid",0.0734845780290181,0.926515421970982
"Repaid","Repaid",0.068715242067254,0.931284757932746
"Repaid","Repaid",0.0621235334653523,0.937876466534648
"Repaid","Repaid",0.256557522013433,0.743442477986567
"Repaid","Not_Repaid",0.516084072543896,0.483915927456104
"Not_Repaid","Not_Repaid",0.974767104171681,0.0252328958283191
"Not_Repaid","Not_Repaid",0.713644825220763,0.286355174779237
"Repaid","Repaid",0.0337705447520651,0.966229455247935
"Repaid","Not_Repaid",0.647104626874865,0.352895373125135
"Not_Repaid","Repaid",0.394435512212009,0.605564487787991
"Repaid","Repaid",0.0509764779214648,0.949023522078535
"Not_Repaid","Not_Repaid",0.740016294953941,0.259983705046059
"Not_Repaid","Not_Repaid",0.735303941565008,0.264696058434992
"Not_Repaid","Not_Repaid",0.623738995724598,0.376261004275402
"Not_Repaid","Not_Repaid",0.865023891600504,0.134976108399496
"Repaid","Not_Repaid",0.594390257197141,0.405609742802859
"Repaid","Repaid",0.0950693907728624,0.904930609227138
"Not_Repaid","Not_Repaid",0.670298541251559,0.329701458748441
"Not_Repaid","Not_Repaid",0.719756172625035,0.280243827374965
"Repaid","Repaid",0.15730017656038,0.84269982343962
"Not_Repaid","Repaid",0.367283608228921,0.632716391771079
"Repaid","Repaid",0.18869051038269,0.81130948961731
"Repaid","Repaid",0.0443532177171739,0.955646782282826
"Not_Repaid","Not_Repaid",0.993914959812404,0.00608504018759634
"Not_Repaid","Repaid",0.208580567140199,0.791419432859801
"Not_Repaid","Not_Repaid",0.760782967352463,0.239217032647537
"Repaid","Repaid",0.0996637039873671,0.900336296012633
"Repaid","Repaid",0.0527126529879128,0.947287347012087
"Repaid","Repaid",0.10979006428027,0.89020993571973
"Not_Repaid","Not_Repaid",0.741300567535915,0.258699432464085
"Not_Repaid","Not_Repaid",0.955968230282073,0.044031769717927
"Not_Repaid","Repaid",0.485296297760059,0.514703702239941
"Not_Repaid","Not_Repaid",0.96380771854699,0.0361922814530098
"Repaid","Repaid",0.24345096949307,0.75654903050693
"Not_Repaid","Not_Repaid",0.74478228211519,0.25521771788481
"Repaid","Repaid",0.473015587186862,0.526984412813138
"Repaid","Repaid",0.348885221058389,0.651114778941611
"Not_Repaid","Not_Repaid",0.75510776777933,0.24489223222067
"Not_Repaid","Not_Repaid",0.780951314673134,0.219048685326866
"Repaid","Repaid",0.0180578083886359,0.981942191611364
"Not_Repaid","Not_Repaid",0.947870787831049,0.0521292121689512
"Repaid","Repaid",0.185116965257888,0.814883034742112
"Repaid","Repaid",0.0421792390398306,0.957820760960169
"Not_Repaid","Repaid",0.0776098846111315,0.922390115388869
"Repaid","Repaid",0.0811890991768651,0.918810900823135
"Repaid","Not_Repaid",0.69266017348222,0.30733982651778
"Not_Repaid","Not_Repaid",0.746966380832502,0.253033619167498
"Not_Repaid","Not_Repaid",0.699660154596309,0.300339845403691
"Repaid","Not_Repaid",0.903680085951769,0.0963199140482309
"Not_Repaid","Not_Repaid",0.553065562687995,0.446934437312005
"Not_Repaid","Not_Repaid",0.822579040642452,0.177420959357548
"Not_Repaid","Not_Repaid",0.919470467868363,0.0805295321316375
"Not_Repaid","Not_Repaid",0.99485022867362,0.00514977132637958
"Not_Repaid","Not_Repaid",0.654470127863288,0.345529872136712
"Not_Repaid","Not_Repaid",0.8450282052108,0.1549717947892
"Not_Repaid","Not_Repaid",0.696742943536747,0.303257056463253
"Repaid","Repaid",0.392144999580508,0.607855000419492
"Repaid","Repaid",0.0292546310276691,0.970745368972331
"Not_Repaid","Repaid",0.39262279249794,0.60737720750206
"Repaid","Repaid",0.0331296026929909,0.966870397307009
"Not_Repaid","Not_Repaid",0.836850328374596,0.163149671625404
"Not_Repaid","Not_Repaid",0.768443362543038,0.231556637456962
"Not_Repaid","Not_Repaid",0.780761871220912,0.219238128779088
"Not_Repaid","Not_Repaid",0.9037497610073,0.0962502389927005
"Not_Repaid","Not_Repaid",0.918160449626349,0.0818395503736514
"Not_Repaid","Not_Repaid",0.651874347494872,0.348125652505128
"Not_Repaid","Repaid",0.45654308316513,0.54345691683487
"Not_Repaid","Not_Repaid",0.957333049506279,0.0426669504937213
"Repaid","Repaid",0.230138744628303,0.769861255371697
"Repaid","Repaid",0.094793620776793,0.905206379223207
"Not_Repaid","Not_Repaid",0.667149262660503,0.332850737339497
"Not_Repaid","Repaid",0.156937481269794,0.843062518730206
"Repaid","Not_Repaid",0.881802375316166,0.118197624683834
"Not_Repaid","Not_Repaid",0.876992845989176,0.123007154010824
"Repaid","Repaid",0.052916233633834,0.947083766366166
"Not_Repaid","Not_Repaid",0.995971163449747,0.00402883655025288
"Not_Repaid","Not_Repaid",0.716515224434776,0.283484775565224
"Not_Repaid","Not_Repaid",0.955869992565863,0.0441300074341368
"Not_Repaid","Repaid",0.322253290570547,0.677746709429453
"Repaid","Repaid",0.0252561259387828,0.974743874061217
"Not_Repaid","Not_Repaid",0.817829605990661,0.182170394009339
"Not_Repaid","Not_Repaid",0.945197580811239,0.0548024191887606
"Not_Repaid","Not_Repaid",0.826891199678995,0.173108800321005
"Repaid","Not_Repaid",0.653358179863366,0.346641820136634
"Repaid","Repaid",0.0494802374341534,0.950519762565847
"Not_Repaid","Not_Repaid",0.960667928706579,0.039332071293421
"Not_Repaid","Not_Repaid",0.6262361837441,0.3737638162559
"Not_Repaid","Not_Repaid",0.794720479534356,0.205279520465644
"Not_Repaid","Not_Repaid",0.995309173608272,0.0046908263917276
"Not_Repaid","Not_Repaid",0.940434462700487,0.0595655372995134
"Not_Repaid","Not_Repaid",0.545349016354844,0.454650983645156
"Not_Repaid","Not_Repaid",0.727833910884518,0.272166089115482
"Repaid","Repaid",0.190214655123765,0.809785344876235
"Not_Repaid","Not_Repaid",0.984908569763739,0.0150914302362605
"Not_Repaid","Not_Repaid",0.976872608714463,0.0231273912855372
"Not_Repaid","Not_Repaid",0.847447656492617,0.152552343507383
"Not_Repaid","Not_Repaid",0.890668081153473,0.109331918846527
"Repaid","Not_Repaid",0.732138468123489,0.267861531876511
"Repaid","Repaid",0.0930386601474718,0.906961339852528
"Not_Repaid","Not_Repaid",0.523398784972012,0.476601215027988
"Repaid","Not_Repaid",0.549496700290642,0.450503299709358
"Not_Repaid","Repaid",0.105517623578921,0.894482376421079
"Not_Repaid","Not_Repaid",0.640668256045807,0.359331743954193
"Not_Repaid","Repaid",0.260394233053225,0.739605766946775
"Repaid","Repaid",0.0583420768840849,0.941657923115915
"Not_Repaid","Not_Repaid",0.644407247665301,0.355592752334699
"Repaid","Repaid",0.0539643543544388,0.946035645645561
"Repaid","Repaid",0.0352524611202378,0.964747538879762
"Not_Repaid","Not_Repaid",0.936598963752331,0.0634010362476693
"Not_Repaid","Not_Repaid",0.951711767364814,0.048288232635186
"Repaid","Not_Repaid",0.980460661037916,0.0195393389620839
"Not_Repaid","Repaid",0.119245916125949,0.880754083874051
"Not_Repaid","Not_Repaid",0.66171291180227,0.33828708819773
"Repaid","Repaid",0.0713757739828069,0.928624226017193
"Repaid","Repaid",0.3278634895408,0.6721365104592
"Repaid","Repaid",0.114862711338019,0.885137288661981
"Repaid","Repaid",0.0391115123507582,0.960888487649242
"Not_Repaid","Repaid",0.318989052207724,0.681010947792276
"Not_Repaid","Not_Repaid",0.789986263772518,0.210013736227482
"Repaid","Repaid",0.13731494675314,0.86268505324686
"Not_Repaid","Not_Repaid",0.506085418543492,0.493914581456508
"Repaid","Not_Repaid",0.972855910658352,0.0271440893416483
"Not_Repaid","Not_Repaid",0.751807541604188,0.248192458395812
"Not_Repaid","Not_Repaid",0.857674124232224,0.142325875767776
"Not_Repaid","Not_Repaid",0.646829220149288,0.353170779850712
"Not_Repaid","Repaid",0.346886518146916,0.653113481853084
"Repaid","Repaid",0.0416053666205798,0.95839463337942
"Not_Repaid","Not_Repaid",0.963267801766167,0.0367321982338333
"Repaid","Repaid",0.109454394721572,0.890545605278428
"Repaid","Repaid",0.0404673637751811,0.959532636224819
"Repaid","Not_Repaid",0.853195199110219,0.146804800889781
"Not_Repaid","Not_Repaid",0.660835876437007,0.339164123562993
"Repaid","Not_Repaid",0.981416636610854,0.018583363389146
"Not_Repaid","Not_Repaid",0.940886970991167,0.0591130290088328
"Not_Repaid","Not_Repaid",0.911558221804115,0.088441778195885
"Repaid","Repaid",0.112080057793766,0.887919942206234
"Not_Repaid","Not_Repaid",0.7195874000554,0.2804125999446
"Repaid","Repaid",0.0664113877742009,0.933588612225799
"Repaid","Repaid",0.032032529427323,0.967967470572677
"Repaid","Not_Repaid",0.597685830415474,0.402314169584526
"Not_Repaid","Not_Repaid",0.662331329091096,0.337668670908904
"Repaid","Repaid",0.3431293661604,0.6568706338396
"Not_Repaid","Not_Repaid",0.573914503751251,0.426085496248749
"Repaid","Repaid",0.0405532935635164,0.959446706436484
"Not_Repaid","Not_Repaid",0.987259299613419,0.0127407003865807
"Not_Repaid","Not_Repaid",0.649620307271811,0.350379692728189
"Not_Repaid","Repaid",0.0509177477950657,0.949082252204934
"Repaid","Repaid",0.0244222541896195,0.97557774581038
"Repaid","Repaid",0.0765838608678352,0.923416139132165
"Repaid","Repaid",0.0512701612323262,0.948729838767674
"Repaid","Repaid",0.0525258705602664,0.947474129439734
"Repaid","Repaid",0.172424024814327,0.827575975185673
"Not_Repaid","Not_Repaid",0.858226273924747,0.141773726075253
"Not_Repaid","Not_Repaid",0.840755928202353,0.159244071797647
"Repaid","Repaid",0.0626680992041255,0.937331900795874
"Repaid","Repaid",0.0822279582933256,0.917772041706674
"Not_Repaid","Not_Repaid",0.922966100224932,0.0770338997750676
"Not_Repaid","Not_Repaid",0.902251116554017,0.0977488834459834
"Not_Repaid","Repaid",0.286520684694614,0.713479315305386
"Not_Repaid","Not_Repaid",0.736112298572094,0.263887701427905
"Repaid","Repaid",0.24804545207408,0.75195454792592
"Not_Repaid","Repaid",0.41320728855749,0.58679271144251
"Not_Repaid","Repaid",0.274387246013879,0.725612753986121
"Repaid","Repaid",0.0338270876621909,0.966172912337809
"Not_Repaid","Not_Repaid",0.988749805257744,0.0112501947422561
"Repaid","Repaid",0.16616590750725,0.83383409249275
"Not_Repaid","Not_Repaid",0.940619884100001,0.0593801158999992
"Not_Repaid","Not_Repaid",0.939219588987758,0.0607804110122421
"Not_Repaid","Repaid",0.0435898112859947,0.956410188714005
"Repaid","Repaid",0.0310089248731892,0.968991075126811
"Not_Repaid","Not_Repaid",0.716542907433038,0.283457092566962
"Not_Repaid","Not_Repaid",0.95543923737673,0.0445607626232699
"Repaid","Repaid",0.0667620601950001,0.933237939805
"Not_Repaid","Not_Repaid",0.953803047007146,0.0461969529928537
"Not_Repaid","Not_Repaid",0.846664160492561,0.153335839507439
"Repaid","Repaid",0.0988594873008237,0.901140512699176
"Not_Repaid","Not_Repaid",0.683438301116711,0.316561698883289
"Not_Repaid","Not_Repaid",0.898506963524088,0.101493036475912
"Repaid","Repaid",0.180589519879458,0.819410480120542
"Repaid","Repaid",0.0824389568193052,0.917561043180695
"Not_Repaid","Not_Repaid",0.90147564821805,0.0985243517819497
"Repaid","Not_Repaid",0.739171290761244,0.260828709238756
"Repaid","Repaid",0.361002577612232,0.638997422387768
"Repaid","Not_Repaid",0.657704744524933,0.342295255475067
"Not_Repaid","Not_Repaid",0.975615579973231,0.0243844200267685
"Not_Repaid","Not_Repaid",0.900865481802078,0.0991345181979222
"Not_Repaid","Not_Repaid",0.981517119591805,0.0184828804081949
"Repaid","Repaid",0.11418190548462,0.88581809451538
"Repaid","Not_Repaid",0.567397111218324,0.432602888781676
"Repaid","Repaid",0.334807678295857,0.665192321704143
"Not_Repaid","Repaid",0.481945745024026,0.518054254975974
"Not_Repaid","Not_Repaid",0.97733390092498,0.0226660990750195
"Repaid","Repaid",0.137562180638934,0.862437819361066
"Not_Repaid","Not_Repaid",0.956886291667004,0.0431137083329963
"Repaid","Repaid",0.100410832182349,0.89958916781765
"Not_Repaid","Repaid",0.143728858858992,0.856271141141008
"Not_Repaid","Not_Repaid",0.653639752441218,0.346360247558782
"Repaid","Repaid",0.154338513828068,0.845661486171932
"Not_Repaid","Not_Repaid",0.898907541715045,0.101092458284955
"Not_Repaid","Repaid",0.472733884042188,0.527266115957812
"Repaid","Repaid",0.139363220406579,0.860636779593421
"Repaid","Repaid",0.0220395357387089,0.977960464261291
"Repaid","Repaid",0.120444209195831,0.879555790804169
"Not_Repaid","Not_Repaid",0.918706939171755,0.0812930608282452
"Repaid","Repaid",0.0298775905054645,0.970122409494536
"Not_Repaid","Not_Repaid",0.877256400546205,0.122743599453795
"Not_Repaid","Repaid",0.0726030277962486,0.927396972203751
"Not_Repaid","Not_Repaid",0.987097741929543,0.0129022580704566
"Repaid","Repaid",0.0275051266274396,0.97249487337256
"Repaid","Repaid",0.117567702721755,0.882432297278245
"Repaid","Repaid",0.0786076410636773,0.921392358936323
"Not_Repaid","Not_Repaid",0.99307782701936,0.00692217298064036
"Not_Repaid","Not_Repaid",0.765785991025404,0.234214008974596
"Repaid","Repaid",0.070566129797203,0.929433870202797
"Repaid","Repaid",0.0788381528999139,0.921161847100086
"Repaid","Repaid",0.0810890708084983,0.918910929191502
"Repaid","Not_Repaid",0.607395190028441,0.392604809971559
"Not_Repaid","Not_Repaid",0.848450678768452,0.151549321231548
"Not_Repaid","Not_Repaid",0.623527329152915,0.376472670847085
"Repaid","Not_Repaid",0.840620749866646,0.159379250133353
"Repaid","Repaid",0.060597948487561,0.939402051512439
"Not_Repaid","Not_Repaid",0.650789814717379,0.349210185282621
"Repaid","Repaid",0.046648339179153,0.953351660820847
"Not_Repaid","Not_Repaid",0.661697453300194,0.338302546699806
"Repaid","Repaid",0.0246150569812263,0.975384943018774
"Not_Repaid","Not_Repaid",0.693270318555753,0.306729681444247
"Repaid","Repaid",0.0519121434552592,0.948087856544741
"Not_Repaid","Not_Repaid",0.627887587418676,0.372112412581324
"Not_Repaid","Not_Repaid",0.963399834039755,0.0366001659602448
"Not_Repaid","Not_Repaid",0.996492689761888,0.00350731023811172
"Not_Repaid","Not_Repaid",0.853721401071597,0.146278598928403
"Repaid","Repaid",0.032099142749279,0.967900857250721
"Not_Repaid","Not_Repaid",0.738963354348965,0.261036645651035
"Not_Repaid","Not_Repaid",0.957182798105461,0.0428172018945392
"Repaid","Repaid",0.10996258813813,0.89003741186187
"Repaid","Repaid",0.212568909044671,0.787431090955329
"Repaid","Repaid",0.383926699321408,0.616073300678592
"Repaid","Not_Repaid",0.506560042799358,0.493439957200642
"Not_Repaid","Not_Repaid",0.966067672777714,0.0339323272222864
"Not_Repaid","Not_Repaid",0.614703811382579,0.385296188617421
"Repaid","Repaid",0.0516228858617626,0.948377114138237
"Not_Repaid","Not_Repaid",0.877677711135379,0.122322288864621
"Not_Repaid","Not_Repaid",0.658246132004742,0.341753867995258
"Repaid","Repaid",0.037609952972109,0.962390047027891
"Not_Repaid","Not_Repaid",0.505450021573615,0.494549978426385
"Not_Repaid","Not_Repaid",0.669707728580437,0.330292271419563
"Not_Repaid","Not_Repaid",0.531484936662388,0.468515063337612
"Repaid","Repaid",0.202128418510852,0.797871581489148
"Repaid","Repaid",0.303499090959193,0.696500909040807
"Not_Repaid","Not_Repaid",0.94784621182046,0.0521537881795405
"Repaid","Repaid",0.274410239408402,0.725589760591598
"Repaid","Repaid",0.16170963056624,0.83829036943376
"Repaid","Repaid",0.266399047769467,0.733600952230533
"Repaid","Not_Repaid",0.618516797766464,0.381483202233536
"Repaid","Repaid",0.366534154363475,0.633465845636525
"Not_Repaid","Not_Repaid",0.85870903937415,0.14129096062585
"Repaid","Not_Repaid",0.820102194450443,0.179897805549557
"Repaid","Repaid",0.0757474642624691,0.924252535737531
"Repaid","Repaid",0.0337004875578544,0.966299512442146
"Repaid","Not_Repaid",0.720590798983528,0.279409201016472
"Repaid","Repaid",0.490286358550373,0.509713641449627
"Repaid","Not_Repaid",0.708980916756162,0.291019083243838
"Repaid","Repaid",0.068980993738636,0.931019006261364
"Repaid","Not_Repaid",0.634463137320338,0.365536862679662
"Not_Repaid","Not_Repaid",0.961737091371607,0.0382629086283931
"Repaid","Repaid",0.0423575523581529,0.957642447641847
"Repaid","Repaid",0.0226255894068087,0.977374410593191
"Not_Repaid","Not_Repaid",0.859752908390341,0.140247091609659
"Repaid","Repaid",0.0665738613732816,0.933426138626718
"Repaid","Repaid",0.0788034747143065,0.921196525285694
"Not_Repaid","Not_Repaid",0.802280614357205,0.197719385642795
"Repaid","Repaid",0.0478520153120096,0.95214798468799
"Not_Repaid","Not_Repaid",0.942264864466234,0.0577351355337655
"Repaid","Repaid",0.29359679381368,0.70640320618632
"Not_Repaid","Not_Repaid",0.790578571578253,0.209421428421747
"Repaid","Repaid",0.0677633946567666,0.932236605343233
"Not_Repaid","Repaid",0.465242990786828,0.534757009213172
"Not_Repaid","Not_Repaid",0.547990166466305,0.452009833533695
"Repaid","Repaid",0.495997626167181,0.504002373832819
"Not_Repaid","Not_Repaid",0.937873796659609,0.0621262033403908
"Not_Repaid","Not_Repaid",0.585718902321373,0.414281097678627
"Not_Repaid","Repaid",0.109278543517776,0.890721456482224
"Not_Repaid","Repaid",0.0547178665002839,0.945282133499716
"Repaid","Repaid",0.109574335426198,0.890425664573802
"Not_Repaid","Not_Repaid",0.619696128541368,0.380303871458632
"Repaid","Repaid",0.0678013077222851,0.932198692277715
"Repaid","Repaid",0.263727831053301,0.736272168946699
"Repaid","Repaid",0.365328819365308,0.634671180634692
"Repaid","Repaid",0.0975443567913644,0.902455643208636
"Repaid","Repaid",0.0542368152126615,0.945763184787338
"Not_Repaid","Not_Repaid",0.944677134375719,0.0553228656242806
"Repaid","Repaid",0.0614268241203313,0.938573175879669
"Repaid","Repaid",0.0288754837620981,0.971124516237902
"Repaid","Not_Repaid",0.98207978002206,0.0179202199779401
"Not_Repaid","Not_Repaid",0.991387059972106,0.0086129400278936
"Not_Repaid","Not_Repaid",0.548587357796827,0.451412642203173
"Not_Repaid","Not_Repaid",0.874279773801824,0.125720226198176
"Not_Repaid","Repaid",0.44373090163096,0.55626909836904
"Repaid","Repaid",0.0356418528022767,0.964358147197723
"Not_Repaid","Repaid",0.497977865147951,0.502022134852049
"Repaid","Not_Repaid",0.967915671346222,0.0320843286537784
"Repaid","Repaid",0.369567847829733,0.630432152170267
"Not_Repaid","Not_Repaid",0.585476139722284,0.414523860277716
"Not_Repaid","Not_Repaid",0.830391756928368,0.169608243071632
"Repaid","Repaid",0.175393494628484,0.824606505371516
"Repaid","Repaid",0.0689662569047064,0.931033743095294
"Not_Repaid","Not_Repaid",0.878837990570643,0.121162009429357
"Not_Repaid","Not_Repaid",0.940109682413488,0.059890317586512
"Not_Repaid","Repaid",0.437229094595031,0.562770905404969
"Repaid","Repaid",0.437984359102226,0.562015640897774
"Repaid","Repaid",0.100362285971119,0.899637714028881
"Not_Repaid","Not_Repaid",0.906518367285869,0.0934816327141314
"Repaid","Repaid",0.0545555836976017,0.945444416302398
"Repaid","Repaid",0.0751001585024308,0.924899841497569
"Not_Repaid","Not_Repaid",0.992966711301573,0.00703328869842689
"Not_Repaid","Not_Repaid",0.824027261589677,0.175972738410323
"Repaid","Repaid",0.223872921889473,0.776127078110527
"Not_Repaid","Not_Repaid",0.94014141299082,0.0598585870091804
"Repaid","Repaid",0.109548283304763,0.890451716695237
"Not_Repaid","Not_Repaid",0.776388717788938,0.223611282211062
"Repaid","Repaid",0.0559147474171324,0.944085252582868
"Repaid","Repaid",0.0435715311032214,0.956428468896779
"Repaid","Not_Repaid",0.928160575482581,0.0718394245174186
"Not_Repaid","Not_Repaid",0.767526123900194,0.232473876099805
"Not_Repaid","Not_Repaid",0.961178795506765,0.038821204493235
"Not_Repaid","Repaid",0.364246417177105,0.635753582822895
"Not_Repaid","Not_Repaid",0.881228417379254,0.118771582620746
"Not_Repaid","Not_Repaid",0.6462601094837,0.3537398905163
"Repaid","Repaid",0.308516152098385,0.691483847901615
"Not_Repaid","Not_Repaid",0.990513401908202,0.00948659809179761
"Repaid","Repaid",0.288510096666246,0.711489903333754
"Repaid","Repaid",0.208387230793787,0.791612769206213
"Repaid","Repaid",0.154927692308201,0.845072307691799
"Repaid","Not_Repaid",0.514857212803806,0.485142787196194
"Repaid","Repaid",0.182714488994717,0.817285511005283
"Not_Repaid","Not_Repaid",0.717597246391812,0.282402753608188
"Repaid","Repaid",0.0151121019039182,0.984887898096082
"Not_Repaid","Not_Repaid",0.893955144162316,0.106044855837684
"Repaid","Not_Repaid",0.689372169052482,0.310627830947518
"Repaid","Repaid",0.0341769504321929,0.965823049567807
"Not_Repaid","Not_Repaid",0.812395221330888,0.187604778669112
"Repaid","Repaid",0.178416472531087,0.821583527468913
"Repaid","Repaid",0.342394294002146,0.657605705997854
"Not_Repaid","Not_Repaid",0.548642077785652,0.451357922214348
"Repaid","Repaid",0.38843187763324,0.61156812236676
"Repaid","Repaid",0.168031400761812,0.831968599238188
"Not_Repaid","Not_Repaid",0.66676818549452,0.33323181450548
"Not_Repaid","Not_Repaid",0.724855748397943,0.275144251602057
"Repaid","Repaid",0.126890985534969,0.873109014465031
"Not_Repaid","Not_Repaid",0.866669936071232,0.133330063928768
"Repaid","Repaid",0.311204494059112,0.688795505940888
"Repaid","Repaid",0.0742123064405749,0.925787693559425
"Repaid","Not_Repaid",0.793673658176125,0.206326341823875
"Repaid","Repaid",0.0713810810939639,0.928618918906036
"Repaid","Repaid",0.0934590662291852,0.906540933770815
"Not_Repaid","Not_Repaid",0.943775176954343,0.0562248230456573
"Not_Repaid","Not_Repaid",0.761980357880394,0.238019642119606
"Not_Repaid","Not_Repaid",0.997667047160338,0.002332952839662
"Repaid","Repaid",0.0783840363698708,0.921615963630129
"Repaid","Repaid",0.172756106117857,0.827243893882143
"Repaid","Repaid",0.106221599959667,0.893778400040333
"Repaid","Repaid",0.0751110648152917,0.924888935184708
"Not_Repaid","Not_Repaid",0.989212087756391,0.0107879122436087
"Not_Repaid","Not_Repaid",0.79623500913949,0.20376499086051
"Repaid","Not_Repaid",0.711405383133844,0.288594616866156
"Repaid","Repaid",0.0801219827000565,0.919878017299943
"Not_Repaid","Not_Repaid",0.546372078907917,0.453627921092083
"Repaid","Repaid",0.399476897374836,0.600523102625164
"Repaid","Repaid",0.0965887932655338,0.903411206734466
"Repaid","Repaid",0.0846608589877017,0.915339141012298
"Not_Repaid","Not_Repaid",0.994167211798371,0.00583278820162915
"Repaid","Repaid",0.0132570351935426,0.986742964806457
"Not_Repaid","Not_Repaid",0.675052828446285,0.324947171553715
"Not_Repaid","Not_Repaid",0.594894158468247,0.405105841531753
"Repaid","Repaid",0.0691067531774084,0.930893246822592
"Repaid","Repaid",0.289008609392378,0.710991390607622
"Repaid","Not_Repaid",0.892184606937006,0.107815393062994
"Repaid","Repaid",0.162909310178513,0.837090689821487
"Repaid","Repaid",0.0857769567674964,0.914223043232504
"Not_Repaid","Not_Repaid",0.995529801995815,0.00447019800418547
"Repaid","Repaid",0.0923445145357187,0.907655485464281
"Not_Repaid","Not_Repaid",0.706030739475734,0.293969260524266
"Repaid","Repaid",0.050074830125959,0.949925169874041
"Not_Repaid","Not_Repaid",0.961711467168395,0.0382885328316055
"Repaid","Repaid",0.0235987059119942,0.976401294088006
"Repaid","Not_Repaid",0.58959122073398,0.41040877926602
"Not_Repaid","Not_Repaid",0.640959858344015,0.359040141655985
"Repaid","Repaid",0.123161675427914,0.876838324572086
"Not_Repaid","Not_Repaid",0.920039183455878,0.0799608165441221
"Not_Repaid","Not_Repaid",0.874096851713145,0.125903148286855
"Repaid","Repaid",0.266011354707783,0.733988645292217
"Repaid","Repaid",0.0804464359680073,0.919553564031993
"Not_Repaid","Repaid",0.344795551109952,0.655204448890048
"Repaid","Not_Repaid",0.641271273025927,0.358728726974073
"Not_Repaid","Not_Repaid",0.906559353399526,0.093440646600474
"Not_Repaid","Repaid",0.0605158071197385,0.939484192880262
"Not_Repaid","Repaid",0.136324565997203,0.863675434002797
"Repaid","Not_Repaid",0.886236294767065,0.113763705232935
"Repaid","Repaid",0.0821921884563095,0.91780781154369
"Repaid","Not_Repaid",0.833356964964514,0.166643035035486
"Repaid","Repaid",0.0339960488424398,0.96600395115756
"Not_Repaid","Not_Repaid",0.965864910661212,0.0341350893387875
"Repaid","Repaid",0.0928194615025048,0.907180538497495
"Not_Repaid","Not_Repaid",0.986850477141346,0.0131495228586541
"Not_Repaid","Repaid",0.189885708619741,0.81011429138026
"Not_Repaid","Not_Repaid",0.675702494591151,0.324297505408849
"Repaid","Not_Repaid",0.71554528572274,0.28445471427726
"Not_Repaid","Repaid",0.417350058416894,0.582649941583106
"Not_Repaid","Repaid",0.301846077701046,0.698153922298954
"Repaid","Repaid",0.0469952954509826,0.953004704549017
"Not_Repaid","Not_Repaid",0.978124609045416,0.0218753909545836
"Not_Repaid","Not_Repaid",0.530451140151394,0.469548859848606
"Repaid","Repaid",0.199994622074314,0.800005377925686
"Not_Repaid","Not_Repaid",0.937010191251005,0.062989808748995
"Repaid","Repaid",0.0416149554865212,0.958385044513479
"Not_Repaid","Not_Repaid",0.968855957983653,0.031144042016347
"Repaid","Repaid",0.0554933206200473,0.944506679379953
"Not_Repaid","Not_Repaid",0.848638302295356,0.151361697704644
"Repaid","Repaid",0.187378449147931,0.812621550852069
"Not_Repaid","Not_Repaid",0.820612224731346,0.179387775268654
"Not_Repaid","Not_Repaid",0.907230441616543,0.0927695583834573
"Not_Repaid","Not_Repaid",0.663106223746429,0.336893776253571
"Repaid","Repaid",0.0329230289105547,0.967076971089445
"Repaid","Repaid",0.0351698481475724,0.964830151852428
"Not_Repaid","Not_Repaid",0.788055003728179,0.211944996271821
"Not_Repaid","Not_Repaid",0.958982249412732,0.0410177505872676
"Repaid","Repaid",0.116306006090159,0.883693993909841
"Not_Repaid","Not_Repaid",0.914650147932717,0.0853498520672829
"Not_Repaid","Not_Repaid",0.966631807684702,0.0333681923152979
"Not_Repaid","Not_Repaid",0.500684214239842,0.499315785760158
"Not_Repaid","Not_Repaid",0.9563231237636,0.0436768762363995
"Not_Repaid","Not_Repaid",0.964369520678385,0.0356304793216152
"Repaid","Repaid",0.111761415712926,0.888238584287074
"Repaid","Repaid",0.376300817118006,0.623699182881994
"Not_Repaid","Repaid",0.487526487223065,0.512473512776935
"Repaid","Not_Repaid",0.92261133183542,0.0773886681645794
"Not_Repaid","Not_Repaid",0.672557405576919,0.327442594423081
"Not_Repaid","Not_Repaid",0.851698152163669,0.148301847836331
"Repaid","Repaid",0.0364757312027201,0.96352426879728
"Repaid","Repaid",0.389025796864976,0.610974203135024
"Not_Repaid","Not_Repaid",0.846906570181263,0.153093429818737
"Not_Repaid","Not_Repaid",0.99076679889884,0.00923320110116011
"Not_Repaid","Repaid",0.4779505375537,0.5220494624463
"Repaid","Not_Repaid",0.526619037069982,0.473380962930018
"Not_Repaid","Repaid",0.373441705378107,0.626558294621893
"Repaid","Repaid",0.060504503548477,0.939495496451523
"Not_Repaid","Not_Repaid",0.802708728596466,0.197291271403534
"Not_Repaid","Repaid",0.15508035300633,0.84491964699367
"Not_Repaid","Not_Repaid",0.987036871484546,0.0129631285154537
"Not_Repaid","Not_Repaid",0.502952440530737,0.497047559469263
"Not_Repaid","Not_Repaid",0.959306056433007,0.0406939435669932
"Not_Repaid","Not_Repaid",0.921681530754501,0.0783184692454987
"Repaid","Not_Repaid",0.60930524919493,0.39069475080507
"Repaid","Repaid",0.208937068742309,0.791062931257691
"Not_Repaid","Not_Repaid",0.896602824102698,0.103397175897302
"Not_Repaid","Repaid",0.275652783757675,0.724347216242325
"Not_Repaid","Not_Repaid",0.56990499047109,0.43009500952891
"Not_Repaid","Not_Repaid",0.78645655963903,0.21354344036097
"Repaid","Repaid",0.159500986688656,0.840499013311344
"Repaid","Repaid",0.0267737494674726,0.973226250532527
"Not_Repaid","Not_Repaid",0.956950705409071,0.043049294590929
"Repaid","Repaid",0.281972936205823,0.718027063794177
"Not_Repaid","Not_Repaid",0.74052731029114,0.25947268970886
"Repaid","Not_Repaid",0.913146517059281,0.0868534829407191
"Repaid","Repaid",0.255566953881431,0.744433046118569
"Not_Repaid","Not_Repaid",0.967002486531821,0.032997513468179
"Not_Repaid","Not_Repaid",0.684986108905064,0.315013891094936
"Not_Repaid","Not_Repaid",0.75073174724929,0.24926825275071
"Not_Repaid","Not_Repaid",0.892855765611899,0.107144234388101
"Not_Repaid","Not_Repaid",0.881899440085744,0.118100559914256
"Repaid","Repaid",0.0146450046709711,0.985354995329029
"Not_Repaid","Not_Repaid",0.679685686853745,0.320314313146255
"Repaid","Repaid",0.0987806876713532,0.901219312328647
"Repaid","Repaid",0.139967467538104,0.860032532461896
"Not_Repaid","Not_Repaid",0.507395302775572,0.492604697224428
"Repaid","Repaid",0.151020945259429,0.848979054740571
"Not_Repaid","Not_Repaid",0.93051637072519,0.0694836292748095
"Not_Repaid","Not_Repaid",0.678510064039336,0.321489935960664
"Not_Repaid","Repaid",0.482512803303543,0.517487196696457
"Not_Repaid","Not_Repaid",0.938418925463924,0.0615810745360757
"Not_Repaid","Not_Repaid",0.967536986605719,0.0324630133942806
"Not_Repaid","Not_Repaid",0.756893478141604,0.243106521858396
"Repaid","Repaid",0.100424199034737,0.899575800965263
"Not_Repaid","Not_Repaid",0.937364582266531,0.0626354177334686
"Repaid","Repaid",0.266887435856492,0.733112564143508
"Repaid","Repaid",0.232666019775199,0.767333980224801
"Not_Repaid","Not_Repaid",0.863055825633788,0.136944174366212
"Repaid","Not_Repaid",0.863845699778232,0.136154300221768
"Not_Repaid","Not_Repaid",0.88319482654752,0.11680517345248
"Not_Repaid","Not_Repaid",0.699557041846669,0.300442958153331
"Repaid","Repaid",0.19675075445066,0.80324924554934
"Repaid","Repaid",0.0405726596136816,0.959427340386318
"Repaid","Repaid",0.0742639490934917,0.925736050906508
"Repaid","Repaid",0.120500245800772,0.879499754199228
"Not_Repaid","Not_Repaid",0.910251913884307,0.0897480861156928
"Repaid","Repaid",0.0169251733576337,0.983074826642366
"Not_Repaid","Not_Repaid",0.95529234331929,0.0447076566807103
"Not_Repaid","Not_Repaid",0.991424113092989,0.00857588690701131
"Not_Repaid","Not_Repaid",0.842505478885415,0.157494521114585
"Not_Repaid","Not_Repaid",0.934743942660902,0.0652560573390981
"Not_Repaid","Not_Repaid",0.954722778796925,0.0452772212030746
"Repaid","Repaid",0.21671153601326,0.78328846398674
"Repaid","Repaid",0.0112426069968748,0.988757393003125
"Repaid","Repaid",0.223411998065756,0.776588001934244
"Repaid","Repaid",0.0782444724885482,0.921755527511452
"Repaid","Repaid",0.246105397038801,0.753894602961199
"Repaid","Repaid",0.243731196887096,0.756268803112904
"Not_Repaid","Not_Repaid",0.98916298878923,0.0108370112107702
"Not_Repaid","Not_Repaid",0.996894367511184,0.0031056324888162
"Not_Repaid","Not_Repaid",0.572060933646523,0.427939066353477
"Repaid","Repaid",0.115378998705082,0.884621001294918
"Repaid","Repaid",0.0611727710658817,0.938827228934118
"Repaid","Not_Repaid",0.68388477091607,0.31611522908393
"Repaid","Repaid",0.167177951545585,0.832822048454415
"Repaid","Repaid",0.303937200247923,0.696062799752077
"Not_Repaid","Not_Repaid",0.751607651599175,0.248392348400825
"Not_Repaid","Not_Repaid",0.909633355644235,0.0903666443557647
"Not_Repaid","Not_Repaid",0.804477120062485,0.195522879937515
"Repaid","Repaid",0.027720788943587,0.972279211056413
"Repaid","Repaid",0.196213398884243,0.803786601115757
"Repaid","Repaid",0.0640312466337358,0.935968753366264
"Not_Repaid","Not_Repaid",0.763904729128617,0.236095270871383
"Repaid","Not_Repaid",0.638383571043152,0.361616428956848
"Not_Repaid","Not_Repaid",0.619634945101223,0.380365054898777
"Not_Repaid","Repaid",0.105281827230319,0.894718172769681
"Repaid","Repaid",0.360527884610758,0.639472115389242
"Not_Repaid","Not_Repaid",0.965218194986547,0.0347818050134532
"Repaid","Repaid",0.0337457426139185,0.966254257386082
"Repaid","Repaid",0.0236694176375982,0.976330582362402
"Repaid","Repaid",0.0340808317590244,0.965919168240976
"Repaid","Not_Repaid",0.751012124601201,0.248987875398799
"Repaid","Repaid",0.419394783752282,0.580605216247718
"Repaid","Repaid",0.394338905414736,0.605661094585264
"Not_Repaid","Not_Repaid",0.973999156085016,0.026000843914984
"Repaid","Repaid",0.0301756544228309,0.969824345577169
"Not_Repaid","Not_Repaid",0.549713946336513,0.450286053663487
"Not_Repaid","Not_Repaid",0.87817452702206,0.121825472977941
"Repaid","Repaid",0.0130329602513286,0.986967039748671
"Repaid","Repaid",0.0594201600803983,0.940579839919602
"Not_Repaid","Not_Repaid",0.720865352614727,0.279134647385273
"Not_Repaid","Not_Repaid",0.679784912526125,0.320215087473875
"Repaid","Repaid",0.0564138340233303,0.94358616597667
"Repaid","Repaid",0.041827491939215,0.958172508060785
"Not_Repaid","Not_Repaid",0.608311201837463,0.391688798162537
"Not_Repaid","Not_Repaid",0.993119181492263,0.00688081850773673
"Repaid","Not_Repaid",0.917677001346635,0.082322998653365
"Not_Repaid","Not_Repaid",0.879243219476933,0.120756780523067
"Repaid","Repaid",0.0967710721716497,0.90322892782835
"Not_Repaid","Not_Repaid",0.777913904839029,0.222086095160971
"Not_Repaid","Not_Repaid",0.976955923742432,0.023044076257568
"Not_Repaid","Not_Repaid",0.636456876908937,0.363543123091063
"Not_Repaid","Not_Repaid",0.759442256441363,0.240557743558637
"Repaid","Not_Repaid",0.538634853448011,0.461365146551989
"Repaid","Repaid",0.33243995746069,0.66756004253931
"Not_Repaid","Not_Repaid",0.882597181905767,0.117402818094233
"Not_Repaid","Not_Repaid",0.552083276929997,0.447916723070003
"Not_Repaid","Not_Repaid",0.803078609920623,0.196921390079377
"Repaid","Repaid",0.050567866014998,0.949432133985002
"Repaid","Not_Repaid",0.628076943809912,0.371923056190088
"Repaid","Repaid",0.0527074633817922,0.947292536618208
"Not_Repaid","Repaid",0.272990004234169,0.727009995765831
"Repaid","Repaid",0.204465820418417,0.795534179581583
"Repaid","Repaid",0.0981158238195053,0.901884176180495
"Not_Repaid","Not_Repaid",0.946727996799816,0.0532720032001844
"Not_Repaid","Not_Repaid",0.910120581354091,0.0898794186459092
"Repaid","Repaid",0.229925113293527,0.770074886706473
"Repaid","Repaid",0.040385492811026,0.959614507188974
"Not_Repaid","Not_Repaid",0.685428430333371,0.314571569666629
"Not_Repaid","Not_Repaid",0.9608050014657,0.0391949985343001
"Repaid","Repaid",0.0443666591723865,0.955633340827614
"Repaid","Repaid",0.197309108982092,0.802690891017908
"Not_Repaid","Not_Repaid",0.810690435482743,0.189309564517257
"Not_Repaid","Not_Repaid",0.957264611459409,0.0427353885405911
"Not_Repaid","Repaid",0.484105683483705,0.515894316516295
"Repaid","Repaid",0.111197393991726,0.888802606008274
"Repaid","Repaid",0.271811521635306,0.728188478364694
"Not_Repaid","Not_Repaid",0.858048870632271,0.141951129367729
"Repaid","Not_Repaid",0.654472992043659,0.345527007956341
"Not_Repaid","Not_Repaid",0.884872540936576,0.115127459063424
"Repaid","Repaid",0.0677356634905986,0.932264336509401
"Repaid","Repaid",0.130611220382516,0.869388779617484
"Repaid","Repaid",0.366995922494471,0.633004077505529
"Not_Repaid","Repaid",0.375273734094016,0.624726265905984
"Repaid","Repaid",0.227195835561474,0.772804164438526
"Repaid","Repaid",0.151250776179704,0.848749223820296
"Repaid","Repaid",0.428592896291038,0.571407103708962
"Not_Repaid","Not_Repaid",0.74267127228295,0.25732872771705
"Repaid","Repaid",0.0940701974025195,0.90592980259748
"Repaid","Repaid",0.0184491946339628,0.981550805366037
"Not_Repaid","Not_Repaid",0.631795403660049,0.368204596339951
"Not_Repaid","Repaid",0.453442742251311,0.546557257748689
"Not_Repaid","Not_Repaid",0.869204400511548,0.130795599488452
"Repaid","Repaid",0.0238831772020076,0.976116822797992
"Not_Repaid","Not_Repaid",0.971431758944752,0.0285682410552477
"Repaid","Repaid",0.023155532924946,0.976844467075054
"Repaid","Repaid",0.036245944049057,0.963754055950943
"Repaid","Not_Repaid",0.59301733815017,0.40698266184983
"Not_Repaid","Not_Repaid",0.555661116020927,0.444338883979073
"Repaid","Repaid",0.0403484807384701,0.95965151926153
"Repaid","Repaid",0.181184122647867,0.818815877352133
"Repaid","Repaid",0.0384379388606658,0.961562061139334
"Repaid","Repaid",0.0792881088042953,0.920711891195705
"Not_Repaid","Repaid",0.445787031176679,0.554212968823321
"Repaid","Repaid",0.196802926209323,0.803197073790677
"Repaid","Repaid",0.406100551363591,0.593899448636409
"Repaid","Repaid",0.311844987501876,0.688155012498124
"Repaid","Repaid",0.185171013346458,0.814828986653542
"Not_Repaid","Not_Repaid",0.880425591305576,0.119574408694424
"Not_Repaid","Repaid",0.38068623968727,0.61931376031273
"Repaid","Repaid",0.149354868683817,0.850645131316183
"Not_Repaid","Repaid",0.0581154718072716,0.941884528192728
"Repaid","Repaid",0.200793466778795,0.799206533221205
"Not_Repaid","Not_Repaid",0.551260202830134,0.448739797169866
"Repaid","Repaid",0.0477162202344269,0.952283779765573
"Repaid","Not_Repaid",0.715650066633289,0.284349933366711
"Not_Repaid","Not_Repaid",0.780505679506037,0.219494320493963
"Not_Repaid","Repaid",0.379430989703038,0.620569010296962
"Repaid","Not_Repaid",0.73791860955817,0.26208139044183
"Repaid","Repaid",0.0236323345025952,0.976367665497405
"Repaid","Not_Repaid",0.981633438297505,0.0183665617024945
"Not_Repaid","Not_Repaid",0.729801364418708,0.270198635581292
"Not_Repaid","Repaid",0.269921296889414,0.730078703110586
"Repaid","Not_Repaid",0.754070379790183,0.245929620209817
"Not_Repaid","Not_Repaid",0.717569625248741,0.282430374751259
"Repaid","Repaid",0.0215952637010348,0.978404736298965
"Repaid","Repaid",0.180183871141415,0.819816128858585
"Not_Repaid","Not_Repaid",0.743409260780206,0.256590739219794
"Not_Repaid","Not_Repaid",0.806145897601037,0.193854102398963
"Not_Repaid","Not_Repaid",0.862605214815823,0.137394785184177
"Not_Repaid","Not_Repaid",0.568838009497497,0.431161990502503
"Not_Repaid","Not_Repaid",0.934854609941726,0.0651453900582741
"Repaid","Repaid",0.0512008196080243,0.948799180391976
"Not_Repaid","Not_Repaid",0.602622003244154,0.397377996755846
"Repaid","Repaid",0.330549712977338,0.669450287022662
"Repaid","Repaid",0.0264407713240923,0.973559228675908
"Not_Repaid","Not_Repaid",0.624493501948168,0.375506498051832
"Not_Repaid","Not_Repaid",0.512196913642189,0.487803086357811
"Repaid","Not_Repaid",0.508315576536527,0.491684423463473
"Repaid","Not_Repaid",0.891320185239848,0.108679814760152
"Repaid","Repaid",0.0401359013599087,0.959864098640091
"Not_Repaid","Not_Repaid",0.828808417393499,0.171191582606501
"Not_Repaid","Not_Repaid",0.553733799912052,0.446266200087948
"Not_Repaid","Not_Repaid",0.980565239818784,0.0194347601812158
"Repaid","Repaid",0.029780480406791,0.970219519593209
"Repaid","Repaid",0.0346176776179968,0.965382322382003
"Repaid","Repaid",0.0228783336608142,0.977121666339186
"Repaid","Repaid",0.124378290605198,0.875621709394802
"Repaid","Not_Repaid",0.687490293629151,0.312509706370849
"Repaid","Repaid",0.367808524860931,0.632191475139069
"Not_Repaid","Not_Repaid",0.794992709434079,0.205007290565922
"Not_Repaid","Not_Repaid",0.75454898208059,0.24545101791941
"Repaid","Repaid",0.125320948067512,0.874679051932488
"Repaid","Repaid",0.0183989486084284,0.981601051391572
"Repaid","Repaid",0.209500897488123,0.790499102511877
"Repaid","Repaid",0.258549897653664,0.741450102346336
"Not_Repaid","Not_Repaid",0.743544668909635,0.256455331090365
"Not_Repaid","Not_Repaid",0.837409279322279,0.162590720677721
"Repaid","Repaid",0.0781865944493733,0.921813405550627
"Repaid","Repaid",0.445757754013433,0.554242245986567
"Not_Repaid","Not_Repaid",0.914682728041006,0.0853172719589935
"Repaid","Repaid",0.183798473013953,0.816201526986047
"Not_Repaid","Repaid",0.125264810318237,0.874735189681763
"Repaid","Repaid",0.0839203889093242,0.916079611090676
"Not_Repaid","Not_Repaid",0.976235072721645,0.0237649272783548
"Not_Repaid","Not_Repaid",0.505448069315104,0.494551930684896
"Repaid","Not_Repaid",0.637849079469215,0.362150920530785
"Not_Repaid","Repaid",0.0910089345712624,0.908991065428738
"Repaid","Repaid",0.0326972641145227,0.967302735885477
"Repaid","Repaid",0.106812080481455,0.893187919518545
"Not_Repaid","Repaid",0.483973818315151,0.516026181684849
"Not_Repaid","Not_Repaid",0.58614836059506,0.41385163940494
"Not_Repaid","Not_Repaid",0.521332559924681,0.478667440075319
"Repaid","Repaid",0.144489506700704,0.855510493299296
"Repaid","Not_Repaid",0.986517249545052,0.0134827504549482
"Repaid","Repaid",0.476794475774271,0.523205524225729
"Repaid","Repaid",0.157237545970439,0.842762454029561
"Not_Repaid","Not_Repaid",0.96441879736063,0.0355812026393696
"Repaid","Repaid",0.0393273720057388,0.960672627994261
"Repaid","Repaid",0.0547467860284591,0.945253213971541
"Not_Repaid","Not_Repaid",0.969585487952935,0.0304145120470653
"Not_Repaid","Not_Repaid",0.77581010708287,0.22418989291713
"Repaid","Not_Repaid",0.697370762835879,0.302629237164121
"Not_Repaid","Not_Repaid",0.874408836089,0.125591163911
"Repaid","Repaid",0.221340133640231,0.77865986635977
"Not_Repaid","Not_Repaid",0.879195915595559,0.120804084404441
"Repaid","Repaid",0.258893662895935,0.741106337104065
"Not_Repaid","Not_Repaid",0.673960771962886,0.326039228037114
"Repaid","Repaid",0.102377172135374,0.897622827864626
"Not_Repaid","Not_Repaid",0.956351819996486,0.0436481800035137
"Repaid","Not_Repaid",0.526994180446769,0.473005819553231
"Repaid","Repaid",0.35557155926914,0.64442844073086
"Not_Repaid","Not_Repaid",0.944298913826105,0.0557010861738951
"Repaid","Repaid",0.0343943602785831,0.965605639721417
"Repaid","Repaid",0.0366849629935169,0.963315037006483
"Repaid","Repaid",0.0512721781298626,0.948727821870137
"Not_Repaid","Not_Repaid",0.985477955328043,0.0145220446719573
"Not_Repaid","Not_Repaid",0.948322754781499,0.0516772452185011
"Repaid","Repaid",0.0472316103166129,0.952768389683387
"Repaid","Repaid",0.0207668622926347,0.979233137707365
"Not_Repaid","Not_Repaid",0.954221608203089,0.0457783917969106
"Repaid","Not_Repaid",0.605657736179999,0.394342263820001
"Repaid","Repaid",0.0451808425800615,0.954819157419939
"Repaid","Repaid",0.0292947502600798,0.97070524973992
"Not_Repaid","Not_Repaid",0.731069277471766,0.268930722528234
"Repaid","Repaid",0.177853949781896,0.822146050218104
"Repaid","Repaid",0.101032281413762,0.898967718586238
"Repaid","Repaid",0.254560611653055,0.745439388346945
"Not_Repaid","Not_Repaid",0.996432446596244,0.00356755340375574
"Repaid","Repaid",0.038619558542327,0.961380441457673
"Not_Repaid","Repaid",0.276696261566639,0.723303738433361
"Not_Repaid","Not_Repaid",0.962650288469644,0.0373497115303565
"Repaid","Repaid",0.202501771604317,0.797498228395683
"Not_Repaid","Not_Repaid",0.88992962514475,0.11007037485525
"Not_Repaid","Not_Repaid",0.754910778997386,0.245089221002614
"Repaid","Repaid",0.0450425206264515,0.954957479373548
"Repaid","Repaid",0.074953508175537,0.925046491824463
"Not_Repaid","Not_Repaid",0.910681872482015,0.0893181275179854
"Not_Repaid","Not_Repaid",0.77597953330506,0.22402046669494
"Not_Repaid","Not_Repaid",0.763077472956598,0.236922527043402
"Not_Repaid","Not_Repaid",0.774725280321127,0.225274719678873
"Repaid","Repaid",0.198406216948868,0.801593783051132
"Not_Repaid","Not_Repaid",0.964934100124469,0.0350658998755315
"Not_Repaid","Not_Repaid",0.632381236471849,0.367618763528151
"Repaid","Not_Repaid",0.594893469355177,0.405106530644823
"Not_Repaid","Not_Repaid",0.662340289867143,0.337659710132857
"Repaid","Not_Repaid",0.67712658846677,0.322873411533229
"Not_Repaid","Not_Repaid",0.926967020514854,0.0730329794851458
"Not_Repaid","Not_Repaid",0.945305614106878,0.0546943858931225
"Not_Repaid","Not_Repaid",0.611047384242186,0.388952615757814
"Not_Repaid","Not_Repaid",0.887450293933637,0.112549706066363
"Not_Repaid","Not_Repaid",0.749395418162954,0.250604581837046
"Not_Repaid","Not_Repaid",0.774474957770773,0.225525042229227
"Not_Repaid","Not_Repaid",0.964888305234177,0.0351116947658234
"Repaid","Repaid",0.0367879805711181,0.963212019428882
"Repaid","Repaid",0.145402084648715,0.854597915351285
"Not_Repaid","Repaid",0.428088196507335,0.571911803492665
"Not_Repaid","Not_Repaid",0.597000662198544,0.402999337801456
"Repaid","Repaid",0.159484667687164,0.840515332312836
"Not_Repaid","Not_Repaid",0.888782577449328,0.111217422550672
"Repaid","Repaid",0.0450300902039092,0.954969909796091
"Repaid","Repaid",0.0337751351249623,0.966224864875038
"Repaid","Repaid",0.295267811302841,0.704732188697159
"Repaid","Not_Repaid",0.863072344651092,0.136927655348908
"Repaid","Repaid",0.0954295140449846,0.904570485955015
"Not_Repaid","Not_Repaid",0.608067840089976,0.391932159910024
"Repaid","Repaid",0.347064899829396,0.652935100170604
"Repaid","Repaid",0.0843741069374966,0.915625893062503
"Repaid","Repaid",0.140701154144902,0.859298845855098
"Not_Repaid","Not_Repaid",0.939478893953665,0.060521106046335
"Repaid","Repaid",0.45783604363009,0.54216395636991
"Repaid","Repaid",0.153172283386613,0.846827716613387
"Not_Repaid","Not_Repaid",0.927092902018272,0.0729070979817283
"Not_Repaid","Not_Repaid",0.943011158933461,0.0569888410665392
"Not_Repaid","Not_Repaid",0.851080784300121,0.148919215699879
"Repaid","Not_Repaid",0.918951414498228,0.0810485855017723
"Not_Repaid","Not_Repaid",0.996437887851166,0.00356211214883424
"Repaid","Repaid",0.174056298849479,0.825943701150521
"Not_Repaid","Not_Repaid",0.901868472881856,0.0981315271181438
"Repaid","Repaid",0.299141602951849,0.700858397048151
"Not_Repaid","Not_Repaid",0.785195833193517,0.214804166806483
"Repaid","Repaid",0.0257782470981595,0.97422175290184
"Not_Repaid","Not_Repaid",0.55846290527502,0.44153709472498
"Not_Repaid","Not_Repaid",0.958294695317233,0.0417053046827668
"Repaid","Repaid",0.0386687535288033,0.961331246471197
"Repaid","Repaid",0.19568247980981,0.80431752019019
"Repaid","Repaid",0.0872201324941391,0.912779867505861
"Repaid","Repaid",0.464834464544045,0.535165535455955
"Repaid","Repaid",0.413503344213358,0.586496655786642
"Repaid","Repaid",0.167728266379175,0.832271733620825
"Repaid","Repaid",0.471739889891599,0.528260110108401
"Not_Repaid","Not_Repaid",0.756012805248041,0.243987194751959
"Repaid","Repaid",0.174086814275667,0.825913185724333
"Not_Repaid","Not_Repaid",0.905937903429827,0.0940620965701734
"Not_Repaid","Not_Repaid",0.684619871386401,0.315380128613599
"Repaid","Not_Repaid",0.702030894938595,0.297969105061405
"Repaid","Repaid",0.145197711985814,0.854802288014186
"Not_Repaid","Not_Repaid",0.785855814421982,0.214144185578018
"Repaid","Not_Repaid",0.838312029169504,0.161687970830496
"Repaid","Repaid",0.0732933206113145,0.926706679388685
"Repaid","Repaid",0.0933135548963374,0.906686445103663
"Repaid","Not_Repaid",0.559603919889389,0.440396080110611
"Not_Repaid","Not_Repaid",0.699386095456473,0.300613904543527
"Not_Repaid","Not_Repaid",0.859214598903814,0.140785401096186
"Repaid","Not_Repaid",0.877732113052056,0.122267886947944
"Repaid","Repaid",0.058215937150024,0.941784062849976
"Not_Repaid","Not_Repaid",0.976410590452319,0.0235894095476806
"Repaid","Repaid",0.299821251444112,0.700178748555888
"Not_Repaid","Not_Repaid",0.852756531941664,0.147243468058336
"Repaid","Repaid",0.0341696304321659,0.965830369567834
"Repaid","Repaid",0.416136801833514,0.583863198166486
"Not_Repaid","Not_Repaid",0.534460329246303,0.465539670753697
"Not_Repaid","Not_Repaid",0.760192173623486,0.239807826376514
"Not_Repaid","Not_Repaid",0.709464381155736,0.290535618844264
"Repaid","Repaid",0.0547919803015908,0.945208019698409
"Not_Repaid","Not_Repaid",0.700438424441493,0.299561575558507
"Repaid","Repaid",0.12794302351324,0.87205697648676
"Repaid","Not_Repaid",0.875510895182943,0.124489104817057
"Repaid","Repaid",0.0918428364988172,0.908157163501183
"Not_Repaid","Not_Repaid",0.815952420633671,0.184047579366329
"Repaid","Not_Repaid",0.724280375998218,0.275719624001782
"Not_Repaid","Not_Repaid",0.947823207764493,0.0521767922355074
"Not_Repaid","Not_Repaid",0.986018171200953,0.0139818287990469
"Not_Repaid","Not_Repaid",0.73917429780026,0.26082570219974
"Not_Repaid","Not_Repaid",0.638940438653479,0.361059561346521
"Not_Repaid","Not_Repaid",0.957831515159757,0.0421684848402429
"Repaid","Repaid",0.0163772411194477,0.983622758880552
"Not_Repaid","Not_Repaid",0.995506211533861,0.0044937884661387
"Repaid","Not_Repaid",0.501849210299043,0.498150789700957
"Repaid","Repaid",0.269553867665208,0.730446132334792
"Repaid","Repaid",0.148137842135815,0.851862157864185
"Not_Repaid","Not_Repaid",0.979535730791669,0.020464269208331
"Not_Repaid","Not_Repaid",0.968000313513812,0.0319996864861879
"Not_Repaid","Not_Repaid",0.889435910631655,0.110564089368345
"Repaid","Repaid",0.069159910807143,0.930840089192857
"Not_Repaid","Not_Repaid",0.976616585021805,0.0233834149781954
"Not_Repaid","Not_Repaid",0.992043898685074,0.00795610131492615
"Repaid","Repaid",0.152776690823037,0.847223309176963
"Not_Repaid","Not_Repaid",0.977679365192375,0.0223206348076253
"Not_Repaid","Repaid",0.476664319958891,0.523335680041109
"Not_Repaid","Not_Repaid",0.757205275694813,0.242794724305187
"Not_Repaid","Not_Repaid",0.536179264504349,0.463820735495651
"Not_Repaid","Not_Repaid",0.514550332902104,0.485449667097896
"Repaid","Not_Repaid",0.89272972131294,0.107270278687061
"Not_Repaid","Not_Repaid",0.921719740922656,0.078280259077344
"Repaid","Repaid",0.2211289350171,0.7788710649829
"Not_Repaid","Not_Repaid",0.894245739956885,0.105754260043115
"Repaid","Repaid",0.474681310465278,0.525318689534722
"Repaid","Not_Repaid",0.685345444383789,0.314654555616211
"Not_Repaid","Not_Repaid",0.662412704643565,0.337587295356435
"Repaid","Repaid",0.219279715343401,0.780720284656599
"Repaid","Repaid",0.0767866041836621,0.923213395816338
"Not_Repaid","Not_Repaid",0.574758119065936,0.425241880934064
"Repaid","Repaid",0.0811135317258143,0.918886468274186
"Repaid","Repaid",0.0253584121508894,0.974641587849111
"Repaid","Not_Repaid",0.907511572145159,0.0924884278548414
"Not_Repaid","Not_Repaid",0.873978022813461,0.126021977186539
"Not_Repaid","Not_Repaid",0.919029773349215,0.080970226650785
"Repaid","Repaid",0.0403005944819805,0.95969940551802
"Repaid","Repaid",0.072877326484022,0.927122673515978
"Repaid","Not_Repaid",0.507537991867861,0.492462008132139
"Repaid","Repaid",0.241305828170864,0.758694171829136
"Repaid","Repaid",0.096169700450973,0.903830299549027
"Repaid","Not_Repaid",0.699310554659063,0.300689445340937
"Repaid","Repaid",0.339062625907601,0.660937374092399
"Not_Repaid","Not_Repaid",0.895288830061093,0.104711169938907
"Not_Repaid","Not_Repaid",0.550913493370229,0.449086506629771
"Not_Repaid","Not_Repaid",0.648562362572056,0.351437637427944
"Not_Repaid","Not_Repaid",0.536661458399342,0.463338541600658
"Repaid","Repaid",0.143773127802308,0.856226872197692
"Repaid","Repaid",0.318841959668067,0.681158040331933
"Repaid","Repaid",0.10037186808619,0.89962813191381
"Repaid","Not_Repaid",0.842856951549081,0.157143048450919
"Not_Repaid","Not_Repaid",0.830943616904081,0.169056383095919
"Repaid","Repaid",0.0893908190036268,0.910609180996373
"Not_Repaid","Not_Repaid",0.973207948006184,0.0267920519938158
"Not_Repaid","Not_Repaid",0.767572195486265,0.232427804513735
"Repaid","Repaid",0.393125571181571,0.606874428818429
"Not_Repaid","Repaid",0.200880672254313,0.799119327745687
"Repaid","Repaid",0.219501494560564,0.780498505439436
"Repaid","Repaid",0.019223536285328,0.980776463714672
"Not_Repaid","Repaid",0.0390751788074145,0.960924821192585
"Repaid","Repaid",0.151083397796088,0.848916602203912
"Repaid","Repaid",0.0534610021083801,0.94653899789162
"Not_Repaid","Not_Repaid",0.949098964753525,0.0509010352464747
"Not_Repaid","Not_Repaid",0.992699916048482,0.00730008395151844
"Not_Repaid","Not_Repaid",0.71449337878245,0.28550662121755
"Repaid","Repaid",0.0436566535457528,0.956343346454247
"Not_Repaid","Not_Repaid",0.896965155798432,0.103034844201568
"Not_Repaid","Not_Repaid",0.958120367949843,0.0418796320501572
"Repaid","Repaid",0.0637099046732109,0.936290095326789
"Repaid","Not_Repaid",0.980577529414446,0.0194224705855541
"Repaid","Repaid",0.489972896531403,0.510027103468597
"Repaid","Not_Repaid",0.619760116077163,0.380239883922837
"Repaid","Repaid",0.0551914583977914,0.944808541602209
"Not_Repaid","Not_Repaid",0.98570057084178,0.0142994291582197
"Repaid","Repaid",0.202136774589914,0.797863225410086
"Not_Repaid","Repaid",0.477623355972031,0.522376644027969
"Not_Repaid","Not_Repaid",0.898833539534453,0.101166460465547
"Repaid","Not_Repaid",0.773841345007604,0.226158654992396
"Repaid","Repaid",0.116361100258923,0.883638899741077
"Not_Repaid","Not_Repaid",0.798304346152535,0.201695653847465
"Repaid","Repaid",0.0230536127012464,0.976946387298754
"Not_Repaid","Not_Repaid",0.928389750536692,0.0716102494633082
"Repaid","Repaid",0.061057760574601,0.938942239425399
"Repaid","Repaid",0.0546945148257484,0.945305485174252
"Repaid","Repaid",0.0243148950056223,0.975685104994378
"Repaid","Repaid",0.0522621774413414,0.947737822558659
"Not_Repaid","Not_Repaid",0.697769276634896,0.302230723365104
"Repaid","Repaid",0.146368462513423,0.853631537486577
"Not_Repaid","Not_Repaid",0.810955313647284,0.189044686352716
"Repaid","Repaid",0.150940931885944,0.849059068114056
"Repaid","Repaid",0.422995523448666,0.577004476551334
"Repaid","Repaid",0.0160623404702803,0.98393765952972
"Repaid","Repaid",0.0649252286397768,0.935074771360223
"Not_Repaid","Not_Repaid",0.745349573150773,0.254650426849227
"Not_Repaid","Not_Repaid",0.914587575966071,0.0854124240339293
"Repaid","Repaid",0.162606823055688,0.837393176944312
"Repaid","Repaid",0.148010307108768,0.851989692891232
"Not_Repaid","Not_Repaid",0.871389330708151,0.128610669291849
"Not_Repaid","Not_Repaid",0.545184032657852,0.454815967342148
"Repaid","Repaid",0.489151825548988,0.510848174451012
"Repaid","Repaid",0.0356949299563863,0.964305070043614
"Not_Repaid","Not_Repaid",0.691766478044889,0.308233521955111
"Not_Repaid","Not_Repaid",0.650307148198588,0.349692851801412
"Not_Repaid","Not_Repaid",0.780977187724533,0.219022812275467
"Repaid","Repaid",0.0806684412538469,0.919331558746153
"Not_Repaid","Not_Repaid",0.743385328517357,0.256614671482643
"Repaid","Repaid",0.119143847252638,0.880856152747362
"Repaid","Not_Repaid",0.5262287075389,0.4737712924611
"Repaid","Not_Repaid",0.700022607021385,0.299977392978615
"Not_Repaid","Repaid",0.163048372983456,0.836951627016544
"Repaid","Repaid",0.0146850275090017,0.985314972490998
"Not_Repaid","Not_Repaid",0.997236012542352,0.00276398745764845
"Not_Repaid","Repaid",0.301791730897072,0.698208269102928
"Not_Repaid","Repaid",0.292359106178396,0.707640893821604
"Not_Repaid","Not_Repaid",0.707309657565942,0.292690342434058
"Repaid","Repaid",0.0388880149819539,0.961111985018046
"Not_Repaid","Not_Repaid",0.984254017100762,0.015745982899238
"Not_Repaid","Repaid",0.194397913852563,0.805602086147437
"Repaid","Not_Repaid",0.74602461517953,0.25397538482047
"Repaid","Repaid",0.0595378396758153,0.940462160324185
"Repaid","Repaid",0.237730204212424,0.762269795787576
"Repaid","Repaid",0.0332463333415967,0.966753666658403
"Repaid","Not_Repaid",0.741220721839332,0.258779278160668
"Not_Repaid","Repaid",0.42030788875151,0.57969211124849
"Not_Repaid","Not_Repaid",0.707577243584047,0.292422756415953
"Repaid","Not_Repaid",0.958335142531343,0.0416648574686574
"Repaid","Repaid",0.0152190479072006,0.984780952092799
"Not_Repaid","Not_Repaid",0.528248862117615,0.471751137882385
"Repaid","Repaid",0.0286017739657856,0.971398226034214
"Repaid","Repaid",0.114036820623563,0.885963179376437
"Not_Repaid","Not_Repaid",0.932532882986842,0.0674671170131576
"Not_Repaid","Not_Repaid",0.667075506066038,0.332924493933962
"Not_Repaid","Not_Repaid",0.549792868481635,0.450207131518365
"Not_Repaid","Not_Repaid",0.967875668709811,0.0321243312901891
"Not_Repaid","Not_Repaid",0.95654927808382,0.04345072191618
"Not_Repaid","Not_Repaid",0.973250656105094,0.0267493438949063
"Not_Repaid","Not_Repaid",0.99552794824174,0.0044720517582603
"Not_Repaid","Not_Repaid",0.973129889886725,0.0268701101132745
"Not_Repaid","Not_Repaid",0.98303637524952,0.0169636247504805
"Not_Repaid","Not_Repaid",0.787951043121735,0.212048956878265
"Repaid","Not_Repaid",0.790847449701979,0.209152550298021
"Not_Repaid","Not_Repaid",0.8825944236496,0.1174055763504
"Repaid","Repaid",0.0608201294841137,0.939179870515886
"Not_Repaid","Not_Repaid",0.909023395458792,0.0909766045412079
"Repaid","Not_Repaid",0.682501809767761,0.317498190232239
"Repaid","Repaid",0.173871578219174,0.826128421780826
"Not_Repaid","Not_Repaid",0.825180517430787,0.174819482569213
"Repaid","Repaid",0.0221556471532598,0.97784435284674
"Repaid","Repaid",0.327321394733384,0.672678605266616
"Repaid","Repaid",0.153186099663375,0.846813900336625
"Repaid","Repaid",0.0400596303791858,0.959940369620814
"Repaid","Repaid",0.063038968513606,0.936961031486394
"Not_Repaid","Not_Repaid",0.784692473420566,0.215307526579434
"Not_Repaid","Not_Repaid",0.913723258949257,0.0862767410507432
"Repaid","Repaid",0.0276600011320348,0.972339998867965
"Not_Repaid","Not_Repaid",0.868213781035573,0.131786218964427
"Not_Repaid","Not_Repaid",0.895139532799527,0.104860467200473
"Repaid","Repaid",0.270127859036684,0.729872140963316
"Not_Repaid","Not_Repaid",0.967246270338469,0.0327537296615313
"Not_Repaid","Not_Repaid",0.734183785203486,0.265816214796514
"Not_Repaid","Not_Repaid",0.81164402899386,0.18835597100614
"Not_Repaid","Not_Repaid",0.970417582452752,0.0295824175472481
"Not_Repaid","Repaid",0.388659927632234,0.611340072367766
"Repaid","Repaid",0.0506510358310291,0.949348964168971
"Repaid","Repaid",0.28589031016606,0.71410968983394
"Repaid","Repaid",0.113921582243291,0.886078417756709
"Repaid","Repaid",0.0494706748081224,0.950529325191878
"Repaid","Repaid",0.17714737682198,0.82285262317802
"Repaid","Repaid",0.0621364612442947,0.937863538755705
"Not_Repaid","Not_Repaid",0.923478222676208,0.0765217773237915
"Repaid","Repaid",0.0374497978830904,0.96255020211691
"Repaid","Repaid",0.126352743900491,0.87364725609951
"Repaid","Not_Repaid",0.837455402787948,0.162544597212052
"Repaid","Repaid",0.166884005954751,0.833115994045249
"Repaid","Repaid",0.201534637455733,0.798465362544267
"Repaid","Not_Repaid",0.926565913264178,0.0734340867358223
"Not_Repaid","Not_Repaid",0.514386188834524,0.485613811165476
"Repaid","Not_Repaid",0.620190630809498,0.379809369190502
"Repaid","Repaid",0.0323527056372303,0.96764729436277
"Repaid","Repaid",0.0463588240816907,0.953641175918309
"Not_Repaid","Not_Repaid",0.923979129695722,0.076020870304278
"Not_Repaid","Not_Repaid",0.983355100749832,0.0166448992501681
"Not_Repaid","Not_Repaid",0.672161801901343,0.327838198098657
"Not_Repaid","Not_Repaid",0.986451812869116,0.0135481871308844
"Not_Repaid","Repaid",0.346639476498025,0.653360523501975
"Repaid","Repaid",0.084160999646913,0.915839000353087
"Repaid","Repaid",0.0707618299324697,0.92923817006753
"Not_Repaid","Not_Repaid",0.716503315270985,0.283496684729015
"Repaid","Repaid",0.2535606557191,0.7464393442809
"Repaid","Repaid",0.0700515455404508,0.929948454459549
"Not_Repaid","Not_Repaid",0.900463639800645,0.0995363601993547
"Not_Repaid","Not_Repaid",0.772936445713922,0.227063554286078
"Not_Repaid","Not_Repaid",0.993827482735021,0.00617251726497878
"Repaid","Repaid",0.385389230945976,0.614610769054024
"Not_Repaid","Not_Repaid",0.817849615110494,0.182150384889506
"Repaid","Repaid",0.0567949908244026,0.943205009175597
"Not_Repaid","Not_Repaid",0.927332783425903,0.0726672165740968
"Repaid","Repaid",0.0571842471385018,0.942815752861498
"Repaid","Repaid",0.249615590543631,0.750384409456369
"Repaid","Repaid",0.0675968224727316,0.932403177527268
"Repaid","Repaid",0.295338774776943,0.704661225223057
"Repaid","Not_Repaid",0.79220909210924,0.20779090789076
"Repaid","Repaid",0.050870011895815,0.949129988104185
"Repaid","Repaid",0.2299323817105,0.7700676182895
"Not_Repaid","Repaid",0.397850241163427,0.602149758836573
"Repaid","Repaid",0.261112690391093,0.738887309608907
"Not_Repaid","Repaid",0.0201553449641201,0.97984465503588
"Repaid","Not_Repaid",0.837885259892539,0.162114740107461
"Not_Repaid","Repaid",0.368454779669856,0.631545220330144
"Not_Repaid","Repaid",0.180053928427325,0.819946071572675
"Repaid","Repaid",0.333394691709858,0.666605308290142
"Not_Repaid","Not_Repaid",0.740303364781606,0.259696635218394
"Repaid","Repaid",0.101086917438238,0.898913082561762
"Repaid","Repaid",0.0211776527792628,0.978822347220737
"Not_Repaid","Not_Repaid",0.633412093915333,0.366587906084667
"Repaid","Repaid",0.212020086547563,0.787979913452437
"Not_Repaid","Not_Repaid",0.717600135941545,0.282399864058455
"Repaid","Repaid",0.154529867681581,0.845470132318419
"Repaid","Repaid",0.105301652656281,0.894698347343719
"Repaid","Repaid",0.246979300609224,0.753020699390776
"Not_Repaid","Not_Repaid",0.947181641064219,0.0528183589357807
"Not_Repaid","Repaid",0.358944764114558,0.641055235885442
"Repaid","Repaid",0.187132202148136,0.812867797851864
"Not_Repaid","Repaid",0.42642252430524,0.57357747569476
"Not_Repaid","Not_Repaid",0.690668006221974,0.309331993778026
"Repaid","Repaid",0.101826277682516,0.898173722317484
"Repaid","Repaid",0.0629640575865784,0.937035942413422
"Repaid","Repaid",0.0144470406750126,0.985552959324987
"Not_Repaid","Not_Repaid",0.779688281111273,0.220311718888727
"Not_Repaid","Not_Repaid",0.518516468521938,0.481483531478062
"Not_Repaid","Not_Repaid",0.689295761530375,0.310704238469625
"Repaid","Repaid",0.338961316853847,0.661038683146153
"Not_Repaid","Not_Repaid",0.78767855646255,0.21232144353745
"Repaid","Not_Repaid",0.622114533232067,0.377885466767933
"Repaid","Repaid",0.0239942262576349,0.976005773742365
"Not_Repaid","Not_Repaid",0.612407434056394,0.387592565943606
"Repaid","Not_Repaid",0.742987808414789,0.257012191585211
"Not_Repaid","Not_Repaid",0.925176743632983,0.0748232563670167
"Not_Repaid","Not_Repaid",0.606691009522891,0.393308990477109
"Repaid","Repaid",0.264223329536041,0.735776670463959
"Repaid","Repaid",0.124607999232121,0.875392000767879
"Not_Repaid","Not_Repaid",0.923565587328496,0.0764344126715042
"Not_Repaid","Not_Repaid",0.574516556884264,0.425483443115736
"Not_Repaid","Repaid",0.434038326858739,0.565961673141261
"Not_Repaid","Not_Repaid",0.920702612513601,0.0792973874863991
"Repaid","Repaid",0.21403774701806,0.78596225298194
"Repaid","Not_Repaid",0.577354316716489,0.422645683283511
"Repaid","Repaid",0.0222485425955443,0.977751457404456
"Not_Repaid","Not_Repaid",0.88079106306149,0.11920893693851
"Repaid","Repaid",0.36736969358965,0.63263030641035
"Repaid","Repaid",0.0187760781722848,0.981223921827715
"Not_Repaid","Not_Repaid",0.888836033515518,0.111163966484482
"Repaid","Not_Repaid",0.624004835824752,0.375995164175248
"Repaid","Repaid",0.211346393684153,0.788653606315847
"Not_Repaid","Not_Repaid",0.64873495495044,0.35126504504956
"Not_Repaid","Not_Repaid",0.649398291354396,0.350601708645604
"Not_Repaid","Not_Repaid",0.595090395540114,0.404909604459886
"Not_Repaid","Not_Repaid",0.51680876853648,0.48319123146352
"Repaid","Repaid",0.0781393253277748,0.921860674672225
"Not_Repaid","Not_Repaid",0.910863647552915,0.0891363524470852
"Not_Repaid","Not_Repaid",0.927427462044474,0.0725725379555263
"Not_Repaid","Not_Repaid",0.674620106674278,0.325379893325722
"Not_Repaid","Not_Repaid",0.801212958634475,0.198787041365525
"Repaid","Repaid",0.276263309569273,0.723736690430727
"Not_Repaid","Not_Repaid",0.812058622493941,0.187941377506059
"Not_Repaid","Not_Repaid",0.677418026860801,0.322581973139199
"Not_Repaid","Not_Repaid",0.956075334626759,0.0439246653732409
"Not_Repaid","Not_Repaid",0.965264017135463,0.0347359828645368
"Not_Repaid","Not_Repaid",0.559279501678323,0.440720498321677
"Not_Repaid","Repaid",0.49256595565085,0.50743404434915
"Repaid","Not_Repaid",0.532867179091753,0.467132820908247
"Repaid","Repaid",0.107399253009271,0.892600746990729
"Repaid","Repaid",0.0621062958177574,0.937893704182243
"Repaid","Repaid",0.0323026705882047,0.967697329411795
"Repaid","Not_Repaid",0.884093902784185,0.115906097215815
"Repaid","Repaid",0.0552038241910522,0.944796175808948
"Not_Repaid","Repaid",0.270109104053253,0.729890895946747
"Not_Repaid","Repaid",0.0968821882964257,0.903117811703574
"Repaid","Not_Repaid",0.847211870999704,0.152788129000296
"Repaid","Repaid",0.157746704036193,0.842253295963807
"Repaid","Repaid",0.0267891134848764,0.973210886515124
"Repaid","Not_Repaid",0.876388963918785,0.123611036081215
"Repaid","Repaid",0.0356854962882241,0.964314503711776
"Not_Repaid","Not_Repaid",0.973517085322469,0.0264829146775311
"Not_Repaid","Repaid",0.45159800140318,0.54840199859682
"Not_Repaid","Not_Repaid",0.635415457620755,0.364584542379245
"Repaid","Repaid",0.0322872882855815,0.967712711714419
"Repaid","Repaid",0.282437133409371,0.717562866590629
"Not_Repaid","Not_Repaid",0.989970317629648,0.0100296823703523
"Repaid","Repaid",0.0683443768876456,0.931655623112354
"Repaid","Repaid",0.193599966114487,0.806400033885513
"Not_Repaid","Not_Repaid",0.943624205125638,0.0563757948743622
"Repaid","Repaid",0.0572917268171851,0.942708273182815
"Repaid","Repaid",0.0253553929909951,0.974644607009005
"Not_Repaid","Not_Repaid",0.971227417925033,0.0287725820749666
"Not_Repaid","Not_Repaid",0.88634408646132,0.11365591353868
"Repaid","Repaid",0.0708533422023192,0.929146657797681
"Repaid","Not_Repaid",0.52590175032427,0.47409824967573
"Not_Repaid","Not_Repaid",0.994371192265868,0.00562880773413232
"Repaid","Repaid",0.193129457601434,0.806870542398566
"Repaid","Not_Repaid",0.792821946960435,0.207178053039565
"Repaid","Repaid",0.0701722418384187,0.929827758161581
"Not_Repaid","Not_Repaid",0.9706358661089,0.0293641338911001
"Repaid","Repaid",0.239370182667125,0.760629817332875
"Repaid","Repaid",0.359479999220915,0.640520000779085
"Repaid","Repaid",0.0510170557419193,0.948982944258081
"Not_Repaid","Repaid",0.25031098576826,0.74968901423174
"Not_Repaid","Repaid",0.401299854540824,0.598700145459176
"Repaid","Repaid",0.0456083037792423,0.954391696220758
"Repaid","Repaid",0.385863626289692,0.614136373710308
"Not_Repaid","Not_Repaid",0.806192090244184,0.193807909755815
"Repaid","Repaid",0.080383993225549,0.919616006774451
"Repaid","Repaid",0.023328465215965,0.976671534784035
"Repaid","Repaid",0.0250759163591617,0.974924083640838
"Repaid","Repaid",0.0657264453880168,0.934273554611983
"Not_Repaid","Repaid",0.305053792357921,0.694946207642079
"Repaid","Not_Repaid",0.502481826487302,0.497518173512698
"Not_Repaid","Not_Repaid",0.991935781525039,0.0080642184749607
"Repaid","Not_Repaid",0.832121992169523,0.167878007830477
"Not_Repaid","Not_Repaid",0.969922501073421,0.0300774989265794
"Repaid","Not_Repaid",0.61812430122656,0.38187569877344
"Not_Repaid","Not_Repaid",0.867508199584164,0.132491800415836
"Repaid","Repaid",0.0304960837698726,0.969503916230127
"Repaid","Repaid",0.0451053830067975,0.954894616993203
"Not_Repaid","Not_Repaid",0.858362426276724,0.141637573723276
"Not_Repaid","Not_Repaid",0.8745111229995,0.1254888770005
"Not_Repaid","Not_Repaid",0.941052540914957,0.0589474590850425
"Repaid","Repaid",0.435997697980493,0.564002302019507
"Repaid","Repaid",0.0230917984741195,0.97690820152588
"Not_Repaid","Not_Repaid",0.848661344765005,0.151338655234995
"Repaid","Repaid",0.0359823854667488,0.964017614533251
"Not_Repaid","Not_Repaid",0.607845985802315,0.392154014197685
"Not_Repaid","Not_Repaid",0.844956167321923,0.155043832678077
"Not_Repaid","Not_Repaid",0.980257610612498,0.0197423893875018
"Not_Repaid","Not_Repaid",0.908542239832649,0.091457760167351
"Repaid","Repaid",0.0193318492967248,0.980668150703275
"Not_Repaid","Not_Repaid",0.894933822087898,0.105066177912102
"Not_Repaid","Not_Repaid",0.690111092502941,0.309888907497059
"Not_Repaid","Not_Repaid",0.808632423532983,0.191367576467017
"Repaid","Repaid",0.0720426749940584,0.927957325005942
"Repaid","Repaid",0.299733198908426,0.700266801091574
"Not_Repaid","Not_Repaid",0.976897435763904,0.023102564236096
"Repaid","Not_Repaid",0.888691788800993,0.111308211199007
"Not_Repaid","Not_Repaid",0.891221891350449,0.108778108649551
"Repaid","Repaid",0.155856596010623,0.844143403989377
"Repaid","Repaid",0.12808719807563,0.87191280192437
"Repaid","Repaid",0.441817808452405,0.558182191547595
"Not_Repaid","Not_Repaid",0.995746407771705,0.00425359222829489
"Not_Repaid","Not_Repaid",0.597104758035195,0.402895241964805
"Repaid","Repaid",0.0746043653592283,0.925395634640772
"Repaid","Not_Repaid",0.69156968486971,0.30843031513029
"Repaid","Repaid",0.0464611302177729,0.953538869782227
"Not_Repaid","Not_Repaid",0.841181373604066,0.158818626395934
"Repaid","Repaid",0.0675552571838268,0.932444742816173
"Repaid","Repaid",0.182361148647732,0.817638851352268
"Repaid","Repaid",0.158511876609146,0.841488123390854
"Repaid","Repaid",0.0294802693442084,0.970519730655792
"Not_Repaid","Not_Repaid",0.561978285132452,0.438021714867548
"Repaid","Repaid",0.15628262226786,0.84371737773214
"Not_Repaid","Repaid",0.207700593497138,0.792299406502862
"Not_Repaid","Not_Repaid",0.776207962353846,0.223792037646154
"Not_Repaid","Not_Repaid",0.762215065308449,0.237784934691551
"Not_Repaid","Not_Repaid",0.598959619916251,0.401040380083749
"Not_Repaid","Not_Repaid",0.702702679126815,0.297297320873185
"Not_Repaid","Not_Repaid",0.709177839195261,0.290822160804739
"Not_Repaid","Repaid",0.393820352529855,0.606179647470145
"Repaid","Not_Repaid",0.65324729567176,0.34675270432824
"Repaid","Repaid",0.0978075741056204,0.90219242589438
"Not_Repaid","Repaid",0.474423835289526,0.525576164710474
"Repaid","Repaid",0.127228141322913,0.872771858677087
"Repaid","Repaid",0.0510654447883727,0.948934555211627
"Not_Repaid","Not_Repaid",0.974531098751088,0.025468901248912
"Repaid","Repaid",0.290973886392205,0.709026113607795
"Repaid","Repaid",0.10157795441384,0.89842204558616
"Repaid","Repaid",0.0969135793234599,0.90308642067654
"Not_Repaid","Repaid",0.201704170886255,0.798295829113745
"Not_Repaid","Not_Repaid",0.741420741948191,0.258579258051809
"Not_Repaid","Not_Repaid",0.731067290627258,0.268932709372742
"Not_Repaid","Not_Repaid",0.860204860040482,0.139795139959518
"Repaid","Repaid",0.145349849190709,0.854650150809291
"Not_Repaid","Not_Repaid",0.936675882802272,0.0633241171977282
"Repaid","Repaid",0.129558478549176,0.870441521450824
"Not_Repaid","Not_Repaid",0.759202900276585,0.240797099723415
"Repaid","Repaid",0.0604917301890685,0.939508269810931
"Not_Repaid","Not_Repaid",0.987057200511074,0.0129427994889257
"Not_Repaid","Not_Repaid",0.802880190014124,0.197119809985876
"Repaid","Repaid",0.23283498209591,0.76716501790409
"Not_Repaid","Not_Repaid",0.85716481907922,0.14283518092078
"Repaid","Repaid",0.0297923718803909,0.970207628119609
"Repaid","Repaid",0.0251976032688017,0.974802396731198
"Repaid","Repaid",0.0351834489262585,0.964816551073742
"Repaid","Repaid",0.114010535397711,0.885989464602289
"Not_Repaid","Not_Repaid",0.867829822735731,0.132170177264269
"Repaid","Repaid",0.0969815091823677,0.903018490817632
"Repaid","Repaid",0.161242498847659,0.838757501152341
"Repaid","Repaid",0.0197880402627448,0.980211959737255
"Repaid","Repaid",0.0403294560819791,0.959670543918021
"Not_Repaid","Not_Repaid",0.787979234961962,0.212020765038038
"Not_Repaid","Repaid",0.13433586868007,0.86566413131993
"Repaid","Not_Repaid",0.591083107624723,0.408916892375277
"Repaid","Repaid",0.15359108968191,0.84640891031809
"Not_Repaid","Not_Repaid",0.922240705991207,0.0777592940087931
"Not_Repaid","Not_Repaid",0.942016921629003,0.0579830783709975
"Not_Repaid","Not_Repaid",0.905108498131823,0.0948915018681774
"Not_Repaid","Not_Repaid",0.797384742962937,0.202615257037063
"Repaid","Repaid",0.153834658969722,0.846165341030278
"Not_Repaid","Not_Repaid",0.938688537521856,0.0613114624781441
"Not_Repaid","Not_Repaid",0.544198850877064,0.455801149122936
"Not_Repaid","Repaid",0.145336849910235,0.854663150089765
"Repaid","Repaid",0.135005650192529,0.864994349807471
"Not_Repaid","Not_Repaid",0.789963607679816,0.210036392320184
"Not_Repaid","Not_Repaid",0.811032359389055,0.188967640610945
"Not_Repaid","Not_Repaid",0.668410109063655,0.331589890936345
"Not_Repaid","Not_Repaid",0.713850687137539,0.286149312862461
"Not_Repaid","Not_Repaid",0.655571799756938,0.344428200243062
"Not_Repaid","Repaid",0.372441783905161,0.627558216094839
"Not_Repaid","Not_Repaid",0.944465972694107,0.0555340273058934
"Not_Repaid","Not_Repaid",0.90494458252541,0.0950554174745903
"Repaid","Repaid",0.242624018120446,0.757375981879554
"Not_Repaid","Not_Repaid",0.740953745498512,0.259046254501488
"Not_Repaid","Not_Repaid",0.942280991898412,0.0577190081015878
"Repaid","Repaid",0.15350801117881,0.84649198882119
"Repaid","Repaid",0.447059056502933,0.552940943497067
"Not_Repaid","Not_Repaid",0.902835601460321,0.0971643985396789
"Not_Repaid","Not_Repaid",0.563990989286701,0.436009010713299
"Not_Repaid","Not_Repaid",0.666848061398455,0.333151938601545
"Repaid","Repaid",0.200357920119327,0.799642079880673
"Repaid","Repaid",0.240904467199428,0.759095532800572
"Repaid","Repaid",0.0827203909096353,0.917279609090365
"Repaid","Repaid",0.0612438357520129,0.938756164247987
"Not_Repaid","Repaid",0.197187964971388,0.802812035028612
"Not_Repaid","Not_Repaid",0.662931800081852,0.337068199918148
"Repaid","Repaid",0.099796125173022,0.900203874826978
"Repaid","Repaid",0.120767698946052,0.879232301053948
"Repaid","Repaid",0.0349161801029511,0.965083819897049
"Repaid","Repaid",0.0223304789540963,0.977669521045904
"Not_Repaid","Not_Repaid",0.658551738225936,0.341448261774064
"Repaid","Repaid",0.158755111821873,0.841244888178127
"Repaid","Repaid",0.169933553472158,0.830066446527842
"Not_Repaid","Not_Repaid",0.982374242498006,0.0176257575019937
"Not_Repaid","Repaid",0.493980996992617,0.506019003007383
"Repaid","Repaid",0.0615662893170551,0.938433710682945
"Repaid","Repaid",0.0289937868716891,0.971006213128311
"Not_Repaid","Not_Repaid",0.95979371813979,0.0402062818602101
"Not_Repaid","Repaid",0.159688886605691,0.840311113394309
"Not_Repaid","Not_Repaid",0.998451125293605,0.00154887470639491
"Repaid","Repaid",0.0909310807955739,0.909068919204426
"Not_Repaid","Not_Repaid",0.930610424169093,0.0693895758309074
"Not_Repaid","Not_Repaid",0.992399578562765,0.0076004214372348
"Repaid","Repaid",0.0621275458713823,0.937872454128618
"Repaid","Not_Repaid",0.703852431509453,0.296147568490547
"Not_Repaid","Not_Repaid",0.858090437217759,0.141909562782241
"Not_Repaid","Not_Repaid",0.937644237145889,0.0623557628541106
"Not_Repaid","Not_Repaid",0.645222924428115,0.354777075571885
"Repaid","Repaid",0.111140688363146,0.888859311636854
"Not_Repaid","Not_Repaid",0.946207191325278,0.0537928086747223
"Repaid","Not_Repaid",0.939079858414098,0.0609201415859022
"Repaid","Repaid",0.249572178814045,0.750427821185955
"Not_Repaid","Repaid",0.133752642174578,0.866247357825422
"Repaid","Repaid",0.0536471141183125,0.946352885881688
"Not_Repaid","Not_Repaid",0.512801695067965,0.487198304932035
"Not_Repaid","Not_Repaid",0.656731000506749,0.343268999493251
"Repaid","Not_Repaid",0.92537468720921,0.0746253127907904
"Not_Repaid","Not_Repaid",0.968105489977054,0.0318945100229461
"Not_Repaid","Not_Repaid",0.967513620395081,0.0324863796049194
"Not_Repaid","Not_Repaid",0.907703376915016,0.0922966230849842
"Repaid","Repaid",0.0338792818553615,0.966120718144639
"Not_Repaid","Not_Repaid",0.7738317677683,0.2261682322317
"Repaid","Repaid",0.166934193887601,0.833065806112399
"Not_Repaid","Not_Repaid",0.98773174423575,0.0122682557642499
"Repaid","Repaid",0.130746067256493,0.869253932743507
"Not_Repaid","Not_Repaid",0.859337102296382,0.140662897703618
"Not_Repaid","Not_Repaid",0.799063118112329,0.200936881887671
"Not_Repaid","Not_Repaid",0.806876186260896,0.193123813739105
"Not_Repaid","Not_Repaid",0.966745789521034,0.0332542104789659
"Not_Repaid","Not_Repaid",0.864878562819273,0.135121437180727
"Not_Repaid","Not_Repaid",0.966911693391715,0.0330883066082854
"Not_Repaid","Not_Repaid",0.790857285608327,0.209142714391673
"Repaid","Not_Repaid",0.702071924640619,0.297928075359381
"Not_Repaid","Not_Repaid",0.996385732649855,0.00361426735014486
"Not_Repaid","Repaid",0.457698584405245,0.542301415594755
"Repaid","Repaid",0.160257397842461,0.839742602157539
"Not_Repaid","Repaid",0.350396334597193,0.649603665402807
"Repaid","Repaid",0.0663532576455632,0.933646742354437
"Not_Repaid","Not_Repaid",0.980568275851334,0.0194317241486663
"Not_Repaid","Not_Repaid",0.586969110835678,0.413030889164322
"Not_Repaid","Not_Repaid",0.963128403598556,0.0368715964014438
"Repaid","Not_Repaid",0.890305380168128,0.109694619831872
"Not_Repaid","Not_Repaid",0.830162321674606,0.169837678325394
"Not_Repaid","Not_Repaid",0.629289187568332,0.370710812431668
"Not_Repaid","Repaid",0.482108688452751,0.517891311547249
"Not_Repaid","Not_Repaid",0.858724663550236,0.141275336449764
"Not_Repaid","Not_Repaid",0.800804282731602,0.199195717268398
"Repaid","Not_Repaid",0.504167897272839,0.495832102727161
"Repaid","Not_Repaid",0.827801446789538,0.172198553210461
"Not_Repaid","Repaid",0.258128689191929,0.741871310808071
"Repaid","Repaid",0.213533791188036,0.786466208811964
"Repaid","Repaid",0.0463105841608703,0.95368941583913
"Not_Repaid","Not_Repaid",0.945110688756088,0.0548893112439116
"Not_Repaid","Not_Repaid",0.842929892213357,0.157070107786643
"Not_Repaid","Not_Repaid",0.663832840555079,0.336167159444921
"Repaid","Repaid",0.34541076097273,0.65458923902727
"Not_Repaid","Not_Repaid",0.94841953278254,0.05158046721746
"Not_Repaid","Not_Repaid",0.660050517271863,0.339949482728137
"Not_Repaid","Not_Repaid",0.83126582234171,0.16873417765829
"Not_Repaid","Not_Repaid",0.717065893912666,0.282934106087334
"Not_Repaid","Not_Repaid",0.996710002778014,0.00328999722198633
"Repaid","Repaid",0.470278976042208,0.529721023957792
"Not_Repaid","Not_Repaid",0.915764953845373,0.0842350461546268
"Not_Repaid","Not_Repaid",0.990756805240909,0.00924319475909059
"Not_Repaid","Not_Repaid",0.886472628385957,0.113527371614043
"Not_Repaid","Not_Repaid",0.850809224558138,0.149190775441862
"Not_Repaid","Not_Repaid",0.984286968122932,0.0157130318770681
"Not_Repaid","Not_Repaid",0.905802923621997,0.0941970763780028
"Not_Repaid","Not_Repaid",0.827270136249896,0.172729863750104
"Not_Repaid","Repaid",0.241354971100861,0.758645028899139
"Repaid","Not_Repaid",0.68510808099866,0.31489191900134
"Repaid","Repaid",0.0367530409715494,0.963246959028451
"Not_Repaid","Not_Repaid",0.541659236419454,0.458340763580546
"Repaid","Repaid",0.149286824212357,0.850713175787643
"Not_Repaid","Repaid",0.490027969075501,0.509972030924499
"Not_Repaid","Not_Repaid",0.961821927252409,0.0381780727475911
"Repaid","Repaid",0.431643251994897,0.568356748005103
"Not_Repaid","Not_Repaid",0.566445036872219,0.433554963127781
"Repaid","Not_Repaid",0.743191409188228,0.256808590811772
"Repaid","Repaid",0.0435473234062345,0.956452676593766
"Not_Repaid","Not_Repaid",0.538022712541286,0.461977287458714
"Repaid","Repaid",0.0335854662324678,0.966414533767532
"Repaid","Repaid",0.0733215441180389,0.926678455881961
"Not_Repaid","Not_Repaid",0.672929889021102,0.327070110978898
"Not_Repaid","Not_Repaid",0.961166494328687,0.0388335056713131
"Repaid","Repaid",0.111366482641442,0.888633517358558
"Repaid","Repaid",0.286119162916551,0.713880837083449
"Not_Repaid","Not_Repaid",0.896075175726372,0.103924824273628
"Not_Repaid","Not_Repaid",0.762781907910703,0.237218092089297
"Not_Repaid","Not_Repaid",0.817098587609475,0.182901412390525
"Not_Repaid","Not_Repaid",0.816559307561028,0.183440692438972
"Not_Repaid","Not_Repaid",0.857794397131241,0.142205602868759
"Repaid","Repaid",0.102628936697261,0.897371063302739
"Repaid","Repaid",0.0259804757432005,0.9740195242568
"Repaid","Repaid",0.228136309898921,0.77186369010108
"Repaid","Repaid",0.0569625411202617,0.943037458879738
"Not_Repaid","Not_Repaid",0.945912462554733,0.0540875374452665
"Not_Repaid","Repaid",0.373708151052823,0.626291848947177
"Repaid","Repaid",0.306086986451793,0.693913013548207
"Not_Repaid","Not_Repaid",0.922487954099093,0.077512045900907
"Repaid","Repaid",0.286501222381315,0.713498777618685
"Not_Repaid","Not_Repaid",0.767758082697036,0.232241917302964
"Repaid","Not_Repaid",0.557466995422445,0.442533004577555
"Not_Repaid","Not_Repaid",0.611144716001011,0.388855283998989
"Not_Repaid","Not_Repaid",0.997033096477257,0.00296690352274291
"Not_Repaid","Repaid",0.463067042344344,0.536932957655656
"Repaid","Repaid",0.493402536370155,0.506597463629845
"Not_Repaid","Not_Repaid",0.935053416592045,0.0649465834079551
"Not_Repaid","Not_Repaid",0.680130380100386,0.319869619899614
"Repaid","Repaid",0.191839977954285,0.808160022045715
"Repaid","Not_Repaid",0.596606730765928,0.403393269234072
"Not_Repaid","Not_Repaid",0.858516918220433,0.141483081779567
"Repaid","Repaid",0.0775404241774784,0.922459575822522
"Not_Repaid","Not_Repaid",0.728781018881387,0.271218981118613
"Repaid","Repaid",0.0490422749993251,0.950957725000675
"Not_Repaid","Repaid",0.454046388754336,0.545953611245664
"Not_Repaid","Not_Repaid",0.949609872256432,0.0503901277435675
"Not_Repaid","Not_Repaid",0.823824119088683,0.176175880911317
"Repaid","Repaid",0.337755120327042,0.662244879672958
"Not_Repaid","Not_Repaid",0.896303270153102,0.103696729846898
"Repaid","Not_Repaid",0.845551535046566,0.154448464953434
"Repaid","Repaid",0.0696222952142694,0.930377704785731
"Not_Repaid","Not_Repaid",0.975420743950706,0.024579256049294
"Repaid","Repaid",0.192809095735185,0.807190904264815
"Repaid","Repaid",0.0205031380679185,0.979496861932082
"Repaid","Repaid",0.138567861093241,0.861432138906759
"Not_Repaid","Not_Repaid",0.949163772780747,0.0508362272192526
"Not_Repaid","Not_Repaid",0.876067699063814,0.123932300936186
"Not_Repaid","Not_Repaid",0.619973260624968,0.380026739375032
"Repaid","Repaid",0.340426100909844,0.659573899090156
"Repaid","Repaid",0.36704633665239,0.63295366334761
"Not_Repaid","Not_Repaid",0.9919119039068,0.00808809609320023
"Not_Repaid","Not_Repaid",0.968947862719246,0.0310521372807542
"Not_Repaid","Not_Repaid",0.996588091563021,0.00341190843697935
"Not_Repaid","Not_Repaid",0.913019443183658,0.0869805568163419
"Not_Repaid","Repaid",0.479321645563583,0.520678354436417
"Not_Repaid","Not_Repaid",0.976699089089681,0.0233009109103188
"Not_Repaid","Not_Repaid",0.826819739114319,0.173180260885681
"Not_Repaid","Not_Repaid",0.927653598277054,0.0723464017229459
"Not_Repaid","Not_Repaid",0.521716356081696,0.478283643918304
"Repaid","Not_Repaid",0.5166697962245,0.4833302037755
"Repaid","Repaid",0.314835232435111,0.685164767564889
"Repaid","Repaid",0.123821507464703,0.876178492535297
"Repaid","Repaid",0.0474158666225888,0.952584133377411
"Repaid","Repaid",0.0897841931712287,0.910215806828771
"Not_Repaid","Not_Repaid",0.971013959163751,0.0289860408362494
"Not_Repaid","Repaid",0.402486919743816,0.597513080256184
"Not_Repaid","Repaid",0.398661049466605,0.601338950533395
"Not_Repaid","Not_Repaid",0.6854598057602,0.3145401942398
"Not_Repaid","Not_Repaid",0.883834110957857,0.116165889042143
"Repaid","Not_Repaid",0.556995168679598,0.443004831320402
"Not_Repaid","Not_Repaid",0.946725889119553,0.0532741108804466
"Not_Repaid","Repaid",0.205126572691135,0.794873427308865
"Repaid","Repaid",0.0518984717808381,0.948101528219162
"Repaid","Repaid",0.0168070862928451,0.983192913707155
"Repaid","Repaid",0.038619016037033,0.961380983962967
"Repaid","Repaid",0.0290811768844911,0.970918823115509
"Repaid","Repaid",0.155778890724544,0.844221109275456
"Not_Repaid","Not_Repaid",0.888123548148949,0.111876451851051
"Repaid","Repaid",0.444386881264331,0.555613118735669
"Repaid","Repaid",0.323301707869224,0.676698292130776
"Repaid","Repaid",0.059018649601466,0.940981350398534
"Not_Repaid","Not_Repaid",0.957100965808833,0.042899034191167
"Repaid","Repaid",0.0729073513560732,0.927092648643927
"Not_Repaid","Not_Repaid",0.894157774171001,0.105842225828999
"Repaid","Repaid",0.0351685081785462,0.964831491821454
"Repaid","Not_Repaid",0.791361956887963,0.208638043112037
"Not_Repaid","Not_Repaid",0.834462746933412,0.165537253066588
"Not_Repaid","Not_Repaid",0.517573096311497,0.482426903688503
"Repaid","Repaid",0.135079579885878,0.864920420114122
"Repaid","Not_Repaid",0.62735613225854,0.37264386774146
"Not_Repaid","Not_Repaid",0.857267561822431,0.142732438177569
"Repaid","Not_Repaid",0.837092289325219,0.162907710674781
"Repaid","Repaid",0.382908920965547,0.617091079034453
"Repaid","Repaid",0.114051902351607,0.885948097648393
"Not_Repaid","Not_Repaid",0.845253426149922,0.154746573850078
"Not_Repaid","Not_Repaid",0.84409570827203,0.15590429172797
"Not_Repaid","Not_Repaid",0.748494634379243,0.251505365620757
"Repaid","Repaid",0.163612915196023,0.836387084803977
"Not_Repaid","Not_Repaid",0.915463726973576,0.0845362730264241
"Repaid","Repaid",0.0280961045336702,0.97190389546633
"Not_Repaid","Repaid",0.438862819714055,0.561137180285945
"Not_Repaid","Not_Repaid",0.609513705312352,0.390486294687648
"Not_Repaid","Not_Repaid",0.880786046310205,0.119213953689795
"Repaid","Not_Repaid",0.584304385407894,0.415695614592107
"Not_Repaid","Not_Repaid",0.707307093024515,0.292692906975485
"Not_Repaid","Not_Repaid",0.877310353665338,0.122689646334662
"Not_Repaid","Repaid",0.471316302332576,0.528683697667424
"Repaid","Not_Repaid",0.792190723428655,0.207809276571345
"Repaid","Repaid",0.0461411771933233,0.953858822806677
"Not_Repaid","Not_Repaid",0.821664410060522,0.178335589939478
"Repaid","Repaid",0.0694386391229118,0.930561360877088
"Repaid","Repaid",0.225673264515325,0.774326735484675
"Repaid","Repaid",0.131329288067182,0.868670711932818
"Repaid","Repaid",0.497579918743607,0.502420081256393
"Not_Repaid","Repaid",0.256736299225017,0.743263700774983
"Not_Repaid","Not_Repaid",0.516469405942465,0.483530594057535
"Repaid","Repaid",0.0363864531452038,0.963613546854796
"Not_Repaid","Not_Repaid",0.803087734066917,0.196912265933083
"Not_Repaid","Repaid",0.453075811725132,0.546924188274868
"Repaid","Repaid",0.276928816510915,0.723071183489085
"Repaid","Repaid",0.0302822124390296,0.96971778756097
"Repaid","Repaid",0.0297798443280526,0.970220155671947
"Not_Repaid","Repaid",0.360660291707386,0.639339708292614
"Repaid","Repaid",0.181169240627459,0.818830759372541
"Not_Repaid","Repaid",0.493486736939257,0.506513263060743
"Not_Repaid","Not_Repaid",0.803502606521756,0.196497393478244
"Not_Repaid","Not_Repaid",0.872071713768732,0.127928286231268
"Repaid","Repaid",0.06524875257301,0.93475124742699
"Not_Repaid","Repaid",0.372773954713657,0.627226045286343
"Repaid","Repaid",0.0668087827006847,0.933191217299315
"Repaid","Not_Repaid",0.626219156624559,0.373780843375441
"Repaid","Repaid",0.263338413425684,0.736661586574316
"Repaid","Not_Repaid",0.620969709966933,0.379030290033067
"Not_Repaid","Not_Repaid",0.805678039049606,0.194321960950394
"Repaid","Repaid",0.365584117976128,0.634415882023872
"Not_Repaid","Not_Repaid",0.544511536287896,0.455488463712104
"Repaid","Repaid",0.0215277952210776,0.978472204778922
"Repaid","Not_Repaid",0.634157508150978,0.365842491849022
"Not_Repaid","Repaid",0.211681935345806,0.788318064654194
"Not_Repaid","Not_Repaid",0.600903522890433,0.399096477109567
"Repaid","Repaid",0.0645862564032754,0.935413743596725
"Not_Repaid","Not_Repaid",0.780280555637976,0.219719444362024
"Repaid","Repaid",0.0210534179914297,0.97894658200857
"Repaid","Repaid",0.375375386635324,0.624624613364676
"Repaid","Repaid",0.0246108207675094,0.975389179232491
"Repaid","Not_Repaid",0.793524720547636,0.206475279452364
"Repaid","Not_Repaid",0.606315301842997,0.393684698157004
"Not_Repaid","Not_Repaid",0.934465282725589,0.065534717274411
"Not_Repaid","Not_Repaid",0.966721157416489,0.033278842583511
"Repaid","Not_Repaid",0.843836723647885,0.156163276352115
"Not_Repaid","Not_Repaid",0.522556775700114,0.477443224299886
"Repaid","Not_Repaid",0.836389240791505,0.163610759208495
"Repaid","Repaid",0.0413442383211773,0.958655761678823
"Not_Repaid","Not_Repaid",0.700990654093268,0.299009345906733
"Repaid","Repaid",0.159521705568618,0.840478294431382
"Not_Repaid","Not_Repaid",0.984132891170659,0.0158671088293408
"Repaid","Repaid",0.0995486057012258,0.900451394298774
"Repaid","Repaid",0.257993664292137,0.742006335707863
"Repaid","Repaid",0.151611376170181,0.848388623829819
"Repaid","Not_Repaid",0.902189657088871,0.0978103429111287
"Not_Repaid","Not_Repaid",0.788322459810028,0.211677540189972
"Not_Repaid","Not_Repaid",0.814029901153661,0.185970098846339
"Repaid","Repaid",0.0619623835492524,0.938037616450748
"Not_Repaid","Not_Repaid",0.83066914680349,0.16933085319651
"Repaid","Repaid",0.48176316980337,0.51823683019663
"Not_Repaid","Repaid",0.107331931283472,0.892668068716528
"Not_Repaid","Not_Repaid",0.979082853020513,0.0209171469794871
"Repaid","Repaid",0.04809655264409,0.95190344735591
"Repaid","Repaid",0.171512420594128,0.828487579405872
"Not_Repaid","Not_Repaid",0.865742471211876,0.134257528788124
"Repaid","Repaid",0.0310123620555142,0.968987637944486
"Not_Repaid","Not_Repaid",0.956638023346656,0.0433619766533444
"Repaid","Not_Repaid",0.961420625332203,0.0385793746677974
"Repaid","Repaid",0.230181486641259,0.769818513358741
"Not_Repaid","Not_Repaid",0.589302665944091,0.410697334055909
"Repaid","Repaid",0.096566762637393,0.903433237362607
"Repaid","Repaid",0.155316778192188,0.844683221807812
"Repaid","Repaid",0.0592609792947133,0.940739020705287
"Not_Repaid","Not_Repaid",0.882763121408695,0.117236878591305
"Not_Repaid","Not_Repaid",0.582381234925884,0.417618765074116
"Repaid","Repaid",0.117669327482805,0.882330672517195
"Repaid","Repaid",0.413572395035539,0.586427604964461
"Repaid","Repaid",0.0460034915396943,0.953996508460306
"Not_Repaid","Repaid",0.0978685356907663,0.902131464309234
"Not_Repaid","Not_Repaid",0.952629630630001,0.0473703693699994
"Repaid","Not_Repaid",0.555645983834034,0.444354016165966
"Repaid","Repaid",0.200403994620753,0.799596005379247
"Not_Repaid","Repaid",0.286062448348323,0.713937551651677
"Not_Repaid","Not_Repaid",0.834126365851074,0.165873634148926
"Not_Repaid","Not_Repaid",0.889640552489956,0.110359447510044
"Repaid","Repaid",0.164284728850852,0.835715271149148
"Not_Repaid","Not_Repaid",0.961780541537951,0.0382194584620491
"Repaid","Not_Repaid",0.822062880905166,0.177937119094834
"Not_Repaid","Repaid",0.023979150203262,0.976020849796738
"Not_Repaid","Not_Repaid",0.737386921077036,0.262613078922964
"Repaid","Repaid",0.0397197275824763,0.960280272417524
"Repaid","Repaid",0.0884879347267763,0.911512065273224
"Repaid","Repaid",0.358246589552927,0.641753410447073
"Not_Repaid","Not_Repaid",0.621219468108093,0.378780531891907
"Not_Repaid","Repaid",0.397711711235488,0.602288288764512
"Repaid","Repaid",0.337221103986937,0.662778896013063
"Repaid","Repaid",0.243246584822253,0.756753415177747
"Repaid","Repaid",0.0801423110229668,0.919857688977033
"Repaid","Repaid",0.169823809027812,0.830176190972188
"Not_Repaid","Not_Repaid",0.916811719470262,0.0831882805297384
"Not_Repaid","Not_Repaid",0.990349689460126,0.00965031053987447
"Not_Repaid","Not_Repaid",0.945826092096582,0.0541739079034185
"Repaid","Repaid",0.172592410986164,0.827407589013836
"Repaid","Repaid",0.110400805929625,0.889599194070375
"Repaid","Not_Repaid",0.647522010857891,0.352477989142109
"Repaid","Repaid",0.072337087978275,0.927662912021725
"Repaid","Repaid",0.121677273076073,0.878322726923927
"Repaid","Repaid",0.319384212275958,0.680615787724042
"Not_Repaid","Not_Repaid",0.87112132403572,0.12887867596428
"Not_Repaid","Repaid",0.48863995046163,0.51136004953837
"Repaid","Repaid",0.165069052661766,0.834930947338234
"Repaid","Not_Repaid",0.592024413496658,0.407975586503342
"Repaid","Repaid",0.0813580721003722,0.918641927899628
"Repaid","Repaid",0.0124824952693507,0.987517504730649
"Repaid","Repaid",0.183807007313488,0.816192992686512
"Not_Repaid","Repaid",0.16697282104901,0.83302717895099
"Not_Repaid","Not_Repaid",0.870715072545523,0.129284927454477
"Not_Repaid","Not_Repaid",0.597702847868007,0.402297152131993
"Not_Repaid","Not_Repaid",0.902472190460591,0.0975278095394092
"Not_Repaid","Not_Repaid",0.925440492175403,0.0745595078245971
"Not_Repaid","Not_Repaid",0.614217851809364,0.385782148190636
"Repaid","Not_Repaid",0.831095143152307,0.168904856847693
"Not_Repaid","Not_Repaid",0.519695128531129,0.480304871468871
"Repaid","Repaid",0.291338024555255,0.708661975444745
"Repaid","Repaid",0.100943816720964,0.899056183279036
"Repaid","Not_Repaid",0.813433892468238,0.186566107531762
"Repaid","Repaid",0.042422274053584,0.957577725946416
"Repaid","Repaid",0.0752439614945953,0.924756038505405
"Not_Repaid","Not_Repaid",0.602457455146609,0.397542544853391
"Repaid","Repaid",0.145963774993157,0.854036225006843
"Not_Repaid","Not_Repaid",0.993179967756598,0.00682003224340248
"Not_Repaid","Not_Repaid",0.792136950121866,0.207863049878134
"Not_Repaid","Repaid",0.439914184691223,0.560085815308777
"Repaid","Repaid",0.0529546731157031,0.947045326884297
"Repaid","Repaid",0.278575637404598,0.721424362595402
"Not_Repaid","Not_Repaid",0.708534607139451,0.291465392860549
"Repaid","Repaid",0.210488021577525,0.789511978422475
"Not_Repaid","Not_Repaid",0.646335598788033,0.353664401211967
"Not_Repaid","Not_Repaid",0.919418391670329,0.0805816083296712
"Repaid","Repaid",0.390599107899023,0.609400892100977
"Repaid","Repaid",0.0353556461178479,0.964644353882152
"Repaid","Repaid",0.105979911890413,0.894020088109587
"Not_Repaid","Not_Repaid",0.762136837746697,0.237863162253303
"Not_Repaid","Not_Repaid",0.953659419752154,0.046340580247846
"Not_Repaid","Not_Repaid",0.530703822816314,0.469296177183686
"Repaid","Repaid",0.0477406767656475,0.952259323234352
"Not_Repaid","Not_Repaid",0.943180386597303,0.0568196134026966
"Not_Repaid","Not_Repaid",0.954985488997545,0.0450145110024546
"Not_Repaid","Not_Repaid",0.920773435079696,0.079226564920304
"Repaid","Repaid",0.0132858512287367,0.986714148771263
"Not_Repaid","Not_Repaid",0.642463492461648,0.357536507538352
"Not_Repaid","Not_Repaid",0.98131812577906,0.0186818742209397
"Not_Repaid","Not_Repaid",0.698607224187886,0.301392775812114
"Not_Repaid","Not_Repaid",0.861804125062869,0.138195874937131
"Repaid","Repaid",0.263798899708181,0.736201100291819
"Not_Repaid","Not_Repaid",0.777996804481887,0.222003195518113
"Repaid","Repaid",0.104442580763719,0.895557419236281
"Not_Repaid","Not_Repaid",0.989994889455561,0.0100051105444386
"Not_Repaid","Not_Repaid",0.905558185127118,0.0944418148728818
"Repaid","Repaid",0.225934321900153,0.774065678099847
"Repaid","Repaid",0.0550905702434062,0.944909429756594
"Not_Repaid","Not_Repaid",0.585669117472452,0.414330882527549
"Not_Repaid","Not_Repaid",0.915157122743932,0.0848428772560681
"Repaid","Repaid",0.298759012602911,0.701240987397089
"Not_Repaid","Not_Repaid",0.95521506839535,0.0447849316046497
"Not_Repaid","Not_Repaid",0.881756362934334,0.118243637065666
"Not_Repaid","Not_Repaid",0.934095807556118,0.0659041924438817
"Repaid","Not_Repaid",0.534088747446316,0.465911252553684
"Repaid","Repaid",0.414793799244445,0.585206200755555
"Repaid","Repaid",0.0659830815239685,0.934016918476032
"Not_Repaid","Repaid",0.23693703737958,0.76306296262042
"Not_Repaid","Not_Repaid",0.803387581947817,0.196612418052183
"Not_Repaid","Not_Repaid",0.948824723001504,0.0511752769984956
"Not_Repaid","Not_Repaid",0.923752994572018,0.0762470054279823
"Not_Repaid","Not_Repaid",0.877626228155684,0.122373771844316
"Repaid","Repaid",0.390907215580125,0.609092784419875
"Repaid","Not_Repaid",0.583509452124729,0.416490547875271
"Not_Repaid","Not_Repaid",0.98072089045884,0.0192791095411598
"Repaid","Repaid",0.175929745547772,0.824070254452228
"Not_Repaid","Not_Repaid",0.67438896309407,0.32561103690593
"Not_Repaid","Not_Repaid",0.921013683650291,0.0789863163497094
"Not_Repaid","Not_Repaid",0.95485480323468,0.0451451967653199
"Not_Repaid","Not_Repaid",0.890599925112345,0.109400074887655
"Repaid","Repaid",0.394360537778412,0.605639462221588
"Not_Repaid","Repaid",0.0171396661299503,0.98286033387005
"Repaid","Repaid",0.414939384789493,0.585060615210507
"Repaid","Not_Repaid",0.548368098281197,0.451631901718803
"Repaid","Repaid",0.0568624859096158,0.943137514090384
"Not_Repaid","Not_Repaid",0.734592090943241,0.265407909056759
"Repaid","Repaid",0.0724292981742443,0.927570701825756
"Repaid","Repaid",0.221568503694752,0.778431496305248
"Not_Repaid","Not_Repaid",0.839870864038457,0.160129135961543
"Repaid","Repaid",0.209708584876561,0.79029141512344
"Not_Repaid","Not_Repaid",0.889962845672727,0.110037154327273
"Not_Repaid","Not_Repaid",0.971074654894079,0.0289253451059212
"Repaid","Repaid",0.0514321062622516,0.948567893737748
"Repaid","Repaid",0.482264312548371,0.517735687451629
"Not_Repaid","Not_Repaid",0.612384285013477,0.387615714986523
"Not_Repaid","Repaid",0.310898198740145,0.689101801259855
"Not_Repaid","Repaid",0.0623329145556686,0.937667085444331
"Not_Repaid","Not_Repaid",0.997996404549052,0.00200359545094802
"Repaid","Repaid",0.0916382983166595,0.90836170168334
"Not_Repaid","Not_Repaid",0.777589430054141,0.222410569945859
"Repaid","Repaid",0.0304057317006112,0.969594268299389
"Repaid","Not_Repaid",0.519627647781351,0.480372352218649
"Repaid","Repaid",0.163782706303462,0.836217293696538
"Repaid","Repaid",0.0911262429462356,0.908873757053764
"Repaid","Repaid",0.173806473218149,0.82619352678185
"Not_Repaid","Not_Repaid",0.927887709954397,0.0721122900456029
"Not_Repaid","Repaid",0.255580071330864,0.744419928669136
"Repaid","Repaid",0.375384751588836,0.624615248411164
"Repaid","Repaid",0.0572378897890161,0.942762110210984
"Not_Repaid","Repaid",0.12792876541119,0.87207123458881
"Repaid","Repaid",0.303832301595527,0.696167698404473
"Not_Repaid","Not_Repaid",0.857536715683236,0.142463284316764
"Repaid","Repaid",0.130750719226516,0.869249280773484
"Repaid","Repaid",0.209845228465103,0.790154771534897
"Repaid","Not_Repaid",0.892716650923726,0.107283349076274
"Not_Repaid","Not_Repaid",0.768316041989261,0.231683958010739
"Not_Repaid","Not_Repaid",0.932850490778657,0.0671495092213434
"Not_Repaid","Not_Repaid",0.969028450212158,0.0309715497878422
"Repaid","Repaid",0.0924189365219878,0.907581063478012
"Repaid","Repaid",0.239291272251745,0.760708727748255
"Repaid","Repaid",0.490879026993298,0.509120973006702
"Not_Repaid","Repaid",0.325461797264764,0.674538202735236
"Repaid","Repaid",0.171810524804865,0.828189475195135
"Not_Repaid","Not_Repaid",0.73165034664551,0.26834965335449
"Repaid","Repaid",0.245420400668733,0.754579599331267
"Repaid","Repaid",0.0177209555464998,0.9822790444535
"Not_Repaid","Not_Repaid",0.911975519718519,0.0880244802814806
"Repaid","Repaid",0.493031118391418,0.506968881608582
"Not_Repaid","Repaid",0.449520267770783,0.550479732229217
"Not_Repaid","Not_Repaid",0.663929706706276,0.336070293293724
"Not_Repaid","Not_Repaid",0.584135668571681,0.415864331428319
"Not_Repaid","Not_Repaid",0.927777764162985,0.0722222358370147
"Repaid","Repaid",0.269982520457696,0.730017479542304
"Not_Repaid","Repaid",0.445010673139043,0.554989326860957
"Not_Repaid","Repaid",0.123420247026407,0.876579752973593
"Not_Repaid","Repaid",0.439643998133047,0.560356001866953
"Repaid","Repaid",0.0553208280181696,0.94467917198183
"Not_Repaid","Not_Repaid",0.886455640471892,0.113544359528108
"Repaid","Not_Repaid",0.950939901721834,0.0490600982781656
"Not_Repaid","Repaid",0.192843856359535,0.807156143640465
"Repaid","Repaid",0.0570056008983894,0.942994399101611
"Not_Repaid","Not_Repaid",0.581854142872848,0.418145857127152
"Repaid","Repaid",0.145975797604093,0.854024202395907
"Not_Repaid","Not_Repaid",0.878675730241949,0.121324269758051
"Not_Repaid","Not_Repaid",0.87825281687964,0.12174718312036
"Repaid","Repaid",0.150064599444158,0.849935400555842
"Repaid","Repaid",0.052977479651272,0.947022520348728
"Repaid","Repaid",0.0305059034261717,0.969494096573828
"Repaid","Repaid",0.0482742856721157,0.951725714327884
"Repaid","Repaid",0.461536234303544,0.538463765696456
"Repaid","Repaid",0.0747999260377313,0.925200073962269
"Not_Repaid","Repaid",0.210847533051465,0.789152466948535
"Not_Repaid","Not_Repaid",0.782889656922799,0.217110343077201
"Repaid","Not_Repaid",0.583296475921458,0.416703524078542
"Repaid","Repaid",0.402442741539397,0.597557258460603
"Not_Repaid","Not_Repaid",0.673985078249518,0.326014921750482
"Not_Repaid","Not_Repaid",0.7146996582153,0.2853003417847
"Repaid","Not_Repaid",0.723993480066412,0.276006519933588
"Not_Repaid","Not_Repaid",0.934315313036844,0.065684686963156
"Not_Repaid","Not_Repaid",0.921493615579542,0.0785063844204584
"Not_Repaid","Not_Repaid",0.983020954930173,0.0169790450698274
"Repaid","Repaid",0.230210760685242,0.769789239314758
"Repaid","Repaid",0.487214384694573,0.512785615305427
"Not_Repaid","Not_Repaid",0.99275420955148,0.00724579044851943
"Repaid","Repaid",0.447575373368861,0.552424626631139
"Not_Repaid","Not_Repaid",0.776610786216603,0.223389213783397
"Repaid","Not_Repaid",0.763627777787244,0.236372222212756
"Repaid","Not_Repaid",0.698477069369618,0.301522930630382
"Not_Repaid","Not_Repaid",0.924980336598099,0.0750196634019006
"Not_Repaid","Not_Repaid",0.91580309744161,0.0841969025583903
"Repaid","Repaid",0.0299819111985192,0.970018088801481
"Not_Repaid","Not_Repaid",0.738452610436565,0.261547389563435
"Not_Repaid","Not_Repaid",0.984122823957958,0.0158771760420421
"Repaid","Not_Repaid",0.710332515267839,0.289667484732161
"Not_Repaid","Not_Repaid",0.968810360731821,0.0311896392681786
"Repaid","Repaid",0.319045258755216,0.680954741244784
"Not_Repaid","Not_Repaid",0.664394027300532,0.335605972699468
"Repaid","Not_Repaid",0.781694743326375,0.218305256673625
"Not_Repaid","Not_Repaid",0.950127188667809,0.0498728113321909
"Not_Repaid","Repaid",0.493621653094747,0.506378346905253
"Not_Repaid","Not_Repaid",0.846747223184703,0.153252776815297
"Repaid","Repaid",0.0497128613645772,0.950287138635423
"Not_Repaid","Not_Repaid",0.814396706088556,0.185603293911444
"Not_Repaid","Not_Repaid",0.906245515591512,0.0937544844084882
"Repaid","Repaid",0.170643531512317,0.829356468487683
"Repaid","Not_Repaid",0.915815353416169,0.0841846465838314
"Not_Repaid","Not_Repaid",0.916968829727011,0.0830311702729889
"Repaid","Repaid",0.198702064194762,0.801297935805238
"Not_Repaid","Not_Repaid",0.892364772380621,0.107635227619379
"Not_Repaid","Repaid",0.463089688230924,0.536910311769076
"Not_Repaid","Not_Repaid",0.980144441131168,0.0198555588688317
"Repaid","Repaid",0.421729114928182,0.578270885071818
"Repaid","Repaid",0.099794509846299,0.900205490153701
"Not_Repaid","Not_Repaid",0.983236929986754,0.0167630700132458
"Repaid","Repaid",0.216052314239281,0.783947685760719
"Repaid","Repaid",0.0740108536086407,0.925989146391359
"Not_Repaid","Repaid",0.3838838940227,0.6161161059773
"Repaid","Repaid",0.040644669207082,0.959355330792918
"Not_Repaid","Not_Repaid",0.507664157663721,0.492335842336279
"Not_Repaid","Not_Repaid",0.932348274677004,0.0676517253229957
"Not_Repaid","Not_Repaid",0.748728211463204,0.251271788536796
"Repaid","Not_Repaid",0.862501042426487,0.137498957573513
"Repaid","Not_Repaid",0.778420046940879,0.221579953059121
"Not_Repaid","Not_Repaid",0.884274073408571,0.115725926591429
"Not_Repaid","Not_Repaid",0.965281137172361,0.0347188628276386
"Not_Repaid","Not_Repaid",0.970737820127318,0.0292621798726818
"Not_Repaid","Not_Repaid",0.954762530076617,0.0452374699233828
"Not_Repaid","Not_Repaid",0.977938381332275,0.0220616186677247
"Not_Repaid","Not_Repaid",0.778991040240166,0.221008959759834
"Repaid","Repaid",0.0541226496791872,0.945877350320813
"Repaid","Not_Repaid",0.73081658721635,0.26918341278365
"Repaid","Repaid",0.282083960949417,0.717916039050583
"Not_Repaid","Repaid",0.335954400453595,0.664045599546405
"Repaid","Repaid",0.299669012514257,0.700330987485743
"Repaid","Not_Repaid",0.802829322739595,0.197170677260405
"Repaid","Repaid",0.0605043820342097,0.93949561796579
"Repaid","Repaid",0.307006593817116,0.692993406182884
"Not_Repaid","Not_Repaid",0.580105132125551,0.419894867874449
"Repaid","Repaid",0.143253766546671,0.856746233453329
"Repaid","Not_Repaid",0.680846278732406,0.319153721267594
"Repaid","Repaid",0.127859130084825,0.872140869915175
"Repaid","Repaid",0.349218931302339,0.650781068697661
"Not_Repaid","Not_Repaid",0.952995844982937,0.0470041550170635
"Not_Repaid","Repaid",0.348865229055025,0.651134770944975
"Repaid","Not_Repaid",0.856085364108361,0.143914635891639
"Not_Repaid","Not_Repaid",0.742079700050315,0.257920299949685
"Repaid","Repaid",0.245586635614257,0.754413364385743
"Repaid","Repaid",0.116540967662929,0.883459032337071
"Repaid","Repaid",0.182546305948409,0.817453694051591
"Not_Repaid","Not_Repaid",0.872602611561512,0.127397388438488
"Repaid","Repaid",0.236668837819312,0.763331162180688
"Not_Repaid","Not_Repaid",0.976944688034835,0.0230553119651648
"Repaid","Not_Repaid",0.916658042819031,0.0833419571809689
"Not_Repaid","Not_Repaid",0.997091045384886,0.00290895461511404
"Not_Repaid","Not_Repaid",0.677118114749568,0.322881885250432
"Not_Repaid","Not_Repaid",0.617865149394776,0.382134850605224
"Repaid","Repaid",0.0789742695592277,0.921025730440772
"Not_Repaid","Not_Repaid",0.804081820237246,0.195918179762754
"Not_Repaid","Repaid",0.0289807956865648,0.971019204313435
"Not_Repaid","Not_Repaid",0.987152036624126,0.0128479633758744
"Not_Repaid","Not_Repaid",0.737582148594283,0.262417851405717
"Not_Repaid","Not_Repaid",0.6475434215956,0.3524565784044
"Not_Repaid","Not_Repaid",0.812039677472099,0.187960322527901
"Not_Repaid","Not_Repaid",0.572072666977567,0.427927333022433
"Not_Repaid","Not_Repaid",0.892324866831858,0.107675133168142
"Repaid","Not_Repaid",0.826633894007553,0.173366105992447
"Not_Repaid","Not_Repaid",0.633492290972335,0.366507709027665
"Repaid","Repaid",0.280500414004373,0.719499585995627
"Repaid","Repaid",0.0676844976453477,0.932315502354652
"Repaid","Repaid",0.123333533998598,0.876666466001402
"Not_Repaid","Not_Repaid",0.551420417601931,0.448579582398069
"Repaid","Repaid",0.244659784384341,0.755340215615659
"Repaid","Repaid",0.0620701600185216,0.937929839981478
"Repaid","Repaid",0.0489514445611603,0.95104855543884
"Repaid","Repaid",0.120585296783974,0.879414703216026
"Not_Repaid","Not_Repaid",0.990172835189512,0.00982716481048758
"Not_Repaid","Not_Repaid",0.762247972075997,0.237752027924003
"Not_Repaid","Not_Repaid",0.993935943799014,0.00606405620098583
"Repaid","Repaid",0.0736907084948131,0.926309291505187
"Repaid","Repaid",0.355551912906487,0.644448087093513
"Not_Repaid","Not_Repaid",0.878648697825617,0.121351302174383
"Repaid","Not_Repaid",0.909987001474106,0.090012998525894
"Not_Repaid","Repaid",0.101263093671471,0.898736906328529
"Repaid","Repaid",0.401707227145727,0.598292772854273
"Repaid","Repaid",0.0883176654673424,0.911682334532658
"Repaid","Not_Repaid",0.835871235010452,0.164128764989548
"Repaid","Repaid",0.128764776944865,0.871235223055135
"Not_Repaid","Repaid",0.482855987367974,0.517144012632026
"Repaid","Repaid",0.170634410217886,0.829365589782114
"Not_Repaid","Not_Repaid",0.751060012745756,0.248939987254244
"Not_Repaid","Not_Repaid",0.958090722076977,0.0419092779230225
"Repaid","Not_Repaid",0.850713518754279,0.149286481245721
"Not_Repaid","Not_Repaid",0.537650939202855,0.462349060797145
"Not_Repaid","Not_Repaid",0.82778382186748,0.17221617813252
"Repaid","Repaid",0.438528101284041,0.561471898715959
"Repaid","Repaid",0.0372357838350301,0.96276421616497
"Repaid","Repaid",0.0230335435071575,0.976966456492843
"Not_Repaid","Repaid",0.463608206891538,0.536391793108462
"Not_Repaid","Not_Repaid",0.556765908336269,0.443234091663731
"Repaid","Repaid",0.125727017980083,0.874272982019917
"Repaid","Repaid",0.319869230257752,0.680130769742248
"Not_Repaid","Not_Repaid",0.680938739484196,0.319061260515804
"Not_Repaid","Not_Repaid",0.835903385398894,0.164096614601106
"Not_Repaid","Not_Repaid",0.64230185588127,0.35769814411873
"Repaid","Repaid",0.0924116916359724,0.907588308364028
"Not_Repaid","Not_Repaid",0.872626064424796,0.127373935575204
"Not_Repaid","Not_Repaid",0.891666526875075,0.108333473124925
"Repaid","Not_Repaid",0.676598445013111,0.323401554986889
"Repaid","Repaid",0.0232626179481413,0.976737382051859
"Repaid","Repaid",0.0357472923883765,0.964252707611624
"Not_Repaid","Not_Repaid",0.816831532717952,0.183168467282048
"Not_Repaid","Not_Repaid",0.936593772583826,0.0634062274161741
"Not_Repaid","Repaid",0.213997120200186,0.786002879799814
"Repaid","Not_Repaid",0.929301041008351,0.070698958991649
"Repaid","Not_Repaid",0.91421763702943,0.0857823629705697
"Repaid","Repaid",0.351115848576746,0.648884151423254
"Repaid","Repaid",0.0700950938569137,0.929904906143086
"Repaid","Repaid",0.285248770201629,0.714751229798371
"Repaid","Repaid",0.0512723172214038,0.948727682778596
"Not_Repaid","Not_Repaid",0.939421848809139,0.0605781511908607
"Not_Repaid","Not_Repaid",0.646943197070655,0.353056802929345
"Repaid","Not_Repaid",0.833330251310282,0.166669748689718
"Repaid","Repaid",0.128140344095654,0.871859655904346
"Repaid","Not_Repaid",0.966454297901861,0.0335457020981392
"Not_Repaid","Not_Repaid",0.971002758213941,0.0289972417860589
"Repaid","Repaid",0.313730879530367,0.686269120469633
"Repaid","Repaid",0.101705187881175,0.898294812118825
"Repaid","Repaid",0.0863009915407716,0.913699008459228
"Repaid","Repaid",0.399700582158908,0.600299417841092
"Repaid","Repaid",0.0984296500080792,0.901570349991921
"Not_Repaid","Not_Repaid",0.586940603696392,0.413059396303608
"Repaid","Repaid",0.0686783933941179,0.931321606605882
"Repaid","Repaid",0.071934952252667,0.928065047747333
"Repaid","Repaid",0.100488131010149,0.899511868989851
"Repaid","Repaid",0.243415179844876,0.756584820155124
"Repaid","Repaid",0.104267360814851,0.895732639185149
"Not_Repaid","Not_Repaid",0.952783317672992,0.0472166823270078
"Not_Repaid","Not_Repaid",0.513872659862099,0.486127340137901
"Not_Repaid","Not_Repaid",0.515712911881991,0.484287088118009
"Not_Repaid","Not_Repaid",0.930333952092531,0.0696660479074693
"Repaid","Not_Repaid",0.884202844303718,0.115797155696282
"Not_Repaid","Repaid",0.354557003277701,0.645442996722299
"Repaid","Repaid",0.0310968786915792,0.968903121308421
"Not_Repaid","Not_Repaid",0.765762275200916,0.234237724799084
"Not_Repaid","Not_Repaid",0.786829264766005,0.213170735233995
"Repaid","Repaid",0.13857522035779,0.86142477964221
"Repaid","Repaid",0.0344084116161728,0.965591588383827
"Not_Repaid","Not_Repaid",0.934008162913985,0.0659918370860147
"Not_Repaid","Repaid",0.0833929914866435,0.916607008513357
"Not_Repaid","Not_Repaid",0.987973195466369,0.0120268045336309
"Not_Repaid","Not_Repaid",0.864340895695032,0.135659104304968
"Repaid","Repaid",0.124721085748961,0.875278914251039
"Repaid","Repaid",0.0498445354020538,0.950155464597946
"Repaid","Repaid",0.0492407131342564,0.950759286865744
"Repaid","Repaid",0.427064624847624,0.572935375152376
"Repaid","Repaid",0.267213891360427,0.732786108639573
"Not_Repaid","Not_Repaid",0.926204456892923,0.0737955431070775
"Repaid","Repaid",0.0683193234900451,0.931680676509955
"Not_Repaid","Not_Repaid",0.93806653358059,0.0619334664194103
"Not_Repaid","Not_Repaid",0.657415111524765,0.342584888475235
"Not_Repaid","Not_Repaid",0.768667693035977,0.231332306964023
"Not_Repaid","Not_Repaid",0.938632375553732,0.0613676244462681
"Repaid","Repaid",0.180128215837192,0.819871784162808
"Not_Repaid","Repaid",0.368435491579748,0.631564508420252
"Repaid","Repaid",0.0244662663346685,0.975533733665331
"Not_Repaid","Not_Repaid",0.782880513356392,0.217119486643608
"Not_Repaid","Not_Repaid",0.952165794109526,0.0478342058904744
"Not_Repaid","Not_Repaid",0.979353021361175,0.020646978638825
"Repaid","Repaid",0.194434265978293,0.805565734021707
"Repaid","Repaid",0.0489097721509408,0.951090227849059
"Not_Repaid","Not_Repaid",0.923707342722007,0.0762926572779925
"Not_Repaid","Not_Repaid",0.955605332983838,0.0443946670161625
"Repaid","Repaid",0.37931246921889,0.62068753078111
"Not_Repaid","Repaid",0.186150393993205,0.813849606006795
"Repaid","Repaid",0.0978034664224872,0.902196533577513
"Repaid","Repaid",0.0711298568562097,0.92887014314379
"Repaid","Not_Repaid",0.731602621796635,0.268397378203365
"Not_Repaid","Repaid",0.295769603680037,0.704230396319963
"Not_Repaid","Not_Repaid",0.770652299339685,0.229347700660315
"Not_Repaid","Repaid",0.353888324766784,0.646111675233216
"Not_Repaid","Repaid",0.334188252069283,0.665811747930717
"Repaid","Repaid",0.101566261874952,0.898433738125048
"Not_Repaid","Not_Repaid",0.509129585390572,0.490870414609428
"Not_Repaid","Not_Repaid",0.93687295223094,0.0631270477690602
"Repaid","Not_Repaid",0.59963213210186,0.40036786789814
"Repaid","Repaid",0.381361856416269,0.618638143583731
"Repaid","Repaid",0.192104945016959,0.807895054983041
"Repaid","Repaid",0.0186763224993631,0.981323677500637
"Repaid","Repaid",0.021851118260675,0.978148881739325
"Repaid","Repaid",0.108139255991647,0.891860744008353
"Repaid","Not_Repaid",0.573224418924161,0.426775581075839
"Not_Repaid","Not_Repaid",0.795336796907232,0.204663203092768
"Not_Repaid","Not_Repaid",0.917818904868017,0.082181095131983
"Not_Repaid","Not_Repaid",0.658125013637366,0.341874986362634
"Repaid","Repaid",0.390689184188121,0.609310815811879
"Not_Repaid","Not_Repaid",0.788077988176947,0.211922011823053
"Not_Repaid","Not_Repaid",0.865339375532503,0.134660624467497
"Repaid","Repaid",0.346915736244437,0.653084263755563
"Repaid","Not_Repaid",0.817883830542376,0.182116169457624
"Repaid","Not_Repaid",0.904301055494537,0.0956989445054629
"Repaid","Not_Repaid",0.537678284416791,0.462321715583209
"Not_Repaid","Not_Repaid",0.862286213283216,0.137713786716784
"Repaid","Repaid",0.0331958525932244,0.966804147406776
"Not_Repaid","Not_Repaid",0.72790469300041,0.27209530699959
"Not_Repaid","Not_Repaid",0.882378498868059,0.117621501131941
"Repaid","Not_Repaid",0.595976046564922,0.404023953435078
"Repaid","Repaid",0.304145480557215,0.695854519442785
"Not_Repaid","Not_Repaid",0.781289800717107,0.218710199282893
"Repaid","Repaid",0.0476334292410141,0.952366570758986
"Repaid","Repaid",0.418047109137677,0.581952890862323
"Repaid","Not_Repaid",0.75720124911781,0.24279875088219
"Repaid","Repaid",0.0896401439980441,0.910359856001956
"Repaid","Repaid",0.211071242073524,0.788928757926476
"Not_Repaid","Not_Repaid",0.771843863144975,0.228156136855025
"Not_Repaid","Not_Repaid",0.994938150420687,0.00506184957931302
"Not_Repaid","Not_Repaid",0.974283042373825,0.0257169576261748
"Repaid","Repaid",0.0307686903022586,0.969231309697741
"Repaid","Repaid",0.0739069571362191,0.926093042863781
"Repaid","Repaid",0.440914585825361,0.559085414174639
"Not_Repaid","Not_Repaid",0.835692846920227,0.164307153079773
"Not_Repaid","Not_Repaid",0.557488202952777,0.442511797047223
"Not_Repaid","Not_Repaid",0.968386145414476,0.0316138545855236
"Repaid","Repaid",0.200605468193905,0.799394531806095
"Not_Repaid","Not_Repaid",0.883658066496937,0.116341933503063
"Not_Repaid","Not_Repaid",0.68338882754924,0.31661117245076
"Not_Repaid","Not_Repaid",0.807326559412573,0.192673440587427
"Repaid","Repaid",0.0675134140845676,0.932486585915432
"Repaid","Not_Repaid",0.70856767089437,0.29143232910563
"Repaid","Repaid",0.0777043222092625,0.922295677790738
"Not_Repaid","Not_Repaid",0.663969396153501,0.336030603846499
"Not_Repaid","Not_Repaid",0.852559904221723,0.147440095778277
"Not_Repaid","Not_Repaid",0.90730974951796,0.0926902504820396
"Not_Repaid","Not_Repaid",0.937708987882451,0.0622910121175494
"Repaid","Repaid",0.0495122491812985,0.950487750818702
"Repaid","Repaid",0.131535370842134,0.868464629157866
"Repaid","Repaid",0.35584704780481,0.64415295219519
"Repaid","Repaid",0.0333321259542918,0.966667874045708
"Repaid","Not_Repaid",0.72941046158442,0.27058953841558
"Not_Repaid","Repaid",0.022674899343735,0.977325100656265
"Repaid","Not_Repaid",0.82732267811784,0.17267732188216
"Repaid","Repaid",0.143752326815655,0.856247673184345
"Repaid","Repaid",0.0321237400540153,0.967876259945985
"Not_Repaid","Not_Repaid",0.53600593220602,0.46399406779398
"Repaid","Repaid",0.0610486407437544,0.938951359256246
"Repaid","Repaid",0.453627335241586,0.546372664758414
"Repaid","Repaid",0.0792659259746972,0.920734074025303
"Repaid","Repaid",0.0375619188503842,0.962438081149616
"Not_Repaid","Not_Repaid",0.586511903159968,0.413488096840032
"Repaid","Repaid",0.28233316959575,0.71766683040425
"Repaid","Repaid",0.0689828743890177,0.931017125610982
"Not_Repaid","Repaid",0.153197756840712,0.846802243159288
"Not_Repaid","Repaid",0.288683941279274,0.711316058720726
"Repaid","Repaid",0.19043303613927,0.80956696386073
"Not_Repaid","Not_Repaid",0.66050010100665,0.33949989899335
"Repaid","Not_Repaid",0.535398992060905,0.464601007939095
"Repaid","Not_Repaid",0.828408567376996,0.171591432623004
"Not_Repaid","Not_Repaid",0.93786829296298,0.0621317070370202
"Repaid","Repaid",0.152766156185988,0.847233843814012
"Repaid","Repaid",0.26293885660257,0.73706114339743
"Not_Repaid","Not_Repaid",0.918131918630835,0.0818680813691649
"Not_Repaid","Not_Repaid",0.992222274269803,0.0077777257301969
"Repaid","Repaid",0.083836279742949,0.916163720257051
"Repaid","Not_Repaid",0.554986062573266,0.445013937426734
"Repaid","Repaid",0.106189411262015,0.893810588737985
"Repaid","Repaid",0.108134774718397,0.891865225281603
"Repaid","Repaid",0.0187202123340013,0.981279787665999
"Not_Repaid","Not_Repaid",0.878721302127125,0.121278697872875
"Not_Repaid","Not_Repaid",0.780032527682195,0.219967472317805
"Not_Repaid","Not_Repaid",0.726183225138938,0.273816774861062
"Not_Repaid","Not_Repaid",0.900350715764915,0.0996492842350852
"Not_Repaid","Not_Repaid",0.986487772145294,0.0135122278547063
"Not_Repaid","Repaid",0.173185474156435,0.826814525843565
"Not_Repaid","Not_Repaid",0.748899224648393,0.251100775351607
"Not_Repaid","Not_Repaid",0.955988584552165,0.0440114154478346
"Repaid","Not_Repaid",0.622796154099197,0.377203845900803
"Not_Repaid","Not_Repaid",0.961041770250069,0.0389582297499312
"Repaid","Repaid",0.126011212791248,0.873988787208752
"Not_Repaid","Not_Repaid",0.986617962534499,0.0133820374655014
"Repaid","Not_Repaid",0.700824241163347,0.299175758836653
"Repaid","Repaid",0.0998742507349414,0.900125749265059
"Not_Repaid","Not_Repaid",0.688348321978072,0.311651678021928
"Not_Repaid","Not_Repaid",0.889228434977211,0.110771565022788
"Repaid","Repaid",0.0230101793109474,0.976989820689053
"Repaid","Repaid",0.0257422043994179,0.974257795600582
"Repaid","Repaid",0.02890950536903,0.97109049463097
"Not_Repaid","Not_Repaid",0.679510191267471,0.320489808732529
"Repaid","Repaid",0.334196283585701,0.665803716414299
"Repaid","Repaid",0.332901549130478,0.667098450869522
"Not_Repaid","Not_Repaid",0.88305642354229,0.11694357645771
"Repaid","Repaid",0.0351570511622623,0.964842948837738
"Repaid","Not_Repaid",0.713771087137329,0.286228912862671
"Repaid","Repaid",0.038468348403791,0.961531651596209
"Repaid","Repaid",0.0920399347958823,0.907960065204118
"Repaid","Not_Repaid",0.649373110185141,0.350626889814859
"Repaid","Repaid",0.013059959949355,0.986940040050645
"Not_Repaid","Not_Repaid",0.78244220277908,0.21755779722092
"Not_Repaid","Repaid",0.38005432235023,0.61994567764977
"Not_Repaid","Repaid",0.138883271316363,0.861116728683637
"Repaid","Repaid",0.0793890865464841,0.920610913453516
"Not_Repaid","Not_Repaid",0.689242669397269,0.310757330602731
"Repaid","Repaid",0.0533159089871944,0.946684091012806
"Not_Repaid","Not_Repaid",0.920346967590047,0.0796530324099533
"Not_Repaid","Repaid",0.224769788175204,0.775230211824796
"Not_Repaid","Not_Repaid",0.980728333128295,0.0192716668717053
"Not_Repaid","Repaid",0.493596380926849,0.506403619073151
"Not_Repaid","Not_Repaid",0.642627168669765,0.357372831330235
"Not_Repaid","Not_Repaid",0.660335302181843,0.339664697818157
"Repaid","Repaid",0.202186261518247,0.797813738481753
"Repaid","Repaid",0.0359824732065095,0.96401752679349
"Repaid","Repaid",0.0371684308199908,0.962831569180009
"Not_Repaid","Repaid",0.457656794137319,0.542343205862681
"Not_Repaid","Not_Repaid",0.84972519231699,0.15027480768301
"Repaid","Repaid",0.0328435184139227,0.967156481586077
"Repaid","Repaid",0.0475391980308668,0.952460801969133
"Not_Repaid","Not_Repaid",0.916464810659479,0.0835351893405213
"Not_Repaid","Not_Repaid",0.900464091649728,0.0995359083502723
"Not_Repaid","Not_Repaid",0.911788727527886,0.0882112724721141
"Not_Repaid","Not_Repaid",0.533972467200266,0.466027532799734
"Not_Repaid","Not_Repaid",0.855680167109423,0.144319832890577
"Not_Repaid","Not_Repaid",0.863529707965886,0.136470292034114
"Not_Repaid","Not_Repaid",0.617728012892895,0.382271987107105
"Repaid","Not_Repaid",0.605509734272957,0.394490265727043
"Repaid","Repaid",0.179549890431033,0.820450109568967
"Not_Repaid","Not_Repaid",0.90782711322024,0.0921728867797595
"Not_Repaid","Not_Repaid",0.981968652129652,0.0180313478703482
"Repaid","Repaid",0.0566859785115366,0.943314021488463
"Repaid","Repaid",0.145566154903065,0.854433845096935
"Repaid","Repaid",0.339953097449602,0.660046902550398
"Repaid","Repaid",0.105594897956616,0.894405102043384
"Not_Repaid","Not_Repaid",0.876952795255048,0.123047204744952
"Repaid","Repaid",0.0359172791576716,0.964082720842328
"Not_Repaid","Repaid",0.307200831767723,0.692799168232277
"Repaid","Repaid",0.11004461481444,0.88995538518556
"Not_Repaid","Not_Repaid",0.698861646187763,0.301138353812237
"Repaid","Repaid",0.225678839174147,0.774321160825853
"Not_Repaid","Repaid",0.118161123769271,0.881838876230729
"Repaid","Repaid",0.0192849742913226,0.980715025708677
"Not_Repaid","Not_Repaid",0.647997248703388,0.352002751296612
"Repaid","Not_Repaid",0.753410253304945,0.246589746695055
"Repaid","Repaid",0.183278309999967,0.816721690000033
"Repaid","Not_Repaid",0.886166279980348,0.113833720019652
"Repaid","Repaid",0.0945746606371596,0.90542533936284
"Repaid","Not_Repaid",0.687268598971991,0.312731401028009
"Not_Repaid","Not_Repaid",0.886654940527791,0.113345059472209
"Not_Repaid","Not_Repaid",0.965566920083931,0.0344330799160691
"Not_Repaid","Not_Repaid",0.774519152691625,0.225480847308375
"Not_Repaid","Not_Repaid",0.683348776502588,0.316651223497412
"Not_Repaid","Repaid",0.498036081081111,0.501963918918889
"Repaid","Repaid",0.1186902287828,0.8813097712172
"Not_Repaid","Not_Repaid",0.989076825259617,0.0109231747403833
"Repaid","Repaid",0.0662894844283822,0.933710515571618
"Not_Repaid","Not_Repaid",0.94204383978511,0.0579561602148901
"Repaid","Repaid",0.0217063751945659,0.978293624805434
"Not_Repaid","Not_Repaid",0.86653654819217,0.13346345180783
"Not_Repaid","Not_Repaid",0.989504179522002,0.010495820477998
"Not_Repaid","Not_Repaid",0.94348860847442,0.0565113915255795
"Repaid","Repaid",0.0191353400631329,0.980864659936867
"Repaid","Repaid",0.111367617731483,0.888632382268517
"Repaid","Repaid",0.130544434417705,0.869455565582295
"Repaid","Repaid",0.0599805968572115,0.940019403142789
"Repaid","Not_Repaid",0.906305027606816,0.0936949723931844
"Not_Repaid","Not_Repaid",0.985422543951685,0.0145774560483152
"Not_Repaid","Not_Repaid",0.902761740408395,0.0972382595916055
"Repaid","Repaid",0.155289114623524,0.844710885376476
"Repaid","Repaid",0.179518268426612,0.820481731573388
"Not_Repaid","Not_Repaid",0.833645463887261,0.166354536112738
"Not_Repaid","Not_Repaid",0.694608782508247,0.305391217491753
"Repaid","Repaid",0.175494876125963,0.824505123874037
"Not_Repaid","Not_Repaid",0.602908388626614,0.397091611373386
"Not_Repaid","Not_Repaid",0.843496681081829,0.156503318918171
"Not_Repaid","Not_Repaid",0.797495392101102,0.202504607898898
"Not_Repaid","Repaid",0.459309645079058,0.540690354920942
"Repaid","Repaid",0.259480335894948,0.740519664105052
"Not_Repaid","Repaid",0.393474699220243,0.606525300779757
"Not_Repaid","Not_Repaid",0.945506390644073,0.0544936093559274
"Repaid","Repaid",0.0153767304742584,0.984623269525742
"Not_Repaid","Not_Repaid",0.549890337388439,0.450109662611561
"Repaid","Repaid",0.162049915981291,0.837950084018709
"Repaid","Repaid",0.315592371816994,0.684407628183006
"Not_Repaid","Not_Repaid",0.769833085018847,0.230166914981153
"Not_Repaid","Not_Repaid",0.666031597050519,0.333968402949481
"Not_Repaid","Not_Repaid",0.665248260035524,0.334751739964476
"Not_Repaid","Repaid",0.318919674837184,0.681080325162816
"Repaid","Repaid",0.311894218099018,0.688105781900982
"Repaid","Repaid",0.189135278448885,0.810864721551115
"Repaid","Not_Repaid",0.644201436810519,0.355798563189481
"Repaid","Repaid",0.187300000483845,0.812699999516155
"Repaid","Repaid",0.034648614450233,0.965351385549767
"Not_Repaid","Not_Repaid",0.732405440383924,0.267594559616076
"Repaid","Repaid",0.45910212934987,0.54089787065013
"Repaid","Repaid",0.0402196762653813,0.959780323734619
"Not_Repaid","Repaid",0.085728707531104,0.914271292468896
"Not_Repaid","Not_Repaid",0.963866697508842,0.0361333024911577
"Not_Repaid","Not_Repaid",0.987762733701239,0.0122372662987608
"Not_Repaid","Not_Repaid",0.857796779028975,0.142203220971025
"Repaid","Repaid",0.104001166000184,0.895998833999816
"Repaid","Repaid",0.256435308361162,0.743564691638838
"Repaid","Repaid",0.228539299209102,0.771460700790898
"Repaid","Repaid",0.0176057567048032,0.982394243295197
"Repaid","Not_Repaid",0.664695597568228,0.335304402431772
"Repaid","Repaid",0.0470377026792245,0.952962297320776
"Repaid","Repaid",0.25864460236003,0.74135539763997
"Repaid","Not_Repaid",0.769860394825298,0.230139605174702
"Repaid","Repaid",0.135818642149379,0.864181357850621
"Not_Repaid","Not_Repaid",0.985057671311712,0.0149423286882877
"Not_Repaid","Not_Repaid",0.641500920550822,0.358499079449178
"Not_Repaid","Repaid",0.104894968259287,0.895105031740713
"Not_Repaid","Not_Repaid",0.795746105361659,0.204253894638341
"Not_Repaid","Not_Repaid",0.960813269506412,0.0391867304935875
"Repaid","Repaid",0.364190289131736,0.635809710868264
"Not_Repaid","Not_Repaid",0.937693696347566,0.0623063036524342
"Repaid","Repaid",0.0207027535493791,0.979297246450621
"Repaid","Not_Repaid",0.715233884532137,0.284766115467863
"Not_Repaid","Not_Repaid",0.517781815845362,0.482218184154638
"Repaid","Repaid",0.0262796743060775,0.973720325693923
"Repaid","Repaid",0.308412716596338,0.691587283403662
"Not_Repaid","Repaid",0.0824081222538784,0.917591877746122
"Repaid","Repaid",0.16943186800467,0.83056813199533
"Repaid","Repaid",0.48761330773615,0.51238669226385
"Not_Repaid","Not_Repaid",0.796031257658261,0.203968742341739
"Not_Repaid","Not_Repaid",0.989454896541239,0.0105451034587609
"Repaid","Not_Repaid",0.707169753537009,0.292830246462991
"Not_Repaid","Not_Repaid",0.911518093891921,0.0884819061080794
"Repaid","Repaid",0.268433467278594,0.731566532721406
"Not_Repaid","Not_Repaid",0.896132749004628,0.103867250995372
"Not_Repaid","Not_Repaid",0.812828009428351,0.187171990571649
"Repaid","Repaid",0.0490509451726784,0.950949054827322
"Repaid","Repaid",0.107680009889079,0.892319990110921
"Not_Repaid","Not_Repaid",0.993795165869818,0.00620483413018223
"Repaid","Repaid",0.421642773587252,0.578357226412748
"Not_Repaid","Not_Repaid",0.981447529022303,0.0185524709776973
"Repaid","Not_Repaid",0.598438546191824,0.401561453808176
"Repaid","Repaid",0.0300441481426892,0.969955851857311
"Repaid","Not_Repaid",0.867586764113676,0.132413235886325
"Not_Repaid","Not_Repaid",0.889118729929179,0.110881270070821
"Not_Repaid","Not_Repaid",0.640769057267691,0.359230942732309
"Repaid","Repaid",0.0291690996405436,0.970830900359456
"Repaid","Repaid",0.281486524577912,0.718513475422088
"Not_Repaid","Not_Repaid",0.692842156076817,0.307157843923183
"Not_Repaid","Not_Repaid",0.644377655095037,0.355622344904963
"Repaid","Not_Repaid",0.703603067572812,0.296396932427188
"Repaid","Not_Repaid",0.690365122716489,0.309634877283511
"Not_Repaid","Not_Repaid",0.849442004011061,0.150557995988939
"Repaid","Repaid",0.0438708831664155,0.956129116833584
"Not_Repaid","Not_Repaid",0.986593175393718,0.0134068246062818
"Repaid","Repaid",0.0506290418782377,0.949370958121762
"Repaid","Repaid",0.0983105809516311,0.901689419048369
"Not_Repaid","Not_Repaid",0.996161690505703,0.00383830949429654
"Repaid","Repaid",0.459196011553577,0.540803988446423
"Not_Repaid","Repaid",0.474944203948273,0.525055796051727
"Repaid","Repaid",0.169387041670303,0.830612958329697
"Repaid","Repaid",0.0351070749615209,0.964892925038479
"Not_Repaid","Not_Repaid",0.816862343268276,0.183137656731724
"Repaid","Repaid",0.040019720057961,0.959980279942039
"Repaid","Repaid",0.107339052862281,0.89266094713772
"Repaid","Repaid",0.134233895636717,0.865766104363283
"Not_Repaid","Not_Repaid",0.6983370295368,0.3016629704632
"Repaid","Repaid",0.082820889354207,0.917179110645793
"Repaid","Repaid",0.0577678396799389,0.942232160320061
"Not_Repaid","Not_Repaid",0.985043277575836,0.0149567224241642
"Repaid","Repaid",0.454234944135008,0.545765055864992
"Not_Repaid","Not_Repaid",0.838081031718733,0.161918968281267
"Not_Repaid","Not_Repaid",0.869215832818595,0.130784167181405
"Repaid","Repaid",0.260157986560694,0.739842013439306
"Repaid","Repaid",0.119715054271462,0.880284945728538
"Not_Repaid","Not_Repaid",0.93979527621738,0.0602047237826198
"Repaid","Repaid",0.0635368408330101,0.93646315916699
"Not_Repaid","Repaid",0.41819937501765,0.58180062498235
"Not_Repaid","Not_Repaid",0.853940900684359,0.146059099315641
"Not_Repaid","Not_Repaid",0.818487586974426,0.181512413025574
"Repaid","Repaid",0.116649675068063,0.883350324931937
"Repaid","Not_Repaid",0.586447538763527,0.413552461236473
"Repaid","Repaid",0.0693625023405935,0.930637497659407
"Repaid","Repaid",0.0271260278959372,0.972873972104063
"Not_Repaid","Not_Repaid",0.837368433054828,0.162631566945172
"Repaid","Repaid",0.282565326366043,0.717434673633957
"Repaid","Not_Repaid",0.724850147529893,0.275149852470107
"Repaid","Repaid",0.490961491745777,0.509038508254223
"Not_Repaid","Not_Repaid",0.825007186578277,0.174992813421723
"Not_Repaid","Not_Repaid",0.534082822811318,0.465917177188682
"Repaid","Repaid",0.147256418297155,0.852743581702845
"Not_Repaid","Not_Repaid",0.544400595461417,0.455599404538583
"Not_Repaid","Not_Repaid",0.944070050141481,0.0559299498585187
"Not_Repaid","Repaid",0.152541587186508,0.847458412813492
"Not_Repaid","Not_Repaid",0.882931966966586,0.117068033033414
"Not_Repaid","Not_Repaid",0.871692804489371,0.128307195510629
"Repaid","Repaid",0.0295300006626091,0.970469999337391
"Repaid","Repaid",0.111228829748571,0.888771170251429
"Repaid","Repaid",0.0954974003831084,0.904502599616892
"Not_Repaid","Not_Repaid",0.803449074568282,0.196550925431718
"Repaid","Repaid",0.0181257668729289,0.981874233127071
"Repaid","Repaid",0.386459912286119,0.613540087713881
"Not_Repaid","Not_Repaid",0.724858226908377,0.275141773091623
"Not_Repaid","Repaid",0.0976154814925416,0.902384518507458
"Repaid","Repaid",0.134421841749142,0.865578158250858
"Not_Repaid","Not_Repaid",0.621530580784857,0.378469419215142
"Not_Repaid","Not_Repaid",0.756238547212097,0.243761452787903
"Repaid","Not_Repaid",0.946210938625163,0.0537890613748368
"Not_Repaid","Not_Repaid",0.654883016412466,0.345116983587534
"Repaid","Repaid",0.0217348598386359,0.978265140161364
"Repaid","Repaid",0.138343839289361,0.86165616071064
"Not_Repaid","Not_Repaid",0.785898060141485,0.214101939858515
"Repaid","Repaid",0.021363729599523,0.978636270400477
"Repaid","Repaid",0.0240080743318148,0.975991925668185
"Not_Repaid","Not_Repaid",0.975543473054902,0.0244565269450978
"Repaid","Repaid",0.237292603378884,0.762707396621116
"Not_Repaid","Not_Repaid",0.920668646612223,0.0793313533877767
"Not_Repaid","Not_Repaid",0.938774542194873,0.0612254578051271
"Not_Repaid","Not_Repaid",0.966790046355611,0.0332099536443889
"Not_Repaid","Repaid",0.42428390888059,0.57571609111941
"Not_Repaid","Not_Repaid",0.988612307418049,0.0113876925819506
"Not_Repaid","Repaid",0.245199613576894,0.754800386423106
"Repaid","Not_Repaid",0.802194202586353,0.197805797413647
"Repaid","Repaid",0.342918307740167,0.657081692259833
"Repaid","Repaid",0.151410001028157,0.848589998971843
"Not_Repaid","Not_Repaid",0.962306718765334,0.0376932812346659
"Repaid","Repaid",0.177732695580567,0.822267304419433
"Repaid","Repaid",0.0890962121234636,0.910903787876536
"Repaid","Repaid",0.187045387863318,0.812954612136682
"Not_Repaid","Not_Repaid",0.833921861322424,0.166078138677576
"Repaid","Repaid",0.0239566504301294,0.976043349569871
"Repaid","Not_Repaid",0.840943969535532,0.159056030464468
"Not_Repaid","Not_Repaid",0.803745830052257,0.196254169947743
"Not_Repaid","Not_Repaid",0.926650979899285,0.0733490201007146
"Repaid","Repaid",0.109351943791488,0.890648056208512
"Repaid","Repaid",0.0802964301279625,0.919703569872037
"Repaid","Repaid",0.149447949171439,0.850552050828561
"Not_Repaid","Not_Repaid",0.995955710981449,0.00404428901855056
"Repaid","Repaid",0.0195341991978023,0.980465800802198
"Not_Repaid","Not_Repaid",0.987697799909617,0.012302200090383
"Repaid","Repaid",0.141947668819395,0.858052331180605
"Repaid","Repaid",0.32751355147323,0.67248644852677
"Not_Repaid","Not_Repaid",0.750984097099909,0.249015902900091
"Not_Repaid","Repaid",0.197550674753514,0.802449325246486
"Not_Repaid","Repaid",0.182457978229056,0.817542021770944
"Repaid","Repaid",0.117273486145158,0.882726513854842
"Not_Repaid","Not_Repaid",0.950529935970698,0.0494700640293022
"Repaid","Repaid",0.0404621550994367,0.959537844900563
"Repaid","Repaid",0.309253602765401,0.690746397234599
"Repaid","Repaid",0.0527023590823943,0.947297640917606
"Repaid","Not_Repaid",0.629274006043376,0.370725993956624
"Not_Repaid","Not_Repaid",0.826951094091698,0.173048905908302
"Repaid","Repaid",0.0931749490504176,0.906825050949582
"Repaid","Repaid",0.0497583433646982,0.950241656635302
"Repaid","Repaid",0.0775646030581842,0.922435396941816
"Not_Repaid","Repaid",0.0550595983973464,0.944940401602654
"Not_Repaid","Not_Repaid",0.763210117335647,0.236789882664353
"Not_Repaid","Not_Repaid",0.897576558648277,0.102423441351723
"Repaid","Not_Repaid",0.819210112399482,0.180789887600518
"Repaid","Repaid",0.0219186563974386,0.978081343602561
"Not_Repaid","Not_Repaid",0.628737788756787,0.371262211243213
"Not_Repaid","Not_Repaid",0.617433878517683,0.382566121482317
"Repaid","Repaid",0.0469730416959092,0.953026958304091
"Repaid","Repaid",0.0200684490405949,0.979931550959405
"Not_Repaid","Repaid",0.154033943956295,0.845966056043705
"Not_Repaid","Not_Repaid",0.948835740888269,0.0511642591117306
"Repaid","Not_Repaid",0.52892910666087,0.47107089333913
"Not_Repaid","Not_Repaid",0.875698932845376,0.124301067154624
"Not_Repaid","Not_Repaid",0.752975255680716,0.247024744319284
"Not_Repaid","Not_Repaid",0.950863343088891,0.0491366569111086
"Repaid","Repaid",0.200709056095479,0.799290943904521
"Repaid","Repaid",0.19678277491716,0.80321722508284
"Not_Repaid","Not_Repaid",0.963835268100928,0.0361647318990724
"Repaid","Repaid",0.047330501630689,0.952669498369311
"Not_Repaid","Not_Repaid",0.934544841146709,0.0654551588532906
"Repaid","Repaid",0.16390284626779,0.83609715373221
"Not_Repaid","Not_Repaid",0.986561937339026,0.0134380626609736
"Not_Repaid","Not_Repaid",0.966313525851782,0.0336864741482184
"Not_Repaid","Not_Repaid",0.538995609398066,0.461004390601934
"Not_Repaid","Not_Repaid",0.879916121401193,0.120083878598807
"Repaid","Repaid",0.036612886384886,0.963387113615114
"Repaid","Repaid",0.0905164888869988,0.909483511113001
"Repaid","Repaid",0.0303340493792412,0.969665950620759
"Not_Repaid","Not_Repaid",0.78473012686627,0.21526987313373
"Repaid","Repaid",0.226360602800641,0.77363939719936
"Repaid","Repaid",0.0292982650081959,0.970701734991804
"Repaid","Not_Repaid",0.821682935811425,0.178317064188575
"Repaid","Repaid",0.0605465669736506,0.939453433026349
"Not_Repaid","Not_Repaid",0.979364884299875,0.0206351157001255
"Not_Repaid","Not_Repaid",0.795437814374416,0.204562185625584
"Repaid","Repaid",0.110687351675847,0.889312648324153
"Not_Repaid","Not_Repaid",0.714355358521838,0.285644641478162
"Repaid","Repaid",0.199812456719893,0.800187543280107
"Repaid","Repaid",0.436374987608469,0.563625012391531
"Not_Repaid","Not_Repaid",0.692547903361334,0.307452096638666
"Not_Repaid","Not_Repaid",0.879667048285984,0.120332951714016
"Repaid","Repaid",0.118346631834276,0.881653368165724
"Not_Repaid","Not_Repaid",0.80375887392359,0.19624112607641
"Repaid","Not_Repaid",0.864425296133413,0.135574703866587
"Not_Repaid","Repaid",0.417014910544445,0.582985089455555
"Not_Repaid","Not_Repaid",0.764987942816969,0.235012057183031
"Not_Repaid","Not_Repaid",0.965324046002248,0.034675953997752
"Not_Repaid","Not_Repaid",0.963537033487338,0.0364629665126622
"Repaid","Repaid",0.199767463574025,0.800232536425975
"Repaid","Repaid",0.0619668997701728,0.938033100229827
"Repaid","Repaid",0.0706546905737976,0.929345309426202
"Not_Repaid","Not_Repaid",0.826654102943783,0.173345897056217
"Repaid","Repaid",0.181674713508629,0.818325286491371
"Repaid","Repaid",0.294477056710201,0.705522943289799
"Repaid","Not_Repaid",0.562759132072941,0.437240867927059
"Not_Repaid","Not_Repaid",0.809904329783499,0.190095670216501
"Not_Repaid","Not_Repaid",0.870758585172245,0.129241414827755
"Not_Repaid","Not_Repaid",0.758386681352489,0.241613318647511
"Not_Repaid","Not_Repaid",0.974438853911202,0.0255611460887984
"Repaid","Repaid",0.200161563253333,0.799838436746667
"Not_Repaid","Not_Repaid",0.971857657459969,0.0281423425400314
"Repaid","Repaid",0.0658796554235993,0.934120344576401
"Not_Repaid","Not_Repaid",0.811667877724269,0.188332122275731
"Repaid","Repaid",0.205127119175723,0.794872880824277
"Not_Repaid","Not_Repaid",0.839784481728185,0.160215518271815
"Repaid","Not_Repaid",0.627640757411762,0.372359242588238
"Repaid","Repaid",0.392870965949918,0.607129034050082
"Repaid","Not_Repaid",0.580025291609017,0.419974708390983
"Not_Repaid","Repaid",0.346613067814985,0.653386932185015
"Repaid","Repaid",0.0518562061051909,0.948143793894809
"Repaid","Repaid",0.274775717908789,0.725224282091211
"Not_Repaid","Not_Repaid",0.731017968154351,0.268982031845649
"Not_Repaid","Not_Repaid",0.834639102815133,0.165360897184867
"Repaid","Repaid",0.137395132817559,0.862604867182441
"Repaid","Repaid",0.210221972667642,0.789778027332358
"Repaid","Repaid",0.0944799119279032,0.905520088072097
"Not_Repaid","Not_Repaid",0.839813649412149,0.160186350587851
"Repaid","Repaid",0.360300412120397,0.639699587879603
"Not_Repaid","Not_Repaid",0.61731671844425,0.38268328155575
"Repaid","Not_Repaid",0.70215723290776,0.297842767092241
"Not_Repaid","Not_Repaid",0.944386926267087,0.0556130737329135
"Not_Repaid","Not_Repaid",0.724028976562458,0.275971023437542
"Not_Repaid","Not_Repaid",0.883414839582397,0.116585160417603
"Repaid","Repaid",0.0522108278048193,0.947789172195181
"Repaid","Repaid",0.4505938452111,0.5494061547889
"Repaid","Repaid",0.335366548658078,0.664633451341922
"Not_Repaid","Not_Repaid",0.794800230560747,0.205199769439253
"Repaid","Repaid",0.349690173518999,0.650309826481
"Not_Repaid","Not_Repaid",0.640428485146785,0.359571514853215
"Repaid","Not_Repaid",0.717558924375762,0.282441075624238
"Repaid","Not_Repaid",0.675411753697499,0.324588246302501
"Repaid","Repaid",0.450308653229979,0.549691346770021
"Not_Repaid","Not_Repaid",0.987645439987828,0.0123545600121723
"Not_Repaid","Not_Repaid",0.891163926140475,0.108836073859525
"Repaid","Repaid",0.0854217059874653,0.914578294012535
"Not_Repaid","Not_Repaid",0.979424456669809,0.0205755433301906
"Repaid","Repaid",0.107981979134347,0.892018020865653
"Repaid","Not_Repaid",0.54455458348846,0.45544541651154
"Repaid","Repaid",0.172534678771713,0.827465321228287
"Repaid","Repaid",0.0530951597008863,0.946904840299114
"Not_Repaid","Not_Repaid",0.946781216803347,0.0532187831966527
"Repaid","Not_Repaid",0.543478863216203,0.456521136783797
"Repaid","Not_Repaid",0.986788050128208,0.013211949871792
"Not_Repaid","Not_Repaid",0.728216421688205,0.271783578311795
"Repaid","Not_Repaid",0.531461217143197,0.468538782856803
"Repaid","Repaid",0.0995623136835218,0.900437686316478
"Repaid","Repaid",0.0463319434926482,0.953668056507352
"Repaid","Repaid",0.0669215881536543,0.933078411846346
"Repaid","Repaid",0.0867443112268563,0.913255688773144
"Not_Repaid","Not_Repaid",0.501425011450382,0.498574988549618
"Not_Repaid","Not_Repaid",0.917905194319052,0.082094805680948
"Repaid","Repaid",0.0696019098735404,0.93039809012646
"Not_Repaid","Not_Repaid",0.958143077666478,0.0418569223335224
"Not_Repaid","Not_Repaid",0.952295072621101,0.0477049273788987
"Repaid","Repaid",0.0986189569797478,0.901381043020252
"Repaid","Not_Repaid",0.635011025871814,0.364988974128186
"Not_Repaid","Not_Repaid",0.591159409925566,0.408840590074434
"Not_Repaid","Not_Repaid",0.543584837100533,0.456415162899467
"Not_Repaid","Not_Repaid",0.997170404007261,0.00282959599273872
"Repaid","Repaid",0.0707925661752612,0.929207433824739
"Repaid","Repaid",0.246430871826186,0.753569128173814
"Not_Repaid","Not_Repaid",0.844133125234975,0.155866874765025
"Repaid","Not_Repaid",0.844372599910993,0.155627400089007
"Not_Repaid","Not_Repaid",0.669111509871285,0.330888490128715
"Not_Repaid","Not_Repaid",0.99677470166987,0.00322529833012977
"Not_Repaid","Not_Repaid",0.908941695627618,0.0910583043723816
"Repaid","Repaid",0.277095096292629,0.722904903707371
"Repaid","Repaid",0.0768348447546219,0.923165155245378
"Repaid","Repaid",0.422220247088625,0.577779752911375
"Repaid","Repaid",0.112444296741422,0.887555703258578
"Repaid","Repaid",0.0707492203908335,0.929250779609166
"Repaid","Repaid",0.0305925505364442,0.969407449463556
"Not_Repaid","Not_Repaid",0.766643521515411,0.233356478484589
"Repaid","Not_Repaid",0.638254860353089,0.361745139646911
"Not_Repaid","Not_Repaid",0.540864747532537,0.459135252467463
"Not_Repaid","Not_Repaid",0.866165939573325,0.133834060426675
"Not_Repaid","Repaid",0.102852841096578,0.897147158903422
"Repaid","Repaid",0.0489119022390688,0.951088097760931
"Not_Repaid","Not_Repaid",0.980003148452937,0.0199968515470626
"Repaid","Repaid",0.0566497896397165,0.943350210360284
"Repaid","Repaid",0.246697012205035,0.753302987794965
"Repaid","Repaid",0.202436526856003,0.797563473143997
"Repaid","Repaid",0.0744506011563574,0.925549398843643
"Repaid","Repaid",0.127198584094907,0.872801415905093
"Repaid","Repaid",0.0333110358310631,0.966688964168937
"Not_Repaid","Not_Repaid",0.942137240897565,0.0578627591024351
"Not_Repaid","Not_Repaid",0.936653371544213,0.0633466284557868
"Not_Repaid","Repaid",0.290049434866609,0.709950565133391
"Repaid","Repaid",0.157514360094872,0.842485639905128
"Repaid","Repaid",0.224996288034672,0.775003711965328
"Not_Repaid","Not_Repaid",0.919797895595132,0.0802021044048681
"Not_Repaid","Not_Repaid",0.766068661140866,0.233931338859134
"Not_Repaid","Not_Repaid",0.854724443000264,0.145275556999736
"Not_Repaid","Not_Repaid",0.806340411553086,0.193659588446914
"Not_Repaid","Not_Repaid",0.980474578254159,0.0195254217458408
"Not_Repaid","Not_Repaid",0.875671412083502,0.124328587916498
"Not_Repaid","Not_Repaid",0.739884169398485,0.260115830601515
"Repaid","Repaid",0.269930933009527,0.730069066990473
"Not_Repaid","Not_Repaid",0.676504692135341,0.323495307864659
"Not_Repaid","Not_Repaid",0.899221841221546,0.100778158778454
"Repaid","Repaid",0.100368914184614,0.899631085815386
"Repaid","Not_Repaid",0.918147521765142,0.0818524782348577
"Repaid","Repaid",0.0710319176791157,0.928968082320884
"Repaid","Repaid",0.033564301083648,0.966435698916352
"Not_Repaid","Not_Repaid",0.674134448210879,0.325865551789121
"Repaid","Repaid",0.0394254668129859,0.960574533187014
"Repaid","Repaid",0.387213355970398,0.612786644029602
"Repaid","Repaid",0.0540918130903515,0.945908186909649
"Not_Repaid","Not_Repaid",0.959856788110055,0.0401432118899453
"Repaid","Repaid",0.0906810162173861,0.909318983782614
"Not_Repaid","Not_Repaid",0.916643013459787,0.0833569865402128
"Not_Repaid","Not_Repaid",0.90887339811047,0.0911266018895303
"Not_Repaid","Repaid",0.155563495834917,0.844436504165083
"Not_Repaid","Not_Repaid",0.982207099955804,0.0177929000441964
"Repaid","Repaid",0.246667206904554,0.753332793095446
"Not_Repaid","Not_Repaid",0.934170721428362,0.0658292785716379
"Repaid","Not_Repaid",0.683507373096696,0.316492626903304
"Repaid","Repaid",0.0525134987843938,0.947486501215606
"Not_Repaid","Not_Repaid",0.662993475331136,0.337006524668864
"Repaid","Repaid",0.0668383640384534,0.933161635961547
"Repaid","Repaid",0.112203636327456,0.887796363672544
"Repaid","Repaid",0.0993335815256036,0.900666418474396
"Repaid","Repaid",0.145866629313109,0.854133370686891
"Not_Repaid","Not_Repaid",0.525763007190578,0.474236992809422
"Not_Repaid","Not_Repaid",0.968772660380802,0.0312273396191977
"Not_Repaid","Not_Repaid",0.870716479677394,0.129283520322606
"Not_Repaid","Not_Repaid",0.681926086867257,0.318073913132743
"Not_Repaid","Not_Repaid",0.856819509089506,0.143180490910494
"Not_Repaid","Not_Repaid",0.802055122939275,0.197944877060725
"Not_Repaid","Not_Repaid",0.886016048591605,0.113983951408395
"Not_Repaid","Not_Repaid",0.678712767557972,0.321287232442028
"Repaid","Repaid",0.492200982227768,0.507799017772232
"Repaid","Repaid",0.0362010124027513,0.963798987597249
"Repaid","Repaid",0.0845056195710695,0.91549438042893
"Repaid","Repaid",0.0138069129034757,0.986193087096524
"Not_Repaid","Not_Repaid",0.819876323505887,0.180123676494113
"Repaid","Repaid",0.129607944921865,0.870392055078135
"Not_Repaid","Repaid",0.486544053921786,0.513455946078214
"Repaid","Repaid",0.0510595037155452,0.948940496284455
"Not_Repaid","Not_Repaid",0.810607826760213,0.189392173239787
"Repaid","Repaid",0.110803501431228,0.889196498568772
"Not_Repaid","Not_Repaid",0.885904691679632,0.114095308320368
"Not_Repaid","Not_Repaid",0.897807343749274,0.102192656250726
"Repaid","Repaid",0.195832699225469,0.804167300774531
"Not_Repaid","Not_Repaid",0.824204046161887,0.175795953838113
"Repaid","Not_Repaid",0.595394668782222,0.404605331217778
"Not_Repaid","Not_Repaid",0.996072924578939,0.00392707542106085
"Repaid","Repaid",0.0652188053592409,0.934781194640759
"Repaid","Repaid",0.0686302824834776,0.931369717516522
"Not_Repaid","Not_Repaid",0.924301856253581,0.0756981437464187
"Repaid","Not_Repaid",0.706973850451474,0.293026149548526
"Repaid","Repaid",0.0718808848250101,0.92811911517499
"Not_Repaid","Not_Repaid",0.996845946010434,0.0031540539895663
"Repaid","Repaid",0.061921309892415,0.938078690107585
"Not_Repaid","Not_Repaid",0.88512823226032,0.11487176773968
"Not_Repaid","Repaid",0.460939969042058,0.539060030957942
"Not_Repaid","Not_Repaid",0.54842531243762,0.451574687562381
"Repaid","Not_Repaid",0.580785028811212,0.419214971188788
"Not_Repaid","Not_Repaid",0.566740496703558,0.433259503296442
"Not_Repaid","Not_Repaid",0.688982561661545,0.311017438338455
"Repaid","Repaid",0.159786845995886,0.840213154004114
"Repaid","Repaid",0.092854048883404,0.907145951116596
"Repaid","Not_Repaid",0.984824542213113,0.0151754577868873
"Not_Repaid","Not_Repaid",0.920196459427813,0.0798035405721868
"Not_Repaid","Not_Repaid",0.900969927733412,0.0990300722665882
"Not_Repaid","Not_Repaid",0.670254542248158,0.329745457751842
"Repaid","Repaid",0.0815878726622615,0.918412127337738
"Not_Repaid","Not_Repaid",0.994759541852298,0.00524045814770169
"Not_Repaid","Not_Repaid",0.846330579210108,0.153669420789892
"Repaid","Repaid",0.32063754300735,0.67936245699265
"Repaid","Repaid",0.0776273817065107,0.922372618293489
"Not_Repaid","Not_Repaid",0.892275290501235,0.107724709498765
"Not_Repaid","Not_Repaid",0.983010419975109,0.016989580024891
"Not_Repaid","Not_Repaid",0.936066004429277,0.0639339955707225
"Repaid","Not_Repaid",0.592842651692632,0.407157348307368
"Not_Repaid","Not_Repaid",0.500568555896229,0.499431444103771
"Repaid","Repaid",0.15537345485983,0.84462654514017
"Repaid","Repaid",0.1182969006833,0.8817030993167
"Repaid","Repaid",0.0719183467215363,0.928081653278464
"Not_Repaid","Not_Repaid",0.653789944924504,0.346210055075496
"Repaid","Repaid",0.089067655911611,0.910932344088389
"Repaid","Repaid",0.0591278574422077,0.940872142557792
"Repaid","Repaid",0.079983372002986,0.920016627997014
"Repaid","Repaid",0.0544440142699449,0.945555985730055
"Not_Repaid","Not_Repaid",0.955933178472895,0.0440668215271049
"Repaid","Repaid",0.0419417267758238,0.958058273224176
"Repaid","Not_Repaid",0.988979889482018,0.0110201105179817
"Not_Repaid","Repaid",0.243250321708448,0.756749678291552
"Repaid","Repaid",0.421573275478172,0.578426724521828
"Repaid","Repaid",0.16200801023805,0.83799198976195
"Repaid","Repaid",0.328344144948887,0.671655855051113
"Not_Repaid","Not_Repaid",0.849247582637731,0.150752417362269
"Not_Repaid","Not_Repaid",0.928819124058821,0.0711808759411791
"Not_Repaid","Not_Repaid",0.944536647664382,0.0554633523356181
"Repaid","Repaid",0.151483057236875,0.848516942763125
"Not_Repaid","Not_Repaid",0.576881040236421,0.423118959763579
"Not_Repaid","Not_Repaid",0.567765324174672,0.432234675825328
"Repaid","Repaid",0.0906101467304627,0.909389853269537
"Not_Repaid","Not_Repaid",0.779214421606767,0.220785578393233
"Repaid","Repaid",0.109232909278347,0.890767090721653
"Not_Repaid","Not_Repaid",0.997351879903243,0.00264812009675693
"Not_Repaid","Not_Repaid",0.940552999939632,0.0594470000603675
"Not_Repaid","Not_Repaid",0.83429134669399,0.16570865330601
"Not_Repaid","Repaid",0.386831830029275,0.613168169970725
"Not_Repaid","Not_Repaid",0.883257837350623,0.116742162649377
"Repaid","Repaid",0.238586575808403,0.761413424191597
"Repaid","Repaid",0.0618794204096007,0.938120579590399
"Repaid","Repaid",0.0977692189555075,0.902230781044493
"Repaid","Repaid",0.110802451963421,0.889197548036579
"Repaid","Repaid",0.106853673867567,0.893146326132433
"Not_Repaid","Not_Repaid",0.927109884480256,0.0728901155197435
"Repaid","Repaid",0.118480479044932,0.881519520955068
"Repaid","Repaid",0.0627573689886235,0.937242631011377
"Not_Repaid","Not_Repaid",0.548207029461634,0.451792970538366
"Not_Repaid","Repaid",0.301562928219352,0.698437071780648
"Not_Repaid","Not_Repaid",0.752792356241457,0.247207643758543
"Not_Repaid","Not_Repaid",0.998542501172595,0.00145749882740525
"Repaid","Repaid",0.0905104132051722,0.909489586794828
"Repaid","Repaid",0.0316749200853269,0.968325079914673
"Repaid","Repaid",0.107901343444684,0.892098656555316
"Repaid","Repaid",0.178643675759357,0.821356324240643
"Repaid","Repaid",0.0755133608695641,0.924486639130436
"Repaid","Repaid",0.475223200936854,0.524776799063146
"Repaid","Repaid",0.47969514618076,0.52030485381924
"Repaid","Repaid",0.0380453307152676,0.961954669284732
"Not_Repaid","Not_Repaid",0.93923729894353,0.0607627010564703
"Repaid","Repaid",0.0363759358616198,0.96362406413838
"Not_Repaid","Not_Repaid",0.997611438285212,0.00238856171478787
"Repaid","Not_Repaid",0.505441329297975,0.494558670702025
"Repaid","Repaid",0.0487078177302309,0.951292182269769
"Not_Repaid","Not_Repaid",0.563542325216593,0.436457674783407
"Repaid","Not_Repaid",0.874837467475486,0.125162532524514
"Not_Repaid","Not_Repaid",0.901048192333738,0.0989518076662616
"Not_Repaid","Not_Repaid",0.862721432339904,0.137278567660096
"Not_Repaid","Not_Repaid",0.990378970914602,0.00962102908539812
"Not_Repaid","Repaid",0.482022199952148,0.517977800047852
"Repaid","Repaid",0.0726081050790183,0.927391894920982
"Not_Repaid","Not_Repaid",0.586794537967001,0.413205462032999
"Repaid","Repaid",0.309210145302358,0.690789854697642
"Not_Repaid","Not_Repaid",0.856762031038506,0.143237968961494
"Repaid","Repaid",0.190578934998028,0.809421065001972
"Not_Repaid","Not_Repaid",0.949916445978865,0.0500835540211347
"Repaid","Repaid",0.224786976011618,0.775213023988382
"Repaid","Repaid",0.17097219103977,0.82902780896023
"Not_Repaid","Not_Repaid",0.945215641579381,0.054784358420619
"Not_Repaid","Not_Repaid",0.952250034922671,0.0477499650773294
"Repaid","Repaid",0.0785901076173624,0.921409892382638
"Repaid","Not_Repaid",0.9935356428032,0.00646435719680004
"Not_Repaid","Not_Repaid",0.667268119639506,0.332731880360494
"Repaid","Repaid",0.141573637569668,0.858426362430332
"Repaid","Not_Repaid",0.896104779504771,0.103895220495229
"Repaid","Repaid",0.306301913969839,0.693698086030161
"Not_Repaid","Repaid",0.294097523327351,0.705902476672649
"Repaid","Repaid",0.0680412262157986,0.931958773784201
"Repaid","Repaid",0.0715751037560765,0.928424896243924
"Repaid","Repaid",0.013658221265665,0.986341778734335
"Repaid","Not_Repaid",0.500503050344144,0.499496949655856
"Not_Repaid","Not_Repaid",0.823171938573381,0.176828061426619
"Repaid","Repaid",0.0548107276556846,0.945189272344315
"Repaid","Repaid",0.175214260886925,0.824785739113075
"Not_Repaid","Repaid",0.32707790240631,0.67292209759369
"Not_Repaid","Not_Repaid",0.884555877555726,0.115444122444274
"Repaid","Repaid",0.190769106128588,0.809230893871412
"Repaid","Repaid",0.0366334536379828,0.963366546362017
"Not_Repaid","Not_Repaid",0.736730333649164,0.263269666350836
"Not_Repaid","Not_Repaid",0.646917736005254,0.353082263994746
"Repaid","Repaid",0.182076444431583,0.817923555568417
"Repaid","Repaid",0.118445224186039,0.881554775813961
"Not_Repaid","Not_Repaid",0.97509466709569,0.0249053329043099
"Repaid","Repaid",0.143516262250579,0.856483737749421
"Repaid","Repaid",0.116112351803191,0.883887648196809
"Not_Repaid","Not_Repaid",0.932069508984116,0.0679304910158843
"Not_Repaid","Not_Repaid",0.988090015065721,0.0119099849342793
"Not_Repaid","Repaid",0.112528672644957,0.887471327355043
"Not_Repaid","Not_Repaid",0.898350773257759,0.101649226742241
"Repaid","Repaid",0.078885217827451,0.921114782172549
"Not_Repaid","Not_Repaid",0.88779734167289,0.11220265832711
"Not_Repaid","Repaid",0.411878427652161,0.588121572347839
"Not_Repaid","Not_Repaid",0.91999686628869,0.0800031337113102
"Repaid","Repaid",0.0810089212729898,0.91899107872701
"Not_Repaid","Not_Repaid",0.853224839083566,0.146775160916434
"Not_Repaid","Not_Repaid",0.569205901255413,0.430794098744587
"Not_Repaid","Not_Repaid",0.972078628581987,0.0279213714180127
"Repaid","Repaid",0.39463425299082,0.60536574700918
"Not_Repaid","Not_Repaid",0.922816626163864,0.077183373836136
"Repaid","Repaid",0.0974345932502086,0.902565406749791
"Repaid","Repaid",0.0451122018315829,0.954887798168417
"Not_Repaid","Not_Repaid",0.910877738791675,0.0891222612083246
"Repaid","Repaid",0.179797335470261,0.820202664529739
"Not_Repaid","Not_Repaid",0.899356385645122,0.100643614354878
"Not_Repaid","Not_Repaid",0.95899658052359,0.0410034194764097
"Repaid","Not_Repaid",0.530372714615528,0.469627285384472
"Repaid","Repaid",0.0542747711476939,0.945725228852306
"Repaid","Repaid",0.225963273284224,0.774036726715776
"Not_Repaid","Not_Repaid",0.560110895753629,0.439889104246371
"Repaid","Repaid",0.0641637330648042,0.935836266935196
"Not_Repaid","Not_Repaid",0.870288113740808,0.129711886259192
"Repaid","Repaid",0.0352270519517247,0.964772948048275
"Not_Repaid","Not_Repaid",0.897140111673615,0.102859888326385
"Repaid","Repaid",0.368606979006128,0.631393020993872
"Repaid","Repaid",0.181609677721755,0.818390322278245
"Repaid","Repaid",0.0797544717119419,0.920245528288058
"Not_Repaid","Not_Repaid",0.981510646234695,0.0184893537653047
"Repaid","Repaid",0.0403446741657899,0.95965532583421
"Not_Repaid","Not_Repaid",0.580609940155555,0.419390059844445
"Repaid","Not_Repaid",0.566296583638743,0.433703416361257
"Not_Repaid","Not_Repaid",0.813759035983852,0.186240964016148
"Repaid","Repaid",0.060745839261852,0.939254160738148
"Not_Repaid","Not_Repaid",0.90495041827954,0.0950495817204605
"Not_Repaid","Not_Repaid",0.786351328983169,0.213648671016831
"Repaid","Repaid",0.489438468607429,0.510561531392571
"Repaid","Repaid",0.0608197323088322,0.939180267691168
"Not_Repaid","Not_Repaid",0.835360621962727,0.164639378037273
"Not_Repaid","Not_Repaid",0.683551712639329,0.316448287360671
"Not_Repaid","Not_Repaid",0.629811288806797,0.370188711193203
"Repaid","Repaid",0.0858154516833536,0.914184548316646
"Not_Repaid","Not_Repaid",0.96710453552603,0.0328954644739697
"Repaid","Not_Repaid",0.991527597805742,0.008472402194258
"Repaid","Repaid",0.147919215923252,0.852080784076748
"Repaid","Repaid",0.189914536458395,0.810085463541605
"Not_Repaid","Not_Repaid",0.719988288145233,0.280011711854767
"Repaid","Repaid",0.0638485432094876,0.936151456790512
"Repaid","Repaid",0.020724977868634,0.979275022131366
"Repaid","Repaid",0.0165945488050273,0.983405451194973
"Repaid","Repaid",0.0841700858243692,0.915829914175631
"Repaid","Repaid",0.419142662497965,0.580857337502035
"Not_Repaid","Not_Repaid",0.743351835723613,0.256648164276387
"Not_Repaid","Not_Repaid",0.880516238611498,0.119483761388502
"Repaid","Repaid",0.285374913346554,0.714625086653446
"Repaid","Repaid",0.0314695468639276,0.968530453136072
"Not_Repaid","Not_Repaid",0.717370490993352,0.282629509006648
"Not_Repaid","Not_Repaid",0.918678993605965,0.0813210063940352
"Not_Repaid","Repaid",0.412943235178132,0.587056764821868
"Repaid","Repaid",0.146826654095196,0.853173345904804
"Not_Repaid","Not_Repaid",0.992601990565251,0.00739800943474872
"Not_Repaid","Repaid",0.392193908935683,0.607806091064317
"Not_Repaid","Not_Repaid",0.769259659047184,0.230740340952816
"Not_Repaid","Repaid",0.428232264519227,0.571767735480773
"Not_Repaid","Not_Repaid",0.96021139646418,0.03978860353582
"Repaid","Repaid",0.0930049339165103,0.90699506608349
"Repaid","Repaid",0.0691784632679253,0.930821536732075
"Repaid","Repaid",0.443927817089769,0.556072182910231
"Not_Repaid","Repaid",0.24117125950422,0.75882874049578
"Repaid","Repaid",0.0452938720257633,0.954706127974237
"Repaid","Repaid",0.403383911672916,0.596616088327084
"Not_Repaid","Repaid",0.443969207669689,0.556030792330311
"Repaid","Repaid",0.225159864779377,0.774840135220623
"Repaid","Repaid",0.241751301318427,0.758248698681573
"Not_Repaid","Repaid",0.488053714368716,0.511946285631284
"Not_Repaid","Repaid",0.0643613562610352,0.935638643738965
"Repaid","Repaid",0.381282382591146,0.618717617408854
"Repaid","Repaid",0.108218955524197,0.891781044475803
"Not_Repaid","Not_Repaid",0.911684092055123,0.0883159079448773
"Repaid","Repaid",0.0327292120754537,0.967270787924546
"Repaid","Repaid",0.0486008288348003,0.9513991711652
"Repaid","Repaid",0.468608399289717,0.531391600710283
"Not_Repaid","Not_Repaid",0.902426982994208,0.097573017005792
"Not_Repaid","Not_Repaid",0.94631599902147,0.0536840009785297
"Not_Repaid","Repaid",0.061141583770038,0.938858416229962
"Repaid","Repaid",0.110854058992621,0.889145941007379
"Not_Repaid","Repaid",0.0751752600840718,0.924824739915928
"Not_Repaid","Not_Repaid",0.717256144368349,0.282743855631651
"Repaid","Repaid",0.334253771007545,0.665746228992455
"Not_Repaid","Not_Repaid",0.731266088494558,0.268733911505442
"Not_Repaid","Not_Repaid",0.592727538533378,0.407272461466622
"Repaid","Repaid",0.174412541473842,0.825587458526158
"Not_Repaid","Repaid",0.080810448702543,0.919189551297457
"Not_Repaid","Not_Repaid",0.752147074752727,0.247852925247273
"Repaid","Repaid",0.0422468325223593,0.957753167477641
"Repaid","Repaid",0.121834658160718,0.878165341839282
"Repaid","Repaid",0.412526147045948,0.587473852954052
"Repaid","Repaid",0.183121300381164,0.816878699618836
"Repaid","Repaid",0.130491337689671,0.869508662310329
"Repaid","Repaid",0.0233701227080554,0.976629877291945
"Not_Repaid","Not_Repaid",0.514818947223557,0.485181052776443
"Repaid","Repaid",0.074559488377938,0.925440511622062
"Repaid","Repaid",0.283227515538222,0.716772484461778
"Not_Repaid","Not_Repaid",0.524357642774041,0.475642357225959
"Not_Repaid","Not_Repaid",0.948420623750878,0.0515793762491215
"Not_Repaid","Not_Repaid",0.994610195569222,0.00538980443077748
"Repaid","Repaid",0.0149749370812433,0.985025062918757
"Not_Repaid","Not_Repaid",0.794453236921348,0.205546763078652
"Not_Repaid","Not_Repaid",0.923074151908338,0.0769258480916621
"Repaid","Repaid",0.208978623200419,0.791021376799581
"Repaid","Repaid",0.052693198347984,0.947306801652016
"Repaid","Repaid",0.0238499025884923,0.976150097411508
"Repaid","Repaid",0.0963773160599535,0.903622683940047
"Repaid","Repaid",0.138206712935684,0.861793287064316
"Repaid","Repaid",0.139862830049469,0.860137169950531
"Not_Repaid","Not_Repaid",0.969277995517356,0.0307220044826439
"Not_Repaid","Repaid",0.102281007948829,0.897718992051171
"Repaid","Repaid",0.0265627139125306,0.973437286087469
"Repaid","Repaid",0.331447120727863,0.668552879272137
"Repaid","Repaid",0.0446894497091895,0.95531055029081
"Not_Repaid","Not_Repaid",0.611505480090047,0.388494519909953
"Not_Repaid","Not_Repaid",0.622294654567195,0.377705345432805
"Repaid","Repaid",0.136589662075206,0.863410337924794
"Not_Repaid","Not_Repaid",0.781486637991554,0.218513362008446
"Repaid","Repaid",0.0861486446700903,0.91385135532991
"Not_Repaid","Repaid",0.23341781598167,0.76658218401833
"Repaid","Repaid",0.05545550471362,0.94454449528638
"Repaid","Repaid",0.223353974464158,0.776646025535842
"Not_Repaid","Not_Repaid",0.798445178423895,0.201554821576105
"Not_Repaid","Not_Repaid",0.523001687333108,0.476998312666892
"Repaid","Not_Repaid",0.625495575522854,0.374504424477146
"Not_Repaid","Not_Repaid",0.805432056758891,0.194567943241109
"Not_Repaid","Repaid",0.358239131959578,0.641760868040422
"Not_Repaid","Repaid",0.36787129681522,0.63212870318478
"Repaid","Not_Repaid",0.513071626448969,0.486928373551032
"Repaid","Repaid",0.0220417864116454,0.977958213588355
"Not_Repaid","Not_Repaid",0.735777787359893,0.264222212640107
"Repaid","Repaid",0.0431393365328218,0.956860663467178
"Repaid","Repaid",0.263564389613625,0.736435610386375
"Not_Repaid","Not_Repaid",0.951402424552173,0.0485975754478265
"Not_Repaid","Not_Repaid",0.505377116971479,0.494622883028521
"Not_Repaid","Not_Repaid",0.547651174747701,0.452348825252299
"Repaid","Not_Repaid",0.709492344255518,0.290507655744482
"Repaid","Not_Repaid",0.689463358823456,0.310536641176544
"Repaid","Repaid",0.0590751123790864,0.940924887620914
"Not_Repaid","Not_Repaid",0.697714208376055,0.302285791623945
"Repaid","Repaid",0.06044274115434,0.93955725884566
"Not_Repaid","Repaid",0.328785446632896,0.671214553367104
"Repaid","Repaid",0.224299062979759,0.775700937020241
"Repaid","Repaid",0.0541508031105122,0.945849196889488
"Not_Repaid","Not_Repaid",0.815949353845904,0.184050646154096
"Not_Repaid","Not_Repaid",0.799302661107,0.200697338893
"Repaid","Repaid",0.138353687745635,0.861646312254365
"Repaid","Not_Repaid",0.504577243050682,0.495422756949318
"Repaid","Not_Repaid",0.554485056872772,0.445514943127228
"Repaid","Not_Repaid",0.646863781662244,0.353136218337756
"Not_Repaid","Not_Repaid",0.991314705624463,0.00868529437553728
"Not_Repaid","Not_Repaid",0.917884362382983,0.0821156376170173
"Repaid","Repaid",0.116218491470302,0.883781508529698
"Not_Repaid","Not_Repaid",0.995126289289215,0.00487371071078527
"Not_Repaid","Not_Repaid",0.802364262308648,0.197635737691352
"Repaid","Repaid",0.180233483151898,0.819766516848102
"Not_Repaid","Repaid",0.433490027640021,0.566509972359979
"Not_Repaid","Not_Repaid",0.903715637967124,0.0962843620328759
"Repaid","Repaid",0.084101496102151,0.915898503897849
"Not_Repaid","Not_Repaid",0.531894559636042,0.468105440363958
"Not_Repaid","Not_Repaid",0.823608001385794,0.176391998614206
"Repaid","Not_Repaid",0.775517498332056,0.224482501667944
"Not_Repaid","Not_Repaid",0.988161409530851,0.0118385904691494
"Not_Repaid","Not_Repaid",0.786724206236169,0.213275793763831
"Repaid","Repaid",0.39397562278109,0.60602437721891
"Repaid","Repaid",0.291663960364985,0.708336039635015
"Repaid","Repaid",0.272657739382094,0.727342260617906
"Repaid","Repaid",0.258080543413692,0.741919456586308
"Not_Repaid","Not_Repaid",0.78672817178088,0.21327182821912
"Not_Repaid","Not_Repaid",0.7346767304189,0.2653232695811
"Repaid","Repaid",0.0649720392106585,0.935027960789341
"Not_Repaid","Not_Repaid",0.739951815134818,0.260048184865182
"Not_Repaid","Not_Repaid",0.838971055366219,0.161028944633781
"Not_Repaid","Not_Repaid",0.789184991414228,0.210815008585772
"Repaid","Repaid",0.235408934729277,0.764591065270723
"Not_Repaid","Not_Repaid",0.824918725765922,0.175081274234078
"Not_Repaid","Not_Repaid",0.973549475054538,0.026450524945462
"Repaid","Repaid",0.159077937958923,0.840922062041077
"Not_Repaid","Not_Repaid",0.729900822574486,0.270099177425514
"Not_Repaid","Not_Repaid",0.730335296004915,0.269664703995085
"Not_Repaid","Repaid",0.484330665237871,0.515669334762129
"Not_Repaid","Not_Repaid",0.764635422502794,0.235364577497206
"Repaid","Repaid",0.0477968758567634,0.952203124143237
"Repaid","Repaid",0.0311427563973352,0.968857243602665
"Repaid","Not_Repaid",0.503197740553497,0.496802259446503
"Repaid","Repaid",0.151247306103581,0.848752693896419
"Not_Repaid","Not_Repaid",0.936458052801737,0.0635419471982625
"Not_Repaid","Not_Repaid",0.929152725036543,0.0708472749634573
"Repaid","Repaid",0.458199489245557,0.541800510754443
"Not_Repaid","Not_Repaid",0.849616281362522,0.150383718637478
"Not_Repaid","Repaid",0.306664360031806,0.693335639968194
"Not_Repaid","Not_Repaid",0.952663352016703,0.0473366479832971
"Repaid","Not_Repaid",0.618409089645663,0.381590910354337
"Not_Repaid","Not_Repaid",0.896224037729533,0.103775962270467
"Repaid","Not_Repaid",0.867378567630047,0.132621432369953
"Not_Repaid","Not_Repaid",0.986118042233527,0.0138819577664729
"Repaid","Repaid",0.194474491285864,0.805525508714136
"Not_Repaid","Not_Repaid",0.74462698263021,0.25537301736979
"Repaid","Repaid",0.0371826972964061,0.962817302703594
"Repaid","Repaid",0.35326695824547,0.64673304175453
"Not_Repaid","Not_Repaid",0.747957175609302,0.252042824390698
"Repaid","Not_Repaid",0.584415874033819,0.415584125966181
"Not_Repaid","Repaid",0.412429702786598,0.587570297213402
"Not_Repaid","Not_Repaid",0.725421305976159,0.274578694023841
"Repaid","Repaid",0.0659386669921649,0.934061333007835
"Not_Repaid","Not_Repaid",0.939713125880531,0.060286874119469
"Not_Repaid","Not_Repaid",0.60500151512125,0.39499848487875
"Repaid","Repaid",0.300677070620552,0.699322929379448
"Not_Repaid","Not_Repaid",0.903539026368564,0.0964609736314362
"Repaid","Repaid",0.0485612346316168,0.951438765368383
"Repaid","Repaid",0.0381035417412771,0.961896458258723
"Not_Repaid","Not_Repaid",0.762757068641294,0.237242931358706
"Not_Repaid","Not_Repaid",0.582611734443945,0.417388265556055
"Repaid","Repaid",0.0539134657097938,0.946086534290206
"Repaid","Not_Repaid",0.539881481090926,0.460118518909074
"Not_Repaid","Not_Repaid",0.65725502568947,0.34274497431053
"Repaid","Repaid",0.121221424463506,0.878778575536494
"Not_Repaid","Not_Repaid",0.890394083402401,0.109605916597599
"Not_Repaid","Repaid",0.367793412857023,0.632206587142977
"Repaid","Not_Repaid",0.762974894947077,0.237025105052923
"Repaid","Repaid",0.417628554507778,0.582371445492222
"Not_Repaid","Not_Repaid",0.910060121527103,0.0899398784728969
"Not_Repaid","Not_Repaid",0.824146218290561,0.175853781709439
"Not_Repaid","Repaid",0.338944921942983,0.661055078057017
"Not_Repaid","Repaid",0.339921247381098,0.660078752618902
"Not_Repaid","Not_Repaid",0.554678210093605,0.445321789906395
"Repaid","Repaid",0.0237523591029017,0.976247640897098
"Not_Repaid","Not_Repaid",0.99092127355171,0.00907872644828976
"Not_Repaid","Not_Repaid",0.965920479980324,0.0340795200196758
"Not_Repaid","Not_Repaid",0.938277687796545,0.0617223122034554
"Not_Repaid","Repaid",0.452870899526499,0.547129100473501
"Not_Repaid","Not_Repaid",0.821553887328492,0.178446112671508
"Repaid","Repaid",0.0925449905381416,0.907455009461858
"Repaid","Repaid",0.398638493786773,0.601361506213227
"Repaid","Repaid",0.165813183485123,0.834186816514877
"Repaid","Not_Repaid",0.993346538416108,0.00665346158389196
"Not_Repaid","Not_Repaid",0.993956020229875,0.00604397977012478
"Not_Repaid","Not_Repaid",0.919979600051561,0.0800203999484386
"Not_Repaid","Not_Repaid",0.994725776421789,0.00527422357821066
"Not_Repaid","Not_Repaid",0.925578600112582,0.0744213998874182
"Repaid","Repaid",0.0700459434923225,0.929954056507677
"Not_Repaid","Not_Repaid",0.876077031083763,0.123922968916237
"Not_Repaid","Not_Repaid",0.812233172740033,0.187766827259967
"Not_Repaid","Not_Repaid",0.898763664715205,0.101236335284795
"Repaid","Not_Repaid",0.799270463127635,0.200729536872365
"Repaid","Repaid",0.0681391587055544,0.931860841294446
"Not_Repaid","Not_Repaid",0.515559518790876,0.484440481209124
"Repaid","Repaid",0.0174412563537899,0.98255874364621
"Repaid","Repaid",0.233427228419371,0.766572771580629
"Not_Repaid","Not_Repaid",0.919253250344059,0.0807467496559414
"Not_Repaid","Not_Repaid",0.950238242313898,0.0497617576861019
"Not_Repaid","Not_Repaid",0.988953267953761,0.0110467320462393
"Not_Repaid","Not_Repaid",0.938677614361399,0.0613223856386008
"Repaid","Repaid",0.301956068541589,0.698043931458411
"Repaid","Repaid",0.30517223479336,0.69482776520664
"Not_Repaid","Not_Repaid",0.948647824236848,0.0513521757631519
"Repaid","Repaid",0.024490164684,0.975509835316
"Repaid","Not_Repaid",0.532925332334581,0.467074667665419
"Repaid","Repaid",0.325151208361748,0.674848791638252
"Repaid","Repaid",0.0916116461774287,0.908388353822571
"Not_Repaid","Not_Repaid",0.65053242155565,0.34946757844435
"Repaid","Repaid",0.139455190184313,0.860544809815687
"Not_Repaid","Not_Repaid",0.958577187002762,0.0414228129972383
"Repaid","Not_Repaid",0.676597511796546,0.323402488203454
"Repaid","Repaid",0.487395853811268,0.512604146188732
"Not_Repaid","Not_Repaid",0.98141421840249,0.0185857815975096
"Repaid","Repaid",0.0400902014078974,0.959909798592103
"Not_Repaid","Not_Repaid",0.945869402147209,0.0541305978527913
"Not_Repaid","Not_Repaid",0.806076261598746,0.193923738401254
"Not_Repaid","Not_Repaid",0.733846814289762,0.266153185710238
"Not_Repaid","Not_Repaid",0.752114477701846,0.247885522298154
"Not_Repaid","Not_Repaid",0.742489777690617,0.257510222309383
"Not_Repaid","Not_Repaid",0.826176423547707,0.173823576452293
"Not_Repaid","Not_Repaid",0.75791876517952,0.24208123482048
"Repaid","Repaid",0.0626731053097952,0.937326894690205
"Not_Repaid","Not_Repaid",0.582863653371819,0.417136346628181
"Not_Repaid","Not_Repaid",0.522997038183917,0.477002961816083
"Not_Repaid","Not_Repaid",0.666002029047075,0.333997970952925
"Repaid","Repaid",0.0397603129847274,0.960239687015273
"Repaid","Repaid",0.307300968870229,0.692699031129771
"Not_Repaid","Not_Repaid",0.990647518215383,0.0093524817846167
"Repaid","Repaid",0.240562204711733,0.759437795288267
"Not_Repaid","Not_Repaid",0.541277360230898,0.458722639769102
"Repaid","Repaid",0.0994905466542828,0.900509453345717
"Repaid","Repaid",0.10498259171857,0.89501740828143
"Repaid","Not_Repaid",0.966815724825294,0.0331842751747058
"Not_Repaid","Not_Repaid",0.924141671138615,0.0758583288613848
"Repaid","Repaid",0.032922490883652,0.967077509116348
"Not_Repaid","Not_Repaid",0.836104624054584,0.163895375945416
"Not_Repaid","Repaid",0.261745780046723,0.738254219953277
"Repaid","Repaid",0.0346937832216347,0.965306216778365
"Not_Repaid","Repaid",0.398254506147824,0.601745493852176
"Repaid","Repaid",0.392641282661826,0.607358717338174
"Not_Repaid","Not_Repaid",0.9227461310935,0.0772538689065
"Not_Repaid","Not_Repaid",0.760228074513049,0.239771925486951
"Not_Repaid","Not_Repaid",0.649000616614741,0.350999383385259
"Not_Repaid","Not_Repaid",0.730244367500127,0.269755632499873
"Not_Repaid","Not_Repaid",0.996145786348646,0.00385421365135445
"Repaid","Repaid",0.261323000094557,0.738676999905443
"Repaid","Repaid",0.0482876549325271,0.951712345067473
"Not_Repaid","Not_Repaid",0.820290526147285,0.179709473852715
"Repaid","Repaid",0.0716649414141286,0.928335058585871
"Not_Repaid","Repaid",0.0447960280146287,0.955203971985371
"Repaid","Repaid",0.245216938138087,0.754783061861913
"Repaid","Repaid",0.189321915749787,0.810678084250213
"Repaid","Not_Repaid",0.780063894435035,0.219936105564965
"Repaid","Repaid",0.0500812056369356,0.949918794363064
"Repaid","Repaid",0.0751470499462046,0.924852950053795
"Repaid","Repaid",0.219039893536055,0.780960106463945
"Repaid","Repaid",0.165971804212731,0.834028195787269
"Repaid","Repaid",0.105004555913333,0.894995444086667
"Repaid","Repaid",0.0714089247531043,0.928591075246896
"Repaid","Not_Repaid",0.872852188688555,0.127147811311445
"Not_Repaid","Not_Repaid",0.84179038275784,0.15820961724216
"Not_Repaid","Not_Repaid",0.780095419969425,0.219904580030575
"Repaid","Not_Repaid",0.765706152204125,0.234293847795875
"Repaid","Not_Repaid",0.996413848969492,0.00358615103050824
"Not_Repaid","Not_Repaid",0.90450247553077,0.0954975244692297
"Repaid","Repaid",0.0776560713996467,0.922343928600353
"Not_Repaid","Not_Repaid",0.802545728429255,0.197454271570745
"Not_Repaid","Not_Repaid",0.973438159232895,0.0265618407671051
"Not_Repaid","Not_Repaid",0.513438136933479,0.486561863066521
"Not_Repaid","Not_Repaid",0.76286575103289,0.23713424896711
"Not_Repaid","Not_Repaid",0.917139773161659,0.0828602268383412
"Repaid","Not_Repaid",0.596404134077434,0.403595865922566
"Not_Repaid","Not_Repaid",0.66842142561168,0.33157857438832
"Repaid","Repaid",0.105480363782967,0.894519636217033
"Repaid","Repaid",0.0345757039426842,0.965424296057316
"Not_Repaid","Repaid",0.076434862630889,0.923565137369111
"Repaid","Repaid",0.0620957819840104,0.93790421801599
"Repaid","Repaid",0.0513183745295867,0.948681625470413
"Repaid","Repaid",0.125775025818113,0.874224974181887
"Not_Repaid","Not_Repaid",0.992875428072081,0.0071245719279192
"Not_Repaid","Not_Repaid",0.841382877354991,0.158617122645009
"Repaid","Repaid",0.0666140249570778,0.933385975042922
"Repaid","Not_Repaid",0.976496571510788,0.0235034284892123
"Not_Repaid","Not_Repaid",0.761004343357162,0.238995656642838
"Not_Repaid","Not_Repaid",0.987425973773527,0.0125740262264729
"Repaid","Repaid",0.0328248148009955,0.967175185199004
"Repaid","Repaid",0.164652765362494,0.835347234637506
"Repaid","Repaid",0.325289384118564,0.674710615881436
"Repaid","Repaid",0.139482227086654,0.860517772913346
"Repaid","Repaid",0.49051370642898,0.50948629357102
"Not_Repaid","Repaid",0.488504340000915,0.511495659999085
"Repaid","Not_Repaid",0.685291448388426,0.314708551611574
"Repaid","Repaid",0.161687525081484,0.838312474918516
"Not_Repaid","Repaid",0.464492036685315,0.535507963314685
"Not_Repaid","Not_Repaid",0.85648281172865,0.14351718827135
"Repaid","Repaid",0.0971959864585401,0.90280401354146
"Not_Repaid","Not_Repaid",0.92824477282016,0.0717552271798404
"Not_Repaid","Not_Repaid",0.897307650355816,0.102692349644184
"Repaid","Repaid",0.392665850570908,0.607334149429092
"Repaid","Not_Repaid",0.92296618485674,0.0770338151432603
"Repaid","Repaid",0.0467546415061543,0.953245358493846
"Repaid","Repaid",0.0593566729670391,0.940643327032961
"Repaid","Not_Repaid",0.815118071156881,0.184881928843119
"Not_Repaid","Not_Repaid",0.627804762688398,0.372195237311602
"Repaid","Repaid",0.316725068680449,0.683274931319551
"Repaid","Not_Repaid",0.717869294269546,0.282130705730454
"Repaid","Repaid",0.071137532787398,0.928862467212602
"Not_Repaid","Not_Repaid",0.735327793398841,0.264672206601159
"Repaid","Repaid",0.268726799079783,0.731273200920217
"Repaid","Repaid",0.114337926807619,0.885662073192381
"Repaid","Not_Repaid",0.588684073730424,0.411315926269576
"Repaid","Repaid",0.284822782756703,0.715177217243297
"Repaid","Not_Repaid",0.714348188020344,0.285651811979656
"Not_Repaid","Not_Repaid",0.890729835508494,0.109270164491506
"Repaid","Repaid",0.042708408060376,0.957291591939624
"Repaid","Repaid",0.0896884748515148,0.910311525148485
"Not_Repaid","Not_Repaid",0.892087103549338,0.107912896450662
"Not_Repaid","Not_Repaid",0.870279798691581,0.129720201308419
"Repaid","Repaid",0.182234884337415,0.817765115662585
"Not_Repaid","Not_Repaid",0.784430336912106,0.215569663087894
"Not_Repaid","Not_Repaid",0.738720358084057,0.261279641915943
"Repaid","Repaid",0.060072542114155,0.939927457885845
"Not_Repaid","Not_Repaid",0.997308413416394,0.00269158658360564
"Not_Repaid","Not_Repaid",0.732568017571511,0.267431982428489
"Repaid","Repaid",0.119102334854994,0.880897665145006
"Not_Repaid","Not_Repaid",0.759621377721333,0.240378622278667
"Repaid","Repaid",0.0718767056048463,0.928123294395154
"Not_Repaid","Not_Repaid",0.795797761313702,0.204202238686298
"Repaid","Repaid",0.14816687313744,0.85183312686256
"Repaid","Repaid",0.215927325499202,0.784072674500798
"Repaid","Not_Repaid",0.534395593638697,0.465604406361303
"Not_Repaid","Not_Repaid",0.996317731608606,0.00368226839139376
"Not_Repaid","Not_Repaid",0.845289052577171,0.154710947422829
"Not_Repaid","Not_Repaid",0.706117931021934,0.293882068978066
"Not_Repaid","Not_Repaid",0.994600008722687,0.00539999127731321
"Repaid","Repaid",0.274433679240546,0.725566320759454
"Repaid","Repaid",0.44540475721875,0.55459524278125
"Repaid","Repaid",0.403196443717084,0.596803556282916
"Not_Repaid","Repaid",0.189715350697094,0.810284649302906
"Not_Repaid","Not_Repaid",0.592245867978663,0.407754132021337
"Not_Repaid","Not_Repaid",0.947501625237224,0.052498374762776
"Not_Repaid","Repaid",0.0847487972991756,0.915251202700824
"Repaid","Repaid",0.056275110866827,0.943724889133173
"Not_Repaid","Not_Repaid",0.97371339987092,0.0262866001290796
"Repaid","Repaid",0.486545383709,0.513454616291
"Repaid","Repaid",0.348265252121505,0.651734747878495
"Not_Repaid","Not_Repaid",0.930903685027188,0.0690963149728123
"Repaid","Repaid",0.108230299409592,0.891769700590408
"Not_Repaid","Repaid",0.0685930494516589,0.931406950548341
"Not_Repaid","Not_Repaid",0.961259449429566,0.0387405505704343
"Not_Repaid","Not_Repaid",0.853758611576422,0.146241388423578
"Repaid","Repaid",0.0897454813273622,0.910254518672638
"Not_Repaid","Not_Repaid",0.980131162575722,0.0198688374242781
"Not_Repaid","Not_Repaid",0.696270856195309,0.303729143804691
"Not_Repaid","Not_Repaid",0.814236707820029,0.185763292179971
"Repaid","Repaid",0.0549565886772989,0.945043411322701
"Not_Repaid","Not_Repaid",0.796956809812818,0.203043190187182
"Repaid","Repaid",0.406120112308114,0.593879887691886
"Repaid","Repaid",0.014663803216609,0.985336196783391
"Not_Repaid","Repaid",0.158663622044915,0.841336377955085
"Not_Repaid","Not_Repaid",0.90034260924814,0.0996573907518598
"Repaid","Repaid",0.0835489702027603,0.91645102979724
"Not_Repaid","Not_Repaid",0.96448360455021,0.0355163954497901
"Not_Repaid","Not_Repaid",0.939031112049956,0.0609688879500438
"Not_Repaid","Not_Repaid",0.638702500746636,0.361297499253364
"Not_Repaid","Not_Repaid",0.994195732193109,0.00580426780689125
"Repaid","Repaid",0.248122862536999,0.751877137463001
"Not_Repaid","Not_Repaid",0.933888552240996,0.0661114477590044
"Repaid","Repaid",0.13813757140632,0.86186242859368
"Repaid","Not_Repaid",0.72555714298908,0.27444285701092
"Repaid","Repaid",0.0966570217163311,0.903342978283669
"Not_Repaid","Not_Repaid",0.619619929341064,0.380380070658936
"Repaid","Repaid",0.0368723679746421,0.963127632025358
"Repaid","Repaid",0.0333443771252201,0.96665562287478
"Not_Repaid","Not_Repaid",0.989379884961074,0.0106201150389264
"Repaid","Repaid",0.0695054762505776,0.930494523749422
"Not_Repaid","Not_Repaid",0.874374428095122,0.125625571904878
"Not_Repaid","Repaid",0.199793093455107,0.800206906544893
"Repaid","Repaid",0.425428368506115,0.574571631493885
"Not_Repaid","Not_Repaid",0.906807024958949,0.0931929750410512
"Repaid","Repaid",0.0672948198986243,0.932705180101376
"Repaid","Not_Repaid",0.892759860990854,0.107240139009146
"Repaid","Repaid",0.140140535932967,0.859859464067033
"Repaid","Repaid",0.116843992204075,0.883156007795925
"Not_Repaid","Not_Repaid",0.782504546822132,0.217495453177868
"Not_Repaid","Not_Repaid",0.907387628786649,0.0926123712133511
"Repaid","Repaid",0.0339330555555385,0.966066944444462
"Repaid","Repaid",0.176269943334552,0.823730056665448
"Repaid","Repaid",0.246441845683174,0.753558154316826
"Repaid","Repaid",0.0944339817595028,0.905566018240497
"Not_Repaid","Not_Repaid",0.929883342984812,0.0701166570151879
"Repaid","Not_Repaid",0.91527494505913,0.0847250549408694
"Not_Repaid","Not_Repaid",0.761206478501681,0.238793521498319
"Repaid","Repaid",0.0310388426986647,0.968961157301335
"Not_Repaid","Not_Repaid",0.70207555743136,0.29792444256864
"Not_Repaid","Not_Repaid",0.99493267665255,0.0050673233474498
"Repaid","Repaid",0.164892593601303,0.835107406398697
"Repaid","Repaid",0.0715706513672041,0.928429348632796
"Repaid","Repaid",0.306706194188217,0.693293805811783
"Not_Repaid","Not_Repaid",0.879412679588553,0.120587320411447
"Not_Repaid","Not_Repaid",0.910447684393228,0.089552315606772
"Not_Repaid","Not_Repaid",0.899958443882399,0.100041556117601
"Repaid","Repaid",0.273916015565704,0.726083984434296
"Not_Repaid","Not_Repaid",0.753852751593104,0.246147248406896
"Repaid","Repaid",0.147401509759304,0.852598490240696
"Not_Repaid","Not_Repaid",0.812267172942825,0.187732827057175
"Not_Repaid","Not_Repaid",0.571494638488544,0.428505361511456
"Not_Repaid","Not_Repaid",0.561770963902144,0.438229036097856
"Repaid","Repaid",0.187583903631937,0.812416096368063
"Repaid","Repaid",0.431910839532509,0.568089160467491
"Not_Repaid","Not_Repaid",0.585743612552959,0.414256387447041
"Not_Repaid","Not_Repaid",0.980381738424226,0.0196182615757738
"Repaid","Not_Repaid",0.579126399134968,0.420873600865032
"Repaid","Not_Repaid",0.961728748400571,0.038271251599429
"Not_Repaid","Not_Repaid",0.979024325029953,0.0209756749700473
"Repaid","Repaid",0.300418234992284,0.699581765007716
"Not_Repaid","Not_Repaid",0.822139773784214,0.177860226215786
"Not_Repaid","Repaid",0.0956911962552595,0.90430880374474
"Repaid","Repaid",0.0141487549957618,0.985851245004238
"Not_Repaid","Not_Repaid",0.827840444840863,0.172159555159137
"Not_Repaid","Not_Repaid",0.849048046789105,0.150951953210895
"Not_Repaid","Not_Repaid",0.783893837126348,0.216106162873652
"Repaid","Repaid",0.0430066465802567,0.956993353419743
"Repaid","Repaid",0.073234161150987,0.926765838849013
"Not_Repaid","Not_Repaid",0.718569856783641,0.281430143216359
"Not_Repaid","Not_Repaid",0.694891246012493,0.305108753987507
"Repaid","Not_Repaid",0.505122571007736,0.494877428992264
"Repaid","Not_Repaid",0.549497885423696,0.450502114576303
"Repaid","Not_Repaid",0.82879028176789,0.17120971823211
"Not_Repaid","Repaid",0.471253424485437,0.528746575514563
"Repaid","Not_Repaid",0.546464053807783,0.453535946192217
"Not_Repaid","Not_Repaid",0.763583314681981,0.236416685318019
"Repaid","Not_Repaid",0.543377081420482,0.456622918579518
"Not_Repaid","Not_Repaid",0.832923784397668,0.167076215602332
"Repaid","Not_Repaid",0.56316536430366,0.43683463569634
"Not_Repaid","Not_Repaid",0.967144310922687,0.0328556890773133
"Not_Repaid","Not_Repaid",0.714256940688143,0.285743059311857
"Repaid","Repaid",0.0199876917552065,0.980012308244793
"Not_Repaid","Repaid",0.490717864300207,0.509282135699793
"Not_Repaid","Not_Repaid",0.828382986524008,0.171617013475992
"Repaid","Repaid",0.0633799103908551,0.936620089609145
"Not_Repaid","Not_Repaid",0.882570417243835,0.117429582756165
"Repaid","Repaid",0.248235269375108,0.751764730624892
"Not_Repaid","Not_Repaid",0.789770076751545,0.210229923248455
"Not_Repaid","Not_Repaid",0.985387016710485,0.0146129832895149
"Repaid","Repaid",0.270143915527716,0.729856084472284
"Repaid","Repaid",0.146091079190078,0.853908920809922
"Repaid","Repaid",0.356275031163845,0.643724968836155
"Not_Repaid","Not_Repaid",0.68167235085926,0.318327649140741
"Repaid","Not_Repaid",0.977206672147494,0.022793327852506
"Repaid","Repaid",0.202133091025819,0.797866908974181
"Repaid","Repaid",0.150034049287332,0.849965950712668
"Repaid","Repaid",0.280147435873196,0.719852564126804
"Not_Repaid","Not_Repaid",0.506486613469886,0.493513386530114
"Not_Repaid","Not_Repaid",0.939854142635782,0.0601458573642175
"Not_Repaid","Not_Repaid",0.945610050481395,0.0543899495186054
"Repaid","Repaid",0.0820560114167851,0.917943988583215
"Not_Repaid","Not_Repaid",0.779528322039234,0.220471677960766
"Not_Repaid","Not_Repaid",0.971307148645826,0.0286928513541738
"Not_Repaid","Not_Repaid",0.900982225411436,0.0990177745885635
"Repaid","Repaid",0.0953317862751919,0.904668213724808
"Not_Repaid","Repaid",0.494787848581505,0.505212151418495
"Repaid","Repaid",0.179852146646425,0.820147853353575
"Repaid","Repaid",0.0645004156831062,0.935499584316894
"Repaid","Repaid",0.0475768829563644,0.952423117043636
"Not_Repaid","Not_Repaid",0.987806235768037,0.0121937642319632
"Repaid","Repaid",0.0176499212520955,0.982350078747904
"Repaid","Repaid",0.282666919776331,0.717333080223669
"Repaid","Repaid",0.0267600399587367,0.973239960041263
"Repaid","Repaid",0.243574477258894,0.756425522741106
"Not_Repaid","Not_Repaid",0.998101846867442,0.0018981531325585
"Not_Repaid","Not_Repaid",0.817756124992237,0.182243875007763
"Repaid","Repaid",0.0250704397182404,0.97492956028176
"Not_Repaid","Not_Repaid",0.849394179148566,0.150605820851434
"Repaid","Repaid",0.178038896836713,0.821961103163287
"Not_Repaid","Not_Repaid",0.988336560781314,0.0116634392186857
"Not_Repaid","Not_Repaid",0.871274533350837,0.128725466649163
"Repaid","Repaid",0.0574744274996032,0.942525572500397
"Repaid","Not_Repaid",0.901261590491779,0.0987384095082214
"Not_Repaid","Not_Repaid",0.99565904455757,0.00434095544242971
"Repaid","Repaid",0.0388372185517509,0.961162781448249
"Repaid","Repaid",0.0909545808574335,0.909045419142567
"Not_Repaid","Repaid",0.414385457459461,0.585614542540539
"Not_Repaid","Not_Repaid",0.825776782135606,0.174223217864394
"Not_Repaid","Not_Repaid",0.959049609750569,0.0409503902494315
"Repaid","Repaid",0.134888699378592,0.865111300621408
"Not_Repaid","Not_Repaid",0.991001065880217,0.00899893411978306
"Repaid","Repaid",0.0967300510801314,0.903269948919869
"Repaid","Repaid",0.30234758075318,0.69765241924682
"Repaid","Repaid",0.0386760677992325,0.961323932200768
"Not_Repaid","Repaid",0.355085498031794,0.644914501968206
"Not_Repaid","Not_Repaid",0.698581780266897,0.301418219733103
"Repaid","Repaid",0.354656683888927,0.645343316111073
"Repaid","Repaid",0.136042907976556,0.863957092023444
"Not_Repaid","Not_Repaid",0.7584514433664,0.241548556633601
"Repaid","Repaid",0.0277421925147963,0.972257807485204
"Not_Repaid","Not_Repaid",0.989637465276546,0.0103625347234544
"Repaid","Repaid",0.0456258366493992,0.954374163350601
"Not_Repaid","Not_Repaid",0.98069899021028,0.0193010097897197
"Not_Repaid","Not_Repaid",0.754658179445454,0.245341820554546
"Repaid","Repaid",0.0694574766672691,0.930542523332731
"Not_Repaid","Not_Repaid",0.80409460374281,0.19590539625719
"Repaid","Repaid",0.040243866167584,0.959756133832416
"Not_Repaid","Not_Repaid",0.983881779999936,0.0161182200000641
"Not_Repaid","Not_Repaid",0.764399250060456,0.235600749939544
"Not_Repaid","Not_Repaid",0.997177481782148,0.00282251821785184
"Not_Repaid","Repaid",0.0627318847637883,0.937268115236212
"Not_Repaid","Not_Repaid",0.771813314621247,0.228186685378753
"Not_Repaid","Not_Repaid",0.675696485233664,0.324303514766336
"Repaid","Repaid",0.158480390131807,0.841519609868193
"Not_Repaid","Not_Repaid",0.943071861017174,0.0569281389828258
"Not_Repaid","Not_Repaid",0.640851658864194,0.359148341135806
"Repaid","Repaid",0.0736493371244893,0.926350662875511
"Repaid","Repaid",0.0232219733027238,0.976778026697276
"Repaid","Repaid",0.0323130044200672,0.967686995579933
"Repaid","Not_Repaid",0.770345491760342,0.229654508239658
"Repaid","Repaid",0.0942913721470263,0.905708627852974
"Repaid","Repaid",0.4887868547594,0.5112131452406
"Repaid","Not_Repaid",0.960358598928255,0.0396414010717445
"Not_Repaid","Not_Repaid",0.975354327366393,0.0246456726336071
"Not_Repaid","Not_Repaid",0.89794347690338,0.10205652309662
"Not_Repaid","Not_Repaid",0.738507354628527,0.261492645371473
"Not_Repaid","Not_Repaid",0.872313534520154,0.127686465479846
"Not_Repaid","Not_Repaid",0.877429713546751,0.122570286453249
"Not_Repaid","Not_Repaid",0.673299497380972,0.326700502619028
"Repaid","Repaid",0.459874690309725,0.540125309690275
"Repaid","Repaid",0.351681474991943,0.648318525008057
"Repaid","Repaid",0.0336746896555332,0.966325310344467
"Repaid","Repaid",0.233198871183242,0.766801128816758
"Repaid","Repaid",0.143478923150796,0.856521076849204
"Repaid","Repaid",0.204739239557133,0.795260760442867
"Not_Repaid","Not_Repaid",0.966555936169721,0.0334440638302794
"Repaid","Repaid",0.117718722160249,0.88228127783975
"Not_Repaid","Repaid",0.435908280684204,0.564091719315796
"Not_Repaid","Not_Repaid",0.88344896153381,0.11655103846619
"Repaid","Not_Repaid",0.529290708517511,0.470709291482489
"Not_Repaid","Not_Repaid",0.929210346666489,0.0707896533335112
"Repaid","Not_Repaid",0.736256723180033,0.263743276819967
"Repaid","Repaid",0.1167001465766,0.8832998534234
"Repaid","Repaid",0.182540126275356,0.817459873724644
"Not_Repaid","Repaid",0.104513999343033,0.895486000656967
"Repaid","Repaid",0.165942854791548,0.834057145208452
"Repaid","Repaid",0.0718892292073786,0.928110770792621
"Not_Repaid","Not_Repaid",0.696215256616908,0.303784743383092
"Repaid","Repaid",0.489235963676199,0.510764036323801
"Not_Repaid","Not_Repaid",0.534326663044979,0.465673336955021
"Not_Repaid","Not_Repaid",0.988679572999634,0.0113204270003658
"Not_Repaid","Not_Repaid",0.944102806459259,0.0558971935407412
"Not_Repaid","Not_Repaid",0.774783953800622,0.225216046199377
"Repaid","Repaid",0.378772123552463,0.621227876447537
"Repaid","Repaid",0.0671593640617686,0.932840635938231
"Not_Repaid","Not_Repaid",0.990683790383451,0.00931620961654925
"Repaid","Repaid",0.0344518064255008,0.965548193574499
"Repaid","Repaid",0.11386409292001,0.88613590707999
"Repaid","Repaid",0.142661852790302,0.857338147209698
"Repaid","Repaid",0.253387037754051,0.746612962245949
"Not_Repaid","Not_Repaid",0.781929614264127,0.218070385735873
"Not_Repaid","Not_Repaid",0.879208007995123,0.120791992004877
"Repaid","Repaid",0.321819851979273,0.678180148020727
"Repaid","Repaid",0.055616192232729,0.944383807767271
"Not_Repaid","Not_Repaid",0.948944887166752,0.0510551128332485
"Not_Repaid","Not_Repaid",0.71376467688588,0.28623532311412
"Repaid","Repaid",0.387091570978183,0.612908429021817
"Not_Repaid","Not_Repaid",0.765386887509892,0.234613112490108
"Repaid","Repaid",0.0369773241485782,0.963022675851422
"Not_Repaid","Not_Repaid",0.557210352066839,0.442789647933161
"Repaid","Repaid",0.0331351376218613,0.966864862378139
"Repaid","Repaid",0.472482999811539,0.527517000188461
"Not_Repaid","Not_Repaid",0.950324044390392,0.0496759556096084
"Repaid","Repaid",0.0803461201841001,0.9196538798159
"Repaid","Repaid",0.0370080019281549,0.962991998071845
"Repaid","Repaid",0.0326837684088443,0.967316231591156
"Repaid","Repaid",0.364705152420036,0.635294847579964
"Not_Repaid","Not_Repaid",0.678584152399479,0.321415847600521
"Not_Repaid","Not_Repaid",0.592788238829973,0.407211761170027
"Repaid","Not_Repaid",0.708294664626351,0.291705335373649
"Repaid","Repaid",0.100429722262428,0.899570277737572
"Repaid","Repaid",0.0382594085240356,0.961740591475964
"Repaid","Not_Repaid",0.642686444668238,0.357313555331762
"Repaid","Not_Repaid",0.849515625311066,0.150484374688934
"Not_Repaid","Not_Repaid",0.941074870511335,0.0589251294886654
"Not_Repaid","Not_Repaid",0.915591423568143,0.084408576431857
"Not_Repaid","Not_Repaid",0.970599744853375,0.0294002551466251
"Repaid","Repaid",0.0854101896463304,0.91458981035367
"Not_Repaid","Not_Repaid",0.87556478920516,0.12443521079484
"Not_Repaid","Not_Repaid",0.681848214395891,0.318151785604109
"Not_Repaid","Not_Repaid",0.894584981042884,0.105415018957116
"Not_Repaid","Not_Repaid",0.994935207595153,0.00506479240484753
"Repaid","Repaid",0.200707046596388,0.799292953403612
"Repaid","Repaid",0.203554381150993,0.796445618849007
"Not_Repaid","Not_Repaid",0.63648210842121,0.36351789157879
"Not_Repaid","Not_Repaid",0.619273568064772,0.380726431935228
"Repaid","Repaid",0.0167758053869032,0.983224194613097
"Repaid","Not_Repaid",0.795243565675741,0.204756434324259
"Not_Repaid","Not_Repaid",0.720399575187755,0.279600424812245
"Not_Repaid","Not_Repaid",0.711876314079997,0.288123685920003
"Not_Repaid","Repaid",0.175185748397906,0.824814251602094
"Not_Repaid","Not_Repaid",0.750900017112376,0.249099982887624
"Repaid","Not_Repaid",0.872667443217881,0.127332556782119
"Not_Repaid","Not_Repaid",0.782587496293343,0.217412503706657
"Repaid","Repaid",0.135268858513383,0.864731141486617
"Repaid","Repaid",0.134719101176568,0.865280898823432
"Repaid","Repaid",0.0310480238063638,0.968951976193636
"Not_Repaid","Not_Repaid",0.88804448173516,0.11195551826484
"Repaid","Repaid",0.12783421916324,0.87216578083676
"Not_Repaid","Repaid",0.470984309243862,0.529015690756138
"Repaid","Repaid",0.278839711638999,0.721160288361001
"Repaid","Repaid",0.119666610680826,0.880333389319174
"Not_Repaid","Not_Repaid",0.940068012102583,0.0599319878974169
"Repaid","Repaid",0.400291716872506,0.599708283127494
"Repaid","Not_Repaid",0.985866121747717,0.0141338782522833
"Repaid","Repaid",0.0562587873350342,0.943741212664966
"Repaid","Repaid",0.293825520368611,0.706174479631389
"Repaid","Repaid",0.0619253255612169,0.938074674438783
"Not_Repaid","Not_Repaid",0.979127814067842,0.0208721859321578
"Not_Repaid","Not_Repaid",0.813085282539044,0.186914717460956
"Not_Repaid","Not_Repaid",0.72790272801643,0.27209727198357
"Not_Repaid","Not_Repaid",0.878797207416766,0.121202792583234
"Repaid","Repaid",0.0334281662974539,0.966571833702546
"Not_Repaid","Not_Repaid",0.925001440251099,0.0749985597489007
"Repaid","Not_Repaid",0.726546057443692,0.273453942556308
"Not_Repaid","Not_Repaid",0.602538397109426,0.397461602890573
"Repaid","Repaid",0.231446623120926,0.768553376879074
"Not_Repaid","Not_Repaid",0.94817329934718,0.0518267006528194
"Not_Repaid","Not_Repaid",0.772231943548425,0.227768056451575
"Repaid","Repaid",0.0590180590718369,0.940981940928163
"Repaid","Repaid",0.0740477594617909,0.925952240538209
"Not_Repaid","Not_Repaid",0.534828202164915,0.465171797835085
"Repaid","Repaid",0.0254901805773919,0.974509819422608
"Repaid","Repaid",0.0370528455830547,0.962947154416945
"Not_Repaid","Not_Repaid",0.918147945078657,0.0818520549213429
"Repaid","Repaid",0.0794319394511146,0.920568060548885
"Not_Repaid","Repaid",0.340338921042613,0.659661078957387
"Not_Repaid","Not_Repaid",0.93088496524718,0.0691150347528195
"Repaid","Not_Repaid",0.534402901348994,0.465597098651006
"Repaid","Repaid",0.118579464645542,0.881420535354458
"Not_Repaid","Repaid",0.265682978051781,0.734317021948219
"Not_Repaid","Not_Repaid",0.66688849088956,0.33311150911044
"Not_Repaid","Not_Repaid",0.992901260130526,0.00709873986947365
"Not_Repaid","Not_Repaid",0.786639588763275,0.213360411236725
"Repaid","Repaid",0.0279600917763485,0.972039908223651
"Not_Repaid","Not_Repaid",0.90791899030719,0.09208100969281
"Not_Repaid","Repaid",0.448891839311633,0.551108160688367
"Repaid","Repaid",0.220059200165725,0.779940799834275
"Repaid","Repaid",0.0709432645417629,0.929056735458237
"Not_Repaid","Not_Repaid",0.878594876878624,0.121405123121376
"Repaid","Repaid",0.424466011857217,0.575533988142783
"Not_Repaid","Not_Repaid",0.536675780364116,0.463324219635884
"Repaid","Repaid",0.0700941684189801,0.92990583158102
"Not_Repaid","Not_Repaid",0.968749198793898,0.0312508012061017
"Repaid","Repaid",0.0767470182662302,0.92325298173377
"Not_Repaid","Not_Repaid",0.87162551580898,0.12837448419102
"Repaid","Repaid",0.222315796141574,0.777684203858426
"Repaid","Repaid",0.0153295488073529,0.984670451192647
"Not_Repaid","Not_Repaid",0.73731363169553,0.26268636830447
"Repaid","Not_Repaid",0.650866656903443,0.349133343096557
"Repaid","Repaid",0.291759979916463,0.708240020083537
"Not_Repaid","Not_Repaid",0.620539869814617,0.379460130185383
"Not_Repaid","Not_Repaid",0.870700711512896,0.129299288487104
"Not_Repaid","Not_Repaid",0.817255682265363,0.182744317734637
"Not_Repaid","Not_Repaid",0.98634309139132,0.0136569086086797
"Repaid","Repaid",0.0501902512817901,0.94980974871821
"Not_Repaid","Not_Repaid",0.548262991410956,0.451737008589044
"Not_Repaid","Repaid",0.199734339287866,0.800265660712134
"Repaid","Repaid",0.498418797052213,0.501581202947787
"Not_Repaid","Not_Repaid",0.587438432073425,0.412561567926575
"Not_Repaid","Not_Repaid",0.836716573108489,0.163283426891511
"Repaid","Not_Repaid",0.842533731944696,0.157466268055304
"Not_Repaid","Not_Repaid",0.864399677903097,0.135600322096903
"Not_Repaid","Not_Repaid",0.881553922577941,0.118446077422059
"Repaid","Repaid",0.0271134581810062,0.972886541818994
"Repaid","Repaid",0.31486498573571,0.68513501426429
"Repaid","Repaid",0.0298013933566198,0.97019860664338
"Repaid","Repaid",0.0735585104135742,0.926441489586426
"Not_Repaid","Not_Repaid",0.764562346048616,0.235437653951384
"Repaid","Not_Repaid",0.802097352799456,0.197902647200544
"Not_Repaid","Not_Repaid",0.872799803339521,0.127200196660479
"Not_Repaid","Not_Repaid",0.890875372426341,0.109124627573659
"Repaid","Repaid",0.0889867874491121,0.911013212550888
"Repaid","Not_Repaid",0.583360065872111,0.416639934127889
"Not_Repaid","Repaid",0.128502793089677,0.871497206910323
"Not_Repaid","Repaid",0.294690096649532,0.705309903350468
"Repaid","Repaid",0.0286506006222966,0.971349399377703
"Repaid","Repaid",0.108089087038534,0.891910912961466
"Not_Repaid","Not_Repaid",0.85533232763505,0.14466767236495
"Repaid","Repaid",0.0455047648773107,0.954495235122689
"Not_Repaid","Repaid",0.470792681920251,0.529207318079749
"Repaid","Repaid",0.0420783913287294,0.957921608671271
"Repaid","Repaid",0.0752708943892232,0.924729105610777
"Repaid","Repaid",0.0656139485464637,0.934386051453536
"Repaid","Repaid",0.0740339446363054,0.925966055363695
"Not_Repaid","Repaid",0.253561437083004,0.746438562916996
"Repaid","Repaid",0.102356260496658,0.897643739503342
"Repaid","Repaid",0.110941701216917,0.889058298783083
"Not_Repaid","Repaid",0.416394583792602,0.583605416207398
"Repaid","Repaid",0.413764610047403,0.586235389952597
"Repaid","Repaid",0.0749561781069636,0.925043821893036
"Repaid","Repaid",0.0299170337228506,0.970082966277149
"Not_Repaid","Not_Repaid",0.974203784510497,0.0257962154895031
"Repaid","Repaid",0.0433574437661212,0.956642556233879
"Repaid","Repaid",0.266098284558683,0.733901715441317
"Not_Repaid","Not_Repaid",0.939103297845953,0.0608967021540474
"Not_Repaid","Not_Repaid",0.957121255491223,0.0428787445087769
"Not_Repaid","Not_Repaid",0.547847397132517,0.452152602867483
"Not_Repaid","Not_Repaid",0.967247371514522,0.0327526284854781
"Repaid","Repaid",0.220235288639894,0.779764711360106
"Repaid","Not_Repaid",0.65786936148914,0.34213063851086
"Repaid","Repaid",0.367509968808639,0.632490031191361
"Repaid","Repaid",0.442047176712167,0.557952823287833
"Repaid","Repaid",0.0292031142711781,0.970796885728822
"Repaid","Repaid",0.393160957596672,0.606839042403328
"Not_Repaid","Repaid",0.183259768181123,0.816740231818877
"Not_Repaid","Not_Repaid",0.77522679008713,0.22477320991287
"Not_Repaid","Not_Repaid",0.562122994915681,0.437877005084319
"Not_Repaid","Not_Repaid",0.994916906820379,0.00508309317962129
"Not_Repaid","Not_Repaid",0.957159783271602,0.0428402167283983
"Repaid","Repaid",0.032308200739795,0.967691799260205
"Not_Repaid","Not_Repaid",0.912190030066305,0.0878099699336947
"Repaid","Repaid",0.0553109464457735,0.944689053554226
"Not_Repaid","Not_Repaid",0.914091984131578,0.0859080158684218
"Repaid","Not_Repaid",0.686324498682361,0.313675501317639
"Not_Repaid","Not_Repaid",0.992264949889726,0.007735050110274
"Not_Repaid","Not_Repaid",0.750943630638174,0.249056369361825
"Repaid","Repaid",0.0495271433342398,0.95047285666576
"Not_Repaid","Not_Repaid",0.701752817502639,0.298247182497361
"Not_Repaid","Not_Repaid",0.962765909930471,0.0372340900695287
"Not_Repaid","Not_Repaid",0.792634668730539,0.207365331269461
"Repaid","Not_Repaid",0.953027903127469,0.0469720968725312
"Repaid","Repaid",0.48750465747698,0.51249534252302
"Repaid","Repaid",0.472114184536529,0.527885815463471
"Repaid","Repaid",0.0417541127643573,0.958245887235643
"Repaid","Repaid",0.0540496251602708,0.945950374839729
"Repaid","Repaid",0.187026561733074,0.812973438266926
"Not_Repaid","Not_Repaid",0.95370062294692,0.0462993770530803
"Not_Repaid","Not_Repaid",0.560783264407252,0.439216735592748
"Not_Repaid","Not_Repaid",0.738850951672709,0.261149048327291
"Not_Repaid","Not_Repaid",0.908053990932318,0.091946009067682
"Repaid","Repaid",0.0213546977315185,0.978645302268481
"Repaid","Repaid",0.230294922006871,0.769705077993129
"Not_Repaid","Not_Repaid",0.657613051127317,0.342386948872683
"Not_Repaid","Not_Repaid",0.87654103479951,0.12345896520049
"Repaid","Not_Repaid",0.781780407276293,0.218219592723707
"Not_Repaid","Not_Repaid",0.532989815743774,0.467010184256226
"Repaid","Repaid",0.135220816649962,0.864779183350038
"Repaid","Repaid",0.145249372762786,0.854750627237214
"Repaid","Repaid",0.0542771335695121,0.945722866430488
"Repaid","Repaid",0.0833100532528888,0.916689946747111
"Repaid","Not_Repaid",0.777118427432667,0.222881572567333
"Repaid","Repaid",0.0278582590142087,0.972141740985791
"Not_Repaid","Not_Repaid",0.817229576874828,0.182770423125172
"Repaid","Repaid",0.0613991792710409,0.938600820728959
"Not_Repaid","Not_Repaid",0.963892960093224,0.0361070399067762
"Not_Repaid","Not_Repaid",0.924258251138379,0.0757417488616211
"Not_Repaid","Not_Repaid",0.895500119007767,0.104499880992233
"Repaid","Repaid",0.0533618015779285,0.946638198422072
"Not_Repaid","Repaid",0.494206816964051,0.505793183035949
"Not_Repaid","Not_Repaid",0.93631580239448,0.0636841976055198
"Not_Repaid","Not_Repaid",0.80843002546118,0.191569974538821
"Not_Repaid","Not_Repaid",0.829007301535275,0.170992698464725
"Repaid","Repaid",0.0300442917334478,0.969955708266552
"Not_Repaid","Not_Repaid",0.974089006772865,0.0259109932271345
"Not_Repaid","Not_Repaid",0.782628921555416,0.217371078444584
"Not_Repaid","Not_Repaid",0.614126136210683,0.385873863789317
"Repaid","Not_Repaid",0.511530106469025,0.488469893530975
"Repaid","Repaid",0.0608684768801223,0.939131523119878
"Repaid","Repaid",0.295573328081255,0.704426671918745
"Not_Repaid","Not_Repaid",0.997631596221266,0.00236840377873395
"Not_Repaid","Repaid",0.200902525604414,0.799097474395586
"Repaid","Repaid",0.0692329355001314,0.930767064499869
"Not_Repaid","Not_Repaid",0.976926737407577,0.0230732625924233
"Repaid","Not_Repaid",0.535852468844277,0.464147531155723
"Not_Repaid","Not_Repaid",0.957852756880094,0.0421472431199056
"Not_Repaid","Not_Repaid",0.994828469102669,0.00517153089733131
"Not_Repaid","Not_Repaid",0.644770353146134,0.355229646853866
"Repaid","Repaid",0.0430317384298177,0.956968261570182
"Repaid","Repaid",0.0821523578431997,0.9178476421568
"Not_Repaid","Repaid",0.497917054535489,0.502082945464511
"Not_Repaid","Not_Repaid",0.941678151404897,0.0583218485951028
"Repaid","Repaid",0.389462226073631,0.610537773926369
"Repaid","Repaid",0.0520599644769655,0.947940035523035
"Repaid","Repaid",0.449830505519159,0.550169494480841
"Repaid","Repaid",0.102103961834174,0.897896038165826
"Repaid","Repaid",0.158609812416969,0.84139018758303
"Repaid","Repaid",0.126760473700893,0.873239526299107
"Repaid","Repaid",0.144497650197429,0.855502349802571
"Not_Repaid","Not_Repaid",0.574797661582327,0.425202338417673
"Not_Repaid","Not_Repaid",0.663778997900035,0.336221002099965
"Repaid","Repaid",0.28166548476382,0.71833451523618
"Not_Repaid","Not_Repaid",0.522360932646982,0.477639067353018
"Repaid","Repaid",0.241777918554957,0.758222081445043
"Not_Repaid","Not_Repaid",0.930588102453101,0.0694118975468993
"Repaid","Not_Repaid",0.930934530704658,0.0690654692953419
"Not_Repaid","Not_Repaid",0.512935682818862,0.487064317181138
"Not_Repaid","Not_Repaid",0.787576579028018,0.212423420971982
"Not_Repaid","Not_Repaid",0.916986045173207,0.0830139548267926
"Not_Repaid","Repaid",0.319808317007119,0.680191682992881
"Repaid","Not_Repaid",0.824785407450945,0.175214592549055
"Not_Repaid","Not_Repaid",0.951992025711992,0.0480079742880081
"Not_Repaid","Repaid",0.132739776159129,0.867260223840871
"Not_Repaid","Not_Repaid",0.654230376801035,0.345769623198965
"Not_Repaid","Not_Repaid",0.93332431601504,0.0666756839849604
"Not_Repaid","Not_Repaid",0.980294462757462,0.0197055372425383
"Not_Repaid","Not_Repaid",0.802931089246911,0.197068910753089
"Not_Repaid","Not_Repaid",0.840235827745403,0.159764172254597
"Not_Repaid","Not_Repaid",0.646198801386552,0.353801198613448
"Repaid","Repaid",0.0336756848512331,0.966324315148767
"Not_Repaid","Not_Repaid",0.98410229955666,0.0158977004433402
"Not_Repaid","Not_Repaid",0.655293347145576,0.344706652854425
"Repaid","Repaid",0.230760222985354,0.769239777014646
"Repaid","Repaid",0.151146320932632,0.848853679067368
"Not_Repaid","Not_Repaid",0.8046157345247,0.1953842654753
"Repaid","Repaid",0.0342030988544741,0.965796901145526
"Repaid","Repaid",0.0419539232757928,0.958046076724207
"Not_Repaid","Not_Repaid",0.701164611317241,0.298835388682759
"Not_Repaid","Not_Repaid",0.989211637568244,0.0107883624317559
"Repaid","Repaid",0.123410934001891,0.876589065998109
"Not_Repaid","Not_Repaid",0.894528721634817,0.105471278365183
"Repaid","Repaid",0.0230243923227565,0.976975607677243
"Repaid","Repaid",0.0182082183572477,0.981791781642752
"Repaid","Repaid",0.117030684076312,0.882969315923688
"Repaid","Repaid",0.0240186297131362,0.975981370286864
"Not_Repaid","Not_Repaid",0.982910943099434,0.017089056900566
"Not_Repaid","Repaid",0.407501272075014,0.592498727924986
"Repaid","Repaid",0.092740531240226,0.907259468759774
"Not_Repaid","Not_Repaid",0.533154185252334,0.466845814747666
"Repaid","Not_Repaid",0.751346414374354,0.248653585625646
"Not_Repaid","Not_Repaid",0.947170540318495,0.0528294596815048
"Repaid","Repaid",0.0667241556105461,0.933275844389454
"Repaid","Repaid",0.149434354458006,0.850565645541994
"Repaid","Repaid",0.0367873484589131,0.963212651541087
"Repaid","Repaid",0.0903906776416831,0.909609322358317
"Not_Repaid","Not_Repaid",0.622862158979648,0.377137841020352
"Not_Repaid","Not_Repaid",0.72550383282912,0.27449616717088
"Repaid","Repaid",0.0217085728295616,0.978291427170438
"Repaid","Repaid",0.087416724276583,0.912583275723417
"Repaid","Repaid",0.057291700750999,0.942708299249001
"Not_Repaid","Not_Repaid",0.770565152628681,0.229434847371319
"Not_Repaid","Not_Repaid",0.784364859484874,0.215635140515126
"Not_Repaid","Not_Repaid",0.945288690456155,0.0547113095438453
"Repaid","Repaid",0.0809818275648766,0.919018172435123
"Not_Repaid","Not_Repaid",0.941936517285096,0.0580634827149039
"Not_Repaid","Not_Repaid",0.960876005673675,0.0391239943263254
"Repaid","Repaid",0.299345447854736,0.700654552145264
"Repaid","Repaid",0.0244394589815489,0.975560541018451
"Repaid","Repaid",0.0801299831323634,0.919870016867637
"Repaid","Repaid",0.0970970539321261,0.902902946067874
"Repaid","Repaid",0.0399923521630697,0.96000764783693
"Not_Repaid","Not_Repaid",0.87930680613254,0.12069319386746
"Repaid","Repaid",0.196161909488955,0.803838090511045
"Repaid","Not_Repaid",0.698533519471009,0.301466480528991
"Not_Repaid","Not_Repaid",0.983218604385977,0.0167813956140232
"Repaid","Repaid",0.0989986589743784,0.901001341025622
"Repaid","Not_Repaid",0.772045247321264,0.227954752678736
"Not_Repaid","Not_Repaid",0.567173675160758,0.432826324839242
"Not_Repaid","Not_Repaid",0.867359384777383,0.132640615222617
"Repaid","Not_Repaid",0.943194757726396,0.0568052422736042
"Not_Repaid","Not_Repaid",0.964526271504307,0.0354737284956925
"Not_Repaid","Not_Repaid",0.647856565573252,0.352143434426748
"Repaid","Repaid",0.09810890072757,0.90189109927243
"Not_Repaid","Not_Repaid",0.817789742247631,0.182210257752369
"Not_Repaid","Not_Repaid",0.737563304102181,0.262436695897819
"Repaid","Repaid",0.255145174273272,0.744854825726728
"Repaid","Repaid",0.0346326694306122,0.965367330569388
"Repaid","Repaid",0.0269539403024197,0.97304605969758
"Not_Repaid","Repaid",0.22080140317536,0.77919859682464
"Not_Repaid","Not_Repaid",0.73487807694077,0.26512192305923
"Not_Repaid","Not_Repaid",0.583103513288048,0.416896486711952
"Not_Repaid","Not_Repaid",0.983267572837103,0.016732427162897
"Not_Repaid","Not_Repaid",0.684035269860194,0.315964730139806
"Not_Repaid","Not_Repaid",0.930179931568712,0.0698200684312882
"Repaid","Repaid",0.37536148697401,0.62463851302599
"Not_Repaid","Not_Repaid",0.941145095069675,0.0588549049303249
"Not_Repaid","Not_Repaid",0.77523018649428,0.22476981350572
"Repaid","Repaid",0.213123959419959,0.786876040580041
"Not_Repaid","Not_Repaid",0.624097435494378,0.375902564505622
"Repaid","Repaid",0.0550371572859278,0.944962842714072
"Repaid","Repaid",0.0331294164918402,0.96687058350816
"Not_Repaid","Not_Repaid",0.650614939556908,0.349385060443092
"Not_Repaid","Not_Repaid",0.980220398860161,0.0197796011398392
"Repaid","Not_Repaid",0.54972598943528,0.45027401056472
"Repaid","Not_Repaid",0.527180010274224,0.472819989725776
"Repaid","Repaid",0.060988394506338,0.939011605493662
"Not_Repaid","Not_Repaid",0.564128921395932,0.435871078604068
"Not_Repaid","Not_Repaid",0.590893138816728,0.409106861183272
"Not_Repaid","Not_Repaid",0.899862825222972,0.100137174777028
"Repaid","Repaid",0.265756156555676,0.734243843444324
"Not_Repaid","Not_Repaid",0.932723183635893,0.0672768163641066
"Repaid","Repaid",0.134015379298932,0.865984620701068
"Repaid","Not_Repaid",0.675170668854407,0.324829331145592
"Repaid","Repaid",0.205401919133641,0.794598080866359
"Not_Repaid","Not_Repaid",0.94001741080413,0.0599825891958699
"Not_Repaid","Not_Repaid",0.784327610597884,0.215672389402116
"Not_Repaid","Not_Repaid",0.529817789932243,0.470182210067757
"Not_Repaid","Not_Repaid",0.97344588031456,0.0265541196854403
"Repaid","Repaid",0.0292821215025146,0.970717878497485
"Not_Repaid","Not_Repaid",0.744380822139188,0.255619177860812
"Repaid","Repaid",0.0234430324089921,0.976556967591008
"Repaid","Not_Repaid",0.615250050467588,0.384749949532412
"Repaid","Repaid",0.055081472050891,0.944918527949109
"Repaid","Repaid",0.0781609094416831,0.921839090558317
"Repaid","Not_Repaid",0.542122907424527,0.457877092575473
"Repaid","Not_Repaid",0.816120170122806,0.183879829877194
"Repaid","Not_Repaid",0.886823047851713,0.113176952148287
"Not_Repaid","Repaid",0.38246308151385,0.61753691848615
"Repaid","Repaid",0.0178913457549504,0.98210865424505
"Repaid","Repaid",0.0208592764615931,0.979140723538407
"Repaid","Repaid",0.152463512451457,0.847536487548543
"Not_Repaid","Not_Repaid",0.923372068349803,0.0766279316501972
"Repaid","Repaid",0.0389247380929644,0.961075261907036
"Repaid","Repaid",0.326586669961517,0.673413330038483
"Repaid","Repaid",0.031718153504663,0.968281846495337
"Not_Repaid","Not_Repaid",0.984919943757544,0.0150800562424561
"Not_Repaid","Not_Repaid",0.963770734246462,0.0362292657535383
"Not_Repaid","Not_Repaid",0.804633871587506,0.195366128412494
"Not_Repaid","Not_Repaid",0.854469503016416,0.145530496983584
"Repaid","Repaid",0.06677217889762,0.93322782110238
"Not_Repaid","Not_Repaid",0.954989488126289,0.0450105118737109
"Not_Repaid","Repaid",0.0822493643679391,0.917750635632061
"Not_Repaid","Repaid",0.359462025746764,0.640537974253236
"Not_Repaid","Not_Repaid",0.740529367772897,0.259470632227103
"Not_Repaid","Not_Repaid",0.997309656563501,0.00269034343649873
"Not_Repaid","Not_Repaid",0.779430392184524,0.220569607815476
"Not_Repaid","Not_Repaid",0.770301110734227,0.229698889265773
"Not_Repaid","Not_Repaid",0.930922723157949,0.0690772768420515
"Repaid","Repaid",0.133270413566112,0.866729586433888
"Not_Repaid","Not_Repaid",0.705990536538584,0.294009463461416
"Repaid","Repaid",0.376809230912749,0.623190769087251
"Not_Repaid","Not_Repaid",0.934057673107925,0.0659423268920746
"Not_Repaid","Not_Repaid",0.675326559025088,0.324673440974912
"Repaid","Repaid",0.0493917476280344,0.950608252371966
"Not_Repaid","Not_Repaid",0.913892094272989,0.0861079057270109
"Not_Repaid","Not_Repaid",0.861742438393356,0.138257561606644
"Not_Repaid","Not_Repaid",0.909862915830291,0.0901370841697094
"Not_Repaid","Not_Repaid",0.746825660444394,0.253174339555606
"Not_Repaid","Not_Repaid",0.894460844081254,0.105539155918746
"Not_Repaid","Not_Repaid",0.875064327702494,0.124935672297506
"Not_Repaid","Repaid",0.261364809673255,0.738635190326745
"Not_Repaid","Not_Repaid",0.509753021124163,0.490246978875837
"Not_Repaid","Not_Repaid",0.954175843065685,0.0458241569343148
"Not_Repaid","Repaid",0.175125546607637,0.824874453392363
"Repaid","Repaid",0.0908671191822021,0.909132880817798
"Repaid","Repaid",0.227110082220823,0.772889917779177
"Repaid","Repaid",0.107826543399249,0.892173456600751
"Not_Repaid","Not_Repaid",0.695639094733447,0.304360905266553
"Repaid","Repaid",0.0544185950980358,0.945581404901964
"Repaid","Repaid",0.102472975488394,0.897527024511606
"Repaid","Repaid",0.11588288063551,0.88411711936449
"Repaid","Repaid",0.0602567804399825,0.939743219560017
"Not_Repaid","Not_Repaid",0.571654044721643,0.428345955278357
"Not_Repaid","Not_Repaid",0.503737212044637,0.496262787955363
"Repaid","Repaid",0.360229686919706,0.639770313080294
"Repaid","Repaid",0.304065638772836,0.695934361227164
"Not_Repaid","Repaid",0.213280716491864,0.786719283508136
"Repaid","Repaid",0.0285298354015033,0.971470164598497
"Not_Repaid","Not_Repaid",0.896921913337502,0.103078086662498
"Not_Repaid","Not_Repaid",0.987911449566958,0.0120885504330418
"Repaid","Repaid",0.0744412671822176,0.925558732817782
"Repaid","Not_Repaid",0.696832404345882,0.303167595654118
"Repaid","Repaid",0.275000443671948,0.724999556328052
"Not_Repaid","Not_Repaid",0.752598350665964,0.247401649334036
"Repaid","Repaid",0.0890399275319163,0.910960072468084
"Not_Repaid","Repaid",0.14101512447357,0.85898487552643
"Not_Repaid","Not_Repaid",0.74965028462162,0.25034971537838
"Repaid","Repaid",0.0962123551500376,0.903787644849962
"Repaid","Repaid",0.327763912191636,0.672236087808364
"Not_Repaid","Repaid",0.299220189275021,0.700779810724979
"Not_Repaid","Not_Repaid",0.708270060083542,0.291729939916458
"Repaid","Repaid",0.0142150478284288,0.985784952171571
"Not_Repaid","Not_Repaid",0.903030680465959,0.0969693195340415
"Repaid","Repaid",0.0137062731994303,0.98629372680057
"Not_Repaid","Not_Repaid",0.91469597935131,0.0853040206486897
"Not_Repaid","Not_Repaid",0.535108541330712,0.464891458669289
"Not_Repaid","Not_Repaid",0.983365887844292,0.0166341121557077
"Not_Repaid","Repaid",0.499408505115968,0.500591494884032
"Repaid","Repaid",0.36992622369972,0.63007377630028
"Not_Repaid","Not_Repaid",0.953113820246657,0.0468861797533428
"Not_Repaid","Repaid",0.207724117625472,0.792275882374528
"Not_Repaid","Not_Repaid",0.920647230355786,0.0793527696442136
"Repaid","Repaid",0.217480761549757,0.782519238450243
"Not_Repaid","Not_Repaid",0.949430728536656,0.0505692714633443
"Repaid","Repaid",0.147337126127978,0.852662873872022
"Not_Repaid","Repaid",0.193647494573675,0.806352505426325
"Not_Repaid","Not_Repaid",0.774707477456649,0.225292522543351
"Repaid","Repaid",0.316287549890238,0.683712450109762
"Not_Repaid","Not_Repaid",0.997444221908149,0.00255577809185117
"Repaid","Repaid",0.213878454305641,0.786121545694359
"Not_Repaid","Not_Repaid",0.712857656851237,0.287142343148762
"Repaid","Repaid",0.210431285262209,0.789568714737791
"Not_Repaid","Not_Repaid",0.632544539443414,0.367455460556586
"Repaid","Repaid",0.0339845393141575,0.966015460685843
"Repaid","Repaid",0.0401940961747157,0.959805903825284
"Repaid","Not_Repaid",0.672873799992772,0.327126200007228
"Repaid","Repaid",0.147122166847649,0.852877833152351
"Not_Repaid","Not_Repaid",0.927223639889305,0.0727763601106946
"Not_Repaid","Repaid",0.457843025929053,0.542156974070947
"Repaid","Repaid",0.0362504447273869,0.963749555272613
"Not_Repaid","Repaid",0.076420680811324,0.923579319188676
"Repaid","Repaid",0.165340457425145,0.834659542574855
"Repaid","Repaid",0.377747112324737,0.622252887675263
"Repaid","Repaid",0.221473239250219,0.778526760749781
"Repaid","Not_Repaid",0.734555120693794,0.265444879306206
"Not_Repaid","Not_Repaid",0.606004522665488,0.393995477334512
"Not_Repaid","Not_Repaid",0.942722186163199,0.0572778138368011
"Repaid","Repaid",0.237304990340001,0.762695009659999
"Not_Repaid","Not_Repaid",0.712259595225867,0.287740404774133
"Repaid","Repaid",0.367713219875286,0.632286780124714
"Not_Repaid","Repaid",0.193413002322715,0.806586997677285
"Not_Repaid","Not_Repaid",0.913384650016827,0.0866153499831731
"Not_Repaid","Not_Repaid",0.723905968876784,0.276094031123216
"Not_Repaid","Not_Repaid",0.854987189726574,0.145012810273426
"Repaid","Repaid",0.0555952994026058,0.944404700597394
"Not_Repaid","Not_Repaid",0.976713185550612,0.0232868144493878
"Not_Repaid","Not_Repaid",0.774939235558023,0.225060764441977
"Repaid","Repaid",0.0130297969480445,0.986970203051955
"Repaid","Repaid",0.233367451591117,0.766632548408883
"Not_Repaid","Not_Repaid",0.985191066299476,0.0148089337005236
"Repaid","Repaid",0.0635813768279252,0.936418623172075
"Not_Repaid","Not_Repaid",0.786699808225172,0.213300191774828
"Repaid","Repaid",0.208975128081652,0.791024871918348
"Not_Repaid","Not_Repaid",0.871172993262236,0.128827006737764
"Not_Repaid","Not_Repaid",0.850586108272684,0.149413891727316
"Not_Repaid","Not_Repaid",0.943088167554225,0.0569118324457752
"Repaid","Not_Repaid",0.560191280798834,0.439808719201166
"Repaid","Repaid",0.118368995414482,0.881631004585518
"Not_Repaid","Repaid",0.448590571023425,0.551409428976575
"Repaid","Repaid",0.385632593491727,0.614367406508273
"Not_Repaid","Not_Repaid",0.696141964613154,0.303858035386846
"Not_Repaid","Not_Repaid",0.692478422924829,0.307521577075171
"Repaid","Repaid",0.125507878870374,0.874492121129626
"Not_Repaid","Not_Repaid",0.929703002623723,0.0702969973762766
"Repaid","Not_Repaid",0.676517241655747,0.323482758344253
"Repaid","Repaid",0.0316128574584841,0.968387142541516
"Repaid","Repaid",0.0247981629287828,0.975201837071217
"Not_Repaid","Not_Repaid",0.668963668472043,0.331036331527957
"Not_Repaid","Repaid",0.428542865702902,0.571457134297098
"Not_Repaid","Not_Repaid",0.972682251837206,0.0273177481627944
"Repaid","Repaid",0.201336850437449,0.798663149562551
"Not_Repaid","Not_Repaid",0.585386882930554,0.414613117069446
"Not_Repaid","Not_Repaid",0.737603838684709,0.262396161315291
"Repaid","Not_Repaid",0.579584137350917,0.420415862649083
"Repaid","Repaid",0.0222325234692102,0.97776747653079
"Not_Repaid","Not_Repaid",0.90483729897764,0.0951627010223603
"Repaid","Repaid",0.443024106104319,0.556975893895681
"Not_Repaid","Not_Repaid",0.963336897426658,0.0366631025733418
"Repaid","Repaid",0.092680287002651,0.907319712997349
"Not_Repaid","Not_Repaid",0.654742324599699,0.345257675400301
"Not_Repaid","Not_Repaid",0.98319313702489,0.0168068629751094
"Not_Repaid","Not_Repaid",0.551959784195181,0.448040215804819
"Not_Repaid","Not_Repaid",0.682620147947376,0.317379852052624
"Not_Repaid","Not_Repaid",0.967807350976435,0.032192649023565
"Repaid","Repaid",0.170863451773736,0.829136548226264
"Repaid","Repaid",0.147132011427198,0.852867988572802
"Not_Repaid","Not_Repaid",0.991954746309629,0.00804525369037084
"Repaid","Repaid",0.014173448497765,0.985826551502235
"Repaid","Repaid",0.314293015041588,0.685706984958412
"Not_Repaid","Repaid",0.150356155614161,0.849643844385839
"Not_Repaid","Not_Repaid",0.91159307711186,0.0884069228881405
"Repaid","Repaid",0.0507379689282369,0.949262031071763
"Not_Repaid","Not_Repaid",0.996248711648041,0.00375128835195904
"Repaid","Repaid",0.104460726875937,0.895539273124063
"Not_Repaid","Not_Repaid",0.977278608499935,0.0227213915000652
"Not_Repaid","Repaid",0.0512817286190023,0.948718271380998
"Repaid","Repaid",0.0158138102309618,0.984186189769038
"Repaid","Repaid",0.118933414420682,0.881066585579318
"Not_Repaid","Not_Repaid",0.759532921648171,0.240467078351829
"Not_Repaid","Not_Repaid",0.810408741079426,0.189591258920574
"Not_Repaid","Not_Repaid",0.872449154797239,0.127550845202761
"Repaid","Not_Repaid",0.529694155118656,0.470305844881344
"Not_Repaid","Not_Repaid",0.735395117620969,0.26460488237903
"Not_Repaid","Not_Repaid",0.975707722854222,0.0242922771457783
"Repaid","Not_Repaid",0.662994827876362,0.337005172123638
"Repaid","Repaid",0.0874005777205596,0.91259942227944
"Not_Repaid","Not_Repaid",0.765512497864334,0.234487502135666
"Not_Repaid","Not_Repaid",0.945979066644001,0.0540209333559989
"Repaid","Not_Repaid",0.694399970228877,0.305600029771123
"Repaid","Repaid",0.198096108438832,0.801903891561168
"Not_Repaid","Repaid",0.281039376986078,0.718960623013922
"Repaid","Repaid",0.463135834222924,0.536864165777076
"Repaid","Not_Repaid",0.893237306828911,0.106762693171089
"Not_Repaid","Not_Repaid",0.989677711450195,0.0103222885498052
"Not_Repaid","Not_Repaid",0.995526408905092,0.00447359109490793
"Repaid","Repaid",0.125405891309278,0.874594108690722
"Not_Repaid","Not_Repaid",0.535703935625725,0.464296064374275
"Not_Repaid","Not_Repaid",0.986038000687997,0.0139619993120035
"Not_Repaid","Not_Repaid",0.715903326024209,0.284096673975791
"Not_Repaid","Not_Repaid",0.644493065768093,0.355506934231907
"Not_Repaid","Repaid",0.410239550202612,0.589760449797388
"Not_Repaid","Not_Repaid",0.530880522798175,0.469119477201825
"Repaid","Repaid",0.0733336884052562,0.926666311594744
"Repaid","Repaid",0.101541693540662,0.898458306459338
"Not_Repaid","Not_Repaid",0.828570443615677,0.171429556384323
"Repaid","Repaid",0.132065514572448,0.867934485427552
"Repaid","Not_Repaid",0.558808953444858,0.441191046555142
"Not_Repaid","Repaid",0.302176960854066,0.697823039145934
"Not_Repaid","Repaid",0.19975694369948,0.80024305630052
"Repaid","Repaid",0.0475531707659554,0.952446829234045
"Not_Repaid","Not_Repaid",0.79792127017138,0.20207872982862
"Repaid","Repaid",0.127202686797007,0.872797313202993
"Not_Repaid","Not_Repaid",0.834600330592237,0.165399669407763
"Repaid","Repaid",0.0742664813133765,0.925733518686623
"Repaid","Repaid",0.0218783884174193,0.978121611582581
"Not_Repaid","Not_Repaid",0.707913429935286,0.292086570064714
"Repaid","Repaid",0.0194671520929364,0.980532847907064
"Repaid","Repaid",0.434829277013076,0.565170722986924
"Repaid","Repaid",0.196995848600544,0.803004151399456
"Not_Repaid","Not_Repaid",0.802136663139144,0.197863336860856
"Repaid","Not_Repaid",0.654958816588286,0.345041183411714
"Repaid","Repaid",0.318375630244957,0.681624369755043
"Not_Repaid","Not_Repaid",0.659735833139744,0.340264166860256
"Not_Repaid","Repaid",0.323043547465974,0.676956452534026
"Not_Repaid","Not_Repaid",0.910250885982635,0.0897491140173652
"Repaid","Repaid",0.0399290717532383,0.960070928246762
"Repaid","Not_Repaid",0.634741530464112,0.365258469535888
"Not_Repaid","Not_Repaid",0.587625664048615,0.412374335951385
"Repaid","Repaid",0.354549807314936,0.645450192685064
"Repaid","Repaid",0.023004245370899,0.976995754629101
"Repaid","Repaid",0.0742540273095509,0.925745972690449
"Repaid","Repaid",0.436610025774275,0.563389974225725
"Not_Repaid","Repaid",0.113870319776084,0.886129680223916
"Not_Repaid","Repaid",0.43747136298943,0.56252863701057
"Repaid","Not_Repaid",0.838599070268705,0.161400929731295
"Repaid","Repaid",0.115710452962554,0.884289547037446
"Repaid","Repaid",0.0451987434139446,0.954801256586055
"Not_Repaid","Not_Repaid",0.786364640536199,0.213635359463801
"Not_Repaid","Not_Repaid",0.594891049345501,0.405108950654499
"Repaid","Repaid",0.102400420669682,0.897599579330318
"Repaid","Repaid",0.260001237093804,0.739998762906196
"Repaid","Repaid",0.49720971990455,0.50279028009545
"Not_Repaid","Not_Repaid",0.947606350324765,0.0523936496752352
"Not_Repaid","Not_Repaid",0.72217168278887,0.27782831721113
"Repaid","Repaid",0.136002665872646,0.863997334127354
"Not_Repaid","Not_Repaid",0.936409784587401,0.063590215412599
"Not_Repaid","Not_Repaid",0.947695589574989,0.0523044104250107
"Repaid","Not_Repaid",0.659524867341822,0.340475132658178
"Not_Repaid","Not_Repaid",0.73535128164444,0.26464871835556
"Not_Repaid","Not_Repaid",0.886849474281304,0.113150525718696
"Not_Repaid","Repaid",0.442563288984983,0.557436711015017
"Repaid","Repaid",0.0688284992650674,0.931171500734933
"Not_Repaid","Repaid",0.379553393206835,0.620446606793165
"Repaid","Repaid",0.314823514343728,0.685176485656272
"Not_Repaid","Not_Repaid",0.568176914105115,0.431823085894885
"Not_Repaid","Repaid",0.469671470789637,0.530328529210363
"Repaid","Repaid",0.144993494211287,0.855006505788713
"Not_Repaid","Not_Repaid",0.890382562178548,0.109617437821452
"Not_Repaid","Not_Repaid",0.925377748041958,0.0746222519580415
"Not_Repaid","Not_Repaid",0.85169332006018,0.14830667993982
"Repaid","Repaid",0.227518345557777,0.772481654442223
"Not_Repaid","Not_Repaid",0.63142496206681,0.36857503793319
"Repaid","Repaid",0.085743206039416,0.914256793960584
"Repaid","Not_Repaid",0.58349808484869,0.41650191515131
"Not_Repaid","Not_Repaid",0.959906864716729,0.0400931352832709
"Repaid","Not_Repaid",0.558016611830487,0.441983388169513
"Not_Repaid","Not_Repaid",0.878165803268603,0.121834196731397
"Not_Repaid","Not_Repaid",0.97869150633392,0.0213084936660797
"Not_Repaid","Not_Repaid",0.959710109795588,0.0402898902044124
"Repaid","Repaid",0.403814111219145,0.596185888780855
"Repaid","Repaid",0.0252270961547978,0.974772903845202
"Not_Repaid","Repaid",0.103888345812683,0.896111654187317
"Repaid","Repaid",0.0920193636259348,0.907980636374065
"Not_Repaid","Not_Repaid",0.924788271817882,0.0752117281821175
"Repaid","Repaid",0.240532059069648,0.759467940930352
"Not_Repaid","Not_Repaid",0.842567129494796,0.157432870505204
"Repaid","Repaid",0.0724306507433565,0.927569349256643
"Repaid","Repaid",0.0206312322258547,0.979368767774145
"Not_Repaid","Repaid",0.110375565248514,0.889624434751486
"Not_Repaid","Not_Repaid",0.989729944885968,0.0102700551140322
"Not_Repaid","Not_Repaid",0.986903956599475,0.0130960434005254
"Not_Repaid","Not_Repaid",0.910659310254859,0.0893406897451414
"Repaid","Repaid",0.345171520247664,0.654828479752336
"Not_Repaid","Not_Repaid",0.707371995379681,0.292628004620319
"Repaid","Repaid",0.139827421885069,0.860172578114931
"Not_Repaid","Repaid",0.329369601708317,0.670630398291683
"Repaid","Repaid",0.13518418497675,0.86481581502325
"Repaid","Repaid",0.358711014725947,0.641288985274053
"Repaid","Repaid",0.0374227055403736,0.962577294459626
"Not_Repaid","Not_Repaid",0.831748063295433,0.168251936704567
"Not_Repaid","Not_Repaid",0.919833134591278,0.0801668654087216
"Not_Repaid","Repaid",0.359236457252185,0.640763542747815
"Repaid","Repaid",0.060497067561577,0.939502932438423
"Not_Repaid","Repaid",0.445874801849918,0.554125198150082
"Repaid","Repaid",0.0207502113481254,0.979249788651875
"Repaid","Not_Repaid",0.676749034949554,0.323250965050446
"Not_Repaid","Not_Repaid",0.954798520047007,0.0452014799529927
"Repaid","Not_Repaid",0.798286204410668,0.201713795589332
"Repaid","Repaid",0.0214514239211129,0.978548576078887
"Not_Repaid","Not_Repaid",0.889551751970172,0.110448248029828
"Repaid","Repaid",0.0729031997420269,0.927096800257973
"Repaid","Repaid",0.252034195093088,0.747965804906912
"Not_Repaid","Not_Repaid",0.55834164518718,0.44165835481282
"Repaid","Repaid",0.155448179675019,0.844551820324981
"Repaid","Repaid",0.0338642063105361,0.966135793689464
"Not_Repaid","Not_Repaid",0.895272431944551,0.104727568055449
"Not_Repaid","Not_Repaid",0.831775982529384,0.168224017470616
"Not_Repaid","Not_Repaid",0.636061959946141,0.363938040053859
"Repaid","Not_Repaid",0.919168538109576,0.0808314618904235
"Not_Repaid","Not_Repaid",0.984272205233069,0.0157277947669313
"Not_Repaid","Repaid",0.283914096789984,0.716085903210016
"Not_Repaid","Not_Repaid",0.969930812148782,0.0300691878512183
"Not_Repaid","Not_Repaid",0.785562190393448,0.214437809606552
"Not_Repaid","Not_Repaid",0.965328219188471,0.0346717808115293
"Repaid","Repaid",0.0510158593524394,0.948984140647561
"Not_Repaid","Not_Repaid",0.772673833990552,0.227326166009448
"Repaid","Repaid",0.0361076463304785,0.963892353669522
"Not_Repaid","Not_Repaid",0.823064419392404,0.176935580607595
"Repaid","Not_Repaid",0.664314737359226,0.335685262640774
"Repaid","Repaid",0.080114317904005,0.919885682095995
"Not_Repaid","Not_Repaid",0.887167542062197,0.112832457937803
"Repaid","Repaid",0.346558503148125,0.653441496851875
"Repaid","Repaid",0.20115093298283,0.79884906701717
"Not_Repaid","Not_Repaid",0.990733021177086,0.00926697882291415
"Not_Repaid","Repaid",0.16982396132058,0.83017603867942
"Repaid","Repaid",0.0569353024379758,0.943064697562024
"Repaid","Repaid",0.0686225209202135,0.931377479079787
"Repaid","Repaid",0.494213326646199,0.505786673353801
"Repaid","Repaid",0.0864177306670646,0.913582269332935
"Repaid","Repaid",0.399443356976007,0.600556643023993
"Repaid","Repaid",0.201799164745644,0.798200835254356
"Not_Repaid","Not_Repaid",0.62227240069229,0.37772759930771
"Not_Repaid","Not_Repaid",0.954390706794834,0.0456092932051663
"Repaid","Repaid",0.256227172104802,0.743772827895198
"Repaid","Repaid",0.0972862336148241,0.902713766385176
"Repaid","Repaid",0.164907169324919,0.835092830675081
"Not_Repaid","Not_Repaid",0.859590673139899,0.140409326860101
"Repaid","Repaid",0.134252349977016,0.865747650022984
"Not_Repaid","Repaid",0.2517198458038,0.7482801541962
"Repaid","Repaid",0.175203356270234,0.824796643729766
"Repaid","Not_Repaid",0.571883613464074,0.428116386535926
"Repaid","Repaid",0.476240102267588,0.523759897732412
"Not_Repaid","Repaid",0.400141050921012,0.599858949078988
"Repaid","Repaid",0.0787718150026296,0.92122818499737
"Repaid","Repaid",0.194302530607344,0.805697469392656
"Repaid","Repaid",0.0740938058814028,0.925906194118597
"Not_Repaid","Not_Repaid",0.567837941524004,0.432162058475996
"Repaid","Repaid",0.103121017519827,0.896878982480173
"Not_Repaid","Not_Repaid",0.702828334199123,0.297171665800877
"Not_Repaid","Repaid",0.341289741163219,0.658710258836781
"Repaid","Repaid",0.0237721073028708,0.976227892697129
"Repaid","Not_Repaid",0.840104688562296,0.159895311437704
"Not_Repaid","Repaid",0.495757946818913,0.504242053181087
"Repaid","Repaid",0.0614854485434726,0.938514551456527
"Not_Repaid","Repaid",0.406996612117047,0.593003387882953
"Repaid","Repaid",0.095443546113831,0.904556453886169
"Not_Repaid","Not_Repaid",0.973789567852018,0.0262104321479821
"Not_Repaid","Not_Repaid",0.960169661243897,0.0398303387561032
"Not_Repaid","Not_Repaid",0.845104459958622,0.154895540041378
"Repaid","Repaid",0.212812986056607,0.787187013943393
"Not_Repaid","Repaid",0.290994944793058,0.709005055206942
"Not_Repaid","Not_Repaid",0.785172321436137,0.214827678563863
"Repaid","Repaid",0.0763584797802248,0.923641520219775
"Repaid","Repaid",0.296949387424783,0.703050612575217
"Repaid","Repaid",0.344686345389248,0.655313654610752
"Not_Repaid","Not_Repaid",0.712622976239741,0.287377023760259
"Repaid","Repaid",0.0407459282710259,0.959254071728974
"Repaid","Not_Repaid",0.928137544693456,0.0718624553065444
"Repaid","Repaid",0.0757272169204831,0.924272783079517
"Repaid","Not_Repaid",0.623669514837382,0.376330485162618
"Repaid","Repaid",0.293031041986081,0.70696895801392
"Repaid","Repaid",0.147935694740665,0.852064305259335
"Not_Repaid","Not_Repaid",0.779374323957598,0.220625676042402
"Not_Repaid","Not_Repaid",0.912112171136627,0.0878878288633733
"Repaid","Repaid",0.171568922078923,0.828431077921077
"Not_Repaid","Not_Repaid",0.52033199558353,0.47966800441647
"Repaid","Repaid",0.314262438328861,0.685737561671139
"Repaid","Not_Repaid",0.684244378975514,0.315755621024486
"Repaid","Not_Repaid",0.635342216510488,0.364657783489512
"Repaid","Repaid",0.224994867453487,0.775005132546513
"Repaid","Repaid",0.168976540476539,0.831023459523461
"Repaid","Repaid",0.150272442308993,0.849727557691007
"Repaid","Repaid",0.0243716301567195,0.97562836984328
"Not_Repaid","Not_Repaid",0.622545356905223,0.377454643094777
"Not_Repaid","Not_Repaid",0.987059018738039,0.0129409812619614
"Not_Repaid","Not_Repaid",0.953799968921014,0.0462000310789855
"Repaid","Repaid",0.142901102808846,0.857098897191154
"Repaid","Repaid",0.0456199935951451,0.954380006404855
"Repaid","Repaid",0.0863060045361729,0.913693995463827
"Not_Repaid","Not_Repaid",0.665938336934567,0.334061663065433
"Repaid","Repaid",0.167684491762088,0.832315508237912
"Not_Repaid","Not_Repaid",0.9737807976537,0.0262192023463
"Not_Repaid","Repaid",0.061750607547337,0.938249392452663
"Repaid","Repaid",0.0728983720264396,0.92710162797356
"Not_Repaid","Not_Repaid",0.970777749592718,0.0292222504072822
"Not_Repaid","Not_Repaid",0.651015182999739,0.348984817000261
"Not_Repaid","Not_Repaid",0.838341150799057,0.161658849200943
"Repaid","Repaid",0.0597647872650644,0.940235212734936
"Not_Repaid","Not_Repaid",0.99281725221826,0.00718274778174024
"Repaid","Not_Repaid",0.671277542245325,0.328722457754675
"Not_Repaid","Not_Repaid",0.993291830110019,0.00670816988998084
"Not_Repaid","Not_Repaid",0.893342299512016,0.106657700487984
"Not_Repaid","Repaid",0.212317107042962,0.787682892957038
"Repaid","Repaid",0.0749265671231056,0.925073432876894
"Not_Repaid","Not_Repaid",0.661645524569427,0.338354475430573
"Repaid","Not_Repaid",0.98788558238722,0.0121144176127802
"Repaid","Repaid",0.026328479509011,0.973671520490989
"Repaid","Repaid",0.0506601389325561,0.949339861067444
"Not_Repaid","Not_Repaid",0.974395891091032,0.025604108908968
"Not_Repaid","Not_Repaid",0.944851218256518,0.0551487817434824
"Not_Repaid","Not_Repaid",0.949554263135828,0.050445736864172
"Not_Repaid","Repaid",0.499275577589891,0.500724422410109
"Repaid","Repaid",0.193217431936109,0.806782568063891
"Repaid","Repaid",0.0563847268068101,0.94361527319319
"Not_Repaid","Not_Repaid",0.995988023996644,0.0040119760033563
"Repaid","Repaid",0.0498798703770067,0.950120129622993
"Repaid","Repaid",0.0337878863284679,0.966212113671532
"Not_Repaid","Not_Repaid",0.871115041965022,0.128884958034978
"Not_Repaid","Not_Repaid",0.678448331199627,0.321551668800373
"Not_Repaid","Not_Repaid",0.871365348728257,0.128634651271743
"Repaid","Repaid",0.110315246374447,0.889684753625553
"Not_Repaid","Not_Repaid",0.85583446490995,0.14416553509005
"Not_Repaid","Not_Repaid",0.977534301894519,0.0224656981054808
"Repaid","Repaid",0.194500128961166,0.805499871038834
"Not_Repaid","Not_Repaid",0.868269378483857,0.131730621516143
"Repaid","Repaid",0.278801443322583,0.721198556677417
"Repaid","Repaid",0.0894952626520839,0.910504737347916
"Repaid","Repaid",0.352526349299708,0.647473650700292
"Not_Repaid","Repaid",0.192358339419711,0.807641660580289
"Not_Repaid","Not_Repaid",0.903136216249526,0.096863783750474
"Repaid","Repaid",0.0289455756356641,0.971054424364336
"Not_Repaid","Repaid",0.493634545029232,0.506365454970768
"Not_Repaid","Not_Repaid",0.987599807426764,0.0124001925732365
"Repaid","Repaid",0.0741995145104285,0.925800485489572
"Not_Repaid","Repaid",0.189001408934817,0.810998591065183
"Repaid","Repaid",0.141312394250747,0.858687605749253
"Not_Repaid","Not_Repaid",0.600639109093456,0.399360890906544
"Not_Repaid","Not_Repaid",0.915051839203489,0.0849481607965113
"Repaid","Repaid",0.35706128368384,0.64293871631616
"Not_Repaid","Not_Repaid",0.985394363005321,0.0146056369946793
"Not_Repaid","Not_Repaid",0.96386869584438,0.0361313041556197
"Not_Repaid","Not_Repaid",0.981962725026043,0.0180372749739566
"Not_Repaid","Repaid",0.49639263083193,0.50360736916807
"Repaid","Repaid",0.0164407497327961,0.983559250267204
"Repaid","Not_Repaid",0.574282529654219,0.425717470345781
"Repaid","Not_Repaid",0.99485367700229,0.00514632299770945
"Not_Repaid","Not_Repaid",0.99144409648024,0.00855590351975979
"Not_Repaid","Not_Repaid",0.966703706889169,0.0332962931108307
"Not_Repaid","Not_Repaid",0.976098073058336,0.0239019269416638
"Not_Repaid","Not_Repaid",0.690350977310269,0.309649022689731
"Not_Repaid","Not_Repaid",0.945917057666729,0.0540829423332714
"Repaid","Repaid",0.270811118488307,0.729188881511693
"Not_Repaid","Not_Repaid",0.922360256691552,0.0776397433084483
"Not_Repaid","Repaid",0.440439010177244,0.559560989822756
"Not_Repaid","Not_Repaid",0.969769885057522,0.030230114942478
"Repaid","Repaid",0.108624512145119,0.891375487854881
"Repaid","Repaid",0.0227576224297222,0.977242377570278
"Not_Repaid","Not_Repaid",0.65585776353969,0.34414223646031
"Repaid","Repaid",0.0848741640256717,0.915125835974328
"Not_Repaid","Not_Repaid",0.892330012640365,0.107669987359635
"Not_Repaid","Repaid",0.163318601353958,0.836681398646042
"Not_Repaid","Not_Repaid",0.6854493483341,0.3145506516659
"Not_Repaid","Not_Repaid",0.968327424344049,0.0316725756559512
"Not_Repaid","Not_Repaid",0.927145716520508,0.072854283479492
"Not_Repaid","Repaid",0.05781125781965,0.94218874218035
"Not_Repaid","Not_Repaid",0.991721183602184,0.00827881639781634
"Repaid","Not_Repaid",0.68165826338078,0.31834173661922
"Repaid","Repaid",0.451221265122157,0.548778734877843
"Not_Repaid","Not_Repaid",0.86515759224044,0.13484240775956
"Not_Repaid","Not_Repaid",0.532298058674927,0.467701941325073
"Repaid","Repaid",0.458627118128227,0.541372881871773
"Not_Repaid","Not_Repaid",0.552305235955013,0.447694764044987
"Not_Repaid","Not_Repaid",0.714910242823971,0.285089757176029
"Repaid","Repaid",0.309151819769693,0.690848180230307
"Repaid","Repaid",0.158122816753833,0.841877183246167
"Not_Repaid","Not_Repaid",0.633657769504183,0.366342230495817
"Repaid","Repaid",0.0781582907800952,0.921841709219905
"Not_Repaid","Repaid",0.120249366373764,0.879750633626236
"Not_Repaid","Repaid",0.291334817330392,0.708665182669608
"Repaid","Repaid",0.0658340781914613,0.934165921808539
"Not_Repaid","Not_Repaid",0.690165234756768,0.309834765243232
"Repaid","Repaid",0.156414779599326,0.843585220400674
"Repaid","Not_Repaid",0.772554124198333,0.227445875801667
"Not_Repaid","Repaid",0.181677679779594,0.818322320220406
"Not_Repaid","Not_Repaid",0.720678952965171,0.279321047034829
"Not_Repaid","Not_Repaid",0.927572582588002,0.0724274174119976
"Not_Repaid","Not_Repaid",0.921342552437926,0.0786574475620738
"Not_Repaid","Not_Repaid",0.510079849710387,0.489920150289613
"Not_Repaid","Not_Repaid",0.936654942963148,0.063345057036852
"Repaid","Not_Repaid",0.714048367820425,0.285951632179575
"Not_Repaid","Not_Repaid",0.887857479043284,0.112142520956716
"Not_Repaid","Not_Repaid",0.62583332565086,0.37416667434914
"Repaid","Not_Repaid",0.713929548403089,0.286070451596911
"Not_Repaid","Not_Repaid",0.723450424239936,0.276549575760064
"Repaid","Not_Repaid",0.948437788433228,0.0515622115667716
"Not_Repaid","Not_Repaid",0.682166103912018,0.317833896087982
"Not_Repaid","Not_Repaid",0.945954414210902,0.0540455857890984
"Repaid","Repaid",0.0443102648273215,0.955689735172679
"Repaid","Repaid",0.057181951735904,0.942818048264096
"Not_Repaid","Not_Repaid",0.628682028232727,0.371317971767273
"Repaid","Repaid",0.0848932559374234,0.915106744062577
"Repaid","Repaid",0.29259604338611,0.70740395661389
"Repaid","Repaid",0.154577158103044,0.845422841896956
"Not_Repaid","Not_Repaid",0.501346486064344,0.498653513935656
"Not_Repaid","Repaid",0.249042573557956,0.750957426442044
"Repaid","Repaid",0.262728861351896,0.737271138648104
"Repaid","Repaid",0.139570864608158,0.860429135391842
"Repaid","Not_Repaid",0.647356811257653,0.352643188742347
"Not_Repaid","Not_Repaid",0.868066269843205,0.131933730156795
"Repaid","Repaid",0.206742173620452,0.793257826379548
"Repaid","Repaid",0.156803712995812,0.843196287004188
"Repaid","Repaid",0.142187087001238,0.857812912998762
"Repaid","Repaid",0.109299039790711,0.890700960209289
"Not_Repaid","Not_Repaid",0.960250134731892,0.0397498652681082
"Repaid","Repaid",0.0167561782052315,0.983243821794769
"Not_Repaid","Not_Repaid",0.680968174584537,0.319031825415463
"Not_Repaid","Not_Repaid",0.997359885700951,0.00264011429904885
"Repaid","Repaid",0.127096278517977,0.872903721482023
"Not_Repaid","Not_Repaid",0.949939084923735,0.0500609150762647
"Not_Repaid","Repaid",0.0919371207237696,0.90806287927623
"Repaid","Repaid",0.136470069838796,0.863529930161204
"Not_Repaid","Not_Repaid",0.871613885723376,0.128386114276624
"Repaid","Repaid",0.0293241464550729,0.970675853544927
"Repaid","Repaid",0.430636699559828,0.569363300440172
"Repaid","Repaid",0.0524676484194734,0.947532351580527
"Repaid","Repaid",0.0204902441335006,0.979509755866499
"Not_Repaid","Not_Repaid",0.851976769127283,0.148023230872717
"Not_Repaid","Not_Repaid",0.990805028944316,0.00919497105568389
"Repaid","Repaid",0.0561912020919927,0.943808797908007
"Not_Repaid","Not_Repaid",0.772262171593872,0.227737828406128
"Repaid","Repaid",0.0375980833952839,0.962401916604716
"Not_Repaid","Repaid",0.490970572760793,0.509029427239207
"Not_Repaid","Not_Repaid",0.908406415903379,0.0915935840966212
"Not_Repaid","Not_Repaid",0.89183770224989,0.10816229775011
"Repaid","Not_Repaid",0.843922799172508,0.156077200827492
"Not_Repaid","Not_Repaid",0.68983273822759,0.31016726177241
"Repaid","Repaid",0.264057756022672,0.735942243977328
"Repaid","Repaid",0.49189631397962,0.50810368602038
"Repaid","Repaid",0.454982636513301,0.545017363486699
"Not_Repaid","Repaid",0.28595559105541,0.71404440894459
"Not_Repaid","Not_Repaid",0.974863306023562,0.0251366939764378
"Repaid","Repaid",0.0665951002330287,0.933404899766971
"Repaid","Repaid",0.0630634330906168,0.936936566909383
"Repaid","Not_Repaid",0.931743505967278,0.0682564940327221
"Not_Repaid","Not_Repaid",0.637944277960905,0.362055722039095
"Repaid","Repaid",0.118114000844763,0.881885999155237
"Not_Repaid","Not_Repaid",0.719803963615952,0.280196036384048
"Repaid","Not_Repaid",0.65641725786777,0.34358274213223
"Not_Repaid","Not_Repaid",0.990102095456978,0.00989790454302228
"Repaid","Repaid",0.0792370896430445,0.920762910356955
"Repaid","Repaid",0.0612634344397327,0.938736565560267
"Not_Repaid","Not_Repaid",0.882036890250216,0.117963109749784
"Not_Repaid","Not_Repaid",0.99808539188503,0.0019146081149698
"Repaid","Repaid",0.27404652650669,0.72595347349331
"Not_Repaid","Not_Repaid",0.773272774135485,0.226727225864515
"Repaid","Repaid",0.1558123741603,0.8441876258397
"Repaid","Repaid",0.375725486927137,0.624274513072863
"Not_Repaid","Not_Repaid",0.609204419918423,0.390795580081577
"Not_Repaid","Not_Repaid",0.747125917076741,0.252874082923259
"Repaid","Repaid",0.332237777936909,0.667762222063091
"Repaid","Not_Repaid",0.53085011681274,0.46914988318726
"Repaid","Repaid",0.184273526613867,0.815726473386133
"Repaid","Repaid",0.0596364930223893,0.940363506977611
"Not_Repaid","Not_Repaid",0.913854687629951,0.086145312370049
"Not_Repaid","Not_Repaid",0.552070065778673,0.447929934221327
"Not_Repaid","Not_Repaid",0.591199992948245,0.408800007051755
"Not_Repaid","Not_Repaid",0.600518134367137,0.399481865632863
"Not_Repaid","Not_Repaid",0.730995806656313,0.269004193343687
"Not_Repaid","Not_Repaid",0.719670929548704,0.280329070451296
"Repaid","Repaid",0.059683152845836,0.940316847154164
"Repaid","Not_Repaid",0.875606059605299,0.124393940394701
"Not_Repaid","Not_Repaid",0.907420774681044,0.092579225318956
"Repaid","Repaid",0.160327892154753,0.839672107845247
"Repaid","Repaid",0.0222600212333369,0.977739978766663
"Not_Repaid","Not_Repaid",0.758452973331464,0.241547026668536
"Not_Repaid","Not_Repaid",0.863388236200682,0.136611763799318
"Repaid","Repaid",0.266087113390592,0.733912886609408
"Not_Repaid","Repaid",0.446286447063476,0.553713552936524
"Not_Repaid","Not_Repaid",0.975792112269962,0.0242078877300378
"Not_Repaid","Not_Repaid",0.880241647799825,0.119758352200175
"Not_Repaid","Not_Repaid",0.842498780218385,0.157501219781615
"Repaid","Repaid",0.055661511846143,0.944338488153857
"Repaid","Repaid",0.0892717745477853,0.910728225452215
"Not_Repaid","Not_Repaid",0.934285718044306,0.0657142819556942
"Repaid","Repaid",0.473736677942344,0.526263322057656
"Not_Repaid","Repaid",0.489520898782823,0.510479101217177
"Repaid","Repaid",0.1067884617908,0.8932115382092
"Repaid","Repaid",0.216884337728524,0.783115662271476
"Repaid","Repaid",0.131951452766673,0.868048547233327
"Not_Repaid","Not_Repaid",0.93449076603871,0.0655092339612898
"Repaid","Repaid",0.109133817039832,0.890866182960168
"Repaid","Not_Repaid",0.831422818650102,0.168577181349898
"Not_Repaid","Not_Repaid",0.821131839295609,0.178868160704391
"Repaid","Repaid",0.402709572049386,0.597290427950614
"Repaid","Repaid",0.108522629273054,0.891477370726946
"Repaid","Repaid",0.221290659038816,0.778709340961184
"Not_Repaid","Not_Repaid",0.912855113753067,0.0871448862469328
"Not_Repaid","Not_Repaid",0.780550666594697,0.219449333405304
"Repaid","Not_Repaid",0.886172623834251,0.113827376165749
"Repaid","Repaid",0.472137310911968,0.527862689088032
"Repaid","Repaid",0.0690013866436531,0.930998613356347
"Not_Repaid","Not_Repaid",0.988124960857371,0.0118750391426289
"Repaid","Repaid",0.333650263374065,0.666349736625935
"Repaid","Repaid",0.0999282310722097,0.90007176892779
"Not_Repaid","Not_Repaid",0.9178791312847,0.0821208687153001
"Repaid","Repaid",0.411030773216415,0.588969226783585
"Repaid","Not_Repaid",0.62912046351338,0.37087953648662
"Not_Repaid","Repaid",0.267916059096473,0.732083940903527
"Repaid","Not_Repaid",0.679111163278787,0.320888836721213
"Not_Repaid","Not_Repaid",0.98165247630688,0.0183475236931197
"Repaid","Repaid",0.0345110181828583,0.965488981817142
"Not_Repaid","Not_Repaid",0.907470491744459,0.0925295082555407
"Not_Repaid","Repaid",0.396431406748078,0.603568593251922
"Not_Repaid","Not_Repaid",0.655463562641568,0.344536437358432
"Repaid","Repaid",0.442416483289582,0.557583516710418
"Not_Repaid","Not_Repaid",0.933257403313334,0.0667425966866663
"Not_Repaid","Not_Repaid",0.866431481640275,0.133568518359725
"Not_Repaid","Not_Repaid",0.952451413315261,0.0475485866847394
"Repaid","Repaid",0.0673570601910984,0.932642939808902
"Repaid","Repaid",0.0327123829512697,0.96728761704873
"Repaid","Repaid",0.27661164554696,0.72338835445304
"Not_Repaid","Not_Repaid",0.960382807137764,0.039617192862236
"Not_Repaid","Not_Repaid",0.828814893114546,0.171185106885454
"Not_Repaid","Not_Repaid",0.872490488617201,0.127509511382799
"Repaid","Not_Repaid",0.611252110684142,0.388747889315858
"Not_Repaid","Repaid",0.0690659260598495,0.93093407394015
"Repaid","Repaid",0.108187333506176,0.891812666493824
"Repaid","Not_Repaid",0.807418801456243,0.192581198543757
"Not_Repaid","Not_Repaid",0.660842974496943,0.339157025503057
"Not_Repaid","Not_Repaid",0.788649757461117,0.211350242538883
"Repaid","Repaid",0.0288398914573392,0.971160108542661
"Repaid","Repaid",0.0198611807156436,0.980138819284356
"Not_Repaid","Repaid",0.0601585108571223,0.939841489142878
"Not_Repaid","Not_Repaid",0.708698032101165,0.291301967898835
"Repaid","Not_Repaid",0.890350207610864,0.109649792389136
"Repaid","Repaid",0.0622821448872046,0.937717855112795
"Repaid","Not_Repaid",0.517642395648172,0.482357604351828
"Not_Repaid","Not_Repaid",0.893613080828855,0.106386919171145
"Repaid","Repaid",0.154979330459497,0.845020669540503
"Repaid","Repaid",0.0515743496235322,0.948425650376468
"Not_Repaid","Not_Repaid",0.883688747690345,0.116311252309655
"Repaid","Not_Repaid",0.970065005977942,0.0299349940220578
"Not_Repaid","Not_Repaid",0.994781055901171,0.00521894409882866
"Not_Repaid","Not_Repaid",0.563883105583617,0.436116894416383
"Repaid","Repaid",0.0548495319237954,0.945150468076205
"Repaid","Repaid",0.0547842696769018,0.945215730323098
"Repaid","Not_Repaid",0.724151192050214,0.275848807949786
"Repaid","Repaid",0.158917114217864,0.841082885782136
"Not_Repaid","Not_Repaid",0.796868279706064,0.203131720293936
"Repaid","Not_Repaid",0.566488498163443,0.433511501836556
"Not_Repaid","Not_Repaid",0.743544378971379,0.256455621028621
"Repaid","Repaid",0.136355178152469,0.863644821847531
"Not_Repaid","Not_Repaid",0.908047483962251,0.0919525160377485
"Repaid","Repaid",0.147751423188965,0.852248576811035
"Repaid","Not_Repaid",0.767848399585882,0.232151600414118
"Repaid","Repaid",0.368482056596401,0.6315179434036
"Not_Repaid","Not_Repaid",0.972136170680291,0.0278638293197088
"Repaid","Repaid",0.216656845859769,0.783343154140231
"Not_Repaid","Not_Repaid",0.598306209512625,0.401693790487375
"Repaid","Repaid",0.0931846487254322,0.906815351274568
"Not_Repaid","Repaid",0.404630659315773,0.595369340684227
"Not_Repaid","Repaid",0.217995740716415,0.782004259283585
"Repaid","Repaid",0.063729779660068,0.936270220339932
"Repaid","Repaid",0.0407235063321079,0.959276493667892
"Not_Repaid","Not_Repaid",0.989395298696298,0.0106047013037023
"Repaid","Not_Repaid",0.835055479370733,0.164944520629267
"Repaid","Not_Repaid",0.814642204354141,0.185357795645859
"Not_Repaid","Not_Repaid",0.966045532987196,0.0339544670128038
"Repaid","Repaid",0.28219943138751,0.71780056861249
"Not_Repaid","Repaid",0.305947605118606,0.694052394881394
"Not_Repaid","Not_Repaid",0.905493552659826,0.094506447340174
"Not_Repaid","Not_Repaid",0.894511795418441,0.105488204581559
"Not_Repaid","Not_Repaid",0.596180741039117,0.403819258960883
"Not_Repaid","Not_Repaid",0.92431605254375,0.0756839474562502
"Not_Repaid","Not_Repaid",0.834022795364366,0.165977204635634
"Not_Repaid","Not_Repaid",0.819142323250138,0.180857676749862
"Not_Repaid","Not_Repaid",0.929144833263432,0.0708551667365683
"Not_Repaid","Not_Repaid",0.730201979335041,0.269798020664959
"Not_Repaid","Not_Repaid",0.990537859078175,0.00946214092182534
"Not_Repaid","Repaid",0.270109180850251,0.729890819149749
"Not_Repaid","Not_Repaid",0.75330240357028,0.246697596429721
"Repaid","Repaid",0.0625974479487958,0.937402552051204
"Repaid","Repaid",0.313969826039062,0.686030173960938
"Not_Repaid","Not_Repaid",0.952120804151208,0.0478791958487924
"Repaid","Repaid",0.483647533864627,0.516352466135373
"Repaid","Repaid",0.167769797086573,0.832230202913427
"Not_Repaid","Not_Repaid",0.528801361138845,0.471198638861155
"Not_Repaid","Not_Repaid",0.955831390058799,0.0441686099412008
"Not_Repaid","Not_Repaid",0.821608809347832,0.178391190652168
"Not_Repaid","Not_Repaid",0.946847865426626,0.0531521345733745
"Repaid","Repaid",0.127839633768105,0.872160366231895
"Not_Repaid","Not_Repaid",0.809331650848459,0.190668349151541
"Not_Repaid","Not_Repaid",0.938428426534072,0.0615715734659283
"Not_Repaid","Not_Repaid",0.977196482246153,0.0228035177538471
"Not_Repaid","Repaid",0.049075368337258,0.950924631662742
"Not_Repaid","Repaid",0.456700480976003,0.543299519023997
"Not_Repaid","Not_Repaid",0.906434837830638,0.0935651621693618
"Repaid","Not_Repaid",0.669247689310944,0.330752310689056
"Repaid","Repaid",0.0331586274977104,0.96684137250229
"Not_Repaid","Not_Repaid",0.97495881753545,0.0250411824645499
"Repaid","Repaid",0.122709327909751,0.877290672090249
"Not_Repaid","Not_Repaid",0.543891596198053,0.456108403801947
"Repaid","Not_Repaid",0.82483419418945,0.17516580581055
"Not_Repaid","Not_Repaid",0.972882290438883,0.0271177095611168
"Repaid","Repaid",0.14659753701342,0.85340246298658
"Repaid","Repaid",0.101574529736524,0.898425470263476
"Not_Repaid","Not_Repaid",0.548996438907161,0.451003561092839
"Not_Repaid","Not_Repaid",0.947342618646887,0.0526573813531126
"Repaid","Not_Repaid",0.722863194178418,0.277136805821582
"Not_Repaid","Not_Repaid",0.909552348245255,0.0904476517547451
"Repaid","Repaid",0.0625844800791185,0.937415519920881
"Not_Repaid","Repaid",0.374172237598454,0.625827762401546
"Repaid","Repaid",0.0819846722136983,0.918015327786302
"Repaid","Repaid",0.0423063160233316,0.957693683976668
"Not_Repaid","Not_Repaid",0.533997550086033,0.466002449913967
"Not_Repaid","Not_Repaid",0.885802867409962,0.114197132590038
"Not_Repaid","Repaid",0.494307564140431,0.505692435859569
"Not_Repaid","Not_Repaid",0.846079674558242,0.153920325441758
"Not_Repaid","Not_Repaid",0.976776206171337,0.0232237938286626
"Not_Repaid","Not_Repaid",0.775019329559422,0.224980670440578
"Repaid","Repaid",0.156275016097427,0.843724983902573
"Repaid","Repaid",0.109958669250096,0.890041330749904
"Repaid","Repaid",0.01750129733076,0.98249870266924
"Not_Repaid","Not_Repaid",0.94560778003088,0.05439221996912
"Repaid","Not_Repaid",0.757196568880169,0.242803431119831
"Not_Repaid","Not_Repaid",0.655801565392575,0.344198434607425
"Not_Repaid","Not_Repaid",0.515247763953541,0.484752236046459
"Not_Repaid","Not_Repaid",0.513550618501582,0.486449381498418
"Not_Repaid","Not_Repaid",0.561884952732693,0.438115047267307
"Repaid","Repaid",0.0853495003015751,0.914650499698425
"Repaid","Repaid",0.0683416045219787,0.931658395478021
"Repaid","Repaid",0.0431193422668316,0.956880657733168
"Repaid","Repaid",0.0931342757880498,0.90686572421195
"Repaid","Not_Repaid",0.738683477937882,0.261316522062118
"Repaid","Repaid",0.104760133584402,0.895239866415598
"Repaid","Not_Repaid",0.643287855388561,0.356712144611439
"Not_Repaid","Not_Repaid",0.72255582331763,0.27744417668237
"Not_Repaid","Not_Repaid",0.746496186022515,0.253503813977485
"Repaid","Repaid",0.0365381146215878,0.963461885378412
"Repaid","Not_Repaid",0.718521349904027,0.281478650095973
"Repaid","Repaid",0.113664735039676,0.886335264960324
"Repaid","Repaid",0.0681270532839864,0.931872946716014
"Repaid","Not_Repaid",0.59774726499609,0.40225273500391
"Repaid","Repaid",0.462456558716849,0.537543441283151
"Repaid","Repaid",0.0340860856452758,0.965913914354724
"Repaid","Repaid",0.0536678379794735,0.946332162020527
"Not_Repaid","Not_Repaid",0.973658772995102,0.0263412270048979
"Not_Repaid","Not_Repaid",0.66180280928971,0.33819719071029
"Repaid","Repaid",0.421852473226794,0.578147526773206
"Repaid","Repaid",0.107475741408174,0.892524258591826
"Not_Repaid","Not_Repaid",0.922199748215132,0.0778002517848677
"Not_Repaid","Repaid",0.341712383954188,0.658287616045812
"Repaid","Repaid",0.104642418959431,0.895357581040569
"Not_Repaid","Repaid",0.0856263008747152,0.914373699125285
"Not_Repaid","Not_Repaid",0.736068129009481,0.263931870990519
"Not_Repaid","Repaid",0.242937567363387,0.757062432636613
"Not_Repaid","Not_Repaid",0.894528461288712,0.105471538711288
"Repaid","Repaid",0.291658027760648,0.708341972239352
"Not_Repaid","Not_Repaid",0.996052598806471,0.00394740119352937
"Not_Repaid","Not_Repaid",0.956502493978449,0.0434975060215508
"Not_Repaid","Not_Repaid",0.754582770943335,0.245417229056665
"Repaid","Not_Repaid",0.519475185466902,0.480524814533098
"Not_Repaid","Not_Repaid",0.76390733769756,0.236092662302439
"Repaid","Repaid",0.0913661507019035,0.908633849298097
"Repaid","Not_Repaid",0.748437353994494,0.251562646005506
"Not_Repaid","Not_Repaid",0.97715739602361,0.0228426039763904
"Repaid","Not_Repaid",0.931068397613118,0.0689316023868816
"Not_Repaid","Not_Repaid",0.83730291270544,0.16269708729456
"Repaid","Repaid",0.120271027418272,0.879728972581728
"Not_Repaid","Not_Repaid",0.765819857288095,0.234180142711905
"Repaid","Repaid",0.213583397133328,0.786416602866672
"Not_Repaid","Repaid",0.183778517674259,0.81622148232574
"Repaid","Repaid",0.0576897255282198,0.94231027447178
"Not_Repaid","Not_Repaid",0.954051032508684,0.0459489674913159
"Not_Repaid","Not_Repaid",0.97540816115812,0.0245918388418805
"Repaid","Repaid",0.0622509968024235,0.937749003197576
"Repaid","Not_Repaid",0.871599797055172,0.128400202944828
"Repaid","Repaid",0.407680485202486,0.592319514797514
"Not_Repaid","Not_Repaid",0.7659862867778,0.234013713222199
"Repaid","Repaid",0.014815444901511,0.985184555098489
"Repaid","Repaid",0.0306619942108894,0.96933800578911
"Repaid","Repaid",0.03218278746619,0.96781721253381
"Not_Repaid","Not_Repaid",0.807114857832151,0.192885142167849
"Repaid","Repaid",0.469205107996246,0.530794892003754
"Repaid","Repaid",0.0614235795445172,0.938576420455483
"Repaid","Repaid",0.0730579172852067,0.926942082714793
"Not_Repaid","Not_Repaid",0.742013279298498,0.257986720701502
"Not_Repaid","Not_Repaid",0.962473895515852,0.037526104484148
"Not_Repaid","Not_Repaid",0.957643713504094,0.0423562864959062
"Not_Repaid","Not_Repaid",0.901546803835623,0.0984531961643773
"Repaid","Repaid",0.207195883451215,0.792804116548785
"Not_Repaid","Not_Repaid",0.962575517715906,0.0374244822840937
"Not_Repaid","Not_Repaid",0.945927375112742,0.054072624887258
"Not_Repaid","Not_Repaid",0.832117889623886,0.167882110376114
"Repaid","Not_Repaid",0.787230361591394,0.212769638408606
"Not_Repaid","Repaid",0.279882115015833,0.720117884984167
"Repaid","Repaid",0.0192708161104564,0.980729183889544
"Not_Repaid","Not_Repaid",0.665855137235074,0.334144862764926
"Repaid","Repaid",0.253891648499384,0.746108351500616
"Repaid","Repaid",0.165293347905909,0.834706652094091
"Repaid","Not_Repaid",0.549063163082151,0.450936836917849
"Repaid","Repaid",0.227879223258907,0.772120776741093
"Not_Repaid","Not_Repaid",0.806219048236506,0.193780951763494
"Repaid","Repaid",0.060802928952794,0.939197071047206
"Not_Repaid","Not_Repaid",0.666026820767137,0.333973179232863
"Repaid","Repaid",0.015626768782779,0.984373231217221
"Not_Repaid","Repaid",0.151432818829704,0.848567181170296
"Not_Repaid","Not_Repaid",0.592587653078756,0.407412346921244
"Repaid","Not_Repaid",0.812404215569287,0.187595784430713
"Not_Repaid","Not_Repaid",0.964138141728655,0.0358618582713446
"Not_Repaid","Not_Repaid",0.984028607217732,0.015971392782268
"Repaid","Repaid",0.466480844106859,0.533519155893141
"Not_Repaid","Not_Repaid",0.552224368423369,0.447775631576631
"Repaid","Not_Repaid",0.541678191922761,0.458321808077239
"Not_Repaid","Not_Repaid",0.523646626811112,0.476353373188888
"Not_Repaid","Not_Repaid",0.547099821971044,0.452900178028956
"Not_Repaid","Not_Repaid",0.967753108646806,0.032246891353194
"Repaid","Repaid",0.210603681713285,0.789396318286715
"Not_Repaid","Not_Repaid",0.964054737445323,0.0359452625546774
"Not_Repaid","Not_Repaid",0.905592076662023,0.0944079233379772
"Not_Repaid","Not_Repaid",0.977208890931843,0.022791109068157
"Not_Repaid","Not_Repaid",0.629273020071519,0.370726979928481
"Repaid","Repaid",0.0518510313438405,0.94814896865616
"Not_Repaid","Not_Repaid",0.681987702956411,0.318012297043589
"Not_Repaid","Not_Repaid",0.82464235972864,0.17535764027136
"Not_Repaid","Not_Repaid",0.924989562577415,0.0750104374225848
"Repaid","Repaid",0.0473334957586455,0.952666504241354
"Repaid","Repaid",0.102579728722855,0.897420271277145
"Not_Repaid","Not_Repaid",0.771232758027411,0.228767241972589
"Repaid","Not_Repaid",0.74549811087705,0.25450188912295
"Not_Repaid","Not_Repaid",0.715385547615946,0.284614452384054
"Repaid","Repaid",0.237125538187739,0.762874461812261
"Repaid","Repaid",0.191999196979047,0.808000803020953
"Repaid","Not_Repaid",0.752108531279006,0.247891468720994
"Not_Repaid","Not_Repaid",0.938479521771792,0.0615204782282084
"Repaid","Not_Repaid",0.516560049797781,0.483439950202219
"Repaid","Not_Repaid",0.619659452145386,0.380340547854614
"Repaid","Repaid",0.0414304395427345,0.958569560457265
"Repaid","Repaid",0.167811521211375,0.832188478788625
"Not_Repaid","Not_Repaid",0.995052076614061,0.00494792338593908
"Repaid","Repaid",0.289223861965,0.710776138035
"Not_Repaid","Not_Repaid",0.864049033850657,0.135950966149343
"Not_Repaid","Repaid",0.171696389482367,0.828303610517633
"Repaid","Repaid",0.0138319297890555,0.986168070210945
"Repaid","Repaid",0.338426179364796,0.661573820635204
"Not_Repaid","Not_Repaid",0.87594132732024,0.12405867267976
"Not_Repaid","Not_Repaid",0.977483278771549,0.022516721228451
"Repaid","Repaid",0.232553288048121,0.767446711951879
"Repaid","Not_Repaid",0.775550034214708,0.224449965785292
"Repaid","Repaid",0.0128806141274626,0.987119385872537
"Repaid","Repaid",0.0598854079952145,0.940114592004786
"Not_Repaid","Not_Repaid",0.926861443313812,0.0731385566861882
"Not_Repaid","Not_Repaid",0.959210201400155,0.0407897985998445
"Not_Repaid","Not_Repaid",0.569416015791006,0.430583984208994
"Repaid","Repaid",0.384629044331293,0.615370955668707
"Not_Repaid","Not_Repaid",0.938196822345645,0.0618031776543545
"Not_Repaid","Not_Repaid",0.9728231986204,0.0271768013795997
"Repaid","Not_Repaid",0.610738360278013,0.389261639721987
"Repaid","Repaid",0.135975538474364,0.864024461525636
"Not_Repaid","Not_Repaid",0.94660006730835,0.0533999326916498
"Not_Repaid","Not_Repaid",0.974480099835027,0.0255199001649731
"Repaid","Repaid",0.100937175389846,0.899062824610154
"Repaid","Repaid",0.358347739736076,0.641652260263924
"Not_Repaid","Not_Repaid",0.855274801964609,0.144725198035391
"Repaid","Repaid",0.336442494500683,0.663557505499317
"Not_Repaid","Not_Repaid",0.636665077722042,0.363334922277958
"Repaid","Repaid",0.0940699544405709,0.905930045559429
"Not_Repaid","Not_Repaid",0.658441696546684,0.341558303453316
"Repaid","Not_Repaid",0.764858597228179,0.235141402771821
"Not_Repaid","Not_Repaid",0.769077912147364,0.230922087852636
"Not_Repaid","Not_Repaid",0.962087136020451,0.0379128639795493
"Repaid","Repaid",0.0339899020107516,0.966010097989248
"Not_Repaid","Not_Repaid",0.651925491554739,0.348074508445261
"Repaid","Repaid",0.423591941749051,0.576408058250949
"Not_Repaid","Not_Repaid",0.857668502234381,0.142331497765619
"Not_Repaid","Not_Repaid",0.645549912179928,0.354450087820072
"Repaid","Not_Repaid",0.734534771111232,0.265465228888768
"Not_Repaid","Not_Repaid",0.966025608233146,0.033974391766854
"Repaid","Repaid",0.144547462559017,0.855452537440983
"Not_Repaid","Not_Repaid",0.649289658540386,0.350710341459614
"Repaid","Not_Repaid",0.647036186434536,0.352963813565464
"Repaid","Repaid",0.0695016260323454,0.930498373967655
"Repaid","Repaid",0.370425749351807,0.629574250648193
"Not_Repaid","Repaid",0.0931579416464051,0.906842058353595
"Repaid","Not_Repaid",0.682251773235434,0.317748226764566
"Repaid","Repaid",0.474007102351056,0.525992897648944
"Not_Repaid","Not_Repaid",0.778891347795926,0.221108652204074
"Repaid","Repaid",0.259273048079529,0.740726951920471
"Repaid","Repaid",0.0181310306616288,0.981868969338371
"Repaid","Repaid",0.25452593240659,0.74547406759341
"Not_Repaid","Not_Repaid",0.991294822635148,0.00870517736485238
"Not_Repaid","Repaid",0.107686035176217,0.892313964823783
"Not_Repaid","Not_Repaid",0.500663797950134,0.499336202049866
"Not_Repaid","Not_Repaid",0.976112025231476,0.0238879747685241
"Repaid","Repaid",0.137698548456814,0.862301451543186
"Repaid","Repaid",0.0407769823031127,0.959223017696887
"Repaid","Repaid",0.355836265797199,0.644163734202801
"Repaid","Not_Repaid",0.667893014764153,0.332106985235847
"Repaid","Repaid",0.0163548195888003,0.9836451804112
"Repaid","Repaid",0.37295476175492,0.62704523824508
"Repaid","Repaid",0.0675291515453351,0.932470848454665
"Repaid","Repaid",0.0338828933799641,0.966117106620036
"Not_Repaid","Not_Repaid",0.895929862654183,0.104070137345818
"Not_Repaid","Repaid",0.29097150520488,0.70902849479512
"Repaid","Repaid",0.0320499967667838,0.967950003233216
"Not_Repaid","Repaid",0.460643907217257,0.539356092782743
"Not_Repaid","Not_Repaid",0.804876068598921,0.195123931401079
"Not_Repaid","Not_Repaid",0.655333438905098,0.344666561094902
"Not_Repaid","Not_Repaid",0.630370386610235,0.369629613389765
"Not_Repaid","Not_Repaid",0.780820386089642,0.219179613910358
"Repaid","Repaid",0.356050205092515,0.643949794907485
"Repaid","Repaid",0.0440869656825381,0.955913034317462
"Not_Repaid","Not_Repaid",0.681515689941815,0.318484310058185
"Repaid","Repaid",0.0320247598219714,0.967975240178029
"Repaid","Repaid",0.0368126666521273,0.963187333347873
"Not_Repaid","Not_Repaid",0.907916706104814,0.0920832938951859
"Repaid","Not_Repaid",0.742789909131244,0.257210090868756
"Not_Repaid","Repaid",0.310807021043482,0.689192978956518
"Repaid","Repaid",0.0717016478085513,0.928298352191449
"Not_Repaid","Not_Repaid",0.946503103577649,0.0534968964223508
"Not_Repaid","Not_Repaid",0.881661823699195,0.118338176300805
"Not_Repaid","Repaid",0.490199589277258,0.509800410722742
"Repaid","Repaid",0.13284098253997,0.86715901746003
"Repaid","Not_Repaid",0.836371906458775,0.163628093541225
"Repaid","Not_Repaid",0.806746271103498,0.193253728896502
"Repaid","Repaid",0.0286775370539751,0.971322462946025
"Repaid","Repaid",0.292799334924355,0.707200665075645
"Repaid","Not_Repaid",0.93025963114922,0.0697403688507798
"Not_Repaid","Not_Repaid",0.916627236950779,0.0833727630492206
"Not_Repaid","Not_Repaid",0.741861878217097,0.258138121782903
"Not_Repaid","Not_Repaid",0.959809703355589,0.0401902966444109
"Repaid","Not_Repaid",0.752212362024175,0.247787637975825
"Not_Repaid","Not_Repaid",0.734463038310596,0.265536961689404
"Not_Repaid","Not_Repaid",0.99218870832428,0.00781129167571951
"Repaid","Repaid",0.213081982148175,0.786918017851825
"Not_Repaid","Repaid",0.269877423519995,0.730122576480005
"Not_Repaid","Not_Repaid",0.954128681654733,0.0458713183452671
"Repaid","Not_Repaid",0.500945144160045,0.499054855839955
"Repaid","Repaid",0.111465071548707,0.888534928451293
"Repaid","Repaid",0.0352204911658724,0.964779508834128
"Not_Repaid","Not_Repaid",0.809857637613735,0.190142362386265
"Repaid","Repaid",0.254614493355403,0.745385506644597
"Not_Repaid","Not_Repaid",0.840130080517855,0.159869919482145
"Repaid","Repaid",0.0898879380281613,0.910112061971839
"Not_Repaid","Not_Repaid",0.930714440116089,0.0692855598839106
"Repaid","Repaid",0.0586302266842489,0.941369773315751
"Repaid","Repaid",0.0905507356143944,0.909449264385606
"Not_Repaid","Not_Repaid",0.735018191653628,0.264981808346372
"Repaid","Repaid",0.241261218965591,0.758738781034409
"Not_Repaid","Repaid",0.177509792212571,0.822490207787429
"Repaid","Repaid",0.49025794913186,0.50974205086814
"Repaid","Repaid",0.0643563507242219,0.935643649275778
"Repaid","Repaid",0.197707620352667,0.802292379647333
"Repaid","Repaid",0.43378817089537,0.56621182910463
"Repaid","Repaid",0.168370171730075,0.831629828269925
"Not_Repaid","Not_Repaid",0.572573039608045,0.427426960391955
"Repaid","Repaid",0.0855165627435254,0.914483437256475
"Repaid","Repaid",0.110324351391219,0.889675648608781
"Not_Repaid","Not_Repaid",0.742718192991894,0.257281807008106
"Repaid","Repaid",0.289122842624188,0.710877157375812
"Repaid","Repaid",0.0332844115178957,0.966715588482104
"Not_Repaid","Not_Repaid",0.70820207087459,0.29179792912541
"Not_Repaid","Not_Repaid",0.767274624898576,0.232725375101424
"Repaid","Not_Repaid",0.698545153095254,0.301454846904746
"Not_Repaid","Not_Repaid",0.708811850858429,0.291188149141571
"Not_Repaid","Not_Repaid",0.873048786256107,0.126951213743893
"Repaid","Not_Repaid",0.673601993661311,0.326398006338689
"Not_Repaid","Not_Repaid",0.970531388808681,0.0294686111913189
"Not_Repaid","Not_Repaid",0.778431796323765,0.221568203676235
"Repaid","Repaid",0.0352002599392633,0.964799740060737
"Repaid","Repaid",0.0556276568550796,0.94437234314492
"Repaid","Repaid",0.0915655218347073,0.908434478165293
"Repaid","Repaid",0.0356235990925688,0.964376400907431
"Repaid","Repaid",0.170262073216001,0.829737926783999
"Repaid","Repaid",0.0599114560675843,0.940088543932416
"Not_Repaid","Not_Repaid",0.94689240369686,0.0531075963031405
"Repaid","Repaid",0.151313026407917,0.848686973592083
"Not_Repaid","Not_Repaid",0.564667664419235,0.435332335580765
"Repaid","Repaid",0.420331159293969,0.579668840706031
"Repaid","Not_Repaid",0.85499779325511,0.14500220674489
"Not_Repaid","Not_Repaid",0.951939234699018,0.0480607653009823
"Not_Repaid","Repaid",0.464463779277144,0.535536220722856
"Not_Repaid","Not_Repaid",0.905849496471016,0.0941505035289837
"Repaid","Repaid",0.0999029898965719,0.900097010103428
"Not_Repaid","Not_Repaid",0.983454226983705,0.0165457730162945
"Repaid","Repaid",0.051037366290707,0.948962633709293
"Repaid","Repaid",0.0306880510474777,0.969311948952522
"Repaid","Repaid",0.466099045621177,0.533900954378823
"Not_Repaid","Not_Repaid",0.810552278219602,0.189447721780398
"Repaid","Not_Repaid",0.620688734748432,0.379311265251567
"Repaid","Repaid",0.0183856266298805,0.98161437337012
"Not_Repaid","Not_Repaid",0.979768344228456,0.0202316557715438
"Repaid","Not_Repaid",0.551213106287623,0.448786893712377
"Repaid","Repaid",0.0173810196078508,0.982618980392149
"Repaid","Repaid",0.166707853603626,0.833292146396374
"Not_Repaid","Not_Repaid",0.627719070460796,0.372280929539204
"Not_Repaid","Not_Repaid",0.835083790278485,0.164916209721515
"Repaid","Repaid",0.204071572098176,0.795928427901824
"Repaid","Not_Repaid",0.606965890651346,0.393034109348654
"Repaid","Repaid",0.1193535130883,0.8806464869117
"Not_Repaid","Repaid",0.381623945485909,0.618376054514091
"Repaid","Repaid",0.397075108139312,0.602924891860688
"Repaid","Not_Repaid",0.986509475308795,0.0134905246912047
"Repaid","Repaid",0.0847521852521602,0.91524781474784
"Not_Repaid","Not_Repaid",0.966719259059346,0.0332807409406537
"Not_Repaid","Not_Repaid",0.995183001294113,0.00481699870588738
"Repaid","Repaid",0.0796187811960658,0.920381218803934
"Not_Repaid","Repaid",0.463400833333618,0.536599166666382
"Not_Repaid","Not_Repaid",0.957547740110482,0.0424522598895175
"Not_Repaid","Repaid",0.379155764278819,0.620844235721181
"Not_Repaid","Not_Repaid",0.770540186882648,0.229459813117352
"Repaid","Repaid",0.23988364667834,0.76011635332166
"Not_Repaid","Not_Repaid",0.767625271990154,0.232374728009846
"Repaid","Repaid",0.121554017390469,0.878445982609531
"Repaid","Repaid",0.0596170875836132,0.940382912416387
"Repaid","Repaid",0.0623755811691965,0.937624418830803
"Repaid","Repaid",0.0604627581420975,0.939537241857903
"Not_Repaid","Not_Repaid",0.760626865682449,0.239373134317551
"Repaid","Repaid",0.42881283353659,0.57118716646341
"Repaid","Repaid",0.0474281922756097,0.95257180772439
"Repaid","Repaid",0.0282187272169204,0.97178127278308
"Not_Repaid","Not_Repaid",0.601529210411784,0.398470789588216
"Repaid","Repaid",0.0222471777868868,0.977752822213113
"Not_Repaid","Repaid",0.40023887891585,0.59976112108415
"Repaid","Repaid",0.104403936125743,0.895596063874257
"Repaid","Repaid",0.278797786036824,0.721202213963176
"Repaid","Repaid",0.0572890782160642,0.942710921783936
"Repaid","Repaid",0.45199058789286,0.54800941210714
"Repaid","Not_Repaid",0.726332236069428,0.273667763930572
"Repaid","Repaid",0.229647743347677,0.770352256652323
"Repaid","Repaid",0.0718980918476761,0.928101908152324
"Not_Repaid","Not_Repaid",0.892119623437617,0.107880376562383
"Not_Repaid","Not_Repaid",0.672898413112424,0.327101586887576
"Not_Repaid","Not_Repaid",0.63179809781001,0.36820190218999
"Repaid","Repaid",0.462916229516586,0.537083770483414
"Not_Repaid","Not_Repaid",0.65646401824008,0.34353598175992
"Repaid","Repaid",0.172299546146605,0.827700453853395
"Repaid","Repaid",0.204711028744539,0.795288971255461
"Not_Repaid","Not_Repaid",0.959677265966945,0.0403227340330547
"Not_Repaid","Not_Repaid",0.70493971872677,0.29506028127323
"Repaid","Repaid",0.0507148358598495,0.94928516414015
"Repaid","Repaid",0.111968110704374,0.888031889295626
"Not_Repaid","Not_Repaid",0.99481882450083,0.00518117549917026
"Not_Repaid","Not_Repaid",0.715160235911409,0.284839764088591
"Not_Repaid","Not_Repaid",0.670431142293279,0.329568857706721
"Not_Repaid","Not_Repaid",0.923611671398822,0.0763883286011783
"Not_Repaid","Repaid",0.449123434167886,0.550876565832114
"Not_Repaid","Not_Repaid",0.976682640360771,0.0233173596392291
"Not_Repaid","Repaid",0.34017696046182,0.65982303953818
"Not_Repaid","Not_Repaid",0.54098505640495,0.45901494359505
"Repaid","Repaid",0.313936129097143,0.686063870902857
"Repaid","Repaid",0.189197416381533,0.810802583618467
"Not_Repaid","Not_Repaid",0.976294501050194,0.0237054989498063
"Repaid","Repaid",0.163762599957073,0.836237400042927
"Not_Repaid","Not_Repaid",0.727465275845917,0.272534724154083
"Repaid","Repaid",0.34443708377465,0.65556291622535
"Not_Repaid","Not_Repaid",0.96870963542619,0.0312903645738097
"Not_Repaid","Not_Repaid",0.980630514408481,0.0193694855915185
"Repaid","Repaid",0.299255144048155,0.700744855951845
"Not_Repaid","Repaid",0.276181686558695,0.723818313441305
"Repaid","Repaid",0.0563261974576664,0.943673802542334
"Not_Repaid","Not_Repaid",0.911085538723371,0.0889144612766286
"Not_Repaid","Repaid",0.288936557569252,0.711063442430748
"Not_Repaid","Not_Repaid",0.975106945745501,0.024893054254499
"Not_Repaid","Not_Repaid",0.984811568276344,0.0151884317236556
"Not_Repaid","Not_Repaid",0.67705654166603,0.32294345833397
"Not_Repaid","Not_Repaid",0.889241696184056,0.110758303815944
"Not_Repaid","Not_Repaid",0.922944388699052,0.077055611300948
"Repaid","Repaid",0.0900247770415428,0.909975222958457
"Repaid","Repaid",0.0487184380345324,0.951281561965468
"Not_Repaid","Not_Repaid",0.969889712616108,0.0301102873838922
"Not_Repaid","Not_Repaid",0.73354472093627,0.26645527906373
"Not_Repaid","Repaid",0.405733335986098,0.594266664013902
"Not_Repaid","Not_Repaid",0.964213369571045,0.0357866304289546
"Repaid","Repaid",0.120297581274697,0.879702418725303
"Not_Repaid","Repaid",0.366312221107494,0.633687778892506
"Repaid","Repaid",0.0470729806005903,0.95292701939941
"Repaid","Repaid",0.0792867089691671,0.920713291030833
"Repaid","Not_Repaid",0.617194167537186,0.382805832462814
"Not_Repaid","Not_Repaid",0.889175768745782,0.110824231254218
"Not_Repaid","Not_Repaid",0.834453557444842,0.165546442555158
"Repaid","Repaid",0.380983564592505,0.619016435407495
"Repaid","Repaid",0.149396381211729,0.850603618788271
"Repaid","Not_Repaid",0.956949649827877,0.043050350172123
"Repaid","Repaid",0.0753018224953361,0.924698177504664
"Repaid","Repaid",0.247348281821422,0.752651718178578
"Not_Repaid","Not_Repaid",0.914023544637218,0.0859764553627817
"Repaid","Repaid",0.118035778398344,0.881964221601656
"Repaid","Repaid",0.155959882152757,0.844040117847243
"Not_Repaid","Not_Repaid",0.707313964406356,0.292686035593644
"Repaid","Not_Repaid",0.877637388247228,0.122362611752772
"Not_Repaid","Not_Repaid",0.879477575525712,0.120522424474288
"Not_Repaid","Not_Repaid",0.576633426217508,0.423366573782492
"Repaid","Repaid",0.0333124615665841,0.966687538433416
"Not_Repaid","Not_Repaid",0.648950234306144,0.351049765693856
"Repaid","Repaid",0.0570557055514664,0.942944294448534
"Not_Repaid","Not_Repaid",0.950505718722091,0.0494942812779091
"Not_Repaid","Not_Repaid",0.919610770976643,0.0803892290233572
"Repaid","Repaid",0.0463739890683679,0.953626010931632
"Repaid","Repaid",0.389973029014603,0.610026970985397
"Repaid","Repaid",0.22341356986326,0.77658643013674
"Not_Repaid","Not_Repaid",0.521306246556853,0.478693753443147
"Not_Repaid","Not_Repaid",0.751541138893484,0.248458861106516
"Not_Repaid","Repaid",0.40428764055984,0.59571235944016
"Not_Repaid","Not_Repaid",0.979732794847357,0.0202672051526427
"Not_Repaid","Not_Repaid",0.941102460332356,0.0588975396676442
"Repaid","Repaid",0.129607686851119,0.870392313148881
"Repaid","Repaid",0.0419606217053079,0.958039378294692
"Repaid","Repaid",0.105254671357587,0.894745328642413
"Not_Repaid","Not_Repaid",0.927832094426259,0.0721679055737407
"Repaid","Not_Repaid",0.61423802251738,0.38576197748262
"Repaid","Repaid",0.0920120384834947,0.907987961516505
"Not_Repaid","Not_Repaid",0.745175602166684,0.254824397833316
"Not_Repaid","Not_Repaid",0.951314401892763,0.0486855981072372
"Not_Repaid","Not_Repaid",0.871455636725013,0.128544363274987
"Not_Repaid","Not_Repaid",0.97380168233054,0.0261983176694599
"Not_Repaid","Not_Repaid",0.994704021140903,0.00529597885909681
"Not_Repaid","Not_Repaid",0.86525526516658,0.13474473483342
"Repaid","Not_Repaid",0.506024954839759,0.493975045160241
"Not_Repaid","Repaid",0.424643276377508,0.575356723622492
"Repaid","Repaid",0.133296530013978,0.866703469986022
"Repaid","Repaid",0.255818544430374,0.744181455569626
"Not_Repaid","Not_Repaid",0.856510943659864,0.143489056340136
"Repaid","Repaid",0.255287916062174,0.744712083937826
"Repaid","Repaid",0.0245954671999138,0.975404532800086
"Not_Repaid","Not_Repaid",0.981776594375014,0.0182234056249864
"Repaid","Repaid",0.135521196257106,0.864478803742894
"Repaid","Repaid",0.0916293705271665,0.908370629472834
"Not_Repaid","Repaid",0.410696673555372,0.589303326444628
"Not_Repaid","Not_Repaid",0.9779623552218,0.0220376447781999
"Repaid","Repaid",0.43257100674546,0.56742899325454
"Repaid","Repaid",0.400598284326348,0.599401715673652
"Not_Repaid","Not_Repaid",0.914633122525091,0.0853668774749088
"Not_Repaid","Not_Repaid",0.890170919693179,0.109829080306821
"Not_Repaid","Not_Repaid",0.990302018425483,0.00969798157451662
"Repaid","Repaid",0.278861822239429,0.721138177760571
"Not_Repaid","Repaid",0.0842905737603571,0.915709426239643
"Not_Repaid","Not_Repaid",0.983853669272314,0.016146330727686
"Not_Repaid","Not_Repaid",0.960180316117618,0.0398196838823822
"Not_Repaid","Not_Repaid",0.667849449403757,0.332150550596243
"Not_Repaid","Not_Repaid",0.655093283468166,0.344906716531834
"Not_Repaid","Not_Repaid",0.958940878251184,0.041059121748816
"Not_Repaid","Not_Repaid",0.902845797928256,0.0971542020717441
"Repaid","Repaid",0.0620525564474087,0.937947443552591
"Not_Repaid","Not_Repaid",0.717415246744321,0.282584753255679
"Not_Repaid","Not_Repaid",0.743296543901989,0.256703456098011
"Not_Repaid","Not_Repaid",0.64045439804125,0.35954560195875
"Repaid","Repaid",0.33414030119355,0.66585969880645
"Not_Repaid","Not_Repaid",0.891370312881323,0.108629687118677
"Repaid","Repaid",0.286501081695453,0.713498918304547
"Repaid","Repaid",0.0421885247271504,0.95781147527285
"Repaid","Repaid",0.463839753950146,0.536160246049854
"Not_Repaid","Not_Repaid",0.800318178949142,0.199681821050858
"Repaid","Repaid",0.0623030170091851,0.937696982990815
"Not_Repaid","Not_Repaid",0.852287926241402,0.147712073758598
"Repaid","Not_Repaid",0.90379841708119,0.0962015829188105
"Not_Repaid","Not_Repaid",0.535195285890361,0.464804714109639
"Not_Repaid","Not_Repaid",0.975957511645758,0.0240424883542419
"Repaid","Repaid",0.48205902896534,0.51794097103466
"Repaid","Repaid",0.0703270371889427,0.929672962811057
"Not_Repaid","Not_Repaid",0.973608978203162,0.0263910217968383
"Not_Repaid","Not_Repaid",0.863320310846685,0.136679689153315
"Repaid","Repaid",0.121800963554361,0.878199036445639
"Repaid","Repaid",0.0820345361148517,0.917965463885148
"Repaid","Repaid",0.0383927593684196,0.96160724063158
"Not_Repaid","Not_Repaid",0.96731577717272,0.03268422282728
"Repaid","Not_Repaid",0.571761298296256,0.428238701703744
"Not_Repaid","Not_Repaid",0.830661644777355,0.169338355222645
"Repaid","Repaid",0.484253703834242,0.515746296165758
"Not_Repaid","Repaid",0.422200372448465,0.577799627551535
"Not_Repaid","Not_Repaid",0.895864741763575,0.104135258236425
"Repaid","Repaid",0.0401534611368941,0.959846538863106
"Not_Repaid","Not_Repaid",0.541601715240686,0.458398284759314
"Repaid","Repaid",0.0437304721683869,0.956269527831613
"Repaid","Repaid",0.178231240896988,0.821768759103012
"Repaid","Repaid",0.0512639066586347,0.948736093341365
"Not_Repaid","Not_Repaid",0.653438332500674,0.346561667499326
"Not_Repaid","Not_Repaid",0.836106308053774,0.163893691946226
"Repaid","Not_Repaid",0.597970741924149,0.402029258075851
"Repaid","Repaid",0.243519405410796,0.756480594589204
"Repaid","Repaid",0.27732222139991,0.72267777860009
"Not_Repaid","Not_Repaid",0.913829792321747,0.0861702076782535
"Repaid","Repaid",0.251305053711997,0.748694946288003
"Not_Repaid","Not_Repaid",0.852402998971737,0.147597001028263
"Not_Repaid","Not_Repaid",0.904892213744086,0.0951077862559141
"Repaid","Repaid",0.0310437458437297,0.96895625415627
"Not_Repaid","Not_Repaid",0.669326945056991,0.330673054943009
"Repaid","Repaid",0.19772410639944,0.80227589360056
"Repaid","Repaid",0.270695384277953,0.729304615722047
"Repaid","Repaid",0.0493712073472854,0.950628792652715
"Not_Repaid","Not_Repaid",0.879512691453778,0.120487308546222
"Not_Repaid","Repaid",0.484243791582824,0.515756208417176
"Not_Repaid","Not_Repaid",0.791169672253451,0.208830327746549
"Not_Repaid","Not_Repaid",0.88243627312574,0.11756372687426
"Repaid","Repaid",0.449233843025573,0.550766156974427
"Not_Repaid","Not_Repaid",0.663888879222,0.336111120778
"Repaid","Repaid",0.0168032827236251,0.983196717276375
"Repaid","Repaid",0.350268747040573,0.649731252959427
"Repaid","Repaid",0.0966794653155093,0.903320534684491
"Not_Repaid","Not_Repaid",0.758430694232792,0.241569305767208
"Repaid","Repaid",0.136170219755005,0.863829780244995
"Repaid","Not_Repaid",0.522597718804947,0.477402281195053
"Not_Repaid","Not_Repaid",0.916390936766271,0.0836090632337285
"Not_Repaid","Not_Repaid",0.577411951800903,0.422588048199097
"Not_Repaid","Not_Repaid",0.93228619455615,0.06771380544385
"Not_Repaid","Not_Repaid",0.907964531127337,0.092035468872663
"Not_Repaid","Not_Repaid",0.55158399364455,0.44841600635545
"Repaid","Repaid",0.0238242353686878,0.976175764631312
"Not_Repaid","Repaid",0.389099421051559,0.610900578948441
"Repaid","Repaid",0.102368450292316,0.897631549707684
"Repaid","Repaid",0.0763900352292632,0.923609964770737
"Not_Repaid","Not_Repaid",0.675848845824226,0.324151154175774
"Repaid","Not_Repaid",0.879789685741502,0.120210314258498
"Not_Repaid","Not_Repaid",0.630413201391921,0.36958679860808
"Not_Repaid","Repaid",0.399766016487356,0.600233983512644
"Not_Repaid","Not_Repaid",0.815116393539386,0.184883606460614
"Repaid","Repaid",0.057055861899699,0.942944138100301
"Not_Repaid","Not_Repaid",0.852292179194769,0.147707820805231
"Not_Repaid","Not_Repaid",0.973183544611078,0.0268164553889222
"Not_Repaid","Not_Repaid",0.868364079635101,0.131635920364899
"Not_Repaid","Not_Repaid",0.800294231694416,0.199705768305584
"Repaid","Repaid",0.0612317686587338,0.938768231341266
"Repaid","Not_Repaid",0.675585766530398,0.324414233469602
"Not_Repaid","Not_Repaid",0.96607756066373,0.0339224393362705
"Not_Repaid","Not_Repaid",0.814693179345874,0.185306820654126
"Not_Repaid","Not_Repaid",0.779557158426632,0.220442841573368
"Not_Repaid","Not_Repaid",0.949029326969401,0.0509706730305989
"Not_Repaid","Repaid",0.111250739685931,0.888749260314069
"Not_Repaid","Not_Repaid",0.974939368197246,0.0250606318027536
"Not_Repaid","Not_Repaid",0.605187054228993,0.394812945771007
"Repaid","Repaid",0.045754516419294,0.954245483580706
"Not_Repaid","Not_Repaid",0.97561794144447,0.0243820585555299
"Repaid","Repaid",0.133306823962424,0.866693176037576
"Not_Repaid","Not_Repaid",0.760528983617059,0.239471016382941
"Not_Repaid","Not_Repaid",0.653002217761483,0.346997782238517
"Repaid","Repaid",0.179177162914404,0.820822837085596
"Repaid","Repaid",0.358359195641546,0.641640804358454
"Not_Repaid","Not_Repaid",0.739014142875563,0.260985857124437
"Not_Repaid","Not_Repaid",0.897630075557631,0.102369924442369
"Not_Repaid","Not_Repaid",0.915852976758349,0.0841470232416515
"Not_Repaid","Not_Repaid",0.742912162359638,0.257087837640362
"Repaid","Repaid",0.238829015815555,0.761170984184445
"Repaid","Repaid",0.115746023711338,0.884253976288662
"Not_Repaid","Not_Repaid",0.971747803421018,0.0282521965789817
"Repaid","Repaid",0.0551706216849004,0.9448293783151
"Repaid","Not_Repaid",0.901698296933606,0.098301703066394
"Repaid","Repaid",0.0313881376180757,0.968611862381924
"Not_Repaid","Not_Repaid",0.919439900299685,0.0805600997003145
"Not_Repaid","Not_Repaid",0.922539959080109,0.0774600409198907
"Repaid","Repaid",0.0420778160503396,0.95792218394966
"Repaid","Not_Repaid",0.763295468551304,0.236704531448696
"Repaid","Repaid",0.127377772235837,0.872622227764163
"Repaid","Repaid",0.214571539241417,0.785428460758583
"Repaid","Repaid",0.0971459976500387,0.902854002349961
"Not_Repaid","Repaid",0.474663646569515,0.525336353430485
"Not_Repaid","Not_Repaid",0.646574247407738,0.353425752592262
"Repaid","Repaid",0.0155473514341523,0.984452648565848
"Not_Repaid","Not_Repaid",0.634888311903106,0.365111688096894
"Repaid","Repaid",0.0313026663634705,0.96869733363653
"Repaid","Repaid",0.0735676349132677,0.926432365086732
"Not_Repaid","Not_Repaid",0.874741177338636,0.125258822661364
"Repaid","Repaid",0.2741313727335,0.7258686272665
"Not_Repaid","Not_Repaid",0.887923005659272,0.112076994340728
"Repaid","Not_Repaid",0.610719173025971,0.389280826974029
"Not_Repaid","Not_Repaid",0.978409592686468,0.0215904073135319
"Not_Repaid","Not_Repaid",0.506958674781777,0.493041325218223
"Not_Repaid","Not_Repaid",0.980356889359998,0.0196431106400025
"Not_Repaid","Repaid",0.30401192434811,0.69598807565189
"Not_Repaid","Not_Repaid",0.732673038692303,0.267326961307697
"Repaid","Repaid",0.176500655669634,0.823499344330366
"Not_Repaid","Repaid",0.110592179041447,0.889407820958553
"Not_Repaid","Not_Repaid",0.782528382416566,0.217471617583434
"Not_Repaid","Repaid",0.0212583640557781,0.978741635944222
"Repaid","Repaid",0.0455246987910862,0.954475301208914
"Not_Repaid","Not_Repaid",0.976293918686479,0.0237060813135214
"Not_Repaid","Not_Repaid",0.988201781947793,0.0117982180522074
"Repaid","Not_Repaid",0.817068976784132,0.182931023215868
"Not_Repaid","Not_Repaid",0.890794964538662,0.109205035461337
"Not_Repaid","Repaid",0.21916053502743,0.78083946497257
"Repaid","Not_Repaid",0.72763772184731,0.27236227815269
"Not_Repaid","Not_Repaid",0.711523425479209,0.288476574520791
"Repaid","Repaid",0.0558194565456238,0.944180543454376
"Repaid","Repaid",0.0226363820196173,0.977363617980383
"Repaid","Not_Repaid",0.94660888385782,0.0533911161421802
"Repaid","Repaid",0.0610650129205809,0.938934987079419
"Repaid","Repaid",0.0444767670198359,0.955523232980164
"Repaid","Repaid",0.0606832459229105,0.93931675407709
"Not_Repaid","Not_Repaid",0.804932447941422,0.195067552058578
"Repaid","Repaid",0.159695956012027,0.840304043987973
"Not_Repaid","Not_Repaid",0.637740702213265,0.362259297786735
"Repaid","Repaid",0.0588102419614817,0.941189758038518
"Not_Repaid","Not_Repaid",0.938372296427679,0.0616277035723207
"Not_Repaid","Not_Repaid",0.982823543595392,0.0171764564046078
"Repaid","Not_Repaid",0.867383016050833,0.132616983949167
"Not_Repaid","Not_Repaid",0.79600257107088,0.20399742892912
"Not_Repaid","Repaid",0.397807053652578,0.602192946347422
"Repaid","Repaid",0.130049016524364,0.869950983475636
"Repaid","Repaid",0.283974611906643,0.716025388093357
"Not_Repaid","Not_Repaid",0.959333724140303,0.0406662758596966
"Not_Repaid","Not_Repaid",0.953253278098238,0.0467467219017621
"Not_Repaid","Not_Repaid",0.810283261645692,0.189716738354308
"Repaid","Repaid",0.30187534673363,0.69812465326637
"Repaid","Repaid",0.178042327841637,0.821957672158363
"Not_Repaid","Repaid",0.471450757106132,0.528549242893868
"Not_Repaid","Not_Repaid",0.942222875668255,0.0577771243317452
"Repaid","Not_Repaid",0.637603795726217,0.362396204273783
"Repaid","Repaid",0.0945675221570793,0.905432477842921
"Repaid","Not_Repaid",0.513370696594828,0.486629303405172
"Repaid","Repaid",0.437832414913086,0.562167585086914
"Not_Repaid","Not_Repaid",0.98064326315977,0.0193567368402298
"Repaid","Repaid",0.298580160173086,0.701419839826914
"Not_Repaid","Not_Repaid",0.677253152858188,0.322746847141813
"Not_Repaid","Not_Repaid",0.885870048603534,0.114129951396466
"Not_Repaid","Not_Repaid",0.916322410601188,0.0836775893988116
"Repaid","Repaid",0.147245534254851,0.852754465745149
"Repaid","Repaid",0.01835220257262,0.98164779742738
"Repaid","Not_Repaid",0.85371826921373,0.14628173078627
"Repaid","Repaid",0.0364402957413444,0.963559704258656
"Not_Repaid","Not_Repaid",0.813371829954313,0.186628170045687
"Not_Repaid","Not_Repaid",0.802566821695923,0.197433178304077
"Repaid","Repaid",0.0522671820769716,0.947732817923028
"Repaid","Repaid",0.214183953701491,0.785816046298509
"Not_Repaid","Not_Repaid",0.690362076805187,0.309637923194813
"Not_Repaid","Not_Repaid",0.986127752353059,0.0138722476469407
"Not_Repaid","Not_Repaid",0.627613912092301,0.372386087907699
"Repaid","Repaid",0.325042102561493,0.674957897438507
"Not_Repaid","Not_Repaid",0.907073609014744,0.0929263909852557
"Repaid","Repaid",0.187089733272845,0.812910266727155
"Not_Repaid","Not_Repaid",0.964202243924073,0.0357977560759271
"Repaid","Repaid",0.102624969159757,0.897375030840243
"Not_Repaid","Not_Repaid",0.520272643053903,0.479727356946097
"Not_Repaid","Not_Repaid",0.527464958603939,0.472535041396061
"Repaid","Repaid",0.0616707475200112,0.938329252479989
"Repaid","Not_Repaid",0.915400110798251,0.0845998892017492
"Repaid","Repaid",0.0304992333904216,0.969500766609578
"Not_Repaid","Not_Repaid",0.927214788739438,0.0727852112605625
"Repaid","Repaid",0.0901359740142701,0.90986402598573
"Not_Repaid","Not_Repaid",0.792799138463748,0.207200861536252
"Not_Repaid","Not_Repaid",0.663093586673924,0.336906413326076
"Not_Repaid","Not_Repaid",0.721418585308695,0.278581414691305
"Repaid","Not_Repaid",0.961820850154432,0.0381791498455682
"Not_Repaid","Not_Repaid",0.883641343936615,0.116358656063385
"Not_Repaid","Not_Repaid",0.83624015795833,0.16375984204167
"Repaid","Repaid",0.15056945072346,0.84943054927654
"Repaid","Repaid",0.427712886554482,0.572287113445518
"Not_Repaid","Not_Repaid",0.741348537198272,0.258651462801728
"Not_Repaid","Not_Repaid",0.983291196898557,0.0167088031014429
"Repaid","Not_Repaid",0.522124400118272,0.477875599881728
"Repaid","Repaid",0.239258771851243,0.760741228148757
"Not_Repaid","Not_Repaid",0.696424525280357,0.303575474719643
"Not_Repaid","Repaid",0.41614745753141,0.58385254246859
"Repaid","Repaid",0.306533684980558,0.693466315019442
"Not_Repaid","Not_Repaid",0.985210784674781,0.0147892153252193
"Not_Repaid","Not_Repaid",0.982792065842368,0.0172079341576324
"Not_Repaid","Not_Repaid",0.879733883425744,0.120266116574256
"Not_Repaid","Not_Repaid",0.955471815828905,0.0445281841710955
"Not_Repaid","Repaid",0.201091963185075,0.798908036814925
"Repaid","Repaid",0.0955757446537925,0.904424255346208
"Repaid","Repaid",0.0143515630369334,0.985648436963067
"Repaid","Repaid",0.162896823904022,0.837103176095978
"Repaid","Repaid",0.0313043421582955,0.968695657841705
"Not_Repaid","Not_Repaid",0.780719639423844,0.219280360576156
"Repaid","Repaid",0.0233368788634575,0.976663121136543
"Repaid","Repaid",0.315103373113306,0.684896626886694
"Not_Repaid","Not_Repaid",0.941298170635054,0.0587018293649458
"Not_Repaid","Not_Repaid",0.524703201231627,0.475296798768373
"Not_Repaid","Not_Repaid",0.994859331175319,0.00514066882468114
"Repaid","Repaid",0.0730005539303661,0.926999446069634
"Not_Repaid","Not_Repaid",0.58033358838218,0.41966641161782
"Not_Repaid","Not_Repaid",0.818503351117848,0.181496648882152
"Not_Repaid","Not_Repaid",0.600508696371486,0.399491303628514
"Repaid","Repaid",0.0616369224072312,0.938363077592769
"Not_Repaid","Repaid",0.47368354061619,0.52631645938381
"Repaid","Repaid",0.0350080991957421,0.964991900804258
"Not_Repaid","Not_Repaid",0.734892021049077,0.265107978950923
"Repaid","Repaid",0.0794074961977581,0.920592503802242
"Repaid","Not_Repaid",0.58044552795359,0.41955447204641
"Repaid","Repaid",0.175956503243932,0.824043496756068
"Repaid","Not_Repaid",0.899616766422091,0.100383233577909
"Not_Repaid","Repaid",0.388579143747512,0.611420856252488
"Repaid","Repaid",0.20787742845322,0.79212257154678
"Not_Repaid","Not_Repaid",0.845820432502937,0.154179567497063
"Repaid","Repaid",0.0390976091007461,0.960902390899254
"Repaid","Repaid",0.134955712534003,0.865044287465997
"Repaid","Repaid",0.0356554161233614,0.964344583876639
"Not_Repaid","Not_Repaid",0.720967266141557,0.279032733858443
"Repaid","Repaid",0.0583485308365159,0.941651469163484
"Not_Repaid","Not_Repaid",0.797569554981166,0.202430445018834
"Repaid","Not_Repaid",0.992653692023334,0.00734630797666558
"Not_Repaid","Repaid",0.415683965296649,0.584316034703351
"Not_Repaid","Not_Repaid",0.575242036417162,0.424757963582838
"Repaid","Repaid",0.0593765088279654,0.940623491172035
"Repaid","Repaid",0.172546465036305,0.827453534963695
"Not_Repaid","Not_Repaid",0.910271448157551,0.0897285518424488
"Not_Repaid","Not_Repaid",0.941512856311868,0.0584871436881319
"Repaid","Repaid",0.130856711037026,0.869143288962974
"Repaid","Repaid",0.059934712467231,0.940065287532769
"Repaid","Not_Repaid",0.93918664257955,0.0608133574204498
"Repaid","Repaid",0.443381499262989,0.556618500737011
"Repaid","Not_Repaid",0.672092478928667,0.327907521071333
"Repaid","Repaid",0.0396521345583977,0.960347865441602
"Repaid","Repaid",0.0650161180588715,0.934983881941128
"Not_Repaid","Not_Repaid",0.748051678438819,0.251948321561181
"Repaid","Repaid",0.0484844079865236,0.951515592013476
"Repaid","Repaid",0.228343851039337,0.771656148960663
"Not_Repaid","Repaid",0.322557094214793,0.677442905785207
"Repaid","Repaid",0.376965291267584,0.623034708732416
"Repaid","Repaid",0.0680521070169495,0.93194789298305
"Not_Repaid","Not_Repaid",0.935902088962299,0.0640979110377012
"Repaid","Repaid",0.0492827310109655,0.950717268989035
"Not_Repaid","Not_Repaid",0.948042864257106,0.0519571357428935
"Repaid","Repaid",0.139303241292235,0.860696758707765
"Repaid","Repaid",0.0476388337382639,0.952361166261736
"Repaid","Repaid",0.232244945596366,0.767755054403634
"Not_Repaid","Not_Repaid",0.975216348098726,0.0247836519012739
"Repaid","Repaid",0.319043060071055,0.680956939928945
"Repaid","Not_Repaid",0.664389549924103,0.335610450075897
"Repaid","Not_Repaid",0.555151084290098,0.444848915709902
"Repaid","Repaid",0.118416834487814,0.881583165512186
"Not_Repaid","Not_Repaid",0.903865611190312,0.0961343888096883
"Repaid","Repaid",0.0590750430897032,0.940924956910297
"Repaid","Repaid",0.0409869266091996,0.9590130733908
"Not_Repaid","Repaid",0.188458628940254,0.811541371059746
"Not_Repaid","Not_Repaid",0.951107307490913,0.0488926925090869
"Not_Repaid","Not_Repaid",0.959251654341148,0.0407483456588522
"Not_Repaid","Not_Repaid",0.75335443382617,0.24664556617383
"Not_Repaid","Not_Repaid",0.607457148281968,0.392542851718032
"Not_Repaid","Not_Repaid",0.93122948944365,0.0687705105563495
"Not_Repaid","Not_Repaid",0.88265282281918,0.11734717718082
"Repaid","Repaid",0.0447931289713529,0.955206871028647
"Not_Repaid","Not_Repaid",0.987315815278478,0.0126841847215223
"Not_Repaid","Not_Repaid",0.966047638449106,0.0339523615508935
"Repaid","Repaid",0.163041638824159,0.836958361175841
"Not_Repaid","Repaid",0.321717012739038,0.678282987260962
"Repaid","Repaid",0.264511852987107,0.735488147012893
"Repaid","Repaid",0.0466858898602364,0.953314110139764
"Not_Repaid","Not_Repaid",0.525572205984102,0.474427794015898
"Repaid","Repaid",0.190567857617586,0.809432142382414
"Repaid","Repaid",0.0218131565869197,0.97818684341308
"Not_Repaid","Not_Repaid",0.975663146658894,0.0243368533411061
"Repaid","Repaid",0.086057352141627,0.913942647858373
"Not_Repaid","Not_Repaid",0.850031263715087,0.149968736284913
"Repaid","Repaid",0.059437507109457,0.940562492890543
"Repaid","Repaid",0.0991905381179261,0.900809461882074
"Repaid","Repaid",0.022632693028155,0.977367306971845
"Repaid","Repaid",0.137875948937898,0.862124051062102
"Not_Repaid","Not_Repaid",0.609459150979923,0.390540849020077
"Not_Repaid","Not_Repaid",0.881001305625889,0.118998694374111
"Repaid","Repaid",0.135267435052005,0.864732564947995
"Not_Repaid","Not_Repaid",0.976889080844602,0.0231109191553981
"Not_Repaid","Not_Repaid",0.959898837717949,0.0401011622820507
"Not_Repaid","Not_Repaid",0.969599577509145,0.0304004224908549
"Not_Repaid","Not_Repaid",0.725705336311504,0.274294663688496
"Not_Repaid","Not_Repaid",0.515200620551713,0.484799379448287
"Not_Repaid","Not_Repaid",0.954690288535819,0.0453097114641814
"Repaid","Repaid",0.473790584643595,0.526209415356405
"Not_Repaid","Not_Repaid",0.982595366972424,0.0174046330275756
"Repaid","Repaid",0.0360017611945848,0.963998238805415
"Repaid","Repaid",0.247377917865228,0.752622082134772
"Not_Repaid","Not_Repaid",0.977566898786201,0.0224331012137987
"Not_Repaid","Not_Repaid",0.681419551186347,0.318580448813653
"Not_Repaid","Not_Repaid",0.866718183062214,0.133281816937786
"Repaid","Repaid",0.296266225301251,0.703733774698749
"Not_Repaid","Repaid",0.0787378727615816,0.921262127238418
"Not_Repaid","Repaid",0.332398669829399,0.667601330170601
"Not_Repaid","Not_Repaid",0.560950849513838,0.439049150486162
"Not_Repaid","Not_Repaid",0.930244712755675,0.0697552872443246
"Not_Repaid","Not_Repaid",0.848221494929581,0.151778505070419
"Not_Repaid","Not_Repaid",0.840352889812521,0.159647110187479
"Not_Repaid","Not_Repaid",0.92657182009724,0.0734281799027598
"Repaid","Repaid",0.119921830700205,0.880078169299795
"Repaid","Repaid",0.0388000876321308,0.961199912367869
"Not_Repaid","Not_Repaid",0.940419837539267,0.0595801624607327
"Repaid","Repaid",0.116941951497527,0.883058048502473
"Not_Repaid","Repaid",0.375035430031923,0.624964569968077
"Not_Repaid","Not_Repaid",0.983052184849801,0.0169478151501987
"Not_Repaid","Not_Repaid",0.7028480277999,0.2971519722001
"Not_Repaid","Not_Repaid",0.841109153291016,0.158890846708984
"Not_Repaid","Not_Repaid",0.853579235422064,0.146420764577936
"Repaid","Repaid",0.0498763332252876,0.950123666774712
"Repaid","Repaid",0.0918786080887972,0.908121391911203
"Not_Repaid","Not_Repaid",0.854132625956868,0.145867374043132
"Repaid","Repaid",0.099712963370806,0.900287036629194
"Not_Repaid","Not_Repaid",0.81792770423522,0.18207229576478
"Not_Repaid","Not_Repaid",0.898905160025824,0.101094839974176
"Repaid","Repaid",0.230807846798048,0.769192153201952
"Repaid","Repaid",0.0267915327643434,0.973208467235657
"Not_Repaid","Not_Repaid",0.908619355038635,0.0913806449613645
"Repaid","Repaid",0.0631314793979859,0.936868520602014
"Repaid","Repaid",0.136954340056214,0.863045659943786
"Not_Repaid","Repaid",0.154326348402967,0.845673651597033
"Not_Repaid","Not_Repaid",0.825850338640924,0.174149661359076
"Repaid","Repaid",0.0812277816825094,0.918772218317491
"Not_Repaid","Not_Repaid",0.627676838688615,0.372323161311385
"Repaid","Repaid",0.0630679933330182,0.936932006666982
"Repaid","Repaid",0.0611052518144054,0.938894748185595
"Not_Repaid","Repaid",0.198381113864084,0.801618886135916
"Repaid","Repaid",0.162285775805136,0.837714224194864
"Repaid","Not_Repaid",0.708812200276239,0.291187799723761
"Repaid","Not_Repaid",0.518273950822578,0.481726049177422
"Not_Repaid","Not_Repaid",0.90637639821778,0.0936236017822202
"Repaid","Repaid",0.0592601001358539,0.940739899864146
"Not_Repaid","Not_Repaid",0.685132572462775,0.314867427537225
"Not_Repaid","Not_Repaid",0.563684997201895,0.436315002798105
"Repaid","Repaid",0.0359864559796893,0.964013544020311
"Repaid","Repaid",0.111157717853304,0.888842282146696
"Repaid","Repaid",0.0786237075931859,0.921376292406814
"Not_Repaid","Not_Repaid",0.659256522249772,0.340743477750228
"Repaid","Repaid",0.0392667917783479,0.960733208221652
"Not_Repaid","Not_Repaid",0.98880451998741,0.01119548001259
"Not_Repaid","Not_Repaid",0.719767127942295,0.280232872057705
"Repaid","Not_Repaid",0.753437014185775,0.246562985814225
"Repaid","Repaid",0.056910568818226,0.943089431181774
"Not_Repaid","Not_Repaid",0.631078729810058,0.368921270189942
"Repaid","Repaid",0.212208862953726,0.787791137046274
"Repaid","Not_Repaid",0.522657307544267,0.477342692455733
"Not_Repaid","Not_Repaid",0.92245282954002,0.0775471704599801
"Not_Repaid","Repaid",0.174119931460214,0.825880068539786
"Not_Repaid","Not_Repaid",0.561325978007005,0.438674021992995
"Repaid","Not_Repaid",0.814250174151122,0.185749825848878
"Repaid","Repaid",0.159529359368311,0.840470640631689
"Not_Repaid","Not_Repaid",0.905133689586722,0.0948663104132781
"Not_Repaid","Not_Repaid",0.567577247701866,0.432422752298134
"Repaid","Repaid",0.0373270158896375,0.962672984110363
"Not_Repaid","Not_Repaid",0.928937017348604,0.0710629826513963
"Repaid","Repaid",0.0378277452007507,0.962172254799249
"Not_Repaid","Repaid",0.478331043103082,0.521668956896918
"Not_Repaid","Not_Repaid",0.657591011351475,0.342408988648525
"Repaid","Repaid",0.0560869542304371,0.943913045769563
"Repaid","Repaid",0.330581925701072,0.669418074298928
"Repaid","Repaid",0.0309480236071457,0.969051976392854
"Not_Repaid","Not_Repaid",0.990561243163088,0.00943875683691192
"Not_Repaid","Not_Repaid",0.704912695770334,0.295087304229666
"Not_Repaid","Not_Repaid",0.941324458943193,0.058675541056807
"Not_Repaid","Not_Repaid",0.962333105088986,0.0376668949110142
"Not_Repaid","Not_Repaid",0.962720861712922,0.0372791382870777
"Repaid","Repaid",0.2036301255327,0.7963698744673
"Repaid","Repaid",0.0880128984568945,0.911987101543105
"Repaid","Repaid",0.283925091344914,0.716074908655086
"Not_Repaid","Not_Repaid",0.553790519212663,0.446209480787337
"Not_Repaid","Not_Repaid",0.9348823013847,0.0651176986153001
"Not_Repaid","Not_Repaid",0.729294234163885,0.270705765836115
"Not_Repaid","Not_Repaid",0.929830848979988,0.0701691510200115
"Repaid","Repaid",0.359120409944553,0.640879590055447
"Not_Repaid","Not_Repaid",0.916065158081186,0.0839348419188139
"Not_Repaid","Not_Repaid",0.519443264690628,0.480556735309372
"Repaid","Repaid",0.0323494046463465,0.967650595353653
"Not_Repaid","Not_Repaid",0.588107651766428,0.411892348233572
"Repaid","Repaid",0.14167603310363,0.85832396689637
"Not_Repaid","Not_Repaid",0.845216757597036,0.154783242402964
"Not_Repaid","Not_Repaid",0.968713497482977,0.0312865025170232
"Repaid","Repaid",0.236306972484744,0.763693027515256
"Repaid","Repaid",0.0497748371260582,0.950225162873942
"Repaid","Repaid",0.335820746198498,0.664179253801502
"Not_Repaid","Not_Repaid",0.648006250992629,0.351993749007371
"Not_Repaid","Not_Repaid",0.505138963230982,0.494861036769018
"Not_Repaid","Not_Repaid",0.813240534843233,0.186759465156767
"Repaid","Repaid",0.30474224820477,0.69525775179523
"Repaid","Repaid",0.0614688295065653,0.938531170493435
"Not_Repaid","Not_Repaid",0.967596311702273,0.032403688297727
"Repaid","Repaid",0.0279752419640533,0.972024758035947
"Repaid","Repaid",0.0519046580919085,0.948095341908092
"Repaid","Repaid",0.0835738546983593,0.916426145301641
"Not_Repaid","Repaid",0.222481786010633,0.777518213989367
"Not_Repaid","Not_Repaid",0.921331095003456,0.0786689049965441
"Not_Repaid","Not_Repaid",0.954349975275104,0.0456500247248962
"Repaid","Repaid",0.435542104423376,0.564457895576624
"Repaid","Repaid",0.0588433149228853,0.941156685077115
"Repaid","Repaid",0.0492972873793573,0.950702712620643
"Not_Repaid","Not_Repaid",0.878526968066346,0.121473031933654
"Repaid","Repaid",0.492193055598123,0.507806944401877
"Repaid","Not_Repaid",0.525176867543559,0.474823132456441
"Not_Repaid","Not_Repaid",0.970814224176311,0.0291857758236886
"Repaid","Repaid",0.36114382457396,0.63885617542604
"Not_Repaid","Not_Repaid",0.99021188072933,0.00978811927066991
"Repaid","Repaid",0.12545289017892,0.87454710982108
"Repaid","Repaid",0.0489129108693839,0.951087089130616
"Not_Repaid","Not_Repaid",0.937973420009262,0.062026579990738
"Repaid","Repaid",0.419349105315831,0.580650894684169
"Not_Repaid","Repaid",0.373968304977746,0.626031695022254
"Repaid","Not_Repaid",0.848436915077516,0.151563084922484
"Repaid","Repaid",0.206190378756173,0.793809621243827
"Repaid","Repaid",0.237810065111019,0.762189934888981
"Repaid","Repaid",0.249051299698366,0.750948700301634
"Not_Repaid","Not_Repaid",0.696854774934531,0.303145225065469
"Not_Repaid","Not_Repaid",0.776203374575312,0.223796625424688
"Not_Repaid","Not_Repaid",0.929995372160549,0.0700046278394507
"Not_Repaid","Not_Repaid",0.934261490454819,0.0657385095451815
"Repaid","Repaid",0.10509165371134,0.89490834628866
"Repaid","Repaid",0.0650204589152006,0.934979541084799
"Repaid","Repaid",0.475474137203642,0.524525862796358
"Not_Repaid","Not_Repaid",0.984646500740687,0.0153534992593133
"Repaid","Not_Repaid",0.660486695342485,0.339513304657515
"Repaid","Repaid",0.0858355069438405,0.91416449305616
"Repaid","Repaid",0.0377426176396224,0.962257382360378
"Not_Repaid","Not_Repaid",0.554073117929416,0.445926882070584
"Repaid","Repaid",0.472778185937972,0.527221814062028
"Repaid","Repaid",0.0198737705025369,0.980126229497463
"Not_Repaid","Not_Repaid",0.969404988187764,0.0305950118122356
"Not_Repaid","Not_Repaid",0.77955579979657,0.22044420020343
"Repaid","Repaid",0.129914562627321,0.870085437372679
"Not_Repaid","Not_Repaid",0.542565187795259,0.457434812204741
"Not_Repaid","Not_Repaid",0.877587925800176,0.122412074199824
"Not_Repaid","Not_Repaid",0.739550667959737,0.260449332040263
"Not_Repaid","Not_Repaid",0.851901284901058,0.148098715098942
"Repaid","Repaid",0.0133655007405784,0.986634499259422
"Repaid","Repaid",0.0399275372736685,0.960072462726332
"Repaid","Repaid",0.167142525883229,0.832857474116771
"Repaid","Repaid",0.0974712236762091,0.902528776323791
"Not_Repaid","Not_Repaid",0.655859451196056,0.344140548803944
"Repaid","Repaid",0.105302930775507,0.894697069224493
"Repaid","Repaid",0.369057205032686,0.630942794967314
"Repaid","Repaid",0.074607479864551,0.925392520135449
"Not_Repaid","Not_Repaid",0.653990304360708,0.346009695639292
"Not_Repaid","Repaid",0.47838827990481,0.52161172009519
"Repaid","Not_Repaid",0.84364981730251,0.15635018269749
"Not_Repaid","Not_Repaid",0.866435941537951,0.133564058462049
"Not_Repaid","Not_Repaid",0.679209598179021,0.320790401820979
"Repaid","Repaid",0.210263489432712,0.789736510567288
"Repaid","Repaid",0.0836201419916559,0.916379858008344
"Not_Repaid","Not_Repaid",0.944716623923349,0.0552833760766513
"Not_Repaid","Not_Repaid",0.987426954365034,0.0125730456349656
"Not_Repaid","Not_Repaid",0.730240440450741,0.269759559549259
"Repaid","Repaid",0.147829882177543,0.852170117822457
"Not_Repaid","Repaid",0.357172482848722,0.642827517151278
"Not_Repaid","Not_Repaid",0.968042894808959,0.0319571051910412
"Not_Repaid","Not_Repaid",0.65740829771157,0.34259170228843
"Repaid","Repaid",0.378527740137267,0.621472259862733
"Repaid","Repaid",0.105295441156855,0.894704558843145
"Repaid","Repaid",0.0407593580245749,0.959240641975425
"Repaid","Repaid",0.137148179503939,0.862851820496061
"Repaid","Repaid",0.204126837204658,0.795873162795342
"Not_Repaid","Not_Repaid",0.969798581335068,0.0302014186649322
"Repaid","Repaid",0.115308933500972,0.884691066499028
"Not_Repaid","Not_Repaid",0.690451006067173,0.309548993932827
"Not_Repaid","Not_Repaid",0.715709485677781,0.284290514322219
"Not_Repaid","Not_Repaid",0.665856026831445,0.334143973168555
"Repaid","Not_Repaid",0.65266200964209,0.34733799035791
"Not_Repaid","Not_Repaid",0.793245125748025,0.206754874251975
"Repaid","Repaid",0.233584461734302,0.766415538265698
"Repaid","Repaid",0.199744103265377,0.800255896734623
"Not_Repaid","Not_Repaid",0.92754292318235,0.0724570768176497
"Repaid","Repaid",0.209401558580044,0.790598441419956
"Repaid","Repaid",0.439653226924408,0.560346773075592
"Not_Repaid","Not_Repaid",0.981206520101293,0.0187934798987069
"Not_Repaid","Repaid",0.332530505052989,0.667469494947011
"Not_Repaid","Not_Repaid",0.956570265568953,0.0434297344310471
"Not_Repaid","Not_Repaid",0.690792467713197,0.309207532286803
"Repaid","Repaid",0.13219743330381,0.86780256669619
"Not_Repaid","Not_Repaid",0.749185982788907,0.250814017211093
"Not_Repaid","Not_Repaid",0.687277725032278,0.312722274967722
"Repaid","Not_Repaid",0.549955801527857,0.450044198472143
"Not_Repaid","Not_Repaid",0.990325249049801,0.00967475095019922
"Not_Repaid","Not_Repaid",0.948365155606054,0.0516348443939463
"Repaid","Not_Repaid",0.51804879134357,0.48195120865643
"Repaid","Repaid",0.220804817117145,0.779195182882855
"Not_Repaid","Not_Repaid",0.929962331467208,0.0700376685327919
"Repaid","Not_Repaid",0.602145032478941,0.397854967521059
"Not_Repaid","Not_Repaid",0.701934394227286,0.298065605772714
"Repaid","Repaid",0.136807271619659,0.863192728380341
"Repaid","Repaid",0.0454996811937588,0.954500318806241
"Not_Repaid","Not_Repaid",0.979075888951702,0.0209241110482981
"Not_Repaid","Not_Repaid",0.852257086377819,0.147742913622181
"Repaid","Repaid",0.492954884451486,0.507045115548514
"Repaid","Repaid",0.255036737465516,0.744963262534484
"Repaid","Repaid",0.0525125210601392,0.947487478939861
"Repaid","Repaid",0.348975047958864,0.651024952041136
"Not_Repaid","Not_Repaid",0.926343923478057,0.0736560765219429
"Not_Repaid","Not_Repaid",0.788586742962462,0.211413257037538
"Not_Repaid","Not_Repaid",0.50379276815163,0.49620723184837
"Not_Repaid","Repaid",0.476727475677866,0.523272524322134
"Repaid","Repaid",0.166996259139669,0.833003740860331
"Repaid","Repaid",0.0503530540693057,0.949646945930694
"Not_Repaid","Not_Repaid",0.647809732118593,0.352190267881407
"Not_Repaid","Not_Repaid",0.947560753606373,0.0524392463936267
"Repaid","Repaid",0.0582898121517822,0.941710187848218
"Repaid","Repaid",0.0150613976261879,0.984938602373812
"Not_Repaid","Not_Repaid",0.81182950362658,0.188170496373421
"Repaid","Repaid",0.060779264103865,0.939220735896135
"Repaid","Repaid",0.171151119136939,0.828848880863061
"Not_Repaid","Repaid",0.288694802635899,0.711305197364101
"Not_Repaid","Repaid",0.358371305745486,0.641628694254514
"Repaid","Repaid",0.363608582934703,0.636391417065297
"Not_Repaid","Repaid",0.456018075965504,0.543981924034496
"Not_Repaid","Not_Repaid",0.585018780821803,0.414981219178197
"Not_Repaid","Not_Repaid",0.992944906563738,0.00705509343626204
"Not_Repaid","Not_Repaid",0.96007290904573,0.0399270909542702
"Repaid","Repaid",0.0985603084754079,0.901439691524592
"Repaid","Repaid",0.0445109926051267,0.955489007394873
"Not_Repaid","Not_Repaid",0.660795229686642,0.339204770313358
"Not_Repaid","Not_Repaid",0.972240648364127,0.0277593516358734
"Not_Repaid","Repaid",0.384946574963688,0.615053425036312
"Not_Repaid","Not_Repaid",0.545934023330473,0.454065976669527
"Repaid","Not_Repaid",0.621190643135068,0.378809356864932
"Repaid","Repaid",0.32545316483436,0.67454683516564
"Not_Repaid","Repaid",0.469172450883997,0.530827549116003
"Repaid","Repaid",0.109519819326561,0.890480180673439
"Repaid","Repaid",0.141653367379902,0.858346632620098
"Not_Repaid","Not_Repaid",0.983830987735858,0.0161690122641423
"Repaid","Repaid",0.401292536734059,0.598707463265941
"Not_Repaid","Not_Repaid",0.724613373746829,0.275386626253171
"Not_Repaid","Not_Repaid",0.923225368100697,0.0767746318993027
"Not_Repaid","Not_Repaid",0.643895054621036,0.356104945378964
"Not_Repaid","Not_Repaid",0.629004483150499,0.370995516849501
"Repaid","Repaid",0.260279082023913,0.739720917976087
"Repaid","Repaid",0.206621811772328,0.793378188227672
"Not_Repaid","Not_Repaid",0.570864046934069,0.429135953065931
"Repaid","Repaid",0.404153621580786,0.595846378419214
"Repaid","Repaid",0.183014600333523,0.816985399666477
"Repaid","Not_Repaid",0.701013111548922,0.298986888451078
"Not_Repaid","Not_Repaid",0.610665519548324,0.389334480451676
"Not_Repaid","Not_Repaid",0.957184628110168,0.042815371889832
"Not_Repaid","Repaid",0.0305391287737796,0.96946087122622
"Not_Repaid","Not_Repaid",0.99372448733419,0.00627551266580988
"Repaid","Repaid",0.323467323065569,0.676532676934431
"Repaid","Not_Repaid",0.72120182249607,0.27879817750393
"Repaid","Not_Repaid",0.657200321245141,0.342799678754859
"Repaid","Repaid",0.0936144642704753,0.906385535729525
"Repaid","Repaid",0.0649760620204848,0.935023937979515
"Not_Repaid","Not_Repaid",0.848694557818667,0.151305442181333
"Repaid","Repaid",0.191066381309985,0.808933618690015
"Not_Repaid","Not_Repaid",0.978296001215817,0.0217039987841828
"Repaid","Repaid",0.47119767990926,0.52880232009074
"Repaid","Repaid",0.205284988290758,0.794715011709242
"Not_Repaid","Not_Repaid",0.859011426997487,0.140988573002513
"Repaid","Repaid",0.0440653604833088,0.955934639516691
"Not_Repaid","Not_Repaid",0.729516078930806,0.270483921069194
"Repaid","Repaid",0.465002616682305,0.534997383317695
"Not_Repaid","Not_Repaid",0.989618777724351,0.0103812222756488
"Repaid","Repaid",0.0149251537508085,0.985074846249192
"Not_Repaid","Not_Repaid",0.920629131237132,0.0793708687628676
"Repaid","Repaid",0.160871742498402,0.839128257501598
"Not_Repaid","Not_Repaid",0.850769844616216,0.149230155383784
"Not_Repaid","Not_Repaid",0.973847071435536,0.0261529285644636
"Not_Repaid","Not_Repaid",0.708947469043499,0.291052530956501
"Not_Repaid","Repaid",0.139423603244788,0.860576396755212
"Not_Repaid","Not_Repaid",0.832516538481463,0.167483461518537
"Repaid","Repaid",0.0541921669062168,0.945807833093783
"Repaid","Repaid",0.0576174460923857,0.942382553907614
"Not_Repaid","Not_Repaid",0.673892787889079,0.326107212110921
"Repaid","Repaid",0.445046159760171,0.554953840239829
"Repaid","Repaid",0.0232466369250535,0.976753363074947
"Not_Repaid","Not_Repaid",0.672361623766798,0.327638376233202
"Repaid","Repaid",0.114935768278491,0.885064231721509
"Not_Repaid","Not_Repaid",0.886048122183678,0.113951877816322
"Not_Repaid","Not_Repaid",0.811560005565615,0.188439994434385
"Not_Repaid","Repaid",0.370139616183613,0.629860383816387
"Not_Repaid","Not_Repaid",0.765506342887382,0.234493657112618
"Not_Repaid","Not_Repaid",0.950213870162659,0.0497861298373406
"Not_Repaid","Not_Repaid",0.631256407581032,0.368743592418968
"Repaid","Repaid",0.496062328066045,0.503937671933955
"Not_Repaid","Not_Repaid",0.75489691783703,0.24510308216297
"Not_Repaid","Not_Repaid",0.762388890868111,0.237611109131889
"Not_Repaid","Not_Repaid",0.979162801282626,0.020837198717374
"Not_Repaid","Repaid",0.110138783629887,0.889861216370113
"Not_Repaid","Not_Repaid",0.748001625804698,0.251998374195302
"Not_Repaid","Not_Repaid",0.664450459346388,0.335549540653612
"Repaid","Not_Repaid",0.666179018473123,0.333820981526877
"Repaid","Repaid",0.120431566371133,0.879568433628867
"Repaid","Repaid",0.466443319419994,0.533556680580006
"Repaid","Repaid",0.250581623332128,0.749418376667872
"Repaid","Repaid",0.0219821277092824,0.978017872290718
"Not_Repaid","Not_Repaid",0.862392355249265,0.137607644750735
"Not_Repaid","Not_Repaid",0.976488921449399,0.0235110785506013
"Not_Repaid","Not_Repaid",0.858813743953833,0.141186256046167
"Repaid","Repaid",0.300031082586639,0.699968917413361
"Repaid","Repaid",0.182879088710219,0.817120911289781
"Not_Repaid","Not_Repaid",0.60592836722836,0.39407163277164
"Not_Repaid","Repaid",0.269642538794799,0.730357461205201
"Repaid","Repaid",0.0598352503784645,0.940164749621536
"Not_Repaid","Not_Repaid",0.946156067856292,0.0538439321437079
"Repaid","Not_Repaid",0.654843965467498,0.345156034532502
"Not_Repaid","Not_Repaid",0.984454213954508,0.015545786045492
"Not_Repaid","Not_Repaid",0.642865011232614,0.357134988767386
"Repaid","Repaid",0.176105810415506,0.823894189584494
"Repaid","Repaid",0.0148010910954595,0.98519890890454
"Repaid","Repaid",0.0574861746124521,0.942513825387548
"Not_Repaid","Not_Repaid",0.919142979681184,0.0808570203188165
"Not_Repaid","Not_Repaid",0.991960708383364,0.00803929161663573
"Repaid","Not_Repaid",0.522516271628417,0.477483728371583
"Repaid","Repaid",0.0252292579360759,0.974770742063924
"Repaid","Repaid",0.0976701618524886,0.902329838147511
"Repaid","Repaid",0.0411102828268699,0.95888971717313
"Repaid","Not_Repaid",0.694983228954657,0.305016771045343
"Repaid","Repaid",0.402517512910447,0.597482487089553
"Not_Repaid","Repaid",0.36870083725786,0.63129916274214
"Not_Repaid","Not_Repaid",0.819847367676487,0.180152632323513
"Not_Repaid","Not_Repaid",0.664118620833837,0.335881379166163
"Not_Repaid","Repaid",0.121904311501999,0.878095688498001
"Repaid","Repaid",0.0128934719575836,0.987106528042416
"Not_Repaid","Not_Repaid",0.846609399774833,0.153390600225167
"Not_Repaid","Repaid",0.280566965505613,0.719433034494387
"Not_Repaid","Not_Repaid",0.552251384015803,0.447748615984197
"Repaid","Not_Repaid",0.897167210475072,0.102832789524928
"Repaid","Repaid",0.366103059282161,0.633896940717839
"Not_Repaid","Not_Repaid",0.898508857784636,0.101491142215364
"Not_Repaid","Not_Repaid",0.980159443105908,0.0198405568940922
"Not_Repaid","Not_Repaid",0.627084757960786,0.372915242039214
"Repaid","Repaid",0.154692410318812,0.845307589681188
"Repaid","Repaid",0.219383600869989,0.780616399130011
"Not_Repaid","Not_Repaid",0.712362980347016,0.287637019652984
"Not_Repaid","Not_Repaid",0.94758340391994,0.0524165960800603
"Not_Repaid","Repaid",0.120594291615731,0.879405708384269
"Not_Repaid","Not_Repaid",0.840764220709807,0.159235779290193
"Repaid","Not_Repaid",0.586385488810382,0.413614511189618
"Not_Repaid","Not_Repaid",0.559174381014999,0.440825618985001
"Repaid","Repaid",0.021959009397607,0.978040990602393
"Not_Repaid","Not_Repaid",0.91487328696296,0.0851267130370399
"Repaid","Not_Repaid",0.524216953832005,0.475783046167996
"Not_Repaid","Repaid",0.462407074556642,0.537592925443358
"Repaid","Repaid",0.0225394027477295,0.97746059725227
"Repaid","Repaid",0.119793649890632,0.880206350109368
"Not_Repaid","Not_Repaid",0.837876930082035,0.162123069917964
"Repaid","Repaid",0.0632202764508721,0.936779723549128
"Not_Repaid","Not_Repaid",0.997072775203959,0.00292722479604113
"Repaid","Not_Repaid",0.917316578511659,0.0826834214883409
"Repaid","Repaid",0.021605999949825,0.978394000050175
"Not_Repaid","Repaid",0.449027207887522,0.550972792112478
"Repaid","Not_Repaid",0.725949270777193,0.274050729222807
"Not_Repaid","Repaid",0.483395887154403,0.516604112845597
"Not_Repaid","Repaid",0.479999351378297,0.520000648621703
"Repaid","Repaid",0.0392074379025223,0.960792562097478
"Repaid","Repaid",0.350428398637737,0.649571601362263
"Not_Repaid","Repaid",0.191132070082375,0.808867929917625
"Repaid","Repaid",0.0332695515417857,0.966730448458214
"Not_Repaid","Not_Repaid",0.761115682468032,0.238884317531968
"Not_Repaid","Not_Repaid",0.807825722490485,0.192174277509515
"Repaid","Repaid",0.120086444898932,0.879913555101068
"Repaid","Not_Repaid",0.508318490435285,0.491681509564715
"Not_Repaid","Not_Repaid",0.508527350045476,0.491472649954524
"Not_Repaid","Not_Repaid",0.753690384756938,0.246309615243062
"Repaid","Repaid",0.248371278772261,0.751628721227739
"Repaid","Repaid",0.0302533279704453,0.969746672029555
"Repaid","Repaid",0.144444698388168,0.855555301611832
"Not_Repaid","Not_Repaid",0.774581486817431,0.225418513182569
"Repaid","Repaid",0.0911265427833972,0.908873457216603
"Not_Repaid","Repaid",0.0765994261846924,0.923400573815308
"Repaid","Repaid",0.184573520573587,0.815426479426413
"Not_Repaid","Not_Repaid",0.909105599093331,0.0908944009066688
"Not_Repaid","Not_Repaid",0.678865028472561,0.321134971527439
"Not_Repaid","Not_Repaid",0.938198776022689,0.0618012239773113
"Repaid","Repaid",0.409402379383165,0.590597620616835
"Repaid","Repaid",0.417854861980294,0.582145138019706
"Not_Repaid","Not_Repaid",0.695879193591536,0.304120806408464
"Repaid","Repaid",0.35107561004197,0.64892438995803
"Not_Repaid","Not_Repaid",0.976071311692743,0.0239286883072571
"Not_Repaid","Not_Repaid",0.856549465512699,0.143450534487301
"Repaid","Not_Repaid",0.618186905787853,0.381813094212147
"Not_Repaid","Not_Repaid",0.613548753602388,0.386451246397612
"Not_Repaid","Not_Repaid",0.536637541792162,0.463362458207838
"Repaid","Not_Repaid",0.656925380048877,0.343074619951123
"Not_Repaid","Not_Repaid",0.56288210969312,0.43711789030688
"Repaid","Repaid",0.297791365027547,0.702208634972453
"Not_Repaid","Repaid",0.422692620859961,0.577307379140039
"Not_Repaid","Not_Repaid",0.960360771830298,0.0396392281697023
"Not_Repaid","Not_Repaid",0.99688880082824,0.00311119917175995
"Not_Repaid","Not_Repaid",0.816189323558466,0.183810676441534
"Repaid","Repaid",0.130077627065967,0.869922372934033
"Repaid","Not_Repaid",0.50839713868449,0.49160286131551
"Not_Repaid","Not_Repaid",0.941055420663951,0.058944579336049
"Repaid","Repaid",0.0688816880843642,0.931118311915636
"Repaid","Repaid",0.0402347279706581,0.959765272029342
"Not_Repaid","Not_Repaid",0.980292335373536,0.0197076646264641
"Not_Repaid","Not_Repaid",0.945177733907165,0.0548222660928347
"Not_Repaid","Repaid",0.0801008150943066,0.919899184905693
"Repaid","Repaid",0.0379158412719591,0.962084158728041
"Not_Repaid","Not_Repaid",0.922315307366241,0.077684692633759
"Not_Repaid","Not_Repaid",0.962877913510372,0.0371220864896277
"Repaid","Repaid",0.100248652580773,0.899751347419227
"Not_Repaid","Not_Repaid",0.947276943161566,0.0527230568384338
"Repaid","Repaid",0.256659679499116,0.743340320500884
"Repaid","Repaid",0.0703491489352628,0.929650851064737
"Repaid","Repaid",0.0371756518566821,0.962824348143318
"Repaid","Not_Repaid",0.51489002262579,0.48510997737421
"Not_Repaid","Repaid",0.289164077264587,0.710835922735413
"Not_Repaid","Not_Repaid",0.702102110113304,0.297897889886696
"Repaid","Repaid",0.160072900172551,0.839927099827449
"Not_Repaid","Not_Repaid",0.733051104488979,0.266948895511021
"Repaid","Not_Repaid",0.570859737122693,0.429140262877307
"Repaid","Repaid",0.421957020941351,0.578042979058649
"Not_Repaid","Not_Repaid",0.906388838304999,0.0936111616950011
"Repaid","Repaid",0.163395992578666,0.836604007421334
"Not_Repaid","Not_Repaid",0.995055792926259,0.0049442070737408
"Repaid","Not_Repaid",0.596223278431155,0.403776721568846
"Not_Repaid","Not_Repaid",0.981655651333193,0.0183443486668067
"Repaid","Repaid",0.0402991182258432,0.959700881774157
"Repaid","Repaid",0.207032174513217,0.792967825486783
"Repaid","Repaid",0.0192703236017714,0.980729676398229
"Repaid","Not_Repaid",0.562082402370432,0.437917597629568
"Repaid","Not_Repaid",0.639315244888845,0.360684755111155
"Repaid","Repaid",0.0431807020583179,0.956819297941682
"Repaid","Repaid",0.167359840909103,0.832640159090897
"Not_Repaid","Not_Repaid",0.62106048516918,0.37893951483082
"Repaid","Repaid",0.0795841930585831,0.920415806941417
"Repaid","Repaid",0.0991495238942612,0.900850476105739
"Not_Repaid","Not_Repaid",0.918275158470302,0.0817248415296977
"Not_Repaid","Not_Repaid",0.748267041812699,0.251732958187301
"Repaid","Repaid",0.408206726631894,0.591793273368106
"Repaid","Repaid",0.0198893880688316,0.980110611931168
"Not_Repaid","Not_Repaid",0.919239190487313,0.0807608095126866
"Repaid","Not_Repaid",0.938637499735229,0.0613625002647711
"Not_Repaid","Not_Repaid",0.957900792116599,0.0420992078834006
"Repaid","Repaid",0.250901199963215,0.749098800036785
"Not_Repaid","Not_Repaid",0.989866934856313,0.010133065143687
"Repaid","Repaid",0.122737011871374,0.877262988128626
"Repaid","Repaid",0.276868085505432,0.723131914494568
"Repaid","Repaid",0.0629060724504941,0.937093927549506
"Repaid","Not_Repaid",0.851567028292142,0.148432971707858
"Repaid","Repaid",0.0430722098848225,0.956927790115177
"Repaid","Repaid",0.31413592379577,0.68586407620423
"Not_Repaid","Not_Repaid",0.659913574604544,0.340086425395456
"Not_Repaid","Not_Repaid",0.960556563732371,0.0394434362676289
"Repaid","Repaid",0.0798522922387638,0.920147707761236
"Repaid","Repaid",0.0330626997572897,0.96693730024271
"Repaid","Repaid",0.31875684090754,0.68124315909246
"Repaid","Repaid",0.066166820613609,0.933833179386391
"Not_Repaid","Repaid",0.120379838520239,0.879620161479761
"Repaid","Not_Repaid",0.572600007866396,0.427399992133604
"Repaid","Repaid",0.138936040760157,0.861063959239843
"Not_Repaid","Not_Repaid",0.843611447078239,0.156388552921761
"Repaid","Repaid",0.116808393492469,0.883191606507531
"Repaid","Repaid",0.445548034580804,0.554451965419196
"Repaid","Repaid",0.0715830621603345,0.928416937839666
"Repaid","Repaid",0.10068167387288,0.89931832612712
"Not_Repaid","Not_Repaid",0.970593097486231,0.0294069025137687
"Not_Repaid","Not_Repaid",0.921674123101049,0.0783258768989511
"Repaid","Repaid",0.117397143459471,0.882602856540529
"Not_Repaid","Not_Repaid",0.913704501599388,0.0862954984006118
"Repaid","Not_Repaid",0.633494318141837,0.366505681858163
"Not_Repaid","Not_Repaid",0.880794822728787,0.119205177271213
"Repaid","Repaid",0.103985866609525,0.896014133390475
"Not_Repaid","Not_Repaid",0.957632522116234,0.0423674778837658
"Not_Repaid","Not_Repaid",0.868128122303893,0.131871877696107
"Repaid","Repaid",0.13035938859741,0.86964061140259
"Not_Repaid","Not_Repaid",0.806635210850969,0.193364789149031
"Repaid","Repaid",0.108037346603584,0.891962653396416
"Repaid","Repaid",0.106430208446621,0.89356979155338
"Repaid","Repaid",0.207275141905328,0.792724858094672
"Repaid","Repaid",0.0298795994820124,0.970120400517988
"Not_Repaid","Not_Repaid",0.838280136623133,0.161719863376867
"Repaid","Repaid",0.37108162212987,0.62891837787013
"Repaid","Repaid",0.0420392550126454,0.957960744987355
"Not_Repaid","Not_Repaid",0.839040691606718,0.160959308393282
"Repaid","Repaid",0.105389193948764,0.894610806051236
"Repaid","Repaid",0.164202257174557,0.835797742825443
"Not_Repaid","Not_Repaid",0.543871268795836,0.456128731204164
"Not_Repaid","Not_Repaid",0.853516050168913,0.146483949831087
"Not_Repaid","Not_Repaid",0.632531169959364,0.367468830040636
"Not_Repaid","Not_Repaid",0.985348979108248,0.0146510208917522
"Repaid","Repaid",0.453564841552406,0.546435158447594
"Repaid","Repaid",0.0886717918195028,0.911328208180497
"Not_Repaid","Not_Repaid",0.804267171145401,0.195732828854599
"Not_Repaid","Not_Repaid",0.908074623195916,0.0919253768040844
"Repaid","Not_Repaid",0.683299869386723,0.316700130613277
"Repaid","Repaid",0.036727156046341,0.963272843953659
"Repaid","Repaid",0.0266812121025554,0.973318787897445
"Repaid","Repaid",0.216146340534166,0.783853659465834
"Not_Repaid","Not_Repaid",0.800614177557995,0.199385822442005
"Repaid","Repaid",0.0571016900821051,0.942898309917895
"Repaid","Not_Repaid",0.528394346935666,0.471605653064334
"Not_Repaid","Not_Repaid",0.529826637051243,0.470173362948758
"Repaid","Repaid",0.0617007590061764,0.938299240993824
"Not_Repaid","Not_Repaid",0.935432303321805,0.0645676966781951
"Not_Repaid","Not_Repaid",0.75607984196107,0.24392015803893
"Repaid","Repaid",0.0459975978646366,0.954002402135363
"Repaid","Repaid",0.230873079278164,0.769126920721836
"Not_Repaid","Repaid",0.332598304826178,0.667401695173822
"Not_Repaid","Repaid",0.30169936186317,0.69830063813683
"Not_Repaid","Not_Repaid",0.884911678632669,0.115088321367331
"Repaid","Repaid",0.12777407006268,0.87222592993732
"Repaid","Not_Repaid",0.737577462614924,0.262422537385076
"Not_Repaid","Not_Repaid",0.771146124945705,0.228853875054295
"Repaid","Not_Repaid",0.899849198239455,0.100150801760545
"Repaid","Repaid",0.111108154962338,0.888891845037662
"Not_Repaid","Not_Repaid",0.525709131632509,0.474290868367491
"Repaid","Repaid",0.0785374854539672,0.921462514546033
"Repaid","Not_Repaid",0.545174613023129,0.454825386976872
"Not_Repaid","Not_Repaid",0.628964969215217,0.371035030784783
"Repaid","Repaid",0.0434321053712189,0.956567894628781
"Not_Repaid","Not_Repaid",0.57757176745504,0.42242823254496
"Repaid","Not_Repaid",0.500733216265365,0.499266783734635
"Not_Repaid","Not_Repaid",0.580394655313867,0.419605344686133
"Not_Repaid","Not_Repaid",0.780125753203085,0.219874246796915
"Repaid","Repaid",0.172980205511825,0.827019794488175
"Repaid","Repaid",0.232174094861852,0.767825905138148
"Repaid","Not_Repaid",0.982400908085075,0.0175990919149249
"Repaid","Repaid",0.116062286428789,0.883937713571211
"Repaid","Repaid",0.297204109268844,0.702795890731156
"Repaid","Repaid",0.0666579182123859,0.933342081787614
"Repaid","Not_Repaid",0.956615235944391,0.0433847640556085
"Repaid","Repaid",0.316072604390087,0.683927395609913
"Repaid","Repaid",0.0417223892628118,0.958277610737188
"Repaid","Repaid",0.0391051751081315,0.960894824891869
"Repaid","Repaid",0.124987680029612,0.875012319970388
"Repaid","Repaid",0.187328587064215,0.812671412935785
"Not_Repaid","Not_Repaid",0.91133716248842,0.0886628375115798
"Repaid","Repaid",0.0586617806000693,0.941338219399931
"Repaid","Repaid",0.137940856026416,0.862059143973584
"Not_Repaid","Not_Repaid",0.889416066310819,0.110583933689181
"Repaid","Repaid",0.0814997476614179,0.918500252338582
"Not_Repaid","Not_Repaid",0.503630370026319,0.496369629973681
"Not_Repaid","Not_Repaid",0.920700684412101,0.0792993155878991
"Repaid","Repaid",0.469127866905173,0.530872133094827
"Not_Repaid","Not_Repaid",0.849099552027131,0.150900447972869
"Repaid","Repaid",0.472833797728339,0.527166202271661
"Not_Repaid","Not_Repaid",0.978776236808424,0.0212237631915758
"Not_Repaid","Repaid",0.425142749659102,0.574857250340898
"Not_Repaid","Not_Repaid",0.86315999734786,0.13684000265214
"Not_Repaid","Not_Repaid",0.882253551355872,0.117746448644128
"Repaid","Repaid",0.0356638374304431,0.964336162569557
"Repaid","Repaid",0.0482952729355589,0.951704727064441
"Repaid","Repaid",0.448855779376725,0.551144220623275
"Not_Repaid","Not_Repaid",0.733183196320026,0.266816803679974
"Not_Repaid","Not_Repaid",0.979347666097224,0.0206523339027759
"Not_Repaid","Not_Repaid",0.977821917077963,0.0221780829220371
"Not_Repaid","Not_Repaid",0.988850799451634,0.0111492005483663
"Repaid","Not_Repaid",0.875977267072926,0.124022732927074
"Not_Repaid","Not_Repaid",0.710349329986234,0.289650670013766
"Not_Repaid","Not_Repaid",0.725934447114086,0.274065552885914
"Repaid","Repaid",0.06403256477776,0.93596743522224
"Not_Repaid","Not_Repaid",0.872876684455538,0.127123315544462
"Repaid","Repaid",0.0229719914531432,0.977028008546857
"Repaid","Repaid",0.177459020093769,0.82254097990623
"Repaid","Repaid",0.30566435355331,0.69433564644669
"Not_Repaid","Not_Repaid",0.98244782148106,0.0175521785189396
"Not_Repaid","Not_Repaid",0.607396757817487,0.392603242182513
"Not_Repaid","Not_Repaid",0.873170720790556,0.126829279209444
"Not_Repaid","Not_Repaid",0.907459891860763,0.092540108139237
"Not_Repaid","Not_Repaid",0.886589631460151,0.113410368539849
"Not_Repaid","Repaid",0.479975012323228,0.520024987676772
"Repaid","Not_Repaid",0.822864272796032,0.177135727203968
"Repaid","Repaid",0.0455656429826224,0.954434357017378
"Not_Repaid","Not_Repaid",0.752000253545976,0.247999746454024
"Repaid","Repaid",0.033443951489127,0.966556048510873
"Not_Repaid","Repaid",0.201637017387553,0.798362982612447
"Repaid","Not_Repaid",0.562906055223462,0.437093944776538
"Not_Repaid","Not_Repaid",0.729773729927995,0.270226270072005
"Repaid","Not_Repaid",0.837175257046393,0.162824742953607
"Repaid","Repaid",0.211656292074078,0.788343707925922
"Not_Repaid","Not_Repaid",0.757408707836436,0.242591292163564
"Not_Repaid","Not_Repaid",0.731317246683524,0.268682753316475
"Not_Repaid","Not_Repaid",0.542955562619604,0.457044437380396
"Not_Repaid","Not_Repaid",0.757724179027697,0.242275820972304
"Not_Repaid","Repaid",0.47275956185894,0.52724043814106
"Repaid","Repaid",0.244140395310807,0.755859604689193
"Repaid","Repaid",0.0517632518410672,0.948236748158933
"Repaid","Repaid",0.139588498552926,0.860411501447074
"Not_Repaid","Not_Repaid",0.968541413041116,0.0314585869588845
"Not_Repaid","Not_Repaid",0.832687981836362,0.167312018163638
"Not_Repaid","Not_Repaid",0.50567265789011,0.49432734210989
"Repaid","Repaid",0.0522056570005596,0.94779434299944
"Repaid","Repaid",0.108278651912462,0.891721348087538
"Not_Repaid","Repaid",0.294710084771549,0.705289915228451
"Repaid","Repaid",0.16821947352325,0.83178052647675
"Repaid","Repaid",0.490133862669422,0.509866137330578
"Repaid","Repaid",0.0456125123783638,0.954387487621636
"Not_Repaid","Not_Repaid",0.956174847920622,0.0438251520793777
"Not_Repaid","Repaid",0.156648726274849,0.843351273725151
"Not_Repaid","Repaid",0.166423458473647,0.833576541526353
"Not_Repaid","Not_Repaid",0.995296640924192,0.00470335907580849
"Not_Repaid","Not_Repaid",0.951766316607213,0.0482336833927872
"Repaid","Repaid",0.0879900296618358,0.912009970338164
"Not_Repaid","Not_Repaid",0.809972475522374,0.190027524477626
"Repaid","Repaid",0.0119606741006705,0.98803932589933
"Not_Repaid","Repaid",0.299710607241656,0.700289392758344
"Repaid","Repaid",0.193266723963756,0.806733276036244
"Repaid","Repaid",0.0193696742476358,0.980630325752364
"Repaid","Repaid",0.151491697698236,0.848508302301764
"Not_Repaid","Repaid",0.480300336659806,0.519699663340194
"Repaid","Repaid",0.0710924736033174,0.928907526396683
"Repaid","Repaid",0.441188884095536,0.558811115904464
"Repaid","Not_Repaid",0.78383048715056,0.21616951284944
"Not_Repaid","Not_Repaid",0.863801425715187,0.136198574284813
"Not_Repaid","Not_Repaid",0.662637017988084,0.337362982011916
"Repaid","Repaid",0.0397402119542415,0.960259788045759
"Not_Repaid","Not_Repaid",0.965699149680153,0.0343008503198475
"Not_Repaid","Not_Repaid",0.970648460211754,0.0293515397882464
"Not_Repaid","Not_Repaid",0.721719045007896,0.278280954992104
"Repaid","Repaid",0.0650780109291453,0.934921989070855
"Repaid","Repaid",0.284968637514232,0.715031362485768
"Repaid","Repaid",0.0267258000514997,0.9732741999485
"Not_Repaid","Not_Repaid",0.686778628746663,0.313221371253337
"Repaid","Not_Repaid",0.541533601453662,0.458466398546338
"Repaid","Repaid",0.117268634170235,0.882731365829765
"Repaid","Not_Repaid",0.527052551257021,0.472947448742979
"Not_Repaid","Not_Repaid",0.896264429501443,0.103735570498557
"Repaid","Not_Repaid",0.778623638584251,0.221376361415749
"Not_Repaid","Not_Repaid",0.558432582139931,0.441567417860069
"Repaid","Not_Repaid",0.747757029641549,0.252242970358451
"Repaid","Repaid",0.0527513726978229,0.947248627302177
"Not_Repaid","Not_Repaid",0.793114829687895,0.206885170312105
"Not_Repaid","Not_Repaid",0.915924760627021,0.084075239372979
"Repaid","Not_Repaid",0.65837020499003,0.34162979500997
"Not_Repaid","Not_Repaid",0.645511668422279,0.354488331577721
"Not_Repaid","Not_Repaid",0.668522890041896,0.331477109958104
"Not_Repaid","Not_Repaid",0.980005001760636,0.0199949982393637
"Not_Repaid","Not_Repaid",0.710512824882661,0.289487175117339
"Not_Repaid","Not_Repaid",0.80639270776637,0.19360729223363
"Not_Repaid","Not_Repaid",0.815361741766326,0.184638258233674
"Repaid","Repaid",0.161522030350219,0.838477969649781
"Repaid","Not_Repaid",0.805268160347831,0.194731839652169
"Repaid","Repaid",0.0670373917435328,0.932962608256467
"Repaid","Not_Repaid",0.591567008688183,0.408432991311817
"Repaid","Repaid",0.0338575868187361,0.966142413181264
"Repaid","Repaid",0.279747946540762,0.720252053459238
"Not_Repaid","Repaid",0.460702071229868,0.539297928770132
"Repaid","Repaid",0.081800980442227,0.918199019557773
"Repaid","Repaid",0.0328321050124141,0.967167894987586
"Repaid","Repaid",0.418867646706012,0.581132353293988
"Repaid","Repaid",0.163542087325113,0.836457912674887
"Repaid","Not_Repaid",0.888888846142263,0.111111153857736
"Repaid","Repaid",0.170318882877387,0.829681117122613
"Not_Repaid","Repaid",0.354526865128476,0.645473134871524
"Repaid","Repaid",0.0635858413574426,0.936414158642557
"Repaid","Not_Repaid",0.699529301484093,0.300470698515907
"Not_Repaid","Not_Repaid",0.871976222611518,0.128023777388482
"Not_Repaid","Not_Repaid",0.964050879421707,0.0359491205782928
"Not_Repaid","Not_Repaid",0.978730168960567,0.0212698310394335
"Repaid","Not_Repaid",0.774590566417374,0.225409433582626
"Repaid","Repaid",0.405672949183226,0.594327050816774
"Repaid","Repaid",0.0365569632505733,0.963443036749427
"Not_Repaid","Not_Repaid",0.942331166660287,0.0576688333397126
"Not_Repaid","Not_Repaid",0.904583863619446,0.0954161363805535
"Not_Repaid","Not_Repaid",0.655697770944864,0.344302229055136
"Not_Repaid","Not_Repaid",0.861902182544088,0.138097817455912
"Repaid","Not_Repaid",0.674379949287092,0.325620050712908
"Not_Repaid","Not_Repaid",0.573424856817976,0.426575143182024
"Not_Repaid","Not_Repaid",0.778550952902247,0.221449047097753
"Repaid","Repaid",0.111309343955053,0.888690656044947
"Not_Repaid","Not_Repaid",0.853719739692607,0.146280260307393
"Repaid","Repaid",0.0962639845915717,0.903736015408428
"Repaid","Repaid",0.378223967623127,0.621776032376873
"Not_Repaid","Not_Repaid",0.970795401945499,0.0292045980545013
"Not_Repaid","Not_Repaid",0.895755784686018,0.104244215313982
"Not_Repaid","Not_Repaid",0.831680995241527,0.168319004758473
"Not_Repaid","Not_Repaid",0.989720610066561,0.0102793899334388
"Not_Repaid","Not_Repaid",0.970983863453597,0.0290161365464029
"Repaid","Repaid",0.0768812502080708,0.923118749791929
"Not_Repaid","Repaid",0.358840091407172,0.641159908592828
"Not_Repaid","Not_Repaid",0.991406282754987,0.0085937172450133
"Not_Repaid","Repaid",0.431528241756725,0.568471758243275
"Repaid","Repaid",0.0459825321014949,0.954017467898505
"Repaid","Not_Repaid",0.676575529991251,0.323424470008749
"Not_Repaid","Not_Repaid",0.978533191502996,0.0214668084970039
"Repaid","Repaid",0.0188664361028675,0.981133563897132
"Repaid","Repaid",0.0679464514446398,0.93205354855536
"Repaid","Repaid",0.0446579740120743,0.955342025987926
"Not_Repaid","Not_Repaid",0.627087913574449,0.372912086425551
"Not_Repaid","Not_Repaid",0.945826802545312,0.0541731974546879
"Repaid","Repaid",0.0453823380548062,0.954617661945194
"Not_Repaid","Not_Repaid",0.987984862020608,0.012015137979392
"Repaid","Repaid",0.0769825438047619,0.923017456195238
"Repaid","Repaid",0.0381912966280371,0.961808703371963
"Not_Repaid","Not_Repaid",0.926859587965015,0.0731404120349847
"Not_Repaid","Not_Repaid",0.87327497034493,0.126725029655069
"Repaid","Repaid",0.156335833130701,0.8436641668693
"Repaid","Repaid",0.160055158437429,0.839944841562571
"Repaid","Repaid",0.0448094991288494,0.955190500871151
"Not_Repaid","Not_Repaid",0.818966599940488,0.181033400059511
"Not_Repaid","Not_Repaid",0.792749594493914,0.207250405506086
"Repaid","Repaid",0.194756849038959,0.805243150961041
"Repaid","Not_Repaid",0.585136412954761,0.414863587045239
"Repaid","Not_Repaid",0.843047449795145,0.156952550204855
"Not_Repaid","Repaid",0.207343592833044,0.792656407166956
"Repaid","Repaid",0.207252500505373,0.792747499494627
"Not_Repaid","Repaid",0.335357967631195,0.664642032368805
"Repaid","Not_Repaid",0.751568410407134,0.248431589592866
"Repaid","Not_Repaid",0.869941891421921,0.130058108578079
"Repaid","Repaid",0.103805974573107,0.896194025426893
"Not_Repaid","Not_Repaid",0.651632051943668,0.348367948056332
"Not_Repaid","Repaid",0.468651572760716,0.531348427239284
"Repaid","Not_Repaid",0.758159965403087,0.241840034596913
"Repaid","Repaid",0.086530134703085,0.913469865296915
"Repaid","Repaid",0.0403358042689218,0.959664195731078
"Repaid","Repaid",0.330924978771332,0.669075021228668
"Not_Repaid","Not_Repaid",0.904536216782302,0.095463783217698
"Not_Repaid","Not_Repaid",0.944671087354316,0.0553289126456838
"Not_Repaid","Not_Repaid",0.849947037056152,0.150052962943848
"Repaid","Repaid",0.106958694049197,0.893041305950803
"Repaid","Repaid",0.126032161620845,0.873967838379155
"Repaid","Repaid",0.421980711526906,0.578019288473094
"Repaid","Repaid",0.137784058838336,0.862215941161664
"Repaid","Repaid",0.213893120897621,0.786106879102379
"Repaid","Repaid",0.0819368097904163,0.918063190209584
"Repaid","Repaid",0.0688339505963577,0.931166049403642
"Not_Repaid","Not_Repaid",0.569323797706863,0.430676202293137
"Not_Repaid","Not_Repaid",0.828257512126805,0.171742487873195
"Not_Repaid","Not_Repaid",0.942590874562039,0.0574091254379612
"Not_Repaid","Not_Repaid",0.939712286809225,0.0602877131907751
"Not_Repaid","Not_Repaid",0.708048757189115,0.291951242810885
"Not_Repaid","Not_Repaid",0.921920663278517,0.0780793367214835
"Not_Repaid","Repaid",0.37522318434984,0.62477681565016
"Repaid","Repaid",0.111134906378978,0.888865093621022
"Not_Repaid","Not_Repaid",0.947331273826314,0.0526687261736859
"Not_Repaid","Not_Repaid",0.698847052754605,0.301152947245395
"Not_Repaid","Not_Repaid",0.789478643843096,0.210521356156904
"Repaid","Repaid",0.0397896589056926,0.960210341094307
"Not_Repaid","Repaid",0.477462455453177,0.522537544546823
"Not_Repaid","Not_Repaid",0.616776735203315,0.383223264796685
"Not_Repaid","Not_Repaid",0.987430938515015,0.0125690614849851
"Repaid","Repaid",0.235960704419297,0.764039295580703
"Not_Repaid","Repaid",0.159545656832932,0.840454343167068
"Not_Repaid","Not_Repaid",0.70095952918199,0.299040470818009
"Repaid","Repaid",0.102737546947476,0.897262453052524
"Repaid","Repaid",0.115944420365449,0.884055579634551
"Repaid","Repaid",0.0249177636607555,0.975082236339245
"Not_Repaid","Repaid",0.0685587906624068,0.931441209337593
"Repaid","Repaid",0.306322439431058,0.693677560568942
"Not_Repaid","Repaid",0.470900906209054,0.529099093790946
"Not_Repaid","Not_Repaid",0.770868196505261,0.229131803494739
"Not_Repaid","Repaid",0.0606389664102606,0.939361033589739
"Repaid","Repaid",0.268968758840215,0.731031241159785
"Repaid","Repaid",0.135381171016291,0.864618828983709
"Not_Repaid","Repaid",0.476689718733726,0.523310281266274
"Not_Repaid","Not_Repaid",0.593333044519769,0.406666955480231
"Not_Repaid","Not_Repaid",0.947695691520335,0.0523043084796651
"Repaid","Repaid",0.100632375842919,0.899367624157081
"Not_Repaid","Not_Repaid",0.977553988631391,0.0224460113686092
"Repaid","Repaid",0.196445548148852,0.803554451851148
"Not_Repaid","Not_Repaid",0.676302862425783,0.323697137574217
"Repaid","Repaid",0.0865125064240798,0.91348749357592
"Not_Repaid","Not_Repaid",0.83991112451448,0.16008887548552
"Not_Repaid","Not_Repaid",0.721251839315859,0.278748160684141
"Not_Repaid","Not_Repaid",0.980377703218471,0.0196222967815294
"Not_Repaid","Not_Repaid",0.662793156798017,0.337206843201983
"Repaid","Repaid",0.0716350613276943,0.928364938672306
"Repaid","Repaid",0.176772594607626,0.823227405392374
"Not_Repaid","Repaid",0.0885103847533194,0.911489615246681
"Not_Repaid","Not_Repaid",0.83989587161598,0.16010412838402
"Repaid","Repaid",0.16708381581844,0.83291618418156
"Not_Repaid","Not_Repaid",0.561444423662483,0.438555576337517
"Repaid","Not_Repaid",0.848524530984999,0.151475469015001
"Repaid","Repaid",0.0581415119727671,0.941858488027233
"Repaid","Repaid",0.0480983868886675,0.951901613111332
"Not_Repaid","Not_Repaid",0.99477920913549,0.00522079086450956
"Repaid","Repaid",0.0602921961952743,0.939707803804726
"Not_Repaid","Not_Repaid",0.943714735714229,0.0562852642857713
"Repaid","Not_Repaid",0.817278587142066,0.182721412857934
"Repaid","Repaid",0.397538815263145,0.602461184736855
"Not_Repaid","Not_Repaid",0.808164301973576,0.191835698026424
"Repaid","Repaid",0.275483137520876,0.724516862479124
"Not_Repaid","Not_Repaid",0.627865537290231,0.372134462709769
"Not_Repaid","Not_Repaid",0.509962269406504,0.490037730593496
"Repaid","Not_Repaid",0.751801100547849,0.248198899452151
"Not_Repaid","Not_Repaid",0.968418714639416,0.0315812853605845
"Repaid","Repaid",0.106020904282838,0.893979095717162
"Not_Repaid","Not_Repaid",0.917166132180749,0.0828338678192507
"Repaid","Repaid",0.0393943410640751,0.960605658935925
"Repaid","Repaid",0.30142525332725,0.69857474667275
"Not_Repaid","Repaid",0.151911078292666,0.848088921707334
"Not_Repaid","Not_Repaid",0.873050089985487,0.126949910014513
"Repaid","Repaid",0.234375242529583,0.765624757470417
"Not_Repaid","Not_Repaid",0.995899391372234,0.00410060862776556
"Repaid","Repaid",0.114401585626135,0.885598414373865
"Repaid","Repaid",0.055189084124021,0.944810915875979
"Repaid","Repaid",0.230856179726397,0.769143820273603
"Repaid","Repaid",0.0298002876141212,0.970199712385879
"Repaid","Repaid",0.242787446574168,0.757212553425832
"Not_Repaid","Not_Repaid",0.876022013233806,0.123977986766194
"Not_Repaid","Not_Repaid",0.954313604761468,0.0456863952385316
"Not_Repaid","Not_Repaid",0.969310677279207,0.0306893227207933
"Repaid","Repaid",0.0654987916175782,0.934501208382422
"Not_Repaid","Repaid",0.482653278129168,0.517346721870832
"Repaid","Not_Repaid",0.715794419589885,0.284205580410115
"Repaid","Repaid",0.0338001721991951,0.966199827800805
"Repaid","Repaid",0.136436299895278,0.863563700104722
"Repaid","Repaid",0.115396970692017,0.884603029307983
"Repaid","Repaid",0.0201115460059266,0.979888453994073
"Not_Repaid","Not_Repaid",0.98255840430051,0.0174415956994901
"Not_Repaid","Repaid",0.400234006550135,0.599765993449865
"Not_Repaid","Not_Repaid",0.996177394448785,0.00382260555121468
"Repaid","Repaid",0.0350933392414498,0.96490666075855
"Not_Repaid","Not_Repaid",0.76345349050235,0.23654650949765
"Repaid","Repaid",0.0356652416105845,0.964334758389416
"Repaid","Repaid",0.337064894965676,0.662935105034324
"Repaid","Repaid",0.123960844575381,0.876039155424619
"Repaid","Repaid",0.0418338811900651,0.958166118809935
"Repaid","Repaid",0.0220477943692806,0.977952205630719
"Repaid","Repaid",0.130460289848333,0.869539710151667
"Not_Repaid","Not_Repaid",0.662281670824777,0.337718329175223
"Repaid","Repaid",0.190780223241316,0.809219776758684
"Repaid","Repaid",0.227768783079629,0.772231216920371
"Not_Repaid","Not_Repaid",0.962689387444377,0.0373106125556229
"Repaid","Not_Repaid",0.819792542219641,0.180207457780359
"Repaid","Repaid",0.0767743938973334,0.923225606102667
"Repaid","Repaid",0.0521212366804094,0.947878763319591
"Not_Repaid","Not_Repaid",0.979652269628868,0.0203477303711324
"Not_Repaid","Repaid",0.475673695105574,0.524326304894426
"Not_Repaid","Not_Repaid",0.855586160916048,0.144413839083952
"Not_Repaid","Not_Repaid",0.511930670418279,0.488069329581721
"Not_Repaid","Not_Repaid",0.553134383675544,0.446865616324456
"Repaid","Repaid",0.317270490123906,0.682729509876094
"Repaid","Repaid",0.101989512213831,0.898010487786169
"Not_Repaid","Repaid",0.378113930893332,0.621886069106668
"Not_Repaid","Not_Repaid",0.724779057694526,0.275220942305474
"Repaid","Repaid",0.0491166429308427,0.950883357069157
"Repaid","Repaid",0.0166950894865581,0.983304910513442
"Not_Repaid","Not_Repaid",0.99172173243427,0.0082782675657305
"Repaid","Repaid",0.0616351836568089,0.938364816343191
"Not_Repaid","Not_Repaid",0.998149259461386,0.00185074053861351
"Repaid","Repaid",0.0511212890337345,0.948878710966266
"Not_Repaid","Not_Repaid",0.529659020281985,0.470340979718015
"Repaid","Repaid",0.144308646849693,0.855691353150307
"Repaid","Not_Repaid",0.929478387304768,0.0705216126952318
"Repaid","Repaid",0.252663693689495,0.747336306310505
"Repaid","Repaid",0.0368557072150836,0.963144292784916
"Not_Repaid","Not_Repaid",0.986002431603599,0.0139975683964014
"Repaid","Repaid",0.0594052841155881,0.940594715884412
"Repaid","Repaid",0.391971119200214,0.608028880799786
"Not_Repaid","Not_Repaid",0.802426656523017,0.197573343476983
"Repaid","Repaid",0.188528864333511,0.811471135666489
"Not_Repaid","Repaid",0.473118587189203,0.526881412810797
"Repaid","Repaid",0.0608408621388848,0.939159137861115
"Repaid","Not_Repaid",0.869056811428958,0.130943188571042
"Not_Repaid","Not_Repaid",0.851068949515095,0.148931050484905
"Repaid","Repaid",0.481445655806883,0.518554344193117
"Not_Repaid","Not_Repaid",0.875165555548355,0.124834444451645
"Not_Repaid","Not_Repaid",0.545754433399091,0.454245566600909
"Not_Repaid","Not_Repaid",0.990098544744494,0.0099014552555064
"Not_Repaid","Repaid",0.397442105495819,0.602557894504181
"Repaid","Repaid",0.034531787730754,0.965468212269246
"Not_Repaid","Not_Repaid",0.844206169575069,0.155793830424931
"Repaid","Repaid",0.0252504836430704,0.97474951635693
"Not_Repaid","Not_Repaid",0.676350852245408,0.323649147754592
"Repaid","Not_Repaid",0.809971486093013,0.190028513906987
"Not_Repaid","Not_Repaid",0.877304458750093,0.122695541249907
"Repaid","Repaid",0.035275110816111,0.964724889183889
"Not_Repaid","Repaid",0.0613771459701917,0.938622854029808
"Repaid","Not_Repaid",0.849523970791925,0.150476029208075
"Not_Repaid","Not_Repaid",0.895970820931918,0.104029179068082
"Repaid","Repaid",0.0678433933352125,0.932156606664788
"Repaid","Repaid",0.143034879984534,0.856965120015466
"Not_Repaid","Not_Repaid",0.960855461927147,0.0391445380728526
"Not_Repaid","Not_Repaid",0.890724823594642,0.109275176405358
"Repaid","Repaid",0.193297841021797,0.806702158978203
"Repaid","Repaid",0.0617607555413092,0.938239244458691
"Not_Repaid","Not_Repaid",0.944349733680619,0.0556502663193812
"Repaid","Repaid",0.0472628908663375,0.952737109133662
"Not_Repaid","Not_Repaid",0.534817652466445,0.465182347533555
"Repaid","Repaid",0.0251146346915052,0.974885365308495
"Repaid","Repaid",0.0583808235858351,0.941619176414165
"Not_Repaid","Repaid",0.390527392562957,0.609472607437043
"Not_Repaid","Repaid",0.198557817340981,0.801442182659019
"Not_Repaid","Not_Repaid",0.894887059116815,0.105112940883185
"Repaid","Repaid",0.0491685858829745,0.950831414117026
"Not_Repaid","Not_Repaid",0.834379553265735,0.165620446734266
"Not_Repaid","Not_Repaid",0.637450988285111,0.362549011714889
"Repaid","Repaid",0.103461957057132,0.896538042942868
"Repaid","Repaid",0.49063965418828,0.50936034581172
"Not_Repaid","Not_Repaid",0.532389068204861,0.467610931795139
"Repaid","Repaid",0.455704303444905,0.544295696555095
"Not_Repaid","Not_Repaid",0.915420243564067,0.0845797564359326
"Repaid","Repaid",0.139621198188285,0.860378801811715
"Not_Repaid","Not_Repaid",0.591891178866109,0.408108821133891
"Not_Repaid","Repaid",0.191736531960302,0.808263468039698
"Not_Repaid","Not_Repaid",0.740994670915676,0.259005329084324
"Not_Repaid","Not_Repaid",0.531536071194314,0.468463928805686
"Repaid","Repaid",0.062452352903014,0.937547647096986
"Repaid","Repaid",0.135866833590563,0.864133166409437
"Not_Repaid","Not_Repaid",0.675037302641778,0.324962697358222
"Repaid","Not_Repaid",0.734292212961913,0.265707787038087
"Repaid","Repaid",0.0297592548413129,0.970240745158687
"Not_Repaid","Not_Repaid",0.931980550265041,0.0680194497349585
"Repaid","Repaid",0.0346374219636245,0.965362578036375
"Repaid","Repaid",0.226535008304307,0.773464991695693
"Repaid","Not_Repaid",0.626644577010715,0.373355422989285
"Not_Repaid","Not_Repaid",0.800910119122707,0.199089880877293
"Not_Repaid","Not_Repaid",0.771469029759902,0.228530970240098
"Not_Repaid","Repaid",0.493694085876274,0.506305914123726
"Repaid","Repaid",0.0916811594757376,0.908318840524262
"Repaid","Not_Repaid",0.545614149722424,0.454385850277576
"Not_Repaid","Not_Repaid",0.548981530970553,0.451018469029447
"Repaid","Repaid",0.169423054179499,0.830576945820501
"Not_Repaid","Repaid",0.339818383927586,0.660181616072414
"Repaid","Not_Repaid",0.575387297636073,0.424612702363928
"Repaid","Repaid",0.0720817335654675,0.927918266434532
"Repaid","Not_Repaid",0.763318726028369,0.236681273971631
"Not_Repaid","Repaid",0.414071273393785,0.585928726606215
"Not_Repaid","Not_Repaid",0.61079589264532,0.38920410735468
"Not_Repaid","Not_Repaid",0.942182711519223,0.0578172884807766
"Repaid","Repaid",0.0898609649051156,0.910139035094884
"Not_Repaid","Not_Repaid",0.970691341961304,0.029308658038696
"Not_Repaid","Not_Repaid",0.505266471033571,0.494733528966429
"Not_Repaid","Not_Repaid",0.706021369632753,0.293978630367247
"Repaid","Repaid",0.0413584351609559,0.958641564839044
"Repaid","Repaid",0.11549951561376,0.88450048438624
"Repaid","Not_Repaid",0.510255634327069,0.489744365672931
"Not_Repaid","Repaid",0.201780259527981,0.798219740472019
"Repaid","Repaid",0.0561630147080735,0.943836985291927
"Not_Repaid","Not_Repaid",0.96699145736468,0.0330085426353205
"Repaid","Not_Repaid",0.98421920782941,0.0157807921705899
"Not_Repaid","Not_Repaid",0.649679531681495,0.350320468318505
"Not_Repaid","Not_Repaid",0.827057774031908,0.172942225968092
"Not_Repaid","Not_Repaid",0.615536872995952,0.384463127004048
"Not_Repaid","Not_Repaid",0.890409883218792,0.109590116781208
"Repaid","Repaid",0.214359599264411,0.785640400735589
"Repaid","Not_Repaid",0.580609560961815,0.419390439038185
"Repaid","Repaid",0.0257082617887011,0.974291738211299
"Repaid","Not_Repaid",0.6395861589426,0.3604138410574
"Repaid","Not_Repaid",0.718678222318719,0.281321777681281
"Repaid","Repaid",0.0220111848417593,0.977988815158241
"Not_Repaid","Not_Repaid",0.862638777778872,0.137361222221128
"Not_Repaid","Not_Repaid",0.687228971392872,0.312771028607128
"Not_Repaid","Not_Repaid",0.612965773453371,0.387034226546629
"Not_Repaid","Not_Repaid",0.979733869362077,0.0202661306379229
"Repaid","Repaid",0.421875012167415,0.578124987832585
"Not_Repaid","Repaid",0.143035274135132,0.856964725864868
"Not_Repaid","Not_Repaid",0.997949547799731,0.00205045220026891
"Not_Repaid","Not_Repaid",0.55470863315251,0.44529136684749
"Repaid","Repaid",0.295408772178391,0.704591227821609
"Not_Repaid","Not_Repaid",0.525109157200574,0.474890842799426
"Repaid","Repaid",0.296599696072255,0.703400303927745
"Not_Repaid","Not_Repaid",0.670676315577661,0.329323684422339
"Repaid","Repaid",0.0440971990195939,0.955902800980406
"Not_Repaid","Not_Repaid",0.793962339392186,0.206037660607814
"Not_Repaid","Repaid",0.388391363737673,0.611608636262327
"Not_Repaid","Not_Repaid",0.959244446019309,0.0407555539806908
"Not_Repaid","Not_Repaid",0.799155633813343,0.200844366186657
"Repaid","Not_Repaid",0.920775960142476,0.0792240398575239
"Repaid","Repaid",0.393253551068788,0.606746448931212
"Not_Repaid","Not_Repaid",0.97951537712049,0.0204846228795101
"Not_Repaid","Not_Repaid",0.749435427791763,0.250564572208237
"Repaid","Repaid",0.0345200846523986,0.965479915347601
"Not_Repaid","Not_Repaid",0.98765432574385,0.01234567425615
"Repaid","Repaid",0.0307509774135728,0.969249022586427
"Repaid","Not_Repaid",0.785061358299235,0.214938641700765
"Repaid","Repaid",0.279551941391599,0.7204480586084
"Not_Repaid","Not_Repaid",0.897758588939738,0.102241411060262
"Not_Repaid","Not_Repaid",0.639511984079217,0.360488015920783
"Repaid","Repaid",0.206281258198054,0.793718741801946
"Not_Repaid","Repaid",0.29714308395913,0.70285691604087
"Repaid","Repaid",0.451657500262378,0.548342499737622
"Not_Repaid","Not_Repaid",0.645353883165741,0.354646116834259
"Not_Repaid","Not_Repaid",0.956346695661205,0.0436533043387952
"Not_Repaid","Repaid",0.0587083407281864,0.941291659271814
"Repaid","Repaid",0.184290331195962,0.815709668804038
"Repaid","Repaid",0.0686834338214751,0.931316566178525
"Repaid","Repaid",0.0683037872762802,0.93169621272372
"Not_Repaid","Repaid",0.117083030938733,0.882916969061267
"Not_Repaid","Repaid",0.327340958571146,0.672659041428854
"Not_Repaid","Not_Repaid",0.682685350821405,0.317314649178595
"Repaid","Repaid",0.0318491791063692,0.968150820893631
"Repaid","Repaid",0.168091958187277,0.831908041812723
"Not_Repaid","Not_Repaid",0.794252469713527,0.205747530286473
"Repaid","Repaid",0.104683271761242,0.895316728238758
"Not_Repaid","Not_Repaid",0.883138785672843,0.116861214327157
"Not_Repaid","Not_Repaid",0.764007592158877,0.235992407841123
"Repaid","Repaid",0.0191761042800425,0.980823895719958
"Not_Repaid","Not_Repaid",0.735265288066611,0.264734711933389
"Repaid","Repaid",0.0608990509551016,0.939100949044898
"Not_Repaid","Not_Repaid",0.690762688123225,0.309237311876775
"Repaid","Not_Repaid",0.775916479063491,0.224083520936509
"Not_Repaid","Not_Repaid",0.76380960444541,0.236190395554591
"Not_Repaid","Not_Repaid",0.874264893589332,0.125735106410668
"Not_Repaid","Not_Repaid",0.97944423460798,0.0205557653920203
"Not_Repaid","Not_Repaid",0.826219260803835,0.173780739196165
"Not_Repaid","Not_Repaid",0.841639659657311,0.158360340342689
"Not_Repaid","Not_Repaid",0.926668943999607,0.0733310560003927
"Repaid","Repaid",0.242699513250926,0.757300486749074
"Not_Repaid","Not_Repaid",0.707755217737204,0.292244782262796
"Not_Repaid","Not_Repaid",0.762880749722615,0.237119250277385
"Repaid","Repaid",0.141703646398709,0.858296353601291
"Repaid","Repaid",0.0489560094412873,0.951043990558713
"Not_Repaid","Repaid",0.372646906127032,0.627353093872968
"Repaid","Repaid",0.405840334456677,0.594159665543323
"Not_Repaid","Not_Repaid",0.974276414434923,0.025723585565077
"Repaid","Repaid",0.290464124231195,0.709535875768805
"Repaid","Not_Repaid",0.541814389125395,0.458185610874605
"Repaid","Repaid",0.208700482499027,0.791299517500973
"Repaid","Repaid",0.071611599567221,0.928388400432779
"Repaid","Not_Repaid",0.736594837799199,0.263405162200801
"Repaid","Repaid",0.312683856036639,0.687316143963361
"Repaid","Repaid",0.0850904129832636,0.914909587016736
"Not_Repaid","Not_Repaid",0.982242602056995,0.0177573979430046
"Repaid","Repaid",0.231755324773873,0.768244675226127
"Repaid","Repaid",0.0767226131277511,0.923277386872249
"Repaid","Repaid",0.136613408608828,0.863386591391172
"Not_Repaid","Not_Repaid",0.920198697950952,0.0798013020490484
"Repaid","Repaid",0.372663778611049,0.627336221388951
"Repaid","Repaid",0.290058660163086,0.709941339836914
"Not_Repaid","Not_Repaid",0.969427611513477,0.0305723884865233
"Not_Repaid","Repaid",0.298255961589335,0.701744038410665
"Repaid","Repaid",0.0445308920681446,0.955469107931855
"Repaid","Not_Repaid",0.564474700926896,0.435525299073104
"Repaid","Repaid",0.231082927984763,0.768917072015237
"Not_Repaid","Not_Repaid",0.637725059677176,0.362274940322825
"Not_Repaid","Not_Repaid",0.93859274482318,0.0614072551768202
"Not_Repaid","Not_Repaid",0.931168762926099,0.0688312370739009
"Repaid","Not_Repaid",0.79578192070526,0.20421807929474
"Repaid","Repaid",0.0390984715006346,0.960901528499365
"Not_Repaid","Not_Repaid",0.704505159588476,0.295494840411524
"Repaid","Not_Repaid",0.717116002486817,0.282883997513183
"Repaid","Not_Repaid",0.611943823018155,0.388056176981845
"Not_Repaid","Not_Repaid",0.936829986293401,0.0631700137065988
"Repaid","Repaid",0.120862581138372,0.879137418861628
"Repaid","Repaid",0.0576172912008595,0.94238270879914
"Repaid","Not_Repaid",0.579318212564622,0.420681787435378
"Repaid","Not_Repaid",0.618128657864166,0.381871342135834
"Not_Repaid","Not_Repaid",0.993054215889699,0.00694578411030084
"Not_Repaid","Not_Repaid",0.681659205359956,0.318340794640044
"Not_Repaid","Not_Repaid",0.616067755546112,0.383932244453888
"Not_Repaid","Not_Repaid",0.653660265532954,0.346339734467046
"Repaid","Not_Repaid",0.547421624208716,0.452578375791284
"Repaid","Not_Repaid",0.816719708167741,0.183280291832259
"Repaid","Repaid",0.0264832245495175,0.973516775450483
"Not_Repaid","Not_Repaid",0.98378609058897,0.0162139094110302
"Repaid","Repaid",0.319642131204548,0.680357868795452
"Repaid","Repaid",0.377987090422951,0.622012909577049
"Not_Repaid","Not_Repaid",0.851684724398668,0.148315275601331
"Repaid","Repaid",0.0876063794286264,0.912393620571374
"Not_Repaid","Not_Repaid",0.926703902257133,0.0732960977428673
"Not_Repaid","Not_Repaid",0.900731788014922,0.0992682119850779
"Repaid","Repaid",0.0343882806089981,0.965611719391002
"Repaid","Repaid",0.0347984315826508,0.965201568417349
"Not_Repaid","Repaid",0.380614597508154,0.619385402491846
"Repaid","Repaid",0.297835079342252,0.702164920657748
"Repaid","Not_Repaid",0.911611689207224,0.0883883107927764
"Repaid","Repaid",0.0340939970424627,0.965906002957537
"Repaid","Repaid",0.0387897316643403,0.96121026833566
"Repaid","Not_Repaid",0.784147825573991,0.215852174426009
"Not_Repaid","Not_Repaid",0.979906097802169,0.0200939021978314
"Repaid","Repaid",0.073985163016388,0.926014836983612
"Repaid","Repaid",0.0270986605355706,0.972901339464429
"Repaid","Repaid",0.171875440510815,0.828124559489185
"Not_Repaid","Not_Repaid",0.841261617425405,0.158738382574595
"Not_Repaid","Not_Repaid",0.901089732183182,0.098910267816818
"Repaid","Repaid",0.252236843225618,0.747763156774382
"Not_Repaid","Not_Repaid",0.946933157102928,0.053066842897072
"Repaid","Not_Repaid",0.820052331501906,0.179947668498093
"Not_Repaid","Not_Repaid",0.677808399116611,0.322191600883389
"Not_Repaid","Not_Repaid",0.967076245459781,0.0329237545402191
"Not_Repaid","Not_Repaid",0.854770980752329,0.145229019247671
"Not_Repaid","Repaid",0.487601189479391,0.512398810520609
"Not_Repaid","Not_Repaid",0.881492001131293,0.118507998868707
"Not_Repaid","Repaid",0.153550926224763,0.846449073775237
"Not_Repaid","Repaid",0.400985675315435,0.599014324684565
"Repaid","Repaid",0.102670629994768,0.897329370005232
"Repaid","Repaid",0.255727173845898,0.744272826154102
"Not_Repaid","Not_Repaid",0.986069913024593,0.0139300869754074
"Not_Repaid","Not_Repaid",0.695520164016715,0.304479835983285
"Repaid","Repaid",0.184854418423614,0.815145581576386
"Repaid","Repaid",0.0599392853823831,0.940060714617617
"Repaid","Repaid",0.317365261691941,0.682634738308059
"Not_Repaid","Not_Repaid",0.840410988055224,0.159589011944776
"Not_Repaid","Not_Repaid",0.970225296176428,0.0297747038235721
"Not_Repaid","Not_Repaid",0.640754742404724,0.359245257595276
"Repaid","Repaid",0.196914325513781,0.80308567448622
"Not_Repaid","Not_Repaid",0.918716645944614,0.0812833540553855
"Not_Repaid","Not_Repaid",0.966129854226279,0.0338701457737212
"Not_Repaid","Not_Repaid",0.920302011563112,0.0796979884368885
"Repaid","Repaid",0.034090438179694,0.965909561820306
"Repaid","Repaid",0.0128724506659095,0.98712754933409
"Repaid","Repaid",0.0431405030865148,0.956859496913485
"Not_Repaid","Not_Repaid",0.949743412813219,0.0502565871867807
"Repaid","Repaid",0.20132167231464,0.79867832768536
"Repaid","Repaid",0.248296947306809,0.751703052693191
"Not_Repaid","Not_Repaid",0.965116725244056,0.0348832747559445
"Not_Repaid","Not_Repaid",0.865044358859625,0.134955641140375
"Not_Repaid","Not_Repaid",0.941788244288406,0.0582117557115939
"Not_Repaid","Not_Repaid",0.975863192219866,0.0241368077801336
"Not_Repaid","Not_Repaid",0.926194243931177,0.0738057560688227
"Repaid","Repaid",0.386949442766214,0.613050557233786
"Repaid","Repaid",0.341328153811816,0.658671846188184
"Not_Repaid","Not_Repaid",0.797613577496894,0.202386422503106
"Not_Repaid","Not_Repaid",0.96924234711478,0.0307576528852203
"Repaid","Repaid",0.119683313855652,0.880316686144348
"Repaid","Repaid",0.023512240742213,0.976487759257787
"Repaid","Not_Repaid",0.707928149086408,0.292071850913592
"Repaid","Repaid",0.0326591827049566,0.967340817295043
"Not_Repaid","Not_Repaid",0.950253355120952,0.0497466448790477
"Not_Repaid","Not_Repaid",0.997828412615333,0.00217158738466691
"Repaid","Not_Repaid",0.739711116019013,0.260288883980987
"Not_Repaid","Not_Repaid",0.730426925336785,0.269573074663215
"Not_Repaid","Repaid",0.180173389456909,0.819826610543091
"Repaid","Repaid",0.0421329374225784,0.957867062577422
"Repaid","Repaid",0.262550452724559,0.737449547275441
"Repaid","Repaid",0.263995357467897,0.736004642532103
"Repaid","Repaid",0.405937813034073,0.594062186965927
"Not_Repaid","Not_Repaid",0.977787358974179,0.0222126410258208
"Repaid","Repaid",0.0876384046235515,0.912361595376448
"Repaid","Repaid",0.021887159810929,0.978112840189071
"Repaid","Repaid",0.025714390772684,0.974285609227316
"Repaid","Repaid",0.0473640087510551,0.952635991248945
"Not_Repaid","Not_Repaid",0.887220004932108,0.112779995067892
"Not_Repaid","Not_Repaid",0.544586072663021,0.455413927336979
"Repaid","Repaid",0.230457671891042,0.769542328108958
"Repaid","Not_Repaid",0.557926523937613,0.442073476062387
"Not_Repaid","Not_Repaid",0.914276328676695,0.0857236713233049
"Not_Repaid","Not_Repaid",0.935170559821657,0.0648294401783432
"Repaid","Repaid",0.461641556280435,0.538358443719565
"Not_Repaid","Not_Repaid",0.991659337143689,0.00834066285631103
"Repaid","Repaid",0.393820014111184,0.606179985888816
"Repaid","Repaid",0.284353030880844,0.715646969119156
"Repaid","Not_Repaid",0.766440799095335,0.233559200904665
"Repaid","Repaid",0.0390564022565345,0.960943597743465
"Not_Repaid","Not_Repaid",0.746985842008324,0.253014157991677
"Not_Repaid","Not_Repaid",0.510930242140753,0.489069757859247
"Repaid","Not_Repaid",0.776190125330673,0.223809874669327
"Repaid","Repaid",0.499347770104692,0.500652229895308
"Repaid","Not_Repaid",0.825600756600911,0.174399243399089
"Not_Repaid","Not_Repaid",0.979043806032462,0.0209561939675377
"Not_Repaid","Not_Repaid",0.962630281508347,0.0373697184916533
"Repaid","Not_Repaid",0.561172851370255,0.438827148629745
"Not_Repaid","Not_Repaid",0.852365498592791,0.147634501407209
"Repaid","Repaid",0.448270981856289,0.551729018143711
"Repaid","Repaid",0.360267376044806,0.639732623955194
"Repaid","Repaid",0.497375539496837,0.502624460503163
"Repaid","Repaid",0.0460291804045077,0.953970819595492
"Repaid","Repaid",0.360604338127443,0.639395661872557
"Not_Repaid","Not_Repaid",0.981999646058772,0.0180003539412279
"Not_Repaid","Not_Repaid",0.666152905275968,0.333847094724032
"Not_Repaid","Repaid",0.240366800877979,0.759633199122021
"Repaid","Repaid",0.0974644093973545,0.902535590602646
"Not_Repaid","Not_Repaid",0.850534199634939,0.149465800365061
"Not_Repaid","Not_Repaid",0.959546409936088,0.0404535900639118
"Repaid","Not_Repaid",0.537007357712231,0.462992642287769
"Repaid","Repaid",0.0515433810265015,0.948456618973499
"Not_Repaid","Not_Repaid",0.974828394237267,0.0251716057627325
"Repaid","Repaid",0.0359298268929925,0.964070173107007
"Repaid","Not_Repaid",0.718360489016899,0.281639510983101
"Not_Repaid","Not_Repaid",0.81504115573843,0.18495884426157
"Repaid","Not_Repaid",0.64497858741446,0.35502141258554
"Repaid","Repaid",0.135728812171707,0.864271187828293
"Not_Repaid","Not_Repaid",0.537952802518316,0.462047197481684
"Repaid","Repaid",0.0130997438110962,0.986900256188904
"Repaid","Not_Repaid",0.572664370897185,0.427335629102815
"Repaid","Repaid",0.38256246565285,0.61743753434715
"Repaid","Repaid",0.460361724458372,0.539638275541628
"Repaid","Repaid",0.0218312262999074,0.978168773700093
"Not_Repaid","Not_Repaid",0.902148382856473,0.097851617143527
"Not_Repaid","Not_Repaid",0.811432880398848,0.188567119601152
"Not_Repaid","Not_Repaid",0.931032264706289,0.0689677352937114
"Repaid","Repaid",0.242276211902727,0.757723788097273
"Not_Repaid","Not_Repaid",0.949181056215573,0.0508189437844268
"Repaid","Repaid",0.135819158195007,0.864180841804993
"Repaid","Repaid",0.0968023776137895,0.90319762238621
"Not_Repaid","Not_Repaid",0.785399735093675,0.214600264906325
"Not_Repaid","Repaid",0.324061499922387,0.675938500077613
"Repaid","Repaid",0.0232936005756779,0.976706399424322
"Not_Repaid","Not_Repaid",0.975484939385983,0.0245150606140168
"Repaid","Repaid",0.124937358024518,0.875062641975482
"Not_Repaid","Not_Repaid",0.861088281645642,0.138911718354358
"Repaid","Repaid",0.416906267515834,0.583093732484166
"Not_Repaid","Not_Repaid",0.532548202999748,0.467451797000252
"Repaid","Repaid",0.150871783626301,0.849128216373699
"Repaid","Repaid",0.0230722999573767,0.976927700042623
"Repaid","Repaid",0.0399072606168932,0.960092739383107
"Repaid","Not_Repaid",0.631911698086669,0.368088301913331
"Not_Repaid","Not_Repaid",0.631621661473481,0.368378338526519
"Not_Repaid","Not_Repaid",0.862810997456785,0.137189002543215
"Not_Repaid","Not_Repaid",0.761948493563254,0.238051506436746
"Repaid","Repaid",0.107088614624384,0.892911385375616
"Repaid","Repaid",0.165419614051572,0.834580385948428
"Not_Repaid","Not_Repaid",0.685184408027832,0.314815591972169
"Not_Repaid","Repaid",0.270789862132925,0.729210137867075
"Repaid","Repaid",0.0312357502676959,0.968764249732304
"Not_Repaid","Not_Repaid",0.996623029168393,0.0033769708316075
"Repaid","Repaid",0.140647451333333,0.859352548666667
"Repaid","Repaid",0.0462007690325604,0.95379923096744
"Not_Repaid","Not_Repaid",0.963908496983549,0.0360915030164506
"Repaid","Repaid",0.0555362924400701,0.94446370755993
"Not_Repaid","Not_Repaid",0.986039894514427,0.0139601054855733
"Repaid","Repaid",0.160678478055938,0.839321521944062
"Repaid","Repaid",0.0436824893973894,0.956317510602611
"Repaid","Not_Repaid",0.986473899792398,0.0135261002076023
"Repaid","Not_Repaid",0.587892289823044,0.412107710176956
"Not_Repaid","Not_Repaid",0.936255144765911,0.063744855234089
"Repaid","Not_Repaid",0.90322855981236,0.0967714401876406
"Not_Repaid","Not_Repaid",0.914396927124816,0.0856030728751837
"Repaid","Not_Repaid",0.513416773791949,0.486583226208051
"Not_Repaid","Not_Repaid",0.754369084896908,0.245630915103092
"Repaid","Repaid",0.0304369859082044,0.969563014091796
"Repaid","Not_Repaid",0.570922656391716,0.429077343608284
"Repaid","Repaid",0.245238620707258,0.754761379292742
"Not_Repaid","Not_Repaid",0.949252767485289,0.0507472325147107
"Repaid","Repaid",0.382067539892717,0.617932460107283
"Repaid","Repaid",0.036893789089702,0.963106210910298
"Repaid","Repaid",0.488365131782448,0.511634868217552
"Repaid","Repaid",0.0222467843897447,0.977753215610255
"Repaid","Repaid",0.231041573341391,0.768958426658609
"Not_Repaid","Not_Repaid",0.663947704107902,0.336052295892098
"Repaid","Repaid",0.0369546253017251,0.963045374698275
"Not_Repaid","Not_Repaid",0.86951369449906,0.13048630550094
"Repaid","Repaid",0.381466768303356,0.618533231696644
"Repaid","Repaid",0.227300056372038,0.772699943627962
"Not_Repaid","Not_Repaid",0.786668326534509,0.213331673465491
"Repaid","Repaid",0.034236035001341,0.965763964998659
"Repaid","Repaid",0.219618080166346,0.780381919833654
"Not_Repaid","Not_Repaid",0.996857076839792,0.00314292316020829
"Not_Repaid","Not_Repaid",0.989889154227249,0.0101108457727508
"Not_Repaid","Not_Repaid",0.56614663143228,0.43385336856772
"Repaid","Repaid",0.301587147493651,0.698412852506349
"Not_Repaid","Not_Repaid",0.545857967918087,0.454142032081913
"Not_Repaid","Not_Repaid",0.958782942469773,0.041217057530227
"Not_Repaid","Not_Repaid",0.767518382655192,0.232481617344808
"Repaid","Repaid",0.102820090096288,0.897179909903712
"Not_Repaid","Not_Repaid",0.673499227633633,0.326500772366367
"Repaid","Repaid",0.263272733633116,0.736727266366884
"Not_Repaid","Not_Repaid",0.950537024974442,0.0494629750255579
"Not_Repaid","Not_Repaid",0.962231595348348,0.037768404651652
"Not_Repaid","Not_Repaid",0.550275780990477,0.449724219009523
"Not_Repaid","Not_Repaid",0.751244552375711,0.248755447624289
"Repaid","Repaid",0.0146239349204141,0.985376065079586
"Not_Repaid","Not_Repaid",0.693733265494531,0.306266734505469
"Repaid","Repaid",0.166262826462546,0.833737173537454
"Not_Repaid","Not_Repaid",0.874858638763493,0.125141361236507
"Not_Repaid","Not_Repaid",0.820866484116904,0.179133515883096
"Not_Repaid","Repaid",0.28898173221183,0.71101826778817
"Not_Repaid","Not_Repaid",0.554154820237518,0.445845179762482
"Not_Repaid","Not_Repaid",0.694053530050924,0.305946469949076
"Not_Repaid","Not_Repaid",0.952038277858517,0.0479617221414832
"Repaid","Repaid",0.0132791661890225,0.986720833810978
"Not_Repaid","Not_Repaid",0.731123823580283,0.268876176419717
"Repaid","Not_Repaid",0.857072811869073,0.142927188130927
"Not_Repaid","Not_Repaid",0.909346500012502,0.0906534999874983
"Not_Repaid","Not_Repaid",0.566895288844179,0.433104711155822
"Not_Repaid","Repaid",0.34357526890794,0.65642473109206
"Not_Repaid","Not_Repaid",0.985920158534809,0.0140798414651909
"Not_Repaid","Not_Repaid",0.9623157716765,0.0376842283234996
"Repaid","Repaid",0.0464752087295196,0.95352479127048
"Not_Repaid","Not_Repaid",0.611722660900235,0.388277339099765
"Not_Repaid","Not_Repaid",0.501031506817659,0.498968493182341
"Repaid","Repaid",0.229079637300647,0.770920362699353
"Not_Repaid","Repaid",0.468270936376526,0.531729063623474
"Repaid","Repaid",0.258918826815323,0.741081173184677
"Repaid","Repaid",0.0554039964849994,0.944596003515001
"Not_Repaid","Not_Repaid",0.607846371920991,0.392153628079009
"Repaid","Repaid",0.443132418538686,0.556867581461314
"Not_Repaid","Not_Repaid",0.881301279480268,0.118698720519732
"Repaid","Repaid",0.160048324243524,0.839951675756476
"Repaid","Repaid",0.0496992656943864,0.950300734305614
"Not_Repaid","Not_Repaid",0.938164883759221,0.0618351162407788
"Repaid","Repaid",0.0564774583054847,0.943522541694515
"Not_Repaid","Not_Repaid",0.768696399935562,0.231303600064438
"Not_Repaid","Not_Repaid",0.71118400835798,0.28881599164202
"Repaid","Repaid",0.11585089793561,0.88414910206439
"Repaid","Repaid",0.150572414269906,0.849427585730094
"Not_Repaid","Not_Repaid",0.954383598713104,0.0456164012868957
"Not_Repaid","Not_Repaid",0.881893446863995,0.118106553136005
"Not_Repaid","Not_Repaid",0.867319721275742,0.132680278724258
"Repaid","Repaid",0.0407366996940213,0.959263300305979
"Repaid","Repaid",0.0165909407229302,0.98340905927707
"Not_Repaid","Not_Repaid",0.976637298567865,0.0233627014321355
"Repaid","Not_Repaid",0.509441465025805,0.490558534974195
"Repaid","Repaid",0.16013005332745,0.83986994667255
"Repaid","Repaid",0.157607163378085,0.842392836621915
"Not_Repaid","Not_Repaid",0.700688417563869,0.299311582436131
"Repaid","Repaid",0.265691703672402,0.734308296327598
"Not_Repaid","Not_Repaid",0.983307395675063,0.0166926043249373
"Repaid","Repaid",0.0914920868398205,0.90850791316018
"Not_Repaid","Not_Repaid",0.573877295481326,0.426122704518674
"Not_Repaid","Not_Repaid",0.910424719633086,0.0895752803669143
"Repaid","Repaid",0.0438647365057657,0.956135263494234
"Not_Repaid","Not_Repaid",0.733539612291268,0.266460387708732
"Repaid","Repaid",0.310572143638238,0.689427856361762
"Not_Repaid","Not_Repaid",0.956968227315721,0.0430317726842788
"Repaid","Repaid",0.122676290652001,0.877323709347999
"Repaid","Repaid",0.0813114621722005,0.9186885378278
"Repaid","Not_Repaid",0.986940630209628,0.0130593697903719
"Repaid","Repaid",0.0374312673868263,0.962568732613174
"Repaid","Repaid",0.0230321029930204,0.97696789700698
"Not_Repaid","Not_Repaid",0.978164544159868,0.0218354558401317
"Repaid","Repaid",0.2794059839154,0.7205940160846
"Not_Repaid","Not_Repaid",0.898268076238791,0.101731923761209
"Not_Repaid","Not_Repaid",0.67957782701586,0.32042217298414
"Not_Repaid","Not_Repaid",0.989949434863216,0.0100505651367843
"Repaid","Repaid",0.0386362042637435,0.961363795736257
"Repaid","Not_Repaid",0.56367983340601,0.43632016659399
"Repaid","Repaid",0.261010725279763,0.738989274720237
"Repaid","Repaid",0.199304940003582,0.800695059996418
"Repaid","Repaid",0.492871052834189,0.507128947165811
"Repaid","Repaid",0.0557557925469812,0.944244207453019
"Not_Repaid","Not_Repaid",0.99217612865183,0.00782387134816971
"Repaid","Repaid",0.347928373002966,0.652071626997034
"Not_Repaid","Not_Repaid",0.53514960602069,0.46485039397931
"Not_Repaid","Not_Repaid",0.868022077564729,0.131977922435271
"Repaid","Repaid",0.0987994562153038,0.901200543784696
"Repaid","Not_Repaid",0.880040065292096,0.119959934707904
"Not_Repaid","Not_Repaid",0.554266208303231,0.445733791696769
"Repaid","Repaid",0.304778243232976,0.695221756767024
"Not_Repaid","Not_Repaid",0.963975411820827,0.0360245881791729
"Repaid","Repaid",0.387246438290654,0.612753561709346
"Not_Repaid","Not_Repaid",0.773746924380515,0.226253075619485
"Not_Repaid","Not_Repaid",0.786371054355373,0.213628945644627
"Repaid","Repaid",0.201970602322734,0.798029397677266
"Repaid","Not_Repaid",0.675508298043311,0.324491701956689
"Repaid","Not_Repaid",0.71929341999503,0.28070658000497
"Not_Repaid","Not_Repaid",0.9530842888305,0.0469157111694998
"Not_Repaid","Not_Repaid",0.937322065693708,0.0626779343062915
"Not_Repaid","Not_Repaid",0.973234655159541,0.0267653448404585
"Repaid","Repaid",0.0177455425218589,0.982254457478141
"Not_Repaid","Not_Repaid",0.73746540593163,0.26253459406837
"Not_Repaid","Not_Repaid",0.50671967975105,0.49328032024895
"Repaid","Not_Repaid",0.545890173473979,0.454109826526021
"Not_Repaid","Not_Repaid",0.974036196696279,0.0259638033037207
"Not_Repaid","Not_Repaid",0.95655114986601,0.0434488501339904
"Not_Repaid","Not_Repaid",0.98737861459709,0.01262138540291
"Repaid","Repaid",0.471465894209244,0.528534105790756
"Not_Repaid","Not_Repaid",0.920630635548413,0.0793693644515866
"Not_Repaid","Not_Repaid",0.983387620974854,0.016612379025146
"Not_Repaid","Not_Repaid",0.9819153531764,0.0180846468235997
"Not_Repaid","Not_Repaid",0.97577504914983,0.0242249508501705
"Not_Repaid","Not_Repaid",0.539111280017673,0.460888719982327
"Repaid","Not_Repaid",0.586516674073078,0.413483325926922
"Not_Repaid","Repaid",0.327854190689894,0.672145809310106
"Repaid","Repaid",0.0500152257904284,0.949984774209572
"Repaid","Repaid",0.0515551145559207,0.948444885444079
"Repaid","Repaid",0.410929829908544,0.589070170091456
"Repaid","Repaid",0.0387190920143565,0.961280907985643
"Not_Repaid","Not_Repaid",0.973928847475855,0.0260711525241449
"Not_Repaid","Not_Repaid",0.964836955274838,0.0351630447251619
"Repaid","Repaid",0.0744884060662493,0.925511593933751
"Not_Repaid","Repaid",0.481256952920829,0.518743047079171
"Repaid","Repaid",0.0941935198223826,0.905806480177617
"Repaid","Repaid",0.173058729274226,0.826941270725774
"Repaid","Not_Repaid",0.796447694361647,0.203552305638353
"Repaid","Repaid",0.0352229056043273,0.964777094395673
"Repaid","Repaid",0.013173634909566,0.986826365090434
"Repaid","Repaid",0.0724682532468595,0.92753174675314
"Repaid","Repaid",0.0137338801349612,0.986266119865039
"Not_Repaid","Not_Repaid",0.697467551475852,0.302532448524148
"Not_Repaid","Not_Repaid",0.990976944214177,0.00902305578582267
"Repaid","Repaid",0.122528655995747,0.877471344004253
"Not_Repaid","Not_Repaid",0.703305122641691,0.296694877358309
"Repaid","Repaid",0.0784776492129943,0.921522350787006
"Not_Repaid","Not_Repaid",0.881977344881969,0.118022655118031
"Not_Repaid","Not_Repaid",0.795760570472717,0.204239429527283
"Not_Repaid","Not_Repaid",0.86021145058602,0.13978854941398
"Repaid","Repaid",0.130174590700576,0.869825409299424
"Not_Repaid","Not_Repaid",0.976813499484181,0.0231865005158187
"Repaid","Repaid",0.322871878818212,0.677128121181788
"Not_Repaid","Not_Repaid",0.880879053014448,0.119120946985552
"Not_Repaid","Not_Repaid",0.564738524108842,0.435261475891158
"Not_Repaid","Not_Repaid",0.651867166546872,0.348132833453128
"Not_Repaid","Not_Repaid",0.965295468607122,0.0347045313928781
"Repaid","Repaid",0.164598459861226,0.835401540138774
"Repaid","Not_Repaid",0.671824957202922,0.328175042797078
"Repaid","Repaid",0.0628903203547759,0.937109679645224
"Repaid","Repaid",0.261058765431638,0.738941234568362
"Not_Repaid","Not_Repaid",0.815991583718975,0.184008416281025
"Not_Repaid","Not_Repaid",0.600631637215837,0.399368362784163
"Repaid","Repaid",0.282806138740308,0.717193861259692
"Repaid","Repaid",0.081613098793039,0.918386901206961
"Repaid","Repaid",0.349937347382988,0.650062652617012
"Repaid","Not_Repaid",0.713666441041839,0.286333558958161
"Not_Repaid","Not_Repaid",0.934403517227658,0.065596482772342
"Not_Repaid","Not_Repaid",0.814896256701532,0.185103743298468
"Repaid","Repaid",0.0666325885242212,0.933367411475779
"Repaid","Repaid",0.0340415956054615,0.965958404394539
"Not_Repaid","Not_Repaid",0.612545070735386,0.387454929264614
"Not_Repaid","Not_Repaid",0.691371831532755,0.308628168467245
"Not_Repaid","Not_Repaid",0.721724919330484,0.278275080669516
"Repaid","Repaid",0.462739252331686,0.537260747668314
"Not_Repaid","Not_Repaid",0.907726083385868,0.0922739166141319
"Not_Repaid","Not_Repaid",0.96846820266121,0.0315317973387902
"Not_Repaid","Not_Repaid",0.577049668142655,0.422950331857345
"Repaid","Repaid",0.436075675659798,0.563924324340202
"Repaid","Not_Repaid",0.510583137566773,0.489416862433227
"Repaid","Repaid",0.415974202055462,0.584025797944538
"Not_Repaid","Repaid",0.431920881695706,0.568079118304294
"Repaid","Repaid",0.166788650404956,0.833211349595044
"Repaid","Repaid",0.0931254089579768,0.906874591042023
"Not_Repaid","Not_Repaid",0.98738431213159,0.0126156878684101
"Not_Repaid","Not_Repaid",0.66860264942412,0.33139735057588
"Repaid","Repaid",0.163503725454758,0.836496274545242
"Repaid","Repaid",0.0507911944666382,0.949208805533362
"Repaid","Repaid",0.288161113879654,0.711838886120346
"Not_Repaid","Not_Repaid",0.649534622387087,0.350465377612913
"Not_Repaid","Not_Repaid",0.675608745702426,0.324391254297574
"Not_Repaid","Not_Repaid",0.706002260609537,0.293997739390463
"Not_Repaid","Not_Repaid",0.943700570408543,0.0562994295914573
"Repaid","Repaid",0.031408370764083,0.968591629235917
"Not_Repaid","Not_Repaid",0.876372552745734,0.123627447254266
"Repaid","Repaid",0.0254417707017998,0.9745582292982
"Repaid","Repaid",0.0361601196614535,0.963839880338547
"Repaid","Repaid",0.169286340081193,0.830713659918807
"Repaid","Repaid",0.194373812812285,0.805626187187715
"Repaid","Repaid",0.0414210714550235,0.958578928544977
"Repaid","Not_Repaid",0.899947086920112,0.100052913079888
"Not_Repaid","Not_Repaid",0.932872779040579,0.0671272209594211
"Not_Repaid","Not_Repaid",0.982850437790531,0.0171495622094692
"Not_Repaid","Not_Repaid",0.709668278173122,0.290331721826878
"Not_Repaid","Not_Repaid",0.615740309976947,0.384259690023053
"Not_Repaid","Repaid",0.117136390694756,0.882863609305244
"Not_Repaid","Not_Repaid",0.827494500623241,0.172505499376759
"Not_Repaid","Not_Repaid",0.788436175730862,0.211563824269138
"Repaid","Repaid",0.0592097265711861,0.940790273428814
"Not_Repaid","Not_Repaid",0.747387148454402,0.252612851545598
"Not_Repaid","Not_Repaid",0.597970831160183,0.402029168839817
"Not_Repaid","Not_Repaid",0.972419678468637,0.0275803215313633
"Not_Repaid","Not_Repaid",0.99576748411887,0.0042325158811301
"Not_Repaid","Not_Repaid",0.956733549331096,0.0432664506689036
"Repaid","Repaid",0.123166548747662,0.876833451252338
"Repaid","Repaid",0.0293419918690283,0.970658008130972
"Repaid","Not_Repaid",0.697405948442923,0.302594051557077
"Not_Repaid","Not_Repaid",0.941237120612277,0.0587628793877226
"Not_Repaid","Not_Repaid",0.876269151904573,0.123730848095427
"Not_Repaid","Not_Repaid",0.874556358131406,0.125443641868594
"Repaid","Repaid",0.0326482508887649,0.967351749111235
"Not_Repaid","Repaid",0.226569264428834,0.773430735571166
"Not_Repaid","Not_Repaid",0.865931548748731,0.134068451251269
"Repaid","Repaid",0.396714531598178,0.603285468401822
"Not_Repaid","Not_Repaid",0.960607490066451,0.0393925099335492
"Not_Repaid","Repaid",0.42377613882355,0.57622386117645
"Repaid","Not_Repaid",0.529409188135666,0.470590811864334
"Repaid","Not_Repaid",0.81054874664767,0.18945125335233
"Not_Repaid","Not_Repaid",0.991163250829012,0.00883674917098779
"Not_Repaid","Not_Repaid",0.935906897931546,0.0640931020684537
"Not_Repaid","Not_Repaid",0.964279670136383,0.0357203298636166
"Repaid","Repaid",0.0827062663892619,0.917293733610738
"Repaid","Repaid",0.18351729243038,0.81648270756962
"Not_Repaid","Not_Repaid",0.694190010539462,0.305809989460538
"Not_Repaid","Not_Repaid",0.676543278853049,0.32345672114695
"Not_Repaid","Not_Repaid",0.889793654288694,0.110206345711306
"Not_Repaid","Repaid",0.0771247333625317,0.922875266637468
"Repaid","Repaid",0.134767217876834,0.865232782123166
"Not_Repaid","Not_Repaid",0.957766832379773,0.0422331676202268
"Repaid","Repaid",0.133900610726607,0.866099389273393
"Not_Repaid","Not_Repaid",0.622747996239567,0.377252003760433
"Repaid","Repaid",0.157886267630933,0.842113732369067
"Repaid","Repaid",0.0689491578636399,0.93105084213636
"Not_Repaid","Not_Repaid",0.612363320289845,0.387636679710155
"Repaid","Repaid",0.32232651170385,0.67767348829615
"Not_Repaid","Repaid",0.0364688899853485,0.963531110014652
"Not_Repaid","Not_Repaid",0.973391014610418,0.026608985389582
"Repaid","Repaid",0.0654963346458597,0.93450366535414
"Repaid","Repaid",0.0415997442855871,0.958400255714413
"Repaid","Repaid",0.0522069431811961,0.947793056818804
"Repaid","Repaid",0.162322117095945,0.837677882904055
"Not_Repaid","Not_Repaid",0.866737454964018,0.133262545035982
"Repaid","Repaid",0.0294677001384103,0.97053229986159
"Not_Repaid","Not_Repaid",0.963871848196559,0.0361281518034411
"Not_Repaid","Not_Repaid",0.680303423464434,0.319696576535566
"Not_Repaid","Repaid",0.340549921094679,0.659450078905321
"Not_Repaid","Not_Repaid",0.870239469499462,0.129760530500538
"Repaid","Repaid",0.015940378811218,0.984059621188782
"Repaid","Repaid",0.0237977458806976,0.976202254119302
"Repaid","Repaid",0.282807828359466,0.717192171640534
"Repaid","Repaid",0.390058327802008,0.609941672197992
"Repaid","Repaid",0.357600711354057,0.642399288645943
"Repaid","Repaid",0.0635429122237559,0.936457087776244
"Not_Repaid","Not_Repaid",0.916753461234065,0.0832465387659347
"Not_Repaid","Not_Repaid",0.861676416858079,0.138323583141921
"Repaid","Repaid",0.0445945325012108,0.955405467498789
"Not_Repaid","Not_Repaid",0.84595093277906,0.15404906722094
"Repaid","Not_Repaid",0.614609243762958,0.385390756237042
"Not_Repaid","Not_Repaid",0.536767663988989,0.463232336011011
"Not_Repaid","Not_Repaid",0.996723809286067,0.00327619071393352
"Not_Repaid","Not_Repaid",0.52881415329382,0.47118584670618
"Repaid","Not_Repaid",0.613628354759214,0.386371645240786
"Not_Repaid","Not_Repaid",0.973878970946171,0.0261210290538287
"Not_Repaid","Not_Repaid",0.524804838294506,0.475195161705494
"Not_Repaid","Not_Repaid",0.979585131848035,0.0204148681519647
"Not_Repaid","Not_Repaid",0.584700988580329,0.415299011419671
"Not_Repaid","Not_Repaid",0.815875875825269,0.184124124174731
"Repaid","Repaid",0.0866021493926143,0.913397850607386
"Not_Repaid","Not_Repaid",0.950569218909756,0.0494307810902436
"Not_Repaid","Repaid",0.309457266769349,0.690542733230651
"Repaid","Repaid",0.37863492456809,0.62136507543191
"Repaid","Repaid",0.287514038984702,0.712485961015298
"Repaid","Repaid",0.069893811839357,0.930106188160643
"Not_Repaid","Not_Repaid",0.959627917057273,0.0403720829427273
"Repaid","Not_Repaid",0.549847614333872,0.450152385666128
"Repaid","Repaid",0.164331635664616,0.835668364335384
"Repaid","Repaid",0.017253778145059,0.982746221854941
"Repaid","Repaid",0.0558063897408307,0.944193610259169
"Not_Repaid","Not_Repaid",0.972637011492972,0.0273629885070275
"Repaid","Repaid",0.142513856936525,0.857486143063475
"Repaid","Repaid",0.0151164153112027,0.984883584688797
"Not_Repaid","Not_Repaid",0.792499346688214,0.207500653311786
"Repaid","Repaid",0.15852605496582,0.84147394503418
"Repaid","Repaid",0.019443027028535,0.980556972971465
"Repaid","Repaid",0.0154756735038866,0.984524326496113
"Not_Repaid","Not_Repaid",0.70035348041628,0.29964651958372
"Repaid","Repaid",0.0343206263117132,0.965679373688287
"Not_Repaid","Not_Repaid",0.991293878612282,0.00870612138771833
"Repaid","Repaid",0.232082496156256,0.767917503843744
"Repaid","Repaid",0.368739082953923,0.631260917046077
"Not_Repaid","Not_Repaid",0.84786335425407,0.15213664574593
"Not_Repaid","Not_Repaid",0.910189729490994,0.0898102705090065
"Not_Repaid","Not_Repaid",0.743806259020412,0.256193740979588
"Repaid","Repaid",0.046788386139261,0.953211613860739
"Not_Repaid","Not_Repaid",0.571893821745977,0.428106178254023
"Not_Repaid","Not_Repaid",0.84226379294874,0.15773620705126
"Repaid","Repaid",0.199380138228996,0.800619861771004
"Not_Repaid","Not_Repaid",0.777964727764709,0.222035272235291
"Not_Repaid","Repaid",0.356510792544728,0.643489207455272
"Repaid","Not_Repaid",0.554258012101373,0.445741987898627
"Not_Repaid","Not_Repaid",0.968117425463601,0.0318825745363985
"Not_Repaid","Not_Repaid",0.558027399519319,0.441972600480681
"Repaid","Not_Repaid",0.821569041705112,0.178430958294888
"Repaid","Not_Repaid",0.672223899445899,0.327776100554101
"Not_Repaid","Not_Repaid",0.698487787374982,0.301512212625018
"Not_Repaid","Not_Repaid",0.853914260191992,0.146085739808008
"Not_Repaid","Not_Repaid",0.839389353842063,0.160610646157937
"Not_Repaid","Not_Repaid",0.7678481092842,0.2321518907158
"Repaid","Repaid",0.06341406373362,0.93658593626638
"Not_Repaid","Not_Repaid",0.883130914169395,0.116869085830605
"Not_Repaid","Not_Repaid",0.943184622046467,0.0568153779535331
"Not_Repaid","Not_Repaid",0.590602085242151,0.409397914757849
"Repaid","Repaid",0.108277402226464,0.891722597773536
"Not_Repaid","Not_Repaid",0.969876681492112,0.0301233185078882
"Repaid","Repaid",0.149482476033424,0.850517523966576
"Not_Repaid","Not_Repaid",0.676607295855339,0.323392704144661
"Not_Repaid","Not_Repaid",0.654496229950336,0.345503770049664
"Repaid","Not_Repaid",0.63764306571014,0.36235693428986
"Not_Repaid","Not_Repaid",0.716348040520099,0.283651959479901
"Repaid","Not_Repaid",0.97508665998841,0.0249133400115897
"Not_Repaid","Not_Repaid",0.963313809625666,0.0366861903743337
"Not_Repaid","Not_Repaid",0.90307899243249,0.0969210075675102
"Not_Repaid","Not_Repaid",0.831798691053808,0.168201308946192
"Not_Repaid","Not_Repaid",0.92973059611164,0.0702694038883598
"Repaid","Repaid",0.115522619144051,0.884477380855949
"Not_Repaid","Not_Repaid",0.920469457672561,0.0795305423274387
"Repaid","Repaid",0.0497169335640582,0.950283066435942
"Not_Repaid","Not_Repaid",0.716558512569102,0.283441487430898
"Not_Repaid","Not_Repaid",0.742243410830085,0.257756589169915
"Repaid","Not_Repaid",0.569999775114951,0.430000224885049
"Repaid","Repaid",0.0415513106785261,0.958448689321474
"Not_Repaid","Not_Repaid",0.547289323637642,0.452710676362358
"Repaid","Repaid",0.351899017213262,0.648100982786738
"Repaid","Repaid",0.0478154091579382,0.952184590842062
"Repaid","Repaid",0.482525756244282,0.517474243755718
"Not_Repaid","Repaid",0.121197355069905,0.878802644930095
"Not_Repaid","Not_Repaid",0.730485266065816,0.269514733934184
"Repaid","Repaid",0.0610564460020404,0.93894355399796
"Not_Repaid","Not_Repaid",0.824605421584519,0.175394578415481
"Not_Repaid","Not_Repaid",0.745672473981232,0.254327526018768
"Not_Repaid","Repaid",0.223559246583012,0.776440753416988
"Repaid","Repaid",0.423215335613288,0.576784664386712
"Repaid","Repaid",0.169833896788541,0.830166103211459
"Not_Repaid","Not_Repaid",0.878745635709222,0.121254364290778
"Repaid","Repaid",0.0704135548329173,0.929586445167083
"Not_Repaid","Not_Repaid",0.976618077576553,0.0233819224234471
"Not_Repaid","Not_Repaid",0.983194722357088,0.0168052776429117
"Repaid","Repaid",0.194146921809565,0.805853078190435
"Not_Repaid","Not_Repaid",0.970028423782069,0.0299715762179313
"Not_Repaid","Not_Repaid",0.749553268819644,0.250446731180356
"Repaid","Not_Repaid",0.721220982177973,0.278779017822027
"Repaid","Not_Repaid",0.677750519692857,0.322249480307143
"Not_Repaid","Not_Repaid",0.877449377410689,0.122550622589311
"Repaid","Repaid",0.364462407500773,0.635537592499227
"Not_Repaid","Not_Repaid",0.772713599703727,0.227286400296273
"Repaid","Repaid",0.0426581514011503,0.95734184859885
"Repaid","Not_Repaid",0.764382379640123,0.235617620359877
"Not_Repaid","Not_Repaid",0.950790777516091,0.0492092224839086
"Not_Repaid","Not_Repaid",0.977035892090834,0.0229641079091665
"Not_Repaid","Not_Repaid",0.821000223581243,0.178999776418757
"Not_Repaid","Not_Repaid",0.969918309946447,0.0300816900535531
"Not_Repaid","Not_Repaid",0.651742234174657,0.348257765825343
"Repaid","Repaid",0.292940715069215,0.707059284930785
"Repaid","Repaid",0.417483428612932,0.582516571387068
"Not_Repaid","Not_Repaid",0.676498158459624,0.323501841540376
"Not_Repaid","Not_Repaid",0.935053608386278,0.0649463916137222
"Not_Repaid","Not_Repaid",0.784956578029879,0.215043421970121
"Not_Repaid","Repaid",0.458180910742654,0.541819089257346
"Repaid","Repaid",0.0869140833681029,0.913085916631897
"Not_Repaid","Not_Repaid",0.813747259514197,0.186252740485803
"Not_Repaid","Not_Repaid",0.994102789788659,0.00589721021134094
"Repaid","Repaid",0.0940751388456894,0.905924861154311
"Not_Repaid","Not_Repaid",0.682858696701402,0.317141303298598
"Not_Repaid","Not_Repaid",0.722424686697948,0.277575313302052
"Repaid","Repaid",0.341004984643144,0.658995015356856
"Repaid","Repaid",0.0361553721091065,0.963844627890894
"Repaid","Repaid",0.147743717803005,0.852256282196995
"Repaid","Repaid",0.494491961773466,0.505508038226534
"Repaid","Repaid",0.296140367257161,0.703859632742839
"Not_Repaid","Not_Repaid",0.578575750926005,0.421424249073995
"Not_Repaid","Not_Repaid",0.995926138989356,0.00407386101064368
"Repaid","Repaid",0.0405907157445167,0.959409284255483
"Repaid","Repaid",0.0650608179537541,0.934939182046246
"Repaid","Repaid",0.0404256986479256,0.959574301352074
"Not_Repaid","Not_Repaid",0.587538647520519,0.412461352479481
"Repaid","Repaid",0.240449471105481,0.759550528894519
"Not_Repaid","Repaid",0.303644681189892,0.696355318810108
"Repaid","Repaid",0.0525473483747904,0.94745265162521
"Not_Repaid","Repaid",0.402209323474087,0.597790676525913
"Not_Repaid","Not_Repaid",0.758830210317751,0.241169789682249
"Not_Repaid","Not_Repaid",0.779549542455815,0.220450457544185
"Not_Repaid","Not_Repaid",0.523847535231643,0.476152464768358
"Repaid","Repaid",0.130463108840279,0.869536891159721
"Not_Repaid","Not_Repaid",0.933863976777419,0.0661360232225806
"Repaid","Repaid",0.0324941835924681,0.967505816407532
"Not_Repaid","Not_Repaid",0.629790563184687,0.370209436815313
"Not_Repaid","Not_Repaid",0.95856120789417,0.04143879210583
"Not_Repaid","Not_Repaid",0.930711904369419,0.0692880956305812
"Not_Repaid","Not_Repaid",0.938343176373073,0.0616568236269271
"Not_Repaid","Not_Repaid",0.993178068756522,0.00682193124347845
"Not_Repaid","Not_Repaid",0.687446771785741,0.312553228214259
"Repaid","Repaid",0.189455833938669,0.810544166061331
"Not_Repaid","Not_Repaid",0.759066511687005,0.240933488312995
"Repaid","Repaid",0.0262781920227735,0.973721807977227
"Not_Repaid","Not_Repaid",0.996717811383784,0.00328218861621629
"Repaid","Repaid",0.0196104430456846,0.980389556954315
"Repaid","Repaid",0.0827660123427353,0.917233987657265
"Not_Repaid","Not_Repaid",0.793349241465587,0.206650758534413
"Repaid","Not_Repaid",0.563519915881179,0.436480084118821
"Repaid","Not_Repaid",0.517017586015265,0.482982413984735
"Repaid","Repaid",0.262574807682924,0.737425192317076
"Not_Repaid","Not_Repaid",0.810033559924591,0.189966440075409
"Not_Repaid","Not_Repaid",0.963680295210653,0.0363197047893473
"Repaid","Not_Repaid",0.668431101568449,0.331568898431551
"Repaid","Repaid",0.163245497164992,0.836754502835008
"Not_Repaid","Not_Repaid",0.906950464783074,0.0930495352169263
"Not_Repaid","Not_Repaid",0.586629499131017,0.413370500868983
"Not_Repaid","Repaid",0.0586966785194879,0.941303321480512
"Not_Repaid","Not_Repaid",0.912358382125371,0.0876416178746293
"Repaid","Repaid",0.240047622094452,0.759952377905548
"Not_Repaid","Repaid",0.370292241130169,0.629707758869831
"Not_Repaid","Not_Repaid",0.817643897935805,0.182356102064195
"Repaid","Repaid",0.146746252613086,0.853253747386914
"Not_Repaid","Repaid",0.46093705463514,0.53906294536486
"Repaid","Repaid",0.253173252863785,0.746826747136215
"Not_Repaid","Not_Repaid",0.942025360431885,0.0579746395681153
"Not_Repaid","Not_Repaid",0.615062339263115,0.384937660736885
"Repaid","Repaid",0.0502118058639309,0.949788194136069
"Repaid","Repaid",0.11766720118607,0.88233279881393
"Not_Repaid","Not_Repaid",0.981671502219956,0.0183284977800436
"Repaid","Repaid",0.0403603676652916,0.959639632334708
"Repaid","Repaid",0.392705439608926,0.607294560391074
"Repaid","Not_Repaid",0.880450075852424,0.119549924147576
"Repaid","Repaid",0.0472169485735447,0.952783051426455
"Not_Repaid","Not_Repaid",0.898282158009763,0.101717841990237
"Repaid","Repaid",0.111067346259351,0.88893265374065
"Repaid","Repaid",0.0320717512080884,0.967928248791912
"Repaid","Repaid",0.141342477836137,0.858657522163863
"Not_Repaid","Not_Repaid",0.974513319687141,0.0254866803128593
"Repaid","Repaid",0.169594634535376,0.830405365464624
"Not_Repaid","Not_Repaid",0.986210139586605,0.0137898604133955
"Not_Repaid","Repaid",0.285269268661276,0.714730731338724
"Repaid","Repaid",0.134207353160578,0.865792646839422
"Repaid","Repaid",0.0660404516267297,0.93395954837327
"Repaid","Repaid",0.038788205398851,0.961211794601149
"Not_Repaid","Repaid",0.455954890010634,0.544045109989366
"Not_Repaid","Not_Repaid",0.950257230266448,0.0497427697335524
"Not_Repaid","Not_Repaid",0.974930691058683,0.0250693089413168
"Repaid","Repaid",0.0946885325816696,0.90531146741833
"Repaid","Repaid",0.119402523099672,0.880597476900328
"Not_Repaid","Repaid",0.342778869958345,0.657221130041655
"Repaid","Repaid",0.0489325125921335,0.951067487407867
"Repaid","Not_Repaid",0.538601180503713,0.461398819496287
"Not_Repaid","Not_Repaid",0.983936422529229,0.0160635774707707
"Not_Repaid","Not_Repaid",0.96456795972528,0.03543204027472
"Repaid","Not_Repaid",0.545831062702672,0.454168937297328
"Repaid","Repaid",0.456977992762151,0.543022007237849
"Repaid","Repaid",0.0667521294081813,0.933247870591819
"Repaid","Repaid",0.0845205833081515,0.915479416691849
"Repaid","Not_Repaid",0.853768736032301,0.146231263967699
"Repaid","Repaid",0.137425545475809,0.862574454524191
"Repaid","Not_Repaid",0.696844589873822,0.303155410126178
"Not_Repaid","Repaid",0.409296332870112,0.590703667129888
"Repaid","Repaid",0.4001675864049,0.5998324135951
"Not_Repaid","Not_Repaid",0.511362844211125,0.488637155788875
"Not_Repaid","Not_Repaid",0.89383397882004,0.10616602117996
"Repaid","Repaid",0.227144197056343,0.772855802943657
"Not_Repaid","Not_Repaid",0.764506624474436,0.235493375525564
"Not_Repaid","Not_Repaid",0.729196957047177,0.270803042952823
"Repaid","Repaid",0.375944768476118,0.624055231523882
"Repaid","Repaid",0.0563374494062499,0.94366255059375
"Not_Repaid","Not_Repaid",0.7643041683805,0.2356958316195
"Repaid","Repaid",0.100705045366481,0.899294954633519
"Repaid","Not_Repaid",0.786670153549621,0.213329846450379
"Repaid","Repaid",0.0673915570397029,0.932608442960297
"Not_Repaid","Not_Repaid",0.767240792626376,0.232759207373624
"Not_Repaid","Not_Repaid",0.993024147745494,0.0069758522545064
"Repaid","Repaid",0.267259012387416,0.732740987612584
"Not_Repaid","Not_Repaid",0.755577247041158,0.244422752958842
"Repaid","Repaid",0.165144955507098,0.834855044492902
"Not_Repaid","Not_Repaid",0.976210413985688,0.0237895860143123
"Not_Repaid","Not_Repaid",0.584036644488249,0.415963355511751
"Not_Repaid","Not_Repaid",0.922687948167238,0.0773120518327623
"Repaid","Repaid",0.187349102532337,0.812650897467663
"Not_Repaid","Not_Repaid",0.990800208764448,0.00919979123555175
"Not_Repaid","Not_Repaid",0.868778241480527,0.131221758519474
"Repaid","Repaid",0.0338818424075488,0.966118157592451
"Repaid","Not_Repaid",0.510502990448827,0.489497009551173
"Not_Repaid","Repaid",0.0763865309628432,0.923613469037157
"Not_Repaid","Not_Repaid",0.827931541570735,0.172068458429265
"Not_Repaid","Not_Repaid",0.847129024828299,0.152870975171701
"Repaid","Repaid",0.0946973202331955,0.905302679766804
"Not_Repaid","Not_Repaid",0.925213993892643,0.0747860061073573
"Not_Repaid","Not_Repaid",0.80225814482993,0.19774185517007
"Not_Repaid","Not_Repaid",0.985357140859593,0.0146428591404073
"Repaid","Repaid",0.0545429099757238,0.945457090024276
"Repaid","Repaid",0.0740043414190924,0.925995658580908
"Not_Repaid","Not_Repaid",0.890251236118322,0.109748763881678
"Not_Repaid","Not_Repaid",0.837974280703328,0.162025719296672
"Not_Repaid","Not_Repaid",0.528651037090799,0.471348962909201
"Repaid","Not_Repaid",0.734603297624226,0.265396702375774
"Repaid","Repaid",0.13924382080484,0.86075617919516
"Repaid","Repaid",0.189530936727518,0.810469063272482
"Not_Repaid","Not_Repaid",0.548564409400188,0.451435590599812
"Repaid","Repaid",0.225068720733058,0.774931279266942
"Repaid","Not_Repaid",0.717560492225057,0.282439507774943
"Not_Repaid","Repaid",0.49224730434101,0.50775269565899
"Not_Repaid","Not_Repaid",0.575476838612345,0.424523161387656
"Repaid","Repaid",0.063272986558094,0.936727013441906
"Not_Repaid","Not_Repaid",0.660384678842295,0.339615321157705
"Not_Repaid","Not_Repaid",0.810346357939399,0.189653642060601
"Not_Repaid","Not_Repaid",0.96617832220066,0.0338216777993396
"Repaid","Repaid",0.048328564705286,0.951671435294714
"Repaid","Repaid",0.142267052305623,0.857732947694377
"Not_Repaid","Repaid",0.268939966380904,0.731060033619096
"Repaid","Repaid",0.206740434117322,0.793259565882678
"Not_Repaid","Repaid",0.139137027116109,0.860862972883891
"Repaid","Repaid",0.0220288923680977,0.977971107631902
"Repaid","Repaid",0.448787147021319,0.551212852978681
"Not_Repaid","Not_Repaid",0.917145814729019,0.0828541852709809
"Repaid","Repaid",0.106575706182304,0.893424293817696
"Not_Repaid","Not_Repaid",0.92132932333035,0.0786706766696497
"Not_Repaid","Not_Repaid",0.830538715267476,0.169461284732524
"Repaid","Repaid",0.204949379989402,0.795050620010598
"Repaid","Not_Repaid",0.815473261263826,0.184526738736174
"Not_Repaid","Repaid",0.296655344145308,0.703344655854692
"Not_Repaid","Not_Repaid",0.784821770414179,0.215178229585821
"Not_Repaid","Not_Repaid",0.96695617562753,0.0330438243724706
"Repaid","Not_Repaid",0.77333049266992,0.22666950733008
"Not_Repaid","Not_Repaid",0.943152121201944,0.0568478787980562
"Repaid","Repaid",0.376172352158853,0.623827647841147
"Not_Repaid","Not_Repaid",0.932756369105203,0.0672436308947974
"Not_Repaid","Not_Repaid",0.871345886354271,0.128654113645729
"Repaid","Repaid",0.0281042400363768,0.971895759963623
"Not_Repaid","Not_Repaid",0.918861241326178,0.0811387586738218
"Not_Repaid","Not_Repaid",0.770717654552191,0.229282345447809
"Repaid","Repaid",0.0329725288323992,0.967027471167601
"Repaid","Repaid",0.035104823018422,0.964895176981578
"Not_Repaid","Repaid",0.482400927337099,0.517599072662901
"Not_Repaid","Not_Repaid",0.937057464302628,0.0629425356973718
"Repaid","Not_Repaid",0.530365188376772,0.469634811623228
"Not_Repaid","Not_Repaid",0.776903051157113,0.223096948842887
"Not_Repaid","Not_Repaid",0.555413405436596,0.444586594563404
"Repaid","Not_Repaid",0.506899605824552,0.493100394175448
"Repaid","Repaid",0.0463927057929459,0.953607294207054
"Repaid","Repaid",0.0726647488887521,0.927335251111248
"Repaid","Repaid",0.169228227992056,0.830771772007944
"Not_Repaid","Not_Repaid",0.910958567749,0.0890414322510003
"Repaid","Repaid",0.0551045936272759,0.944895406372724
"Not_Repaid","Not_Repaid",0.967445788659055,0.0325542113409446
"Not_Repaid","Repaid",0.364930356007236,0.635069643992764
"Not_Repaid","Not_Repaid",0.970463330133787,0.0295366698662133
"Not_Repaid","Not_Repaid",0.856322403755753,0.143677596244247
"Not_Repaid","Repaid",0.332827664672789,0.667172335327211
"Not_Repaid","Not_Repaid",0.949183625916386,0.0508163740836135
"Not_Repaid","Not_Repaid",0.855086388412419,0.144913611587581
"Repaid","Repaid",0.0358979614033385,0.964102038596662
"Repaid","Repaid",0.255729574146073,0.744270425853927
"Repaid","Not_Repaid",0.605369531002479,0.394630468997521
"Repaid","Not_Repaid",0.514353266162001,0.485646733837999
"Repaid","Repaid",0.0534233481829277,0.946576651817072
"Repaid","Repaid",0.133242768843692,0.866757231156308
"Repaid","Repaid",0.0342668580547288,0.965733141945271
"Repaid","Repaid",0.0524507989596948,0.947549201040305
"Repaid","Repaid",0.0376574286200446,0.962342571379955
"Not_Repaid","Not_Repaid",0.960847767584206,0.0391522324157935
"Not_Repaid","Not_Repaid",0.955332056006238,0.044667943993762
"Repaid","Repaid",0.282289287638691,0.717710712361309
"Repaid","Repaid",0.181959059864405,0.818040940135595
"Repaid","Repaid",0.046544036766555,0.953455963233445
"Not_Repaid","Not_Repaid",0.601939124943448,0.398060875056552
"Not_Repaid","Not_Repaid",0.946541403077872,0.0534585969221283
"Repaid","Repaid",0.298599193040384,0.701400806959616
"Not_Repaid","Not_Repaid",0.658595557346422,0.341404442653578
"Repaid","Repaid",0.0257349496338422,0.974265050366158
"Repaid","Repaid",0.209079325782781,0.790920674217219
"Not_Repaid","Not_Repaid",0.627129369296357,0.372870630703643
"Not_Repaid","Not_Repaid",0.983308089514918,0.0166919104850821
"Not_Repaid","Not_Repaid",0.869659016253852,0.130340983746148
"Repaid","Repaid",0.383794027341698,0.616205972658302
"Repaid","Repaid",0.0807128143700164,0.919287185629984
"Repaid","Repaid",0.0770436395699478,0.922956360430052
"Repaid","Repaid",0.388462819257355,0.611537180742645
"Repaid","Repaid",0.0440417722054495,0.95595822779455
"Not_Repaid","Not_Repaid",0.841361181720201,0.158638818279799
"Repaid","Repaid",0.265838125515358,0.734161874484642
"Not_Repaid","Not_Repaid",0.80066488565594,0.19933511434406
"Not_Repaid","Not_Repaid",0.968130365888397,0.0318696341116032
"Not_Repaid","Not_Repaid",0.919446700563276,0.0805532994367235
"Repaid","Repaid",0.169879916459211,0.830120083540789
"Not_Repaid","Not_Repaid",0.953763001548348,0.0462369984516522
"Repaid","Repaid",0.445993547561789,0.554006452438211
"Repaid","Repaid",0.045766231726675,0.954233768273325
"Repaid","Repaid",0.0363354659739866,0.963664534026013
"Not_Repaid","Not_Repaid",0.940636765323309,0.0593632346766909
"Not_Repaid","Repaid",0.0984182959087548,0.901581704091245
"Repaid","Repaid",0.0390163062861898,0.96098369371381
"Not_Repaid","Repaid",0.241685416409703,0.758314583590297
"Not_Repaid","Not_Repaid",0.787055181757147,0.212944818242853
"Not_Repaid","Not_Repaid",0.886593119195905,0.113406880804095
"Not_Repaid","Repaid",0.465937114153144,0.534062885846856
"Not_Repaid","Not_Repaid",0.686694113336219,0.313305886663781
"Not_Repaid","Not_Repaid",0.997524104875351,0.00247589512464883
"Not_Repaid","Not_Repaid",0.704200377277941,0.295799622722059
"Not_Repaid","Not_Repaid",0.650842759656788,0.349157240343212
"Repaid","Repaid",0.197320599266267,0.802679400733733
"Not_Repaid","Not_Repaid",0.967724255507053,0.0322757444929466
"Repaid","Repaid",0.0578500076439881,0.942149992356012
"Not_Repaid","Not_Repaid",0.92441985793636,0.0755801420636404
"Repaid","Repaid",0.0443339439344993,0.955666056065501
"Repaid","Repaid",0.0734316288988219,0.926568371101178
"Not_Repaid","Not_Repaid",0.704942522441517,0.295057477558483
"Repaid","Repaid",0.202821859819889,0.797178140180111
"Repaid","Repaid",0.098219045759487,0.901780954240513
"Repaid","Repaid",0.0669002439700097,0.93309975602999
"Not_Repaid","Not_Repaid",0.976623184378238,0.0233768156217616
"Not_Repaid","Not_Repaid",0.778432358831079,0.221567641168921
"Repaid","Repaid",0.0617915121103229,0.938208487889677
"Repaid","Repaid",0.0161028931708027,0.983897106829197
"Repaid","Repaid",0.466272227432564,0.533727772567436
"Repaid","Repaid",0.185347394657787,0.814652605342213
"Repaid","Repaid",0.0463455156450094,0.95365448435499
"Repaid","Repaid",0.0196165099850449,0.980383490014955
"Repaid","Repaid",0.12069377101116,0.87930622898884
"Repaid","Not_Repaid",0.785077861340453,0.214922138659547
"Not_Repaid","Not_Repaid",0.547129367799208,0.452870632200792
"Not_Repaid","Repaid",0.220149952923268,0.779850047076732
"Repaid","Repaid",0.0517482315507415,0.948251768449259
"Not_Repaid","Not_Repaid",0.831442223223471,0.168557776776529
"Not_Repaid","Not_Repaid",0.912160554025197,0.0878394459748033
"Repaid","Repaid",0.0167569529159827,0.983243047084017
"Repaid","Repaid",0.300271190547393,0.699728809452607
"Not_Repaid","Not_Repaid",0.625444755117684,0.374555244882316
"Not_Repaid","Not_Repaid",0.97489859646326,0.0251014035367397
"Repaid","Repaid",0.0232452356449393,0.976754764355061
"Repaid","Repaid",0.0692817784819794,0.930718221518021
"Not_Repaid","Not_Repaid",0.645194728698555,0.354805271301445
"Not_Repaid","Not_Repaid",0.617760959387913,0.382239040612087
"Repaid","Repaid",0.49731669514281,0.50268330485719
"Repaid","Not_Repaid",0.715987023816076,0.284012976183924
"Repaid","Not_Repaid",0.735846075942645,0.264153924057355
"Not_Repaid","Not_Repaid",0.762940554482129,0.237059445517871
"Not_Repaid","Repaid",0.362673688241447,0.637326311758553
"Repaid","Not_Repaid",0.633784968611997,0.366215031388003
"Not_Repaid","Not_Repaid",0.51348103874209,0.48651896125791
"Repaid","Repaid",0.0239623119198255,0.976037688080175
"Not_Repaid","Not_Repaid",0.997060477968867,0.0029395220311329
"Not_Repaid","Not_Repaid",0.981244398864934,0.0187556011350664
"Not_Repaid","Not_Repaid",0.93521186079159,0.0647881392084105
"Repaid","Repaid",0.185363713768803,0.814636286231197
"Repaid","Repaid",0.14871592895128,0.85128407104872
"Repaid","Repaid",0.409053517934968,0.590946482065032
"Repaid","Repaid",0.0624621905679738,0.937537809432026
"Repaid","Repaid",0.112605288405534,0.887394711594466
"Repaid","Repaid",0.0777689164631303,0.92223108353687
"Not_Repaid","Not_Repaid",0.977222539811599,0.0227774601884014
"Not_Repaid","Repaid",0.32358230997445,0.67641769002555
"Repaid","Repaid",0.233776558902888,0.766223441097112
"Repaid","Repaid",0.422191090782978,0.577808909217022
"Repaid","Repaid",0.282549930253852,0.717450069746148
"Not_Repaid","Not_Repaid",0.922174897847484,0.0778251021525163
"Repaid","Repaid",0.0726409629696411,0.927359037030359
"Repaid","Repaid",0.0391867512410284,0.960813248758972
"Not_Repaid","Not_Repaid",0.80227081788799,0.19772918211201
"Repaid","Not_Repaid",0.801385255233558,0.198614744766442
"Not_Repaid","Repaid",0.486456018197272,0.513543981802728
"Repaid","Repaid",0.414436646131507,0.585563353868493
"Repaid","Repaid",0.247766059454266,0.752233940545734
"Repaid","Repaid",0.0460359312066086,0.953964068793391
"Not_Repaid","Not_Repaid",0.911795334295874,0.0882046657041261
"Not_Repaid","Not_Repaid",0.896434601598911,0.103565398401089
"Not_Repaid","Not_Repaid",0.99106852534539,0.00893147465460952
"Repaid","Repaid",0.0327989285803214,0.967201071419679
"Repaid","Repaid",0.235488289495674,0.764511710504326
"Not_Repaid","Not_Repaid",0.990952941409986,0.00904705859001367
"Not_Repaid","Repaid",0.417535437979207,0.582464562020793
"Not_Repaid","Not_Repaid",0.884241575110767,0.115758424889233
"Repaid","Repaid",0.0161459974474252,0.983854002552575
"Not_Repaid","Not_Repaid",0.73884017089812,0.26115982910188
"Not_Repaid","Not_Repaid",0.716437525175554,0.283562474824446
"Repaid","Not_Repaid",0.81216407769361,0.187835922306389
"Repaid","Repaid",0.0237273732747051,0.976272626725295
"Repaid","Repaid",0.0129457125727288,0.987054287427271
"Repaid","Repaid",0.230440543473798,0.769559456526202
"Not_Repaid","Not_Repaid",0.943187984147193,0.056812015852807
"Repaid","Repaid",0.27464021259582,0.72535978740418
"Repaid","Repaid",0.101998964220524,0.898001035779476
"Repaid","Repaid",0.457599545870933,0.542400454129067
"Repaid","Repaid",0.0251267368563129,0.974873263143687
"Repaid","Repaid",0.024025473235421,0.975974526764579
"Repaid","Not_Repaid",0.812043776174775,0.187956223825226
"Repaid","Not_Repaid",0.70881287636127,0.29118712363873
"Not_Repaid","Not_Repaid",0.965541316230229,0.0344586837697712
"Not_Repaid","Not_Repaid",0.811503021751868,0.188496978248132
"Not_Repaid","Not_Repaid",0.987836653962499,0.0121633460375013
"Not_Repaid","Not_Repaid",0.682096136886259,0.317903863113741
"Repaid","Repaid",0.119199113612637,0.880800886387363
"Not_Repaid","Repaid",0.128626290737435,0.871373709262565
"Repaid","Repaid",0.10702191838246,0.89297808161754
"Repaid","Not_Repaid",0.656503535743751,0.343496464256249
"Not_Repaid","Not_Repaid",0.661904262501801,0.338095737498199
"Repaid","Repaid",0.0449090833815425,0.955090916618457
"Not_Repaid","Not_Repaid",0.943563904050251,0.0564360959497485
"Repaid","Not_Repaid",0.843747274347248,0.156252725652752
"Not_Repaid","Repaid",0.352193944904583,0.647806055095417
"Repaid","Repaid",0.475961778277616,0.524038221722384
"Not_Repaid","Not_Repaid",0.971638348768304,0.0283616512316958
"Not_Repaid","Not_Repaid",0.64671806107787,0.353281938922129
"Not_Repaid","Not_Repaid",0.674452363045649,0.325547636954351
"Repaid","Repaid",0.0219066833379356,0.978093316662064
"Repaid","Repaid",0.0388776927398984,0.961122307260102
"Repaid","Not_Repaid",0.550673116332931,0.449326883667069
"Repaid","Repaid",0.141405868820268,0.858594131179732
"Repaid","Repaid",0.0220038183730363,0.977996181626964
"Repaid","Not_Repaid",0.951912525208319,0.0480874747916809
"Repaid","Repaid",0.407314064218568,0.592685935781432
"Repaid","Repaid",0.0575272047054723,0.942472795294528
"Repaid","Repaid",0.142702841678907,0.857297158321093
"Repaid","Repaid",0.135228826124789,0.864771173875211
"Not_Repaid","Repaid",0.482362859527055,0.517637140472945
"Repaid","Repaid",0.108264169483175,0.891735830516825
"Repaid","Repaid",0.0358150972638085,0.964184902736192
"Not_Repaid","Not_Repaid",0.945160246873476,0.0548397531265239
"Not_Repaid","Not_Repaid",0.909800570504932,0.0901994294950684
"Repaid","Repaid",0.0652656448294276,0.934734355170572
"Repaid","Not_Repaid",0.596850477722358,0.403149522277642
"Repaid","Repaid",0.0547107518396303,0.94528924816037
"Not_Repaid","Repaid",0.194541845559602,0.805458154440398
"Repaid","Repaid",0.121645831068321,0.878354168931679
"Repaid","Not_Repaid",0.648416464113776,0.351583535886224
"Repaid","Repaid",0.156114888189822,0.843885111810178
"Not_Repaid","Not_Repaid",0.948885621756865,0.051114378243135
"Not_Repaid","Repaid",0.0344039761130662,0.965596023886934
"Repaid","Repaid",0.0130309973883073,0.986969002611693
"Repaid","Not_Repaid",0.671244630923194,0.328755369076806
"Repaid","Repaid",0.0238770979239499,0.97612290207605
"Repaid","Repaid",0.0547428927316129,0.945257107268387
"Repaid","Not_Repaid",0.573823144021761,0.426176855978239
"Not_Repaid","Not_Repaid",0.643533110893256,0.356466889106744
"Repaid","Repaid",0.139978477687339,0.860021522312661
"Repaid","Repaid",0.113179879844672,0.886820120155328
"Repaid","Repaid",0.0314035975791415,0.968596402420859
"Not_Repaid","Not_Repaid",0.882916255620424,0.117083744379576
"Repaid","Repaid",0.0351802492383014,0.964819750761699
"Repaid","Repaid",0.466779825261286,0.533220174738714
"Not_Repaid","Not_Repaid",0.929060529608424,0.0709394703915761
"Not_Repaid","Not_Repaid",0.95924561170057,0.0407543882994301
"Not_Repaid","Not_Repaid",0.663251558410681,0.336748441589319
"Repaid","Repaid",0.0719235466760687,0.928076453323931
"Not_Repaid","Repaid",0.447270526121185,0.552729473878815
"Repaid","Repaid",0.0679036846114816,0.932096315388518
"Not_Repaid","Not_Repaid",0.885220337489723,0.114779662510277
"Not_Repaid","Repaid",0.451242760516199,0.548757239483801
"Not_Repaid","Not_Repaid",0.919636991557145,0.0803630084428555
"Not_Repaid","Repaid",0.457620316314231,0.542379683685769
"Not_Repaid","Not_Repaid",0.910290624474321,0.089709375525679
"Repaid","Repaid",0.361024606286345,0.638975393713655
"Not_Repaid","Not_Repaid",0.916761665784896,0.0832383342151037
"Not_Repaid","Repaid",0.374902903381422,0.625097096618578
"Not_Repaid","Not_Repaid",0.976725711158396,0.0232742888416035
"Not_Repaid","Not_Repaid",0.546041088057444,0.453958911942556
"Not_Repaid","Not_Repaid",0.538493057983583,0.461506942016417
"Repaid","Repaid",0.280286097042126,0.719713902957874
"Not_Repaid","Not_Repaid",0.756525934000349,0.243474065999651
"Not_Repaid","Not_Repaid",0.518439144647584,0.481560855352416
"Repaid","Repaid",0.077359736912687,0.922640263087313
"Repaid","Repaid",0.162828439677002,0.837171560322998
"Not_Repaid","Repaid",0.0488978647802789,0.951102135219721
"Not_Repaid","Not_Repaid",0.880217252513228,0.119782747486772
"Not_Repaid","Repaid",0.131052776987473,0.868947223012527
"Not_Repaid","Repaid",0.38381323133585,0.61618676866415
"Repaid","Repaid",0.0807710002792831,0.919228999720717
"Repaid","Not_Repaid",0.829022096706705,0.170977903293295
"Not_Repaid","Not_Repaid",0.896981114944253,0.103018885055747
"Repaid","Repaid",0.0376042799047072,0.962395720095293
"Repaid","Repaid",0.144315285772793,0.855684714227207
"Repaid","Repaid",0.131150377459583,0.868849622540417
"Not_Repaid","Not_Repaid",0.532428099593621,0.467571900406379
"Not_Repaid","Not_Repaid",0.909413739585353,0.0905862604146466
"Repaid","Repaid",0.0226156826527855,0.977384317347215
"Repaid","Repaid",0.223143178182319,0.776856821817681
"Not_Repaid","Repaid",0.482830324655601,0.517169675344399
"Not_Repaid","Not_Repaid",0.934993720039443,0.0650062799605566
"Repaid","Repaid",0.0749709469671654,0.925029053032835
"Repaid","Repaid",0.0380670678135157,0.961932932186484
"Repaid","Repaid",0.0695599593964393,0.930440040603561
"Not_Repaid","Not_Repaid",0.994054005864783,0.00594599413521746
"Repaid","Repaid",0.0867168955400547,0.913283104459945
"Repaid","Repaid",0.174411598765159,0.825588401234841
"Repaid","Repaid",0.181722073511072,0.818277926488928
"Not_Repaid","Not_Repaid",0.608629241217155,0.391370758782845
"Not_Repaid","Not_Repaid",0.529303980043112,0.470696019956888
"Not_Repaid","Not_Repaid",0.94091123910134,0.0590887608986597
"Not_Repaid","Not_Repaid",0.806469310920137,0.193530689079863
"Not_Repaid","Not_Repaid",0.841199693796413,0.158800306203587
"Not_Repaid","Not_Repaid",0.776475931623794,0.223524068376206
"Repaid","Repaid",0.266983757721792,0.733016242278208
"Repaid","Repaid",0.0542761265253869,0.945723873474613
"Repaid","Repaid",0.0709881449617131,0.929011855038287
"Repaid","Repaid",0.257636949569209,0.74236305043079
"Repaid","Not_Repaid",0.614233218081414,0.385766781918586
"Repaid","Repaid",0.0142662417535392,0.985733758246461
"Not_Repaid","Not_Repaid",0.902235497159805,0.0977645028401952
"Repaid","Repaid",0.150472152200713,0.849527847799287
"Repaid","Repaid",0.0454628259445788,0.954537174055421
"Repaid","Repaid",0.0415836409477185,0.958416359052282
"Repaid","Repaid",0.0372731354624559,0.962726864537544
"Repaid","Repaid",0.438781541709602,0.561218458290398
"Not_Repaid","Repaid",0.418853533184061,0.581146466815939
"Repaid","Repaid",0.4315671442453,0.5684328557547
"Repaid","Repaid",0.0357204711947734,0.964279528805227
"Repaid","Repaid",0.192575912251494,0.807424087748506
"Not_Repaid","Not_Repaid",0.736644948595077,0.263355051404923
"Not_Repaid","Not_Repaid",0.627974584605837,0.372025415394163
"Repaid","Repaid",0.107671776626105,0.892328223373895
"Not_Repaid","Not_Repaid",0.98866087288386,0.0113391271161395
"Repaid","Repaid",0.440348226963612,0.559651773036388
"Not_Repaid","Repaid",0.188702880881057,0.811297119118943
"Repaid","Not_Repaid",0.948901110069827,0.0510988899301731
"Repaid","Repaid",0.0420185809649171,0.957981419035083
"Repaid","Not_Repaid",0.917960112333534,0.0820398876664661
"Repaid","Not_Repaid",0.584157070247549,0.415842929752451
"Not_Repaid","Not_Repaid",0.901283528910774,0.0987164710892259
"Not_Repaid","Not_Repaid",0.718900373942218,0.281099626057782
"Not_Repaid","Not_Repaid",0.947608350287439,0.0523916497125615
"Repaid","Repaid",0.298363026739607,0.701636973260393
"Not_Repaid","Repaid",0.478823334657823,0.521176665342177
"Not_Repaid","Repaid",0.44741139429955,0.55258860570045
"Repaid","Not_Repaid",0.970918929688038,0.0290810703119617
"Not_Repaid","Not_Repaid",0.96420077395833,0.0357992260416696
"Repaid","Repaid",0.0819374948950015,0.918062505104999
"Repaid","Repaid",0.199543585525703,0.800456414474297
"Repaid","Repaid",0.102985740054556,0.897014259945444
"Repaid","Not_Repaid",0.598937130530567,0.401062869469433
"Repaid","Repaid",0.0798164910949702,0.92018350890503
"Not_Repaid","Not_Repaid",0.837469538348567,0.162530461651433
"Repaid","Repaid",0.330686246381257,0.669313753618743
"Repaid","Repaid",0.299311476952861,0.700688523047139
"Repaid","Not_Repaid",0.695417917247438,0.304582082752562
"Not_Repaid","Not_Repaid",0.908239354471638,0.0917606455283622
"Repaid","Repaid",0.0256438701073468,0.974356129892653
"Not_Repaid","Repaid",0.450712088606374,0.549287911393626
"Not_Repaid","Not_Repaid",0.938426595984134,0.0615734040158662
"Repaid","Repaid",0.0357392768883351,0.964260723111665
"Not_Repaid","Repaid",0.381108563656798,0.618891436343202
"Repaid","Repaid",0.351292068297247,0.648707931702753
"Not_Repaid","Not_Repaid",0.86241294323004,0.13758705676996
"Not_Repaid","Not_Repaid",0.846442848334565,0.153557151665435
"Repaid","Repaid",0.175252213724019,0.824747786275981
"Repaid","Not_Repaid",0.551801914501496,0.448198085498504
"Repaid","Repaid",0.230493453115563,0.769506546884437
"Not_Repaid","Not_Repaid",0.929043491191287,0.0709565088087133
"Repaid","Repaid",0.397431178112532,0.602568821887468
"Repaid","Repaid",0.203750362823857,0.796249637176143
"Not_Repaid","Not_Repaid",0.566849859671913,0.433150140328087
"Not_Repaid","Not_Repaid",0.68772217839774,0.31227782160226
"Repaid","Repaid",0.0458027645371905,0.95419723546281
"Not_Repaid","Not_Repaid",0.731916688058668,0.268083311941332
"Not_Repaid","Not_Repaid",0.587740170254396,0.412259829745604
"Repaid","Not_Repaid",0.80638958020839,0.19361041979161
"Repaid","Repaid",0.478119942080001,0.521880057919999
"Not_Repaid","Not_Repaid",0.85218768624593,0.147812313754071
"Not_Repaid","Not_Repaid",0.94194124603753,0.0580587539624699
"Not_Repaid","Not_Repaid",0.838929842208727,0.161070157791273
"Not_Repaid","Not_Repaid",0.91407256240554,0.0859274375944603
"Repaid","Repaid",0.0510834630492285,0.948916536950771
"Repaid","Not_Repaid",0.546056341246589,0.453943658753411
"Repaid","Repaid",0.040726603400783,0.959273396599217
"Not_Repaid","Not_Repaid",0.96708754972215,0.0329124502778497
"Not_Repaid","Not_Repaid",0.798616440188222,0.201383559811778
"Not_Repaid","Repaid",0.162167190705209,0.837832809294791
"Repaid","Repaid",0.278694450400434,0.721305549599566
"Repaid","Repaid",0.28679948335507,0.71320051664493
"Repaid","Repaid",0.134392373371346,0.865607626628654
"Repaid","Not_Repaid",0.78986944522229,0.21013055477771
"Not_Repaid","Not_Repaid",0.855608573649961,0.144391426350039
"Not_Repaid","Not_Repaid",0.764619238297601,0.235380761702399
"Repaid","Repaid",0.276285998877688,0.723714001122312
"Repaid","Repaid",0.178385409408087,0.821614590591913
"Not_Repaid","Not_Repaid",0.881042389422064,0.118957610577936
"Not_Repaid","Not_Repaid",0.841101158079649,0.158898841920351
"Repaid","Repaid",0.180150955711928,0.819849044288072
"Repaid","Not_Repaid",0.976815690155864,0.0231843098441357
"Repaid","Repaid",0.203156157403856,0.796843842596144
"Not_Repaid","Not_Repaid",0.566673073727489,0.433326926272511
"Repaid","Repaid",0.09114864755894,0.90885135244106
"Not_Repaid","Not_Repaid",0.982285847300942,0.0177141526990581
"Repaid","Repaid",0.357022071112189,0.642977928887811
"Not_Repaid","Not_Repaid",0.883716787439878,0.116283212560122
"Repaid","Repaid",0.122736279577259,0.877263720422741
"Not_Repaid","Not_Repaid",0.755782309032675,0.244217690967325
"Repaid","Not_Repaid",0.745318201088834,0.254681798911166
"Repaid","Repaid",0.0141178141640516,0.985882185835948
"Not_Repaid","Not_Repaid",0.670829440780737,0.329170559219263
"Not_Repaid","Not_Repaid",0.9515132289024,0.0484867710975995
"Repaid","Repaid",0.0295779663319516,0.970422033668048
"Repaid","Repaid",0.062074713415116,0.937925286584884
"Not_Repaid","Repaid",0.0295789949541714,0.970421005045829
"Repaid","Repaid",0.051233578611412,0.948766421388588
"Not_Repaid","Not_Repaid",0.921386923655254,0.0786130763447463
"Repaid","Not_Repaid",0.705518172785333,0.294481827214667
"Repaid","Repaid",0.320193884637359,0.679806115362641
"Not_Repaid","Not_Repaid",0.74738988911187,0.25261011088813
"Repaid","Not_Repaid",0.520640399053633,0.479359600946367
"Not_Repaid","Not_Repaid",0.639441119169619,0.360558880830381
"Repaid","Repaid",0.141697959009511,0.858302040990489
"Repaid","Repaid",0.124257799860762,0.875742200139238
"Repaid","Repaid",0.0968571843912871,0.903142815608713
"Not_Repaid","Repaid",0.427762743310771,0.572237256689229
"Not_Repaid","Not_Repaid",0.717758437757578,0.282241562242422
"Repaid","Not_Repaid",0.637630228969816,0.362369771030184
"Not_Repaid","Not_Repaid",0.539693810788309,0.460306189211691
"Repaid","Repaid",0.04227547482165,0.95772452517835
"Repaid","Repaid",0.396643091086753,0.603356908913247
"Not_Repaid","Not_Repaid",0.653484818569713,0.346515181430287
"Not_Repaid","Not_Repaid",0.923912325736821,0.0760876742631792
"Repaid","Repaid",0.107512333342384,0.892487666657616
"Repaid","Repaid",0.0427383618050562,0.957261638194944
"Repaid","Repaid",0.1518219103631,0.8481780896369
"Not_Repaid","Not_Repaid",0.919474261191934,0.0805257388080657
"Repaid","Repaid",0.119586798970866,0.880413201029134
"Not_Repaid","Not_Repaid",0.772357040999344,0.227642959000656
"Not_Repaid","Not_Repaid",0.617738058345272,0.382261941654728
"Repaid","Repaid",0.0335144999040335,0.966485500095966
"Not_Repaid","Repaid",0.467161405017123,0.532838594982877
"Repaid","Repaid",0.0448332981335886,0.955166701866411
"Not_Repaid","Repaid",0.132804926860102,0.867195073139898
"Not_Repaid","Repaid",0.440294830101527,0.559705169898473
"Repaid","Repaid",0.137687652228218,0.862312347771782
"Not_Repaid","Not_Repaid",0.975945550280011,0.0240544497199889
"Not_Repaid","Not_Repaid",0.803798198947618,0.196201801052382
"Repaid","Repaid",0.104038312826721,0.895961687173279
"Not_Repaid","Not_Repaid",0.978213996391806,0.0217860036081941
"Repaid","Repaid",0.17856700685217,0.82143299314783
"Not_Repaid","Not_Repaid",0.785725423039312,0.214274576960688
"Repaid","Repaid",0.11244033148844,0.88755966851156
"Not_Repaid","Not_Repaid",0.588321029035865,0.411678970964135
"Repaid","Not_Repaid",0.501097080657479,0.498902919342521
"Not_Repaid","Not_Repaid",0.875394193674152,0.124605806325848
"Not_Repaid","Not_Repaid",0.886180556875216,0.113819443124784
"Repaid","Not_Repaid",0.848198691373718,0.151801308626282
"Repaid","Repaid",0.0738866353215301,0.92611336467847
"Repaid","Not_Repaid",0.737061508221954,0.262938491778046
"Not_Repaid","Not_Repaid",0.929459441784241,0.0705405582157591
"Not_Repaid","Not_Repaid",0.923577719083288,0.076422280916712
"Repaid","Not_Repaid",0.831102141811169,0.168897858188831
"Repaid","Repaid",0.100621113924991,0.899378886075009
"Not_Repaid","Not_Repaid",0.610657933324022,0.389342066675978
"Repaid","Repaid",0.0819379330643677,0.918062066935632
"Repaid","Not_Repaid",0.575359988517047,0.424640011482953
"Repaid","Repaid",0.382627934100672,0.617372065899328
"Not_Repaid","Not_Repaid",0.961232535520782,0.0387674644792175
"Repaid","Repaid",0.390111266411473,0.609888733588527
"Repaid","Repaid",0.367186476617225,0.632813523382775
"Not_Repaid","Not_Repaid",0.962924956270111,0.0370750437298892
"Repaid","Repaid",0.02048332155452,0.97951667844548
"Not_Repaid","Not_Repaid",0.804294444778421,0.195705555221579
"Repaid","Repaid",0.0612753577074836,0.938724642292516
"Repaid","Not_Repaid",0.509016975615356,0.490983024384644
"Repaid","Repaid",0.0887374038553583,0.911262596144642
"Repaid","Repaid",0.127514205630005,0.872485794369995
"Not_Repaid","Not_Repaid",0.975473512147648,0.0245264878523519
"Repaid","Repaid",0.0920284749811853,0.907971525018815
"Not_Repaid","Repaid",0.473172935822293,0.526827064177707
"Not_Repaid","Not_Repaid",0.935371897016626,0.0646281029833743
"Repaid","Repaid",0.11661887587652,0.88338112412348
"Repaid","Repaid",0.0287890888797094,0.971210911120291
"Repaid","Repaid",0.0629329165740903,0.93706708342591
"Not_Repaid","Not_Repaid",0.662400617211615,0.337599382788385
"Not_Repaid","Not_Repaid",0.948222269317835,0.0517777306821652
"Not_Repaid","Not_Repaid",0.741722301816903,0.258277698183097
"Not_Repaid","Not_Repaid",0.897359313456845,0.102640686543155
"Repaid","Repaid",0.0219008061748772,0.978099193825123
"Repaid","Not_Repaid",0.62041335920865,0.37958664079135
"Repaid","Repaid",0.125265951512883,0.874734048487117
"Not_Repaid","Not_Repaid",0.799843680195454,0.200156319804546
"Repaid","Repaid",0.054630787176055,0.945369212823945
"Not_Repaid","Repaid",0.454090541316717,0.545909458683283
"Repaid","Repaid",0.014081886363662,0.985918113636338
"Repaid","Repaid",0.0440028942782482,0.955997105721752
"Not_Repaid","Repaid",0.296781386825001,0.703218613174999
"Not_Repaid","Not_Repaid",0.798164650435689,0.201835349564311
"Not_Repaid","Not_Repaid",0.893737387846003,0.106262612153997
"Not_Repaid","Repaid",0.48147543029385,0.51852456970615
"Not_Repaid","Not_Repaid",0.992749815592397,0.00725018440760332
"Not_Repaid","Not_Repaid",0.870089339281945,0.129910660718055
"Repaid","Repaid",0.363591758722225,0.636408241277775
"Not_Repaid","Not_Repaid",0.809165716962694,0.190834283037306
"Not_Repaid","Not_Repaid",0.907269626811347,0.092730373188653
"Repaid","Repaid",0.0423398313646218,0.957660168635378
"Repaid","Repaid",0.0236947902423376,0.976305209757662
"Repaid","Not_Repaid",0.519364809232628,0.480635190767372
"Repaid","Repaid",0.378234656098704,0.621765343901296
"Not_Repaid","Not_Repaid",0.986650574807252,0.0133494251927484
"Not_Repaid","Not_Repaid",0.73329602984951,0.26670397015049
"Not_Repaid","Not_Repaid",0.920536907785471,0.0794630922145293
"Repaid","Repaid",0.0326030177931347,0.967396982206865
"Not_Repaid","Not_Repaid",0.664122323773083,0.335877676226917
"Not_Repaid","Not_Repaid",0.692905983446056,0.307094016553944
"Repaid","Not_Repaid",0.991391622579769,0.00860837742023093
"Not_Repaid","Not_Repaid",0.765759510551669,0.234240489448331
"Repaid","Not_Repaid",0.823404579983278,0.176595420016722
"Not_Repaid","Not_Repaid",0.835547156719141,0.164452843280859
"Not_Repaid","Not_Repaid",0.782298037116748,0.217701962883252
"Not_Repaid","Not_Repaid",0.997717240147768,0.00228275985223186
"Not_Repaid","Not_Repaid",0.823685610297971,0.176314389702029
"Not_Repaid","Repaid",0.391081472002328,0.608918527997672
"Not_Repaid","Not_Repaid",0.899560658471098,0.100439341528902
"Not_Repaid","Not_Repaid",0.954173285847937,0.045826714152063
"Not_Repaid","Not_Repaid",0.996810248820489,0.0031897511795107
"Repaid","Repaid",0.0331158631441213,0.966884136855879
"Not_Repaid","Not_Repaid",0.990799766165729,0.00920023383427143
"Not_Repaid","Not_Repaid",0.672536379574153,0.327463620425847
"Not_Repaid","Not_Repaid",0.845754395585358,0.154245604414642
"Repaid","Repaid",0.0452123367769683,0.954787663223032
"Not_Repaid","Not_Repaid",0.966309651271092,0.0336903487289075
"Not_Repaid","Not_Repaid",0.831644148633609,0.168355851366391
"Repaid","Repaid",0.0242346206202345,0.975765379379765
"Repaid","Repaid",0.180858526945549,0.819141473054451
"Repaid","Repaid",0.057042289641059,0.942957710358941
"Not_Repaid","Not_Repaid",0.989350698381427,0.0106493016185733
"Not_Repaid","Not_Repaid",0.960121490772296,0.0398785092277039
"Repaid","Repaid",0.0601832982333051,0.939816701766695
"Repaid","Repaid",0.165827780491942,0.834172219508058
"Not_Repaid","Repaid",0.223974338293852,0.776025661706148
"Repaid","Repaid",0.014723142989595,0.985276857010405
"Not_Repaid","Not_Repaid",0.791329062036705,0.208670937963294
"Not_Repaid","Not_Repaid",0.906488617610427,0.0935113823895731
"Not_Repaid","Not_Repaid",0.977442040254743,0.022557959745257
"Not_Repaid","Not_Repaid",0.558791736594725,0.441208263405275
"Repaid","Repaid",0.0971464075626166,0.902853592437383
"Not_Repaid","Not_Repaid",0.701502889888908,0.298497110111092
"Repaid","Repaid",0.0141645364142855,0.985835463585714
"Not_Repaid","Repaid",0.443125270458994,0.556874729541006
"Not_Repaid","Not_Repaid",0.784499121110176,0.215500878889825
"Repaid","Repaid",0.0766886232079053,0.923311376792095
"Repaid","Repaid",0.117078650299061,0.882921349700939
"Not_Repaid","Not_Repaid",0.929901402843952,0.0700985971560483
"Repaid","Repaid",0.0471230167220411,0.952876983277959
"Repaid","Repaid",0.295282441292166,0.704717558707834
"Not_Repaid","Not_Repaid",0.869659206518683,0.130340793481317
"Not_Repaid","Not_Repaid",0.994673911054176,0.00532608894582359
"Repaid","Repaid",0.0327497209765201,0.96725027902348
"Repaid","Not_Repaid",0.53253548192596,0.46746451807404
"Not_Repaid","Not_Repaid",0.572001156887175,0.427998843112825
"Not_Repaid","Not_Repaid",0.929197260786903,0.070802739213097
"Not_Repaid","Not_Repaid",0.935951468272606,0.0640485317273941
"Not_Repaid","Not_Repaid",0.579720181042548,0.420279818957452
"Repaid","Repaid",0.0742062092900475,0.925793790709952
"Repaid","Repaid",0.217762451220153,0.782237548779847
"Repaid","Repaid",0.0208042096956104,0.97919579030439
"Repaid","Repaid",0.108968304392519,0.89103169560748
"Repaid","Not_Repaid",0.66001855172491,0.33998144827509
"Not_Repaid","Not_Repaid",0.933783232015712,0.0662167679842879
"Repaid","Repaid",0.254539263647928,0.745460736352072
"Not_Repaid","Not_Repaid",0.593483041208557,0.406516958791443
"Not_Repaid","Not_Repaid",0.940869899519111,0.0591301004808887
"Not_Repaid","Repaid",0.160596979807943,0.839403020192057
"Not_Repaid","Repaid",0.466482382558795,0.533517617441205
"Repaid","Repaid",0.0991033624176767,0.900896637582323
"Not_Repaid","Not_Repaid",0.765953218693619,0.234046781306381
"Not_Repaid","Not_Repaid",0.892830174171518,0.107169825828482
"Repaid","Repaid",0.0967146860075506,0.903285313992449
"Not_Repaid","Repaid",0.498129697272686,0.501870302727314
"Not_Repaid","Not_Repaid",0.929666094148242,0.0703339058517576
"Not_Repaid","Not_Repaid",0.990211738658994,0.00978826134100646
"Repaid","Repaid",0.113388583914395,0.886611416085605
"Repaid","Repaid",0.0434113762558637,0.956588623744136
"Not_Repaid","Not_Repaid",0.76358419544788,0.236415804552121
"Not_Repaid","Not_Repaid",0.956709484489266,0.043290515510734
"Not_Repaid","Not_Repaid",0.978193200156423,0.021806799843577
"Repaid","Repaid",0.267073732050652,0.732926267949348
"Repaid","Repaid",0.102125377382441,0.897874622617559
"Not_Repaid","Not_Repaid",0.977251063133165,0.0227489368668347
"Repaid","Repaid",0.0431149243509638,0.956885075649036
"Repaid","Repaid",0.072780238306915,0.927219761693085
"Not_Repaid","Not_Repaid",0.754786027030055,0.245213972969945
"Not_Repaid","Not_Repaid",0.98611952652533,0.0138804734746696
"Repaid","Repaid",0.0260579044380238,0.973942095561976
"Repaid","Repaid",0.0233107109234136,0.976689289076586
"Not_Repaid","Not_Repaid",0.8250541203079,0.1749458796921
"Repaid","Repaid",0.1292278333579,0.8707721666421
"Not_Repaid","Not_Repaid",0.740675347177211,0.259324652822789
"Not_Repaid","Not_Repaid",0.989599768557456,0.0104002314425442
"Repaid","Repaid",0.299578365301633,0.700421634698367
"Not_Repaid","Not_Repaid",0.548283697595746,0.451716302404254
"Not_Repaid","Repaid",0.454422765075184,0.545577234924816
"Repaid","Repaid",0.271291686135323,0.728708313864677
"Repaid","Repaid",0.0404158779289412,0.959584122071059
"Not_Repaid","Not_Repaid",0.815642012511484,0.184357987488516
"Repaid","Repaid",0.453737875443514,0.546262124556486
"Not_Repaid","Repaid",0.221562406085678,0.778437593914322
"Repaid","Repaid",0.30799924512661,0.69200075487339
"Repaid","Not_Repaid",0.64254224080183,0.35745775919817
"Not_Repaid","Not_Repaid",0.894185404048502,0.105814595951498
"Not_Repaid","Not_Repaid",0.615974370777963,0.384025629222037
"Not_Repaid","Not_Repaid",0.962581046113534,0.0374189538864657
"Not_Repaid","Not_Repaid",0.813348313885542,0.186651686114458
"Repaid","Repaid",0.30135291811019,0.69864708188981
"Not_Repaid","Not_Repaid",0.73303826677143,0.26696173322857
"Repaid","Repaid",0.0199416055313391,0.980058394468661
"Not_Repaid","Not_Repaid",0.517770258095238,0.482229741904762
"Repaid","Repaid",0.0344160688089117,0.965583931191088
"Repaid","Repaid",0.0569091870728334,0.943090812927167
"Not_Repaid","Not_Repaid",0.723119027879996,0.276880972120004
"Not_Repaid","Not_Repaid",0.909973987063734,0.0900260129362656
"Not_Repaid","Not_Repaid",0.891508891669594,0.108491108330406
"Not_Repaid","Not_Repaid",0.983156957966226,0.0168430420337739
"Repaid","Repaid",0.457952040549726,0.542047959450274
"Not_Repaid","Repaid",0.419027582510828,0.580972417489172
"Repaid","Repaid",0.159519934344679,0.840480065655321
"Repaid","Repaid",0.145395512322107,0.854604487677893
"Not_Repaid","Not_Repaid",0.869873658334087,0.130126341665913
"Not_Repaid","Repaid",0.0646044464701249,0.935395553529875
"Repaid","Repaid",0.0375961534467713,0.962403846553229
"Not_Repaid","Not_Repaid",0.986931505898853,0.0130684941011468
"Not_Repaid","Not_Repaid",0.542124931183096,0.457875068816904
"Repaid","Repaid",0.436541835541801,0.563458164458199
"Repaid","Repaid",0.035700923966745,0.964299076033255
"Repaid","Repaid",0.0423281273141891,0.957671872685811
"Repaid","Repaid",0.0744050586957463,0.925594941304254
"Not_Repaid","Repaid",0.06330987835495,0.93669012164505
"Repaid","Repaid",0.074445707273191,0.925554292726809
"Not_Repaid","Not_Repaid",0.77185896984305,0.22814103015695
"Repaid","Repaid",0.0262065668720168,0.973793433127983
"Not_Repaid","Not_Repaid",0.88940398770406,0.11059601229594
"Repaid","Repaid",0.368594005835626,0.631405994164374
"Not_Repaid","Not_Repaid",0.995984424305629,0.00401557569437146
"Not_Repaid","Repaid",0.0950077181539696,0.90499228184603
"Repaid","Not_Repaid",0.661947029563797,0.338052970436203
"Not_Repaid","Repaid",0.0855392547472891,0.914460745252711
"Repaid","Repaid",0.160961359462233,0.839038640537767
"Not_Repaid","Not_Repaid",0.593477755706825,0.406522244293175
"Repaid","Repaid",0.0962418650841104,0.90375813491589
"Repaid","Repaid",0.060024039924821,0.939975960075179
"Repaid","Repaid",0.134242843590567,0.865757156409433
"Not_Repaid","Not_Repaid",0.902950212154432,0.0970497878455678
"Not_Repaid","Not_Repaid",0.507211108080829,0.492788891919171
"Not_Repaid","Not_Repaid",0.981718783272165,0.0182812167278353
"Not_Repaid","Not_Repaid",0.720690427306876,0.279309572693124
"Not_Repaid","Not_Repaid",0.951261322459698,0.0487386775403021
"Not_Repaid","Not_Repaid",0.941220726062858,0.0587792739371425
"Repaid","Repaid",0.353384284540547,0.646615715459453
"Repaid","Repaid",0.0151581347157022,0.984841865284298
"Repaid","Repaid",0.0876320286377352,0.912367971362265
"Repaid","Repaid",0.074560070180906,0.925439929819094
"Repaid","Repaid",0.147233069956762,0.852766930043238
"Not_Repaid","Not_Repaid",0.992639907235313,0.00736009276468699
"Not_Repaid","Not_Repaid",0.748137418189141,0.251862581810859
"Not_Repaid","Not_Repaid",0.914966285723679,0.0850337142763211
"Repaid","Repaid",0.0311541464720173,0.968845853527983
"Repaid","Repaid",0.139560036991287,0.860439963008713
"Repaid","Repaid",0.13290634955091,0.86709365044909
"Not_Repaid","Not_Repaid",0.974255481455203,0.0257445185447967
"Repaid","Repaid",0.0594450800788147,0.940554919921185
"Not_Repaid","Not_Repaid",0.95113136151301,0.0488686384869897
"Repaid","Repaid",0.390240252170303,0.609759747829697
"Not_Repaid","Not_Repaid",0.980301225384998,0.0196987746150016
"Repaid","Repaid",0.278984321071811,0.721015678928189
"Repaid","Repaid",0.0614090132500544,0.938590986749946
"Not_Repaid","Repaid",0.112047394612415,0.887952605387585
"Repaid","Repaid",0.24600742304346,0.75399257695654
"Not_Repaid","Not_Repaid",0.940251250513107,0.0597487494868929
"Not_Repaid","Not_Repaid",0.831476043181378,0.168523956818622
"Repaid","Not_Repaid",0.611641023186716,0.388358976813284
"Not_Repaid","Not_Repaid",0.622427863722227,0.377572136277773
"Not_Repaid","Not_Repaid",0.649051194337398,0.350948805662602
"Repaid","Not_Repaid",0.918891728877629,0.0811082711223707
"Repaid","Repaid",0.0201922825290481,0.979807717470952
"Repaid","Not_Repaid",0.665212025392968,0.334787974607032
"Repaid","Repaid",0.0371977507227669,0.962802249277233
"Repaid","Repaid",0.104498567823759,0.895501432176241
"Repaid","Repaid",0.0501316279051189,0.949868372094881
"Not_Repaid","Not_Repaid",0.843971648594914,0.156028351405086
"Not_Repaid","Repaid",0.398652958993372,0.601347041006628
"Repaid","Repaid",0.408305795054525,0.591694204945475
"Repaid","Not_Repaid",0.636514215679373,0.363485784320627
"Repaid","Repaid",0.0775714394693581,0.922428560530642
"Repaid","Repaid",0.310480991725972,0.689519008274028
"Not_Repaid","Not_Repaid",0.872627837668559,0.127372162331441
"Not_Repaid","Not_Repaid",0.929164338488345,0.0708356615116546
"Repaid","Repaid",0.0761856955982886,0.923814304401711
"Not_Repaid","Not_Repaid",0.996043899733187,0.00395610026681348
"Not_Repaid","Not_Repaid",0.706524341774766,0.293475658225234
"Repaid","Repaid",0.0787704014757847,0.921229598524215
"Not_Repaid","Not_Repaid",0.996522617443481,0.00347738255651853
"Not_Repaid","Not_Repaid",0.563934411008395,0.436065588991605
"Not_Repaid","Repaid",0.24975291763639,0.75024708236361
"Repaid","Repaid",0.0275411818813769,0.972458818118623
"Not_Repaid","Not_Repaid",0.988570969201605,0.0114290307983949
"Repaid","Repaid",0.0209679649375721,0.979032035062428
"Repaid","Repaid",0.26559297190477,0.73440702809523
"Repaid","Repaid",0.345991239827101,0.654008760172899
"Repaid","Repaid",0.239303689541706,0.760696310458294
"Not_Repaid","Repaid",0.328827845668859,0.671172154331141
"Not_Repaid","Not_Repaid",0.514318769192918,0.485681230807082
"Repaid","Repaid",0.0693025028268621,0.930697497173138
"Not_Repaid","Not_Repaid",0.658768276143167,0.341231723856833
"Repaid","Repaid",0.0753819283393387,0.924618071660661
"Not_Repaid","Not_Repaid",0.967283818063277,0.0327161819367232
"Repaid","Repaid",0.140144254713548,0.859855745286452
"Not_Repaid","Not_Repaid",0.775292984438472,0.224707015561528
"Not_Repaid","Not_Repaid",0.874854130136015,0.125145869863985
"Repaid","Repaid",0.191761678516341,0.808238321483659
"Repaid","Repaid",0.215109669397372,0.784890330602628
"Not_Repaid","Not_Repaid",0.961555796585432,0.0384442034145682
"Not_Repaid","Not_Repaid",0.988605924448908,0.0113940755510915
"Not_Repaid","Not_Repaid",0.97385751875211,0.0261424812478899
"Not_Repaid","Not_Repaid",0.855717004285721,0.144282995714279
"Not_Repaid","Not_Repaid",0.994722742485557,0.00527725751444321
"Not_Repaid","Repaid",0.0394858032886611,0.960514196711339
"Repaid","Repaid",0.184192400899829,0.815807599100171
"Repaid","Repaid",0.0327725255505384,0.967227474449462
"Repaid","Repaid",0.378214217229807,0.621785782770193
"Not_Repaid","Not_Repaid",0.856326455571107,0.143673544428893
"Not_Repaid","Repaid",0.109665699779504,0.890334300220496
"Not_Repaid","Not_Repaid",0.893294394975395,0.106705605024605
"Repaid","Repaid",0.0226371253699648,0.977362874630035
"Repaid","Repaid",0.0276527186850488,0.972347281314951
"Not_Repaid","Not_Repaid",0.670863641111786,0.329136358888214
"Not_Repaid","Not_Repaid",0.638559961724658,0.361440038275342
"Not_Repaid","Not_Repaid",0.606978911477122,0.393021088522878
"Not_Repaid","Not_Repaid",0.803911140976672,0.196088859023328
"Not_Repaid","Not_Repaid",0.594968115303835,0.405031884696165
"Repaid","Repaid",0.0647828910584154,0.935217108941585
"Repaid","Repaid",0.151782736095414,0.848217263904586
"Not_Repaid","Not_Repaid",0.685769274675485,0.314230725324515
"Repaid","Repaid",0.0714545769509617,0.928545423049038
"Not_Repaid","Not_Repaid",0.975262563204754,0.024737436795246
"Not_Repaid","Not_Repaid",0.860048514116541,0.139951485883459
"Not_Repaid","Not_Repaid",0.658964431080703,0.341035568919297
"Repaid","Repaid",0.0436558422150802,0.95634415778492
"Repaid","Repaid",0.0843685962803495,0.91563140371965
"Repaid","Repaid",0.0215684984913156,0.978431501508684
"Repaid","Not_Repaid",0.514172496163249,0.485827503836751
"Repaid","Repaid",0.0309337765040141,0.969066223495986
"Repaid","Repaid",0.137430868893609,0.862569131106391
"Repaid","Repaid",0.200550782710883,0.799449217289117
"Repaid","Repaid",0.16557748827516,0.83442251172484
"Repaid","Not_Repaid",0.544314055764949,0.455685944235051
"Repaid","Repaid",0.0978873415982552,0.902112658401745
"Repaid","Repaid",0.0485913541518451,0.951408645848155
"Repaid","Repaid",0.157831469861429,0.842168530138571
"Not_Repaid","Not_Repaid",0.918220032024739,0.0817799679752613
"Not_Repaid","Repaid",0.240788344277988,0.759211655722012
"Not_Repaid","Not_Repaid",0.949340655382464,0.050659344617536
"Not_Repaid","Not_Repaid",0.993417871494697,0.00658212850530255
"Not_Repaid","Not_Repaid",0.861838774861303,0.138161225138697
"Not_Repaid","Not_Repaid",0.788702829394605,0.211297170605395
"Not_Repaid","Not_Repaid",0.820564546883891,0.179435453116109
"Repaid","Repaid",0.483920928734028,0.516079071265972
"Repaid","Repaid",0.0831849171036,0.9168150828964
"Repaid","Repaid",0.0683502242994265,0.931649775700574
"Repaid","Repaid",0.0127260012670989,0.987273998732901
"Not_Repaid","Not_Repaid",0.846499604071037,0.153500395928963
"Repaid","Repaid",0.0649529816717391,0.935047018328261
"Not_Repaid","Repaid",0.151099024194357,0.848900975805643
"Repaid","Repaid",0.19862767208076,0.80137232791924
"Repaid","Repaid",0.448999282645502,0.551000717354498
"Repaid","Repaid",0.41769646593816,0.58230353406184
"Not_Repaid","Repaid",0.338336403822482,0.661663596177518
"Not_Repaid","Not_Repaid",0.674042646134317,0.325957353865683
"Not_Repaid","Not_Repaid",0.807604129307007,0.192395870692993
"Repaid","Not_Repaid",0.927423210773984,0.0725767892260159
"Not_Repaid","Repaid",0.16232477424347,0.83767522575653
"Not_Repaid","Not_Repaid",0.910113103374239,0.089886896625761
"Repaid","Not_Repaid",0.81163167602637,0.18836832397363
"Repaid","Repaid",0.0480210718872123,0.951978928112788
"Repaid","Repaid",0.120600115935099,0.879399884064901
"Repaid","Repaid",0.361864772281588,0.638135227718412
"Not_Repaid","Not_Repaid",0.678004000918917,0.321995999081083
"Not_Repaid","Not_Repaid",0.627400779477912,0.372599220522088
"Repaid","Repaid",0.0555168767961548,0.944483123203845
"Repaid","Repaid",0.319825232151791,0.680174767848209
"Not_Repaid","Not_Repaid",0.793722622396274,0.206277377603726
"Not_Repaid","Not_Repaid",0.966789361623961,0.0332106383760393
"Repaid","Repaid",0.283676890560794,0.716323109439206
"Not_Repaid","Not_Repaid",0.689470016653577,0.310529983346423
"Repaid","Repaid",0.039715516494071,0.960284483505929
"Not_Repaid","Repaid",0.375197683036739,0.624802316963261
"Not_Repaid","Not_Repaid",0.773937983408393,0.226062016591607
"Repaid","Not_Repaid",0.818260927234063,0.181739072765937
"Not_Repaid","Repaid",0.0498022288122455,0.950197771187755
"Not_Repaid","Not_Repaid",0.969153821486084,0.0308461785139162
"Repaid","Repaid",0.0450126284649215,0.954987371535079
"Not_Repaid","Repaid",0.377619432428167,0.622380567571833
"Repaid","Repaid",0.0244482660283701,0.97555173397163
"Not_Repaid","Not_Repaid",0.995755089980021,0.00424491001997935
"Not_Repaid","Not_Repaid",0.940563441790578,0.0594365582094215
"Not_Repaid","Not_Repaid",0.589226531651155,0.410773468348845
"Not_Repaid","Not_Repaid",0.890150661524647,0.109849338475353
"Not_Repaid","Not_Repaid",0.54889903466056,0.45110096533944
"Not_Repaid","Not_Repaid",0.57355078198909,0.42644921801091
"Repaid","Not_Repaid",0.632874378415081,0.367125621584919
"Repaid","Repaid",0.108029449618789,0.891970550381211
"Not_Repaid","Not_Repaid",0.976426166474546,0.023573833525454
"Not_Repaid","Not_Repaid",0.735379557061789,0.264620442938211
"Not_Repaid","Not_Repaid",0.568459838252024,0.431540161747976
"Not_Repaid","Not_Repaid",0.949150449262224,0.0508495507377762
"Not_Repaid","Not_Repaid",0.860243184098835,0.139756815901165
"Not_Repaid","Not_Repaid",0.744019218532145,0.255980781467855
"Not_Repaid","Not_Repaid",0.765322919089148,0.234677080910852
"Repaid","Repaid",0.15891282077526,0.84108717922474
"Not_Repaid","Not_Repaid",0.849169619591999,0.150830380408001
"Not_Repaid","Not_Repaid",0.899500825317617,0.100499174682383
"Not_Repaid","Not_Repaid",0.676743689341739,0.323256310658261
"Not_Repaid","Not_Repaid",0.986882118849023,0.0131178811509771
"Not_Repaid","Not_Repaid",0.743676227992641,0.256323772007359
"Repaid","Repaid",0.156037156770837,0.843962843229163
"Not_Repaid","Not_Repaid",0.996662118662333,0.00333788133766659
"Repaid","Repaid",0.098937691140139,0.901062308859861
"Repaid","Repaid",0.0535061934999884,0.946493806500012
"Not_Repaid","Not_Repaid",0.599709758509022,0.400290241490978
"Repaid","Repaid",0.138545679626747,0.861454320373253
"Not_Repaid","Not_Repaid",0.960958409568192,0.0390415904318081
"Not_Repaid","Not_Repaid",0.692251176684284,0.307748823315716
"Repaid","Repaid",0.273303689638213,0.726696310361787
"Not_Repaid","Not_Repaid",0.877255682763179,0.122744317236821
"Repaid","Repaid",0.15102312253555,0.84897687746445
"Repaid","Repaid",0.269141493411935,0.730858506588065
"Repaid","Repaid",0.238650177451192,0.761349822548808
"Repaid","Repaid",0.113281015667586,0.886718984332414
"Repaid","Repaid",0.0840957064474409,0.915904293552559
"Repaid","Repaid",0.19988253901613,0.80011746098387
"Repaid","Repaid",0.11503154574933,0.88496845425067
"Repaid","Not_Repaid",0.842134108264418,0.157865891735582
"Repaid","Repaid",0.0569469855823517,0.943053014417648
"Repaid","Repaid",0.0975783160443164,0.902421683955684
"Repaid","Repaid",0.486568198154415,0.513431801845585
"Repaid","Repaid",0.358479337438626,0.641520662561374
"Repaid","Repaid",0.125422566830061,0.874577433169939
"Repaid","Repaid",0.085452140904,0.914547859096
"Repaid","Repaid",0.0269489293203228,0.973051070679677
"Repaid","Repaid",0.0866036118842755,0.913396388115725
"Repaid","Repaid",0.339125611646526,0.660874388353474
"Repaid","Repaid",0.0688653757070308,0.931134624292969
"Not_Repaid","Not_Repaid",0.662570148602279,0.337429851397721
"Not_Repaid","Not_Repaid",0.758455956392615,0.241544043607385
"Not_Repaid","Repaid",0.332142568828747,0.667857431171253
"Repaid","Repaid",0.482584830641198,0.517415169358802
"Repaid","Repaid",0.251441130834882,0.748558869165118
"Repaid","Not_Repaid",0.560077014723213,0.439922985276787
"Not_Repaid","Not_Repaid",0.629852710904441,0.370147289095559
"Not_Repaid","Not_Repaid",0.849675447017196,0.150324552982804
"Repaid","Repaid",0.0743782690769499,0.92562173092305
"Not_Repaid","Not_Repaid",0.914092823194458,0.0859071768055422
"Repaid","Repaid",0.42203465464161,0.57796534535839
"Not_Repaid","Not_Repaid",0.884993886496438,0.115006113503562
"Not_Repaid","Not_Repaid",0.787360874618726,0.212639125381274
"Not_Repaid","Not_Repaid",0.688508294249342,0.311491705750658
"Not_Repaid","Repaid",0.417157443682055,0.582842556317945
"Repaid","Repaid",0.0179566287219701,0.98204337127803
"Repaid","Repaid",0.0271866616996085,0.972813338300392
"Not_Repaid","Not_Repaid",0.617595317339996,0.382404682660004
"Not_Repaid","Not_Repaid",0.693823866988089,0.306176133011911
"Repaid","Repaid",0.394904974740206,0.605095025259794
"Repaid","Repaid",0.123842311403634,0.876157688596366
"Repaid","Repaid",0.124398006128565,0.875601993871435
"Repaid","Repaid",0.104479882946813,0.895520117053187
"Not_Repaid","Not_Repaid",0.978929680061274,0.0210703199387259
"Repaid","Repaid",0.0297189838741234,0.970281016125877
"Not_Repaid","Not_Repaid",0.987628758500713,0.0123712414992868
"Repaid","Not_Repaid",0.640069625243186,0.359930374756814
"Not_Repaid","Not_Repaid",0.909584427348917,0.090415572651083
"Not_Repaid","Not_Repaid",0.99475957394163,0.00524042605837051
"Not_Repaid","Not_Repaid",0.920256280355248,0.079743719644752
"Not_Repaid","Not_Repaid",0.871115902375752,0.128884097624248
"Not_Repaid","Not_Repaid",0.943856519413466,0.0561434805865339
"Repaid","Repaid",0.108833868529995,0.891166131470005
"Repaid","Repaid",0.177567081827541,0.822432918172459
"Not_Repaid","Not_Repaid",0.853305509366547,0.146694490633453
"Not_Repaid","Not_Repaid",0.818907698920841,0.181092301079159
"Repaid","Repaid",0.0789510823011275,0.921048917698873
"Repaid","Not_Repaid",0.629006456539279,0.370993543460721
"Repaid","Repaid",0.0276622630778451,0.972337736922155
"Not_Repaid","Not_Repaid",0.848332484229684,0.151667515770316
"Not_Repaid","Not_Repaid",0.920877512116939,0.0791224878830611
"Not_Repaid","Not_Repaid",0.734565388142132,0.265434611857868
"Repaid","Repaid",0.0255059116034866,0.974494088396513
"Repaid","Repaid",0.0249652062591478,0.975034793740852
"Not_Repaid","Not_Repaid",0.959497944063828,0.0405020559361718
"Not_Repaid","Not_Repaid",0.976132517915836,0.0238674820841636
"Not_Repaid","Not_Repaid",0.959441689795008,0.0405583102049917
"Not_Repaid","Not_Repaid",0.946193386824308,0.0538066131756925
"Not_Repaid","Not_Repaid",0.855862796965077,0.144137203034923
"Repaid","Not_Repaid",0.5259924706911,0.4740075293089
"Not_Repaid","Repaid",0.193591878411853,0.806408121588147
"Not_Repaid","Not_Repaid",0.742349906555458,0.257650093444542
"Not_Repaid","Not_Repaid",0.990403152534755,0.00959684746524518
"Not_Repaid","Repaid",0.213077281676128,0.786922718323872
"Repaid","Not_Repaid",0.645654391281254,0.354345608718746
"Not_Repaid","Not_Repaid",0.963398966437926,0.036601033562074
"Not_Repaid","Not_Repaid",0.898626816455758,0.101373183544242
"Not_Repaid","Not_Repaid",0.86430629354837,0.13569370645163
"Not_Repaid","Not_Repaid",0.977631950619332,0.0223680493806683
"Repaid","Repaid",0.3004668629628,0.6995331370372
"Repaid","Repaid",0.03400178634682,0.96599821365318
"Not_Repaid","Not_Repaid",0.677883003793763,0.322116996206237
"Repaid","Repaid",0.118380570313742,0.881619429686258
"Repaid","Repaid",0.379332484433282,0.620667515566718
"Not_Repaid","Not_Repaid",0.648618186708268,0.351381813291732
"Not_Repaid","Not_Repaid",0.979335969760464,0.0206640302395361
"Repaid","Repaid",0.232060766746869,0.767939233253131
"Not_Repaid","Not_Repaid",0.644246614925905,0.355753385074095
"Not_Repaid","Not_Repaid",0.68676373520175,0.31323626479825
"Not_Repaid","Not_Repaid",0.918034846064723,0.0819651539352768
"Repaid","Repaid",0.157061333582931,0.842938666417069
"Repaid","Repaid",0.149875670267786,0.850124329732214
"Not_Repaid","Not_Repaid",0.670593204037088,0.329406795962912
"Not_Repaid","Repaid",0.160826568641946,0.839173431358054
"Not_Repaid","Not_Repaid",0.857584635922782,0.142415364077218
"Repaid","Not_Repaid",0.708204088591203,0.291795911408797
"Not_Repaid","Not_Repaid",0.805673617858288,0.194326382141712
"Repaid","Repaid",0.16450696904376,0.83549303095624
"Not_Repaid","Not_Repaid",0.922256628277823,0.077743371722177
"Not_Repaid","Not_Repaid",0.720008350160548,0.279991649839452
"Not_Repaid","Not_Repaid",0.987035362381444,0.012964637618556
"Repaid","Not_Repaid",0.833907887082249,0.166092112917751
"Repaid","Repaid",0.0316829996323222,0.968317000367678
"Repaid","Repaid",0.0526054237645089,0.947394576235491
"Repaid","Repaid",0.125360467021278,0.874639532978722
"Repaid","Repaid",0.160162055367503,0.839837944632497
"Repaid","Repaid",0.0281170957834047,0.971882904216595
"Repaid","Repaid",0.0807171807918583,0.919282819208142
"Not_Repaid","Not_Repaid",0.986859953592625,0.0131400464073747
"Not_Repaid","Not_Repaid",0.824370742243631,0.175629257756368
"Repaid","Repaid",0.0399228497885901,0.96007715021141
"Repaid","Repaid",0.0413549729337017,0.958645027066298
"Not_Repaid","Not_Repaid",0.928298193230489,0.071701806769511
"Repaid","Repaid",0.0341529935417484,0.965847006458252
"Not_Repaid","Not_Repaid",0.795097934827146,0.204902065172854
"Repaid","Repaid",0.0507100371544311,0.949289962845569
"Repaid","Repaid",0.0772309912956891,0.922769008704311
"Not_Repaid","Not_Repaid",0.721221318375679,0.278778681624321
"Repaid","Repaid",0.193575791165598,0.806424208834402
"Not_Repaid","Not_Repaid",0.71063277959779,0.28936722040221
"Repaid","Repaid",0.123385785015704,0.876614214984296
"Repaid","Not_Repaid",0.819775211859946,0.180224788140054
"Not_Repaid","Not_Repaid",0.578443337658564,0.421556662341436
"Repaid","Repaid",0.200751831374757,0.799248168625243
"Not_Repaid","Not_Repaid",0.783067605159248,0.216932394840752
"Not_Repaid","Not_Repaid",0.842451715697305,0.157548284302695
"Not_Repaid","Not_Repaid",0.9197280681148,0.0802719318852006
"Repaid","Repaid",0.0677529749928485,0.932247025007152
"Not_Repaid","Not_Repaid",0.998051939572117,0.0019480604278825
"Not_Repaid","Not_Repaid",0.882729678408993,0.117270321591007
"Not_Repaid","Not_Repaid",0.945952841135209,0.0540471588647913
"Repaid","Repaid",0.180845798702404,0.819154201297596
"Repaid","Not_Repaid",0.860694896060945,0.139305103939055
"Repaid","Repaid",0.410420893146796,0.589579106853204
"Repaid","Repaid",0.117294596858952,0.882705403141048
"Repaid","Repaid",0.145864133313553,0.854135866686447
"Not_Repaid","Not_Repaid",0.60457357667034,0.39542642332966
"Repaid","Repaid",0.451215471056484,0.548784528943516
"Repaid","Repaid",0.338067033089093,0.661932966910907
"Repaid","Repaid",0.431239884915638,0.568760115084362
"Repaid","Repaid",0.068174283279074,0.931825716720926
"Repaid","Repaid",0.220549920803405,0.779450079196595
"Not_Repaid","Not_Repaid",0.540031435631502,0.459968564368498
"Not_Repaid","Not_Repaid",0.987005238204865,0.0129947617951355
"Repaid","Repaid",0.315204487055001,0.684795512944999
"Not_Repaid","Not_Repaid",0.656938579528125,0.343061420471875
"Not_Repaid","Not_Repaid",0.738368541666082,0.261631458333918
"Not_Repaid","Repaid",0.368935644578258,0.631064355421742
"Repaid","Repaid",0.468387316703274,0.531612683296726
"Not_Repaid","Not_Repaid",0.971125225834667,0.0288747741653328
"Not_Repaid","Not_Repaid",0.972105650027495,0.0278943499725051
"Not_Repaid","Not_Repaid",0.982033140663149,0.0179668593368508
"Repaid","Repaid",0.0578231929551449,0.942176807044855
"Repaid","Repaid",0.0176625527135791,0.982337447286421
"Not_Repaid","Not_Repaid",0.777864602490274,0.222135397509726
"Repaid","Repaid",0.300487744438362,0.699512255561638
"Not_Repaid","Not_Repaid",0.947532614025858,0.0524673859741416
"Not_Repaid","Not_Repaid",0.995022367042214,0.00497763295778591
"Repaid","Repaid",0.0223704241961533,0.977629575803847
"Repaid","Repaid",0.16199866512096,0.83800133487904
"Not_Repaid","Repaid",0.456862976641378,0.543137023358622
"Repaid","Repaid",0.0158379112620958,0.984162088737904
"Repaid","Repaid",0.107000018475333,0.892999981524667
"Repaid","Repaid",0.314883218210423,0.685116781789577
"Repaid","Repaid",0.0415117746279211,0.958488225372079
"Not_Repaid","Repaid",0.0598421126692716,0.940157887330728
"Repaid","Repaid",0.037346236327553,0.962653763672447
"Repaid","Not_Repaid",0.648464476592167,0.351535523407833
"Not_Repaid","Not_Repaid",0.770825110261127,0.229174889738873
"Not_Repaid","Not_Repaid",0.814776214094478,0.185223785905522
"Not_Repaid","Not_Repaid",0.981718039827947,0.0182819601720525
"Not_Repaid","Not_Repaid",0.93158409933102,0.0684159006689803
"Not_Repaid","Not_Repaid",0.750825305448417,0.249174694551583
"Not_Repaid","Not_Repaid",0.930992765695987,0.0690072343040128
"Repaid","Repaid",0.066863695789798,0.933136304210202
"Repaid","Repaid",0.0217947623364836,0.978205237663516
"Repaid","Repaid",0.111309563615184,0.888690436384816
"Repaid","Repaid",0.0639601405633292,0.936039859436671
"Not_Repaid","Not_Repaid",0.936658777986989,0.0633412220130112
"Repaid","Repaid",0.177584974004689,0.822415025995311
"Not_Repaid","Not_Repaid",0.932498425106181,0.0675015748938192
"Repaid","Repaid",0.0181951212881173,0.981804878711883
"Not_Repaid","Repaid",0.44910772872921,0.55089227127079
"Not_Repaid","Repaid",0.343816970688958,0.656183029311042
"Repaid","Repaid",0.209788200741156,0.790211799258844
"Not_Repaid","Not_Repaid",0.916058752684007,0.0839412473159929
"Not_Repaid","Repaid",0.0568834549597327,0.943116545040267
"Not_Repaid","Not_Repaid",0.731263499985266,0.268736500014734
"Not_Repaid","Repaid",0.211194609932106,0.788805390067894
"Repaid","Repaid",0.126954699081763,0.873045300918237
"Repaid","Repaid",0.0904499172001411,0.909550082799859
"Not_Repaid","Not_Repaid",0.73406975601335,0.26593024398665
"Not_Repaid","Repaid",0.489442009835127,0.510557990164873
"Not_Repaid","Repaid",0.0545525740307843,0.945447425969216
"Not_Repaid","Repaid",0.200592163271914,0.799407836728086
"Not_Repaid","Not_Repaid",0.95206698922142,0.0479330107785797
"Repaid","Repaid",0.281289136161806,0.718710863838194
"Not_Repaid","Not_Repaid",0.800903354082582,0.199096645917418
"Repaid","Not_Repaid",0.865011993347317,0.134988006652683
"Repaid","Repaid",0.14666358012437,0.85333641987563
"Not_Repaid","Not_Repaid",0.527522134825938,0.472477865174062
"Repaid","Repaid",0.0575646340022706,0.942435365997729
"Not_Repaid","Not_Repaid",0.655821200935714,0.344178799064286
"Not_Repaid","Not_Repaid",0.67927825505301,0.32072174494699
"Repaid","Repaid",0.135518558018506,0.864481441981494
"Not_Repaid","Not_Repaid",0.758978808890562,0.241021191109438
"Repaid","Repaid",0.0497950369285666,0.950204963071433
"Repaid","Repaid",0.0239027228056428,0.976097277194357
"Repaid","Repaid",0.134959451458514,0.865040548541486
"Not_Repaid","Not_Repaid",0.768847710102945,0.231152289897055
"Not_Repaid","Not_Repaid",0.914005680205956,0.0859943197940439
"Repaid","Repaid",0.0481723986187331,0.951827601381267
"Not_Repaid","Not_Repaid",0.778916655856935,0.221083344143065
"Not_Repaid","Not_Repaid",0.956382410714862,0.0436175892851377
"Not_Repaid","Not_Repaid",0.582365316855967,0.417634683144033
"Repaid","Not_Repaid",0.923433280322398,0.0765667196776015
"Not_Repaid","Not_Repaid",0.536458256989652,0.463541743010348
"Not_Repaid","Not_Repaid",0.958082824379265,0.0419171756207349
"Not_Repaid","Not_Repaid",0.622491303939474,0.377508696060526
"Repaid","Repaid",0.127714401596981,0.872285598403019
"Repaid","Not_Repaid",0.895780912878974,0.104219087121026
"Repaid","Repaid",0.054662525544256,0.945337474455744
"Repaid","Repaid",0.074009291889888,0.925990708110112
"Repaid","Repaid",0.021083312748907,0.978916687251093
"Not_Repaid","Not_Repaid",0.978016695500508,0.0219833044994922
"Repaid","Not_Repaid",0.70724641864304,0.29275358135696
"Not_Repaid","Not_Repaid",0.90914976880894,0.0908502311910605
"Not_Repaid","Not_Repaid",0.7737820611514,0.2262179388486
"Repaid","Repaid",0.273033161535802,0.726966838464198
"Repaid","Repaid",0.0161045971206658,0.983895402879334
"Not_Repaid","Not_Repaid",0.537672459690077,0.462327540309923
"Repaid","Repaid",0.0474603250262468,0.952539674973753
"Repaid","Repaid",0.231756898825514,0.768243101174486
"Repaid","Repaid",0.257426578787105,0.742573421212895
"Repaid","Repaid",0.121860557711238,0.878139442288762
"Not_Repaid","Not_Repaid",0.916185343416585,0.0838146565834149
"Not_Repaid","Not_Repaid",0.67084278853416,0.329157211465841
"Repaid","Repaid",0.149217702848883,0.850782297151117
"Not_Repaid","Not_Repaid",0.86817055904889,0.13182944095111
"Repaid","Repaid",0.105843232830926,0.894156767169074
"Repaid","Repaid",0.285872187468051,0.714127812531949
"Not_Repaid","Not_Repaid",0.914989113628989,0.0850108863710106
"Repaid","Repaid",0.136768043197334,0.863231956802666
"Not_Repaid","Repaid",0.42414080328826,0.57585919671174
"Not_Repaid","Not_Repaid",0.85567781597342,0.14432218402658
"Repaid","Repaid",0.0247145023473574,0.975285497652643
"Not_Repaid","Not_Repaid",0.760660814895005,0.239339185104995
"Not_Repaid","Not_Repaid",0.857834017875271,0.142165982124729
"Repaid","Repaid",0.020513698397422,0.979486301602578
"Not_Repaid","Not_Repaid",0.908168589671858,0.0918314103281421
"Not_Repaid","Not_Repaid",0.964241254570869,0.035758745429131
"Not_Repaid","Repaid",0.455956438688162,0.544043561311838
"Not_Repaid","Not_Repaid",0.968833671408679,0.0311663285913214
"Repaid","Repaid",0.053274729597297,0.946725270402703
"Repaid","Not_Repaid",0.795645631638886,0.204354368361114
"Not_Repaid","Not_Repaid",0.995068882397225,0.00493111760277488
"Not_Repaid","Not_Repaid",0.992232589207725,0.00776741079227469
"Not_Repaid","Not_Repaid",0.82786342848889,0.17213657151111
"Not_Repaid","Not_Repaid",0.92069107098928,0.0793089290107204
"Repaid","Not_Repaid",0.712135571364391,0.287864428635609
"Repaid","Repaid",0.0241782316902123,0.975821768309788
"Not_Repaid","Not_Repaid",0.868687586423596,0.131312413576404
"Not_Repaid","Not_Repaid",0.905257254387468,0.0947427456125317
"Repaid","Repaid",0.292708033969878,0.707291966030122
"Not_Repaid","Not_Repaid",0.952739875989472,0.0472601240105278
"Repaid","Repaid",0.234912223876867,0.765087776123133
"Repaid","Repaid",0.442516106363124,0.557483893636876
"Repaid","Repaid",0.196821844460447,0.803178155539553
"Repaid","Repaid",0.480219453663707,0.519780546336293
"Repaid","Repaid",0.0249849277588992,0.975015072241101
"Not_Repaid","Not_Repaid",0.74821734465901,0.25178265534099
"Repaid","Repaid",0.18861706994468,0.81138293005532
"Not_Repaid","Not_Repaid",0.917167040141868,0.0828329598581322
"Not_Repaid","Not_Repaid",0.901470093772796,0.098529906227204
"Repaid","Repaid",0.281800372139047,0.718199627860953
"Not_Repaid","Not_Repaid",0.806710614591418,0.193289385408582
"Repaid","Repaid",0.0520367735821576,0.947963226417842
"Repaid","Not_Repaid",0.658195726346835,0.341804273653165
"Repaid","Repaid",0.45199454461815,0.54800545538185
"Not_Repaid","Not_Repaid",0.993150226839779,0.00684977316022059
"Not_Repaid","Not_Repaid",0.830040732638124,0.169959267361876
"Repaid","Repaid",0.0435732272229541,0.956426772777046
"Repaid","Not_Repaid",0.900609550002265,0.099390449997735
"Not_Repaid","Repaid",0.335167957098795,0.664832042901205
"Repaid","Repaid",0.355369972107701,0.644630027892299
"Not_Repaid","Repaid",0.471736056499603,0.528263943500397
"Repaid","Repaid",0.261444968927681,0.738555031072319
"Repaid","Repaid",0.0399285351412186,0.960071464858781
"Not_Repaid","Not_Repaid",0.820131529987841,0.179868470012159
"Not_Repaid","Not_Repaid",0.604194951605251,0.395805048394749
"Repaid","Repaid",0.145639642391246,0.854360357608754
"Repaid","Repaid",0.0942140546084033,0.905785945391597
"Repaid","Repaid",0.0694765973594659,0.930523402640534
"Repaid","Repaid",0.244517468452221,0.755482531547779
"Repaid","Repaid",0.0138147751899059,0.986185224810094
"Repaid","Repaid",0.119346213646297,0.880653786353703
"Repaid","Repaid",0.0346220183007411,0.965377981699259
"Not_Repaid","Not_Repaid",0.975167374323649,0.0248326256763511
"Repaid","Repaid",0.448193570459161,0.551806429540839
"Repaid","Repaid",0.0265233557287724,0.973476644271228
"Not_Repaid","Not_Repaid",0.597298894780708,0.402701105219292
"Repaid","Not_Repaid",0.925742354054427,0.0742576459455727
"Repaid","Repaid",0.242711126982381,0.757288873017619
"Not_Repaid","Not_Repaid",0.993681719603626,0.00631828039637367
"Repaid","Repaid",0.35991809518793,0.64008190481207
"Repaid","Repaid",0.484987710196886,0.515012289803114
"Not_Repaid","Repaid",0.333284435499739,0.666715564500261
"Not_Repaid","Not_Repaid",0.914365589422609,0.0856344105773907
"Not_Repaid","Repaid",0.293014439781109,0.706985560218891
"Repaid","Not_Repaid",0.73748171712085,0.26251828287915
"Not_Repaid","Not_Repaid",0.942613157565168,0.0573868424348322
"Not_Repaid","Not_Repaid",0.891702579341255,0.108297420658745
"Repaid","Repaid",0.0377420717425697,0.96225792825743
"Repaid","Repaid",0.482482183141847,0.517517816858153
"Not_Repaid","Not_Repaid",0.955426390200527,0.0445736097994729
"Not_Repaid","Not_Repaid",0.953541037126395,0.0464589628736051
"Not_Repaid","Not_Repaid",0.984423363621419,0.0155766363785806
"Not_Repaid","Not_Repaid",0.623690535809071,0.376309464190929
"Not_Repaid","Not_Repaid",0.763907495716651,0.236092504283349
"Repaid","Not_Repaid",0.625491059572813,0.374508940427187
"Not_Repaid","Not_Repaid",0.953999608208771,0.0460003917912293
"Repaid","Repaid",0.134710334812222,0.865289665187778
"Not_Repaid","Not_Repaid",0.922170399195912,0.0778296008040878
"Not_Repaid","Repaid",0.490133605761098,0.509866394238902
"Not_Repaid","Not_Repaid",0.978870730612965,0.0211292693870351
"Not_Repaid","Not_Repaid",0.947207617762661,0.0527923822373388
"Not_Repaid","Not_Repaid",0.704450493508091,0.295549506491909
"Repaid","Repaid",0.449818701985372,0.550181298014628
"Not_Repaid","Not_Repaid",0.959543856830836,0.0404561431691636
"Repaid","Not_Repaid",0.577973806641767,0.422026193358233
"Repaid","Repaid",0.176994836309162,0.823005163690838
"Not_Repaid","Not_Repaid",0.737299079558573,0.262700920441427
"Repaid","Repaid",0.185601595062604,0.814398404937396
"Not_Repaid","Not_Repaid",0.786190913462927,0.213809086537073
"Not_Repaid","Not_Repaid",0.931242456625542,0.0687575433744576
"Repaid","Repaid",0.195561483801928,0.804438516198072
"Repaid","Repaid",0.0832800962083671,0.916719903791633
"Not_Repaid","Repaid",0.244724015706836,0.755275984293164
"Not_Repaid","Not_Repaid",0.769197496802741,0.230802503197259
"Not_Repaid","Not_Repaid",0.951140490546266,0.0488595094537341
"Not_Repaid","Not_Repaid",0.711227274446509,0.288772725553491
"Not_Repaid","Repaid",0.123351730155405,0.876648269844595
"Repaid","Repaid",0.019281145267514,0.980718854732486
"Not_Repaid","Not_Repaid",0.808362527317034,0.191637472682966
"Repaid","Repaid",0.283231839122116,0.716768160877884
"Not_Repaid","Not_Repaid",0.925591554480713,0.0744084455192874
"Repaid","Repaid",0.436435073913966,0.563564926086034
"Not_Repaid","Repaid",0.178945593056489,0.821054406943511
"Repaid","Not_Repaid",0.759282934508169,0.240717065491831
"Repaid","Not_Repaid",0.81780251771658,0.18219748228342
"Repaid","Repaid",0.0556979542713665,0.944302045728634
"Not_Repaid","Not_Repaid",0.943603482930766,0.0563965170692341
"Repaid","Repaid",0.0550113549334751,0.944988645066525
"Repaid","Repaid",0.120566310294807,0.879433689705193
"Not_Repaid","Not_Repaid",0.961182881070184,0.0388171189298159
"Repaid","Repaid",0.113318200217687,0.886681799782313
"Repaid","Repaid",0.0567246667396043,0.943275333260396
"Repaid","Repaid",0.297261430908208,0.702738569091792
"Not_Repaid","Not_Repaid",0.96433743077983,0.0356625692201704
"Not_Repaid","Not_Repaid",0.930675330275282,0.0693246697247183
"Not_Repaid","Repaid",0.466050820418658,0.533949179581342
"Not_Repaid","Not_Repaid",0.962925032814058,0.037074967185942
"Repaid","Repaid",0.0310450167337031,0.968954983266297
"Repaid","Repaid",0.0553759523719007,0.944624047628099
"Repaid","Repaid",0.123247711794546,0.876752288205454
"Repaid","Not_Repaid",0.88120346945665,0.11879653054335
"Repaid","Not_Repaid",0.657548035699068,0.342451964300932
"Repaid","Repaid",0.263342537167908,0.736657462832092
"Repaid","Repaid",0.445579253104075,0.554420746895925
"Repaid","Repaid",0.153188866848491,0.84681113315151
"Repaid","Repaid",0.0188451496877434,0.981154850312257
"Not_Repaid","Not_Repaid",0.771692923809845,0.228307076190155
"Repaid","Repaid",0.358048731095267,0.641951268904733
"Repaid","Repaid",0.0827834960083849,0.917216503991615
"Repaid","Repaid",0.0917177095655828,0.908282290434417
"Not_Repaid","Not_Repaid",0.939684447260722,0.0603155527392781
"Not_Repaid","Not_Repaid",0.758115565264228,0.241884434735772
"Not_Repaid","Not_Repaid",0.941246752599508,0.0587532474004918
"Not_Repaid","Not_Repaid",0.755721195267616,0.244278804732384
"Not_Repaid","Not_Repaid",0.922619567107826,0.0773804328921741
"Repaid","Repaid",0.0112475532927931,0.988752446707207
"Not_Repaid","Not_Repaid",0.994516094719413,0.00548390528058647
"Repaid","Repaid",0.0614655767133532,0.938534423286647
"Not_Repaid","Not_Repaid",0.855926125869072,0.144073874130928
"Repaid","Not_Repaid",0.928421249942915,0.0715787500570853
"Not_Repaid","Not_Repaid",0.884654749661619,0.115345250338381
"Not_Repaid","Not_Repaid",0.969382461674347,0.030617538325653
"Repaid","Repaid",0.240909291638342,0.759090708361658
"Not_Repaid","Not_Repaid",0.961656797861979,0.038343202138021
"Repaid","Repaid",0.0272074780080068,0.972792521991993
"Repaid","Repaid",0.0331943710579982,0.966805628942002
"Not_Repaid","Not_Repaid",0.930340012274395,0.0696599877256046
"Repaid","Repaid",0.219881120732551,0.780118879267449
"Not_Repaid","Not_Repaid",0.875517357235452,0.124482642764548
"Not_Repaid","Repaid",0.466839321171869,0.533160678828131
"Not_Repaid","Not_Repaid",0.868008333985619,0.131991666014381
"Not_Repaid","Not_Repaid",0.899749023494498,0.100250976505502
"Repaid","Not_Repaid",0.508471323870784,0.491528676129216
"Repaid","Repaid",0.0566918711388014,0.943308128861199
"Repaid","Repaid",0.115429846552589,0.884570153447411
"Not_Repaid","Not_Repaid",0.518745924885071,0.481254075114929
"Repaid","Repaid",0.0656049782759137,0.934395021724086
"Not_Repaid","Not_Repaid",0.639108680191462,0.360891319808538
"Not_Repaid","Not_Repaid",0.993736899428927,0.00626310057107258
"Repaid","Repaid",0.0423597611217008,0.957640238878299
"Not_Repaid","Not_Repaid",0.941178351769499,0.0588216482305007
"Not_Repaid","Not_Repaid",0.975108653116846,0.0248913468831537
"Repaid","Repaid",0.286870117240114,0.713129882759886
"Not_Repaid","Not_Repaid",0.926148818597478,0.0738511814025221
"Not_Repaid","Not_Repaid",0.563390505844713,0.436609494155287
"Repaid","Repaid",0.491215710876104,0.508784289123896
"Not_Repaid","Not_Repaid",0.90050604742325,0.0994939525767499
"Repaid","Repaid",0.0932677687568904,0.90673223124311
"Not_Repaid","Not_Repaid",0.896498914776759,0.103501085223241
"Repaid","Repaid",0.0616795280325181,0.938320471967482
"Not_Repaid","Not_Repaid",0.586404165168266,0.413595834831734
"Not_Repaid","Not_Repaid",0.95407745517745,0.0459225448225503
"Not_Repaid","Not_Repaid",0.841935116893812,0.158064883106188
"Repaid","Not_Repaid",0.559946469366826,0.440053530633174
"Not_Repaid","Not_Repaid",0.587537875698689,0.412462124301311
"Not_Repaid","Not_Repaid",0.555672663041584,0.444327336958416
"Not_Repaid","Not_Repaid",0.884847498434317,0.115152501565683
"Not_Repaid","Not_Repaid",0.60998912361956,0.39001087638044
"Repaid","Repaid",0.0310467125650772,0.968953287434923
"Not_Repaid","Repaid",0.183897793805679,0.816102206194321
"Repaid","Repaid",0.0368656907814295,0.96313430921857
"Repaid","Repaid",0.257752504606925,0.742247495393075
"Not_Repaid","Not_Repaid",0.982099404131217,0.017900595868783
"Not_Repaid","Repaid",0.128548335744524,0.871451664255476
"Repaid","Repaid",0.014762163461834,0.985237836538166
"Not_Repaid","Not_Repaid",0.961841484450923,0.0381585155490766
"Repaid","Repaid",0.0412326754474079,0.958767324552592
"Not_Repaid","Not_Repaid",0.92909811455241,0.07090188544759
"Not_Repaid","Not_Repaid",0.992520724338624,0.00747927566137607
"Not_Repaid","Repaid",0.0446902295970619,0.955309770402938
"Not_Repaid","Not_Repaid",0.745538498596871,0.254461501403129
"Not_Repaid","Repaid",0.49248181261267,0.50751818738733
"Repaid","Repaid",0.0539525999850142,0.946047400014986
"Repaid","Repaid",0.0246766451805814,0.975323354819419
"Not_Repaid","Not_Repaid",0.500531206466818,0.499468793533182
"Not_Repaid","Not_Repaid",0.986998039610944,0.0130019603890556
"Not_Repaid","Not_Repaid",0.961911650013668,0.0380883499863316
"Repaid","Repaid",0.31243601207859,0.68756398792141
"Repaid","Repaid",0.235869405099592,0.764130594900408
"Repaid","Repaid",0.473114197645602,0.526885802354398
"Not_Repaid","Not_Repaid",0.957888325208578,0.042111674791422
"Repaid","Repaid",0.048866587516249,0.951133412483751
"Repaid","Repaid",0.117256614199503,0.882743385800497
"Not_Repaid","Repaid",0.152758078117941,0.847241921882059
"Not_Repaid","Not_Repaid",0.972193051118807,0.027806948881193
"Repaid","Not_Repaid",0.981170471806894,0.0188295281931061
"Repaid","Repaid",0.407610644404295,0.592389355595705
"Not_Repaid","Not_Repaid",0.906622367506914,0.0933776324930859
"Repaid","Repaid",0.207353369070884,0.792646630929116
"Repaid","Repaid",0.109876459940108,0.890123540059892
"Repaid","Repaid",0.0491570297589119,0.950842970241088
"Not_Repaid","Not_Repaid",0.880876362003298,0.119123637996702
"Repaid","Not_Repaid",0.836975717377102,0.163024282622898
"Repaid","Repaid",0.0479259328477604,0.95207406715224
"Repaid","Not_Repaid",0.656240182918324,0.343759817081676
"Not_Repaid","Repaid",0.498716071649463,0.501283928350537
"Repaid","Repaid",0.0579451396404224,0.942054860359578
"Not_Repaid","Not_Repaid",0.983622004567849,0.0163779954321513
"Repaid","Repaid",0.240452191645296,0.759547808354704
"Repaid","Repaid",0.0468879941112917,0.953112005888708
"Repaid","Repaid",0.0281404601918167,0.971859539808183
"Repaid","Repaid",0.35061756767392,0.64938243232608
"Not_Repaid","Not_Repaid",0.981374672700091,0.0186253272999092
"Not_Repaid","Not_Repaid",0.925557605212672,0.0744423947873275
"Repaid","Repaid",0.140139652346271,0.859860347653729
"Not_Repaid","Repaid",0.337345618510714,0.662654381489286
"Repaid","Repaid",0.0891834006549553,0.910816599345045
"Repaid","Repaid",0.0468346530499695,0.95316534695003
"Repaid","Repaid",0.0471331188406825,0.952866881159318
"Repaid","Repaid",0.47954094269381,0.52045905730619
"Repaid","Repaid",0.283990283085661,0.716009716914339
"Not_Repaid","Not_Repaid",0.68086020063488,0.31913979936512
"Repaid","Repaid",0.243109944347705,0.756890055652295
"Not_Repaid","Not_Repaid",0.739692212288644,0.260307787711356
"Not_Repaid","Not_Repaid",0.806673328149638,0.193326671850362
"Not_Repaid","Not_Repaid",0.974567543156351,0.0254324568436487
"Not_Repaid","Not_Repaid",0.913958774786666,0.086041225213334
"Repaid","Repaid",0.4580818142593,0.5419181857407
"Not_Repaid","Not_Repaid",0.740729503913968,0.259270496086032
"Not_Repaid","Not_Repaid",0.724175928884701,0.275824071115299
"Repaid","Repaid",0.0534956972776854,0.946504302722315
"Repaid","Not_Repaid",0.604773696447838,0.395226303552162
"Not_Repaid","Not_Repaid",0.652937206087257,0.347062793912743
"Repaid","Repaid",0.0962817162649228,0.903718283735077
"Not_Repaid","Not_Repaid",0.954398383599183,0.0456016164008172
"Repaid","Not_Repaid",0.79293327449885,0.20706672550115
"Repaid","Not_Repaid",0.981825721520891,0.0181742784791093
"Repaid","Repaid",0.270853627664628,0.729146372335372
"Not_Repaid","Not_Repaid",0.670015517822129,0.329984482177871
"Repaid","Repaid",0.0399826232927285,0.960017376707271
"Repaid","Repaid",0.056202022149168,0.943797977850832
"Repaid","Repaid",0.292962588423335,0.707037411576665
"Repaid","Repaid",0.0412335800705547,0.958766419929445
"Repaid","Repaid",0.39546449719345,0.60453550280655
"Not_Repaid","Not_Repaid",0.934326639528147,0.065673360471853
"Not_Repaid","Not_Repaid",0.541650064485562,0.458349935514438
"Repaid","Repaid",0.243741074697092,0.756258925302908
"Not_Repaid","Repaid",0.07310160466183,0.92689839533817
"Not_Repaid","Not_Repaid",0.731069980455149,0.268930019544851
"Not_Repaid","Not_Repaid",0.96592255309673,0.0340774469032705
"Repaid","Repaid",0.120733447347236,0.879266552652764
"Repaid","Repaid",0.032314115505062,0.967685884494938
"Not_Repaid","Repaid",0.139250719444755,0.860749280555245
"Repaid","Not_Repaid",0.596424501646664,0.403575498353336
"Repaid","Repaid",0.102852351710664,0.897147648289336
"Repaid","Repaid",0.103277236109963,0.896722763890037
"Not_Repaid","Not_Repaid",0.996370073748,0.00362992625200013
"Repaid","Repaid",0.0832096394918745,0.916790360508125
"Repaid","Repaid",0.221005216023091,0.778994783976909
"Not_Repaid","Not_Repaid",0.888535733089677,0.111464266910323
"Not_Repaid","Not_Repaid",0.957623749316003,0.0423762506839969
"Not_Repaid","Not_Repaid",0.720466637082708,0.279533362917292
"Not_Repaid","Not_Repaid",0.948236899667876,0.051763100332124
"Repaid","Repaid",0.0463385846804217,0.953661415319578
"Repaid","Repaid",0.0360359698866406,0.963964030113359
"Not_Repaid","Not_Repaid",0.634552741813275,0.365447258186725
"Repaid","Repaid",0.0269312649714099,0.97306873502859
"Repaid","Repaid",0.0582906012258818,0.941709398774118
"Not_Repaid","Not_Repaid",0.672199329934933,0.327800670065067
"Not_Repaid","Not_Repaid",0.95229874383747,0.0477012561625295
"Repaid","Repaid",0.0435106563007857,0.956489343699214
"Not_Repaid","Not_Repaid",0.768140971530863,0.231859028469137
"Repaid","Not_Repaid",0.972668431810467,0.0273315681895328
"Not_Repaid","Not_Repaid",0.89412910541891,0.105870894581089
"Repaid","Repaid",0.0933620446119534,0.906637955388047
"Repaid","Repaid",0.148211144419779,0.851788855580221
"Not_Repaid","Repaid",0.314729466887865,0.685270533112135
"Repaid","Repaid",0.48927354991639,0.51072645008361
"Not_Repaid","Not_Repaid",0.996241613232123,0.00375838676787748
"Not_Repaid","Not_Repaid",0.514912656012689,0.485087343987311
"Repaid","Repaid",0.0627561577986546,0.937243842201345
"Not_Repaid","Not_Repaid",0.9637366519464,0.0362633480535996
"Not_Repaid","Not_Repaid",0.983219487010788,0.016780512989212
"Not_Repaid","Not_Repaid",0.760417840687219,0.239582159312781
"Repaid","Repaid",0.0329439978600782,0.967056002139922
"Repaid","Repaid",0.345186401832452,0.654813598167548
"Repaid","Repaid",0.103662738516436,0.896337261483564
"Repaid","Not_Repaid",0.766255603267993,0.233744396732007
"Not_Repaid","Not_Repaid",0.635739793167521,0.364260206832479
"Not_Repaid","Repaid",0.0432977019576826,0.956702298042317
"Not_Repaid","Not_Repaid",0.570784560199863,0.429215439800137
"Repaid","Repaid",0.155052086875067,0.844947913124933
"Not_Repaid","Not_Repaid",0.901178682632842,0.0988213173671582
"Not_Repaid","Not_Repaid",0.734497780695009,0.265502219304991
"Repaid","Repaid",0.112955093853476,0.887044906146524
"Not_Repaid","Repaid",0.173794544014488,0.826205455985512
"Not_Repaid","Repaid",0.307806421754356,0.692193578245644
"Repaid","Repaid",0.131447759178976,0.868552240821024
"Not_Repaid","Not_Repaid",0.839833064917895,0.160166935082105
"Repaid","Repaid",0.0269984334499607,0.973001566550039
"Not_Repaid","Not_Repaid",0.759706662439153,0.240293337560847
"Not_Repaid","Not_Repaid",0.989571797725994,0.0104282022740056
"Repaid","Repaid",0.111021602030438,0.888978397969562
"Repaid","Not_Repaid",0.777574979381494,0.222425020618506
"Repaid","Repaid",0.0470141996472835,0.952985800352717
"Repaid","Repaid",0.0174399555026087,0.982560044497391
"Repaid","Repaid",0.0318883179817383,0.968111682018262
"Repaid","Repaid",0.219083818106475,0.780916181893525
"Not_Repaid","Not_Repaid",0.946725433019945,0.0532745669800546
"Repaid","Repaid",0.260909799897774,0.739090200102226
"Not_Repaid","Not_Repaid",0.741615321560523,0.258384678439477
"Repaid","Repaid",0.0205385991013016,0.979461400898698
"Not_Repaid","Repaid",0.0871248310168513,0.912875168983149
"Repaid","Repaid",0.105828524749111,0.894171475250889
"Not_Repaid","Not_Repaid",0.657033976992447,0.342966023007553
"Repaid","Repaid",0.0192349193146785,0.980765080685322
"Repaid","Repaid",0.0299909075245587,0.970009092475441
"Repaid","Repaid",0.180250182730998,0.819749817269002
"Repaid","Repaid",0.408411785712399,0.591588214287601
"Not_Repaid","Not_Repaid",0.535667022164473,0.464332977835527
"Repaid","Repaid",0.403124624233821,0.596875375766179
"Repaid","Not_Repaid",0.669433197584172,0.330566802415828
"Not_Repaid","Not_Repaid",0.767428741080758,0.232571258919242
"Repaid","Not_Repaid",0.562052404771115,0.437947595228885
"Repaid","Repaid",0.0342395229736041,0.965760477026396
"Not_Repaid","Not_Repaid",0.743714697753842,0.256285302246158
"Repaid","Repaid",0.107810720062653,0.892189279937347
"Repaid","Repaid",0.153240526066092,0.846759473933908
"Not_Repaid","Not_Repaid",0.789650386227191,0.210349613772809
"Not_Repaid","Repaid",0.148912923393969,0.85108707660603
"Not_Repaid","Repaid",0.0138233824737223,0.986176617526278
"Not_Repaid","Not_Repaid",0.925790281218873,0.074209718781127
"Not_Repaid","Not_Repaid",0.527478895793039,0.472521104206961
"Not_Repaid","Not_Repaid",0.606299243819791,0.393700756180209
"Not_Repaid","Not_Repaid",0.738541411881927,0.261458588118073
"Repaid","Not_Repaid",0.86865106218563,0.13134893781437
"Repaid","Repaid",0.0467937073809703,0.95320629261903
"Not_Repaid","Not_Repaid",0.955544547012597,0.0444554529874033
"Not_Repaid","Not_Repaid",0.502946393687776,0.497053606312224
"Not_Repaid","Not_Repaid",0.944290955620024,0.0557090443799759
"Not_Repaid","Not_Repaid",0.971743670289336,0.0282563297106641
"Repaid","Repaid",0.0587411625959641,0.941258837404036
"Repaid","Repaid",0.393152367667569,0.606847632332431
"Not_Repaid","Not_Repaid",0.942159306086298,0.0578406939137019
"Not_Repaid","Repaid",0.233870400131142,0.766129599868858
"Repaid","Repaid",0.144060044830806,0.855939955169194
"Not_Repaid","Not_Repaid",0.945302312328465,0.0546976876715347
"Repaid","Repaid",0.0350996591459454,0.964900340854055
"Not_Repaid","Not_Repaid",0.901930596801527,0.0980694031984727
"Not_Repaid","Not_Repaid",0.98589005912425,0.0141099408757496
"Not_Repaid","Not_Repaid",0.99102297046208,0.00897702953791985
"Not_Repaid","Not_Repaid",0.868820376080465,0.131179623919535
"Repaid","Repaid",0.219760722848652,0.780239277151348
"Not_Repaid","Not_Repaid",0.677014976506597,0.322985023493403
"Not_Repaid","Not_Repaid",0.636398815160028,0.363601184839972
"Repaid","Repaid",0.274489240389333,0.725510759610667
"Repaid","Not_Repaid",0.937971076311059,0.0620289236889413
"Repaid","Repaid",0.0428697531722484,0.957130246827752
"Repaid","Repaid",0.0343038017615401,0.96569619823846
"Not_Repaid","Not_Repaid",0.843500090156528,0.156499909843472
"Not_Repaid","Repaid",0.368102012643258,0.631897987356742
"Repaid","Repaid",0.12539435656023,0.87460564343977
"Repaid","Repaid",0.0519166254420789,0.948083374557921
"Not_Repaid","Not_Repaid",0.637137640274749,0.362862359725251
"Not_Repaid","Not_Repaid",0.584097649077143,0.415902350922857
"Not_Repaid","Not_Repaid",0.958431367601363,0.0415686323986365
"Repaid","Repaid",0.0276450605486135,0.972354939451387
"Not_Repaid","Not_Repaid",0.798378230612047,0.201621769387953
"Not_Repaid","Not_Repaid",0.878014243850286,0.121985756149714
"Repaid","Repaid",0.45821856462814,0.54178143537186
"Not_Repaid","Not_Repaid",0.538968334728045,0.461031665271955
"Repaid","Repaid",0.320658881994928,0.679341118005072
"Not_Repaid","Not_Repaid",0.641284289136837,0.358715710863163
"Repaid","Repaid",0.0726673624939471,0.927332637506053
"Not_Repaid","Not_Repaid",0.957561794398292,0.0424382056017084
"Repaid","Not_Repaid",0.580462230824242,0.419537769175758
"Repaid","Repaid",0.131212630222485,0.868787369777515
"Not_Repaid","Not_Repaid",0.918052490692493,0.0819475093075074
"Repaid","Repaid",0.07748342883871,0.92251657116129
"Not_Repaid","Not_Repaid",0.890314054583489,0.109685945416511
"Not_Repaid","Not_Repaid",0.844801579035758,0.155198420964242
"Not_Repaid","Not_Repaid",0.639355087048132,0.360644912951868
"Not_Repaid","Not_Repaid",0.738560291075146,0.261439708924854
"Not_Repaid","Not_Repaid",0.687981426777257,0.312018573222742
"Not_Repaid","Not_Repaid",0.877897815133959,0.122102184866041
"Not_Repaid","Repaid",0.0972286640717872,0.902771335928213
"Not_Repaid","Not_Repaid",0.665158702942829,0.334841297057171
"Not_Repaid","Not_Repaid",0.876159830978536,0.123840169021464
"Not_Repaid","Not_Repaid",0.677317978097493,0.322682021902507
"Not_Repaid","Not_Repaid",0.95689105269296,0.0431089473070398
"Repaid","Repaid",0.169730238150349,0.830269761849651
"Not_Repaid","Repaid",0.167609567920681,0.832390432079319
"Not_Repaid","Not_Repaid",0.976988642391008,0.0230113576089921
"Not_Repaid","Not_Repaid",0.941101658942611,0.0588983410573892
"Not_Repaid","Repaid",0.0996548685204585,0.900345131479542
"Repaid","Repaid",0.0429882500295925,0.957011749970407
"Repaid","Repaid",0.0242302985476466,0.975769701452353
"Not_Repaid","Not_Repaid",0.902361838903168,0.0976381610968324
"Not_Repaid","Not_Repaid",0.944100866856704,0.0558991331432959
"Not_Repaid","Not_Repaid",0.658279086767094,0.341720913232906
"Not_Repaid","Not_Repaid",0.987888518249889,0.0121114817501115
"Not_Repaid","Not_Repaid",0.82971806049523,0.17028193950477
"Not_Repaid","Not_Repaid",0.937871677835501,0.0621283221644994
"Repaid","Repaid",0.0899939539511958,0.910006046048804
"Repaid","Repaid",0.158894988222292,0.841105011777708
"Repaid","Repaid",0.176762316499875,0.823237683500125
"Not_Repaid","Not_Repaid",0.654288334090297,0.345711665909703
"Repaid","Repaid",0.0249778510922404,0.97502214890776
"Repaid","Repaid",0.0785819043079581,0.921418095692042
"Not_Repaid","Not_Repaid",0.899482145120051,0.100517854879949
"Repaid","Repaid",0.0797450992147589,0.920254900785241
"Repaid","Repaid",0.186311351177247,0.813688648822753
"Not_Repaid","Not_Repaid",0.873571240778391,0.126428759221609
"Not_Repaid","Not_Repaid",0.947832252072814,0.0521677479271856
"Not_Repaid","Not_Repaid",0.728244745008535,0.271755254991465
"Repaid","Repaid",0.0299832708898078,0.970016729110192
"Not_Repaid","Not_Repaid",0.873578043735147,0.126421956264853
"Not_Repaid","Not_Repaid",0.950792328195993,0.0492076718040068
"Not_Repaid","Not_Repaid",0.865963897285121,0.134036102714879
"Not_Repaid","Not_Repaid",0.961498438831178,0.0385015611688216
"Not_Repaid","Not_Repaid",0.622084333224232,0.377915666775768
"Repaid","Repaid",0.246146718767641,0.753853281232359
"Repaid","Repaid",0.101022152715233,0.898977847284767
"Repaid","Repaid",0.0686275094149764,0.931372490585024
"Not_Repaid","Not_Repaid",0.625768805984753,0.374231194015247
"Not_Repaid","Not_Repaid",0.746150706086555,0.253849293913445
"Not_Repaid","Not_Repaid",0.919158156783548,0.0808418432164517
"Not_Repaid","Not_Repaid",0.916685076225034,0.0833149237749659
"Not_Repaid","Not_Repaid",0.99581313492306,0.00418686507694019
"Repaid","Not_Repaid",0.864028691354252,0.135971308645748
"Repaid","Not_Repaid",0.598855453608524,0.401144546391476
"Repaid","Repaid",0.0792675292777774,0.920732470722223
"Repaid","Repaid",0.0898670575549245,0.910132942445075
"Not_Repaid","Not_Repaid",0.764370786650948,0.235629213349052
"Repaid","Repaid",0.0564481083440679,0.943551891655932
"Not_Repaid","Not_Repaid",0.843605915650772,0.156394084349228
"Repaid","Repaid",0.046242987426268,0.953757012573732
"Not_Repaid","Not_Repaid",0.658233792097035,0.341766207902965
"Repaid","Repaid",0.193825056766241,0.806174943233759
"Not_Repaid","Not_Repaid",0.759689875453999,0.240310124546001
"Not_Repaid","Repaid",0.333676854337154,0.666323145662846
"Not_Repaid","Repaid",0.296396692141091,0.703603307858909
"Repaid","Not_Repaid",0.660521213953728,0.339478786046272
"Repaid","Repaid",0.0336108353621152,0.966389164637885
"Not_Repaid","Not_Repaid",0.554133454796338,0.445866545203662
"Not_Repaid","Not_Repaid",0.730641542479477,0.269358457520523
"Not_Repaid","Not_Repaid",0.845387484254035,0.154612515745965
"Not_Repaid","Not_Repaid",0.960793946086685,0.0392060539133145
"Repaid","Repaid",0.0991359312352239,0.900864068764776
"Not_Repaid","Not_Repaid",0.888824737177161,0.111175262822839
"Repaid","Repaid",0.248700644999065,0.751299355000935
"Repaid","Not_Repaid",0.658077340528275,0.341922659471725
"Repaid","Repaid",0.0167453321058872,0.983254667894113
"Not_Repaid","Not_Repaid",0.964980581255615,0.0350194187443846
"Repaid","Repaid",0.0876697902455477,0.912330209754452
"Repaid","Not_Repaid",0.639266301623107,0.360733698376893
"Repaid","Repaid",0.0212649004550395,0.97873509954496
"Not_Repaid","Not_Repaid",0.667353961328027,0.332646038671973
"Repaid","Repaid",0.0443282624943007,0.955671737505699
"Not_Repaid","Not_Repaid",0.919010504898,0.0809894951020002
"Not_Repaid","Not_Repaid",0.699263784655858,0.300736215344142
"Repaid","Repaid",0.170049217989387,0.829950782010613
"Not_Repaid","Not_Repaid",0.840631529795811,0.159368470204189
"Not_Repaid","Repaid",0.351643194749406,0.648356805250594
"Repaid","Repaid",0.488525151349828,0.511474848650172
"Not_Repaid","Not_Repaid",0.57778190833511,0.422218091664891
"Repaid","Repaid",0.0342644643925917,0.965735535607408
"Not_Repaid","Not_Repaid",0.634950513882505,0.365049486117495
"Repaid","Not_Repaid",0.745516059076697,0.254483940923303
"Not_Repaid","Repaid",0.497869101443753,0.502130898556247
"Not_Repaid","Not_Repaid",0.934545054089569,0.065454945910431
"Not_Repaid","Not_Repaid",0.911965183729086,0.0880348162709144
"Not_Repaid","Not_Repaid",0.863483863969141,0.136516136030859
"Repaid","Repaid",0.333152001416597,0.666847998583403
"Repaid","Repaid",0.0225550105542431,0.977444989445757
"Not_Repaid","Not_Repaid",0.717834867591806,0.282165132408194
"Not_Repaid","Not_Repaid",0.826328861072297,0.173671138927703
"Repaid","Repaid",0.174672021563829,0.825327978436171
"Not_Repaid","Not_Repaid",0.973227903988403,0.0267720960115975
"Not_Repaid","Not_Repaid",0.940067057389089,0.0599329426109109
"Not_Repaid","Not_Repaid",0.791141204066672,0.208858795933328
"Not_Repaid","Not_Repaid",0.885870583040779,0.114129416959221
"Repaid","Repaid",0.0295562838966614,0.970443716103339
"Not_Repaid","Not_Repaid",0.973249478399893,0.0267505216001067
"Repaid","Repaid",0.298960215707072,0.701039784292928
"Not_Repaid","Not_Repaid",0.655916878460554,0.344083121539446
"Repaid","Repaid",0.126407067372707,0.873592932627293
"Not_Repaid","Repaid",0.234148134094502,0.765851865905498
"Not_Repaid","Not_Repaid",0.913791776560685,0.0862082234393151
"Repaid","Repaid",0.070505890179302,0.929494109820698
"Repaid","Repaid",0.365576800101207,0.634423199898793
"Not_Repaid","Not_Repaid",0.614256993535499,0.385743006464501
"Not_Repaid","Not_Repaid",0.674824483408499,0.325175516591501
"Not_Repaid","Not_Repaid",0.992546499438065,0.00745350056193451
"Not_Repaid","Not_Repaid",0.640893230480476,0.359106769519524
"Not_Repaid","Not_Repaid",0.898628808363846,0.101371191636154
"Repaid","Not_Repaid",0.773088045963676,0.226911954036324
"Repaid","Not_Repaid",0.590842861085055,0.409157138914945
"Repaid","Repaid",0.0580588202283991,0.941941179771601
"Not_Repaid","Not_Repaid",0.914830593760177,0.0851694062398232
"Not_Repaid","Not_Repaid",0.988202215523841,0.0117977844761592
"Repaid","Not_Repaid",0.63154911896199,0.36845088103801
"Repaid","Repaid",0.0733208560809695,0.92667914391903
"Not_Repaid","Not_Repaid",0.963064526144696,0.0369354738553036
"Repaid","Repaid",0.273846514107835,0.726153485892165
"Repaid","Repaid",0.264045675629122,0.735954324370878
"Not_Repaid","Not_Repaid",0.721333726078918,0.278666273921082
"Not_Repaid","Not_Repaid",0.822564895584528,0.177435104415472
"Not_Repaid","Not_Repaid",0.861605688361242,0.138394311638758
"Repaid","Not_Repaid",0.521761052059236,0.478238947940764
"Not_Repaid","Not_Repaid",0.979544559014695,0.020455440985305
"Repaid","Repaid",0.303047007627649,0.69695299237235
"Not_Repaid","Not_Repaid",0.862183592367264,0.137816407632736
"Not_Repaid","Repaid",0.32175926292103,0.67824073707897
"Not_Repaid","Not_Repaid",0.804235908793759,0.195764091206241
"Not_Repaid","Repaid",0.156235770703822,0.843764229296178
"Repaid","Repaid",0.0252092181938341,0.974790781806166
"Repaid","Repaid",0.0963467038972793,0.903653296102721
"Repaid","Repaid",0.0201546294640897,0.97984537053591
"Repaid","Repaid",0.0262432934506139,0.973756706549386
"Not_Repaid","Not_Repaid",0.91537609507456,0.0846239049254404
"Not_Repaid","Not_Repaid",0.702423984487876,0.297576015512124
"Repaid","Not_Repaid",0.64317617255528,0.35682382744472
"Repaid","Repaid",0.283035795538811,0.716964204461189
"Not_Repaid","Not_Repaid",0.572366569487207,0.427633430512793
"Repaid","Repaid",0.0229880160424945,0.977011983957506
"Repaid","Repaid",0.0498603432979715,0.950139656702028
"Repaid","Not_Repaid",0.815424548794262,0.184575451205739
"Not_Repaid","Not_Repaid",0.95310215856686,0.0468978414331397
"Not_Repaid","Not_Repaid",0.909401925343817,0.0905980746561827
"Repaid","Repaid",0.124205800819799,0.875794199180201
"Repaid","Repaid",0.0429667101062653,0.957033289893735
"Repaid","Repaid",0.149817600583415,0.850182399416585
"Not_Repaid","Not_Repaid",0.977399355588861,0.0226006444111385
"Not_Repaid","Not_Repaid",0.575181298685729,0.424818701314271
"Not_Repaid","Not_Repaid",0.905798169411173,0.094201830588827
"Not_Repaid","Not_Repaid",0.718289125983756,0.281710874016244
"Repaid","Repaid",0.0429178356784148,0.957082164321585
"Not_Repaid","Not_Repaid",0.95618886128687,0.04381113871313
"Not_Repaid","Not_Repaid",0.893607601626456,0.106392398373544
"Repaid","Repaid",0.0909405883322335,0.909059411667766
"Repaid","Repaid",0.270345846377732,0.729654153622268
"Repaid","Not_Repaid",0.783696144691586,0.216303855308414
"Not_Repaid","Not_Repaid",0.911641846538679,0.0883581534613213
"Not_Repaid","Not_Repaid",0.675956490408264,0.324043509591736
"Repaid","Repaid",0.0218352996616532,0.978164700338347
"Not_Repaid","Not_Repaid",0.86489497757465,0.13510502242535
"Not_Repaid","Not_Repaid",0.962472085099435,0.0375279149005646
"Repaid","Not_Repaid",0.532405818211168,0.467594181788832
"Not_Repaid","Repaid",0.207591010565493,0.792408989434507
"Repaid","Repaid",0.198687353893678,0.801312646106322
"Repaid","Repaid",0.0129796104740778,0.987020389525922
"Repaid","Repaid",0.0392776773970929,0.960722322602907
"Not_Repaid","Not_Repaid",0.566622099021127,0.433377900978873
"Repaid","Repaid",0.220882256746805,0.779117743253195
"Repaid","Repaid",0.0365731577699785,0.963426842230022
"Repaid","Repaid",0.142042787620023,0.857957212379977
"Repaid","Repaid",0.0635771776189934,0.936422822381007
"Not_Repaid","Not_Repaid",0.59252552864066,0.407474471359339
"Repaid","Repaid",0.285533240427493,0.714466759572507
"Not_Repaid","Not_Repaid",0.839523873295364,0.160476126704636
"Not_Repaid","Not_Repaid",0.791783981501225,0.208216018498775
"Repaid","Not_Repaid",0.850873345127773,0.149126654872227
"Not_Repaid","Not_Repaid",0.702863589290129,0.297136410709871
"Not_Repaid","Not_Repaid",0.825774475294825,0.174225524705175
"Not_Repaid","Not_Repaid",0.967669503867926,0.032330496132074
"Repaid","Not_Repaid",0.799877912755685,0.200122087244315
"Repaid","Repaid",0.0494392930179708,0.950560706982029
"Not_Repaid","Not_Repaid",0.717308218534771,0.282691781465229
"Repaid","Not_Repaid",0.675601360875573,0.324398639124427
"Not_Repaid","Not_Repaid",0.585157997943873,0.414842002056127
"Not_Repaid","Repaid",0.289669102006172,0.710330897993828
"Repaid","Repaid",0.0298693448680324,0.970130655131968
"Not_Repaid","Not_Repaid",0.601948609265801,0.398051390734199
"Repaid","Repaid",0.401482466521365,0.598517533478635
"Repaid","Not_Repaid",0.86752410021464,0.13247589978536
"Not_Repaid","Not_Repaid",0.86580224307905,0.13419775692095
"Repaid","Repaid",0.378397915993195,0.621602084006805
"Repaid","Repaid",0.423875458600507,0.576124541399493
"Repaid","Repaid",0.0697427029902649,0.930257297009735
"Repaid","Repaid",0.0300263431339083,0.969973656866092
"Repaid","Repaid",0.121412087897339,0.878587912102661
"Repaid","Repaid",0.115163222086558,0.884836777913442
"Not_Repaid","Not_Repaid",0.957637182722764,0.0423628172772363
"Not_Repaid","Not_Repaid",0.718556988842243,0.281443011157757
"Repaid","Repaid",0.0732244371100583,0.926775562889942
"Not_Repaid","Not_Repaid",0.621715606479064,0.378284393520936
"Not_Repaid","Not_Repaid",0.844449691198179,0.155550308801821
"Repaid","Repaid",0.0676063277372854,0.932393672262715
"Not_Repaid","Not_Repaid",0.888197889059455,0.111802110940545
"Not_Repaid","Not_Repaid",0.590670113964089,0.409329886035911
"Repaid","Repaid",0.13608167146303,0.86391832853697
"Repaid","Not_Repaid",0.974752165853843,0.025247834146157
"Repaid","Repaid",0.162692488330359,0.837307511669641
"Repaid","Repaid",0.39457046412108,0.60542953587892
"Not_Repaid","Not_Repaid",0.933933481521944,0.0660665184780559
"Repaid","Repaid",0.0490719366131755,0.950928063386824
"Not_Repaid","Not_Repaid",0.990795624301217,0.00920437569878261
"Not_Repaid","Repaid",0.112200987199321,0.887799012800679
"Not_Repaid","Not_Repaid",0.979387322940399,0.0206126770596012
"Repaid","Repaid",0.0877535146281251,0.912246485371875
"Not_Repaid","Not_Repaid",0.81769857672707,0.18230142327293
"Not_Repaid","Not_Repaid",0.972113165961926,0.0278868340380737
"Not_Repaid","Repaid",0.0872839298709078,0.912716070129092
"Not_Repaid","Not_Repaid",0.982394660469573,0.0176053395304269
"Not_Repaid","Not_Repaid",0.910807226946177,0.0891927730538231
"Not_Repaid","Repaid",0.23028289989172,0.76971710010828
"Repaid","Repaid",0.104559945779631,0.895440054220369
"Repaid","Not_Repaid",0.517752339745021,0.482247660254979
"Repaid","Repaid",0.236665297667418,0.763334702332582
"Not_Repaid","Not_Repaid",0.750433126551688,0.249566873448312
"Repaid","Repaid",0.175371223178203,0.824628776821797
"Repaid","Repaid",0.0227888120789236,0.977211187921076
"Not_Repaid","Not_Repaid",0.969795945534609,0.0302040544653913
"Repaid","Not_Repaid",0.592179495646612,0.407820504353388
"Repaid","Repaid",0.0142390334250216,0.985760966574978
"Not_Repaid","Not_Repaid",0.779892031009181,0.220107968990819
"Repaid","Not_Repaid",0.918944175961377,0.081055824038623
"Repaid","Repaid",0.0371552487506046,0.962844751249395
"Repaid","Repaid",0.159368453220487,0.840631546779513
"Repaid","Repaid",0.48694306207248,0.51305693792752
"Not_Repaid","Not_Repaid",0.907707624854541,0.0922923751454592
"Repaid","Repaid",0.252799576376057,0.747200423623943
"Repaid","Repaid",0.0224324366499391,0.977567563350061
"Repaid","Repaid",0.0310416046452912,0.968958395354709
"Not_Repaid","Not_Repaid",0.557866013182884,0.442133986817116
"Repaid","Not_Repaid",0.718002743498263,0.281997256501737
"Not_Repaid","Repaid",0.285494219328366,0.714505780671634
"Repaid","Repaid",0.17773218511742,0.82226781488258
"Repaid","Repaid",0.230910832055391,0.769089167944609
"Not_Repaid","Not_Repaid",0.941936661698009,0.0580633383019912
"Not_Repaid","Repaid",0.243842135554441,0.756157864445559
"Repaid","Repaid",0.164806549224948,0.835193450775052
"Repaid","Not_Repaid",0.951235570752432,0.0487644292475684
"Not_Repaid","Not_Repaid",0.740393653168209,0.259606346831791
"Not_Repaid","Not_Repaid",0.794402217531442,0.205597782468558
"Repaid","Repaid",0.200010839425367,0.799989160574633
"Not_Repaid","Repaid",0.344596598087103,0.655403401912897
"Not_Repaid","Not_Repaid",0.990012571928356,0.00998742807164355
"Repaid","Repaid",0.268273058589692,0.731726941410308
"Not_Repaid","Not_Repaid",0.967613744811039,0.032386255188961
"Repaid","Repaid",0.0926947227818602,0.90730527721814
"Not_Repaid","Not_Repaid",0.782839769992609,0.217160230007392
"Repaid","Not_Repaid",0.688599532201033,0.311400467798967
"Repaid","Repaid",0.450296983383866,0.549703016616134
"Not_Repaid","Not_Repaid",0.554014621882186,0.445985378117814
"Not_Repaid","Repaid",0.180238732545153,0.819761267454847
"Not_Repaid","Repaid",0.24572656472615,0.75427343527385
"Repaid","Repaid",0.0385608447249105,0.96143915527509
"Repaid","Repaid",0.0224586882734291,0.977541311726571
"Repaid","Not_Repaid",0.652723502116272,0.347276497883728
"Repaid","Repaid",0.100296678301597,0.899703321698403
"Not_Repaid","Repaid",0.284903118995639,0.715096881004361
"Not_Repaid","Not_Repaid",0.969988415450147,0.030011584549853
"Not_Repaid","Not_Repaid",0.855888504479388,0.144111495520612
"Repaid","Repaid",0.307594599439935,0.692405400560065
"Repaid","Repaid",0.266868318675472,0.733131681324528
"Repaid","Repaid",0.38563942130186,0.61436057869814
"Not_Repaid","Not_Repaid",0.888579361452898,0.111420638547102
"Repaid","Repaid",0.202511933732278,0.797488066267722
"Not_Repaid","Not_Repaid",0.936946112537384,0.063053887462616
"Not_Repaid","Not_Repaid",0.939343402949201,0.0606565970507989
"Not_Repaid","Repaid",0.43205790890624,0.56794209109376
"Repaid","Not_Repaid",0.70675605034642,0.29324394965358
"Not_Repaid","Not_Repaid",0.795452767348867,0.204547232651133
"Repaid","Repaid",0.326095857793195,0.673904142206805
"Not_Repaid","Not_Repaid",0.960787405339942,0.0392125946600582
"Not_Repaid","Not_Repaid",0.950506170179036,0.0494938298209639
"Not_Repaid","Not_Repaid",0.953742857290826,0.0462571427091741
"Repaid","Repaid",0.20584004448892,0.79415995551108
"Repaid","Not_Repaid",0.633606592300495,0.366393407699505
"Repaid","Repaid",0.0159749242896782,0.984025075710322
"Not_Repaid","Not_Repaid",0.611951646510486,0.388048353489514
"Repaid","Repaid",0.266917219223115,0.733082780776885
"Repaid","Repaid",0.0725209429353902,0.92747905706461
"Repaid","Not_Repaid",0.550402754528194,0.449597245471807
"Not_Repaid","Not_Repaid",0.910925755626162,0.0890742443738378
"Not_Repaid","Not_Repaid",0.95233872091038,0.0476612790896204
"Not_Repaid","Not_Repaid",0.851823185596915,0.148176814403085
"Repaid","Not_Repaid",0.872054765821426,0.127945234178574
"Repaid","Not_Repaid",0.898292660465163,0.101707339534837
"Not_Repaid","Not_Repaid",0.752545954395689,0.247454045604311
"Repaid","Repaid",0.0848871629435667,0.915112837056433
"Not_Repaid","Not_Repaid",0.803990955535395,0.196009044464605
"Not_Repaid","Not_Repaid",0.997008576565085,0.00299142343491467
"Repaid","Not_Repaid",0.639236500601881,0.360763499398119
"Not_Repaid","Repaid",0.482571731323962,0.517428268676038
"Not_Repaid","Not_Repaid",0.956092250808567,0.0439077491914329
"Repaid","Repaid",0.174747778266419,0.825252221733581
"Not_Repaid","Repaid",0.375993740325572,0.624006259674428
"Repaid","Repaid",0.0232118426422404,0.97678815735776
"Repaid","Repaid",0.115849474531147,0.884150525468853
"Not_Repaid","Not_Repaid",0.821820647498024,0.178179352501976
"Repaid","Repaid",0.387943455501753,0.612056544498247
"Not_Repaid","Not_Repaid",0.516339781677377,0.483660218322623
"Repaid","Repaid",0.0473294133086832,0.952670586691317
"Repaid","Repaid",0.119282172730787,0.880717827269213
"Not_Repaid","Not_Repaid",0.510906740357377,0.489093259642623
"Repaid","Not_Repaid",0.624600200636283,0.375399799363717
"Not_Repaid","Not_Repaid",0.736539034403562,0.263460965596438
"Repaid","Repaid",0.42613625767655,0.57386374232345
"Not_Repaid","Repaid",0.283696438315056,0.716303561684944
"Not_Repaid","Not_Repaid",0.743813527296297,0.256186472703703
"Not_Repaid","Not_Repaid",0.629603045955955,0.370396954044045
"Not_Repaid","Not_Repaid",0.987716620868881,0.0122833791311194
"Repaid","Not_Repaid",0.842448463467655,0.157551536532345
"Not_Repaid","Not_Repaid",0.58538724885053,0.41461275114947
"Repaid","Repaid",0.423492244858711,0.576507755141289
"Not_Repaid","Not_Repaid",0.832646539917218,0.167353460082782
"Not_Repaid","Not_Repaid",0.966039863145545,0.0339601368544553
"Repaid","Repaid",0.104753645521874,0.895246354478126
"Not_Repaid","Not_Repaid",0.624681495788007,0.375318504211993
"Repaid","Repaid",0.274291565004644,0.725708434995356
"Not_Repaid","Not_Repaid",0.901626173608093,0.0983738263919067
"Repaid","Not_Repaid",0.541011836620746,0.458988163379254
"Not_Repaid","Not_Repaid",0.844662499803752,0.155337500196248
"Not_Repaid","Not_Repaid",0.651146712294246,0.348853287705754
"Repaid","Repaid",0.0341993422434467,0.965800657756553
"Not_Repaid","Not_Repaid",0.850812519077534,0.149187480922466
"Not_Repaid","Not_Repaid",0.55745917278091,0.44254082721909
"Not_Repaid","Not_Repaid",0.992429274572025,0.00757072542797506
"Repaid","Repaid",0.182649908120855,0.817350091879145
"Not_Repaid","Not_Repaid",0.943841362133986,0.0561586378660145
"Repaid","Not_Repaid",0.501339568554604,0.498660431445396
"Repaid","Not_Repaid",0.803148311400353,0.196851688599647
"Repaid","Not_Repaid",0.744633753453205,0.255366246546794
"Not_Repaid","Not_Repaid",0.989715435896925,0.0102845641030749
"Repaid","Repaid",0.0604853662032672,0.939514633796733
"Repaid","Repaid",0.139822938360173,0.860177061639827
"Repaid","Repaid",0.323245395994712,0.676754604005288
"Not_Repaid","Repaid",0.0181460161579723,0.981853983842028
"Not_Repaid","Not_Repaid",0.811506625900142,0.188493374099858
"Not_Repaid","Not_Repaid",0.976779459154657,0.0232205408453428
"Not_Repaid","Not_Repaid",0.675768177845328,0.324231822154673
"Repaid","Repaid",0.349849868417163,0.650150131582837
"Not_Repaid","Repaid",0.2070073185973,0.7929926814027
"Not_Repaid","Not_Repaid",0.985704108850746,0.0142958911492536
"Repaid","Repaid",0.109199481981093,0.890800518018907
"Not_Repaid","Not_Repaid",0.973385042148094,0.0266149578519062
"Repaid","Not_Repaid",0.556410355228381,0.443589644771619
"Repaid","Repaid",0.310227468187126,0.689772531812874
"Repaid","Not_Repaid",0.524072857419337,0.475927142580663
"Repaid","Repaid",0.305387917088885,0.694612082911115
"Not_Repaid","Not_Repaid",0.920171764105388,0.0798282358946116
"Not_Repaid","Not_Repaid",0.913743859471592,0.0862561405284078
"Repaid","Repaid",0.316013670443226,0.683986329556774
"Repaid","Repaid",0.179426312851808,0.820573687148192
"Repaid","Repaid",0.0785826196954348,0.921417380304565
"Repaid","Repaid",0.0324763364809438,0.967523663519056
"Repaid","Repaid",0.382764765885508,0.617235234114492
"Repaid","Repaid",0.0274105914315208,0.972589408568479
"Not_Repaid","Not_Repaid",0.941249720128306,0.0587502798716936
"Not_Repaid","Not_Repaid",0.942536507081687,0.0574634929183132
"Repaid","Repaid",0.290439290191003,0.709560709808997
"Not_Repaid","Not_Repaid",0.565874831194235,0.434125168805765
"Not_Repaid","Repaid",0.177798161660864,0.822201838339136
"Repaid","Repaid",0.0597832812955705,0.94021671870443
"Repaid","Not_Repaid",0.511995383201497,0.488004616798504
"Repaid","Not_Repaid",0.733457820468813,0.266542179531187
"Repaid","Repaid",0.376896529223012,0.623103470776988
"Not_Repaid","Not_Repaid",0.514191050309015,0.485808949690985
"Not_Repaid","Not_Repaid",0.9687165510078,0.0312834489921996
"Repaid","Repaid",0.237307901385958,0.762692098614042
"Not_Repaid","Not_Repaid",0.719399655979749,0.280600344020251
"Repaid","Repaid",0.129942288022551,0.870057711977449
"Repaid","Repaid",0.0940314415124606,0.905968558487539
"Repaid","Repaid",0.111625674244814,0.888374325755186
"Repaid","Repaid",0.0626938015802386,0.937306198419761
"Not_Repaid","Not_Repaid",0.559332178029353,0.440667821970648
"Not_Repaid","Not_Repaid",0.851802194581479,0.148197805418521
"Repaid","Repaid",0.0255594051038258,0.974440594896174
"Repaid","Repaid",0.0797526851038786,0.920247314896121
"Repaid","Repaid",0.205254214739743,0.794745785260257
"Repaid","Repaid",0.0883947719748092,0.911605228025191
"Not_Repaid","Not_Repaid",0.980857027624479,0.0191429723755207
"Repaid","Repaid",0.0172988496431425,0.982701150356857
"Not_Repaid","Not_Repaid",0.549334604336238,0.450665395663762
"Repaid","Repaid",0.165355647396372,0.834644352603628
"Repaid","Repaid",0.111502505033778,0.888497494966222
"Not_Repaid","Repaid",0.45811363198711,0.54188636801289
"Not_Repaid","Repaid",0.0962244990199573,0.903775500980043
"Repaid","Repaid",0.0455247551615949,0.954475244838405
"Repaid","Repaid",0.130144312552538,0.869855687447462
"Not_Repaid","Not_Repaid",0.979608902945436,0.020391097054564
"Not_Repaid","Repaid",0.49215583764441,0.50784416235559
"Repaid","Repaid",0.266976646012689,0.73302335398731
"Repaid","Not_Repaid",0.835203498407304,0.164796501592696
"Repaid","Repaid",0.101773084387051,0.898226915612949
"Repaid","Repaid",0.319246044181179,0.680753955818821
"Repaid","Repaid",0.432707686924013,0.567292313075987
"Not_Repaid","Not_Repaid",0.772221759804476,0.227778240195524
"Repaid","Not_Repaid",0.538200660979901,0.461799339020099
"Not_Repaid","Not_Repaid",0.7024446422245,0.2975553577755
"Not_Repaid","Repaid",0.38559681455811,0.61440318544189
"Repaid","Repaid",0.162282356322482,0.837717643677518
"Not_Repaid","Not_Repaid",0.583772099409116,0.416227900590884
"Not_Repaid","Not_Repaid",0.966798761581303,0.0332012384186968
"Repaid","Not_Repaid",0.944574989364494,0.0554250106355057
"Repaid","Repaid",0.0871145611456842,0.912885438854316
"Not_Repaid","Not_Repaid",0.691196134558483,0.308803865441517
"Not_Repaid","Not_Repaid",0.541242252008423,0.458757747991577
"Not_Repaid","Repaid",0.086267873625691,0.913732126374309
"Repaid","Repaid",0.356714440358336,0.643285559641664
"Repaid","Repaid",0.273823277318138,0.726176722681862
"Not_Repaid","Not_Repaid",0.662781799332385,0.337218200667615
"Repaid","Repaid",0.294708832779548,0.705291167220452
"Repaid","Not_Repaid",0.517198769623683,0.482801230376317
"Repaid","Not_Repaid",0.854029987017987,0.145970012982013
"Not_Repaid","Not_Repaid",0.965734678757564,0.0342653212424357
"Repaid","Repaid",0.335039518228062,0.664960481771938
"Repaid","Repaid",0.47454025613411,0.52545974386589
"Repaid","Repaid",0.0219716631774337,0.978028336822566
"Repaid","Repaid",0.0568761035237669,0.943123896476233
"Repaid","Repaid",0.0368262634301925,0.963173736569808
"Not_Repaid","Not_Repaid",0.69145562217418,0.30854437782582
"Repaid","Not_Repaid",0.844071826872823,0.155928173127177
"Not_Repaid","Not_Repaid",0.956941023960184,0.0430589760398158
"Repaid","Not_Repaid",0.754574450100755,0.245425549899245
"Repaid","Repaid",0.0257037869038275,0.974296213096173
"Repaid","Repaid",0.0405135617700199,0.95948643822998
"Repaid","Not_Repaid",0.671017621093147,0.328982378906853
"Not_Repaid","Repaid",0.43972762885251,0.56027237114749
"Repaid","Repaid",0.188470108167788,0.811529891832212
"Repaid","Repaid",0.0466539819250651,0.953346018074935
"Repaid","Not_Repaid",0.944933857977917,0.0550661420220834
"Repaid","Repaid",0.164775855682966,0.835224144317034
"Repaid","Repaid",0.230546760412913,0.769453239587087
"Not_Repaid","Not_Repaid",0.855092293450893,0.144907706549107
"Repaid","Repaid",0.092176738844379,0.907823261155621
"Repaid","Repaid",0.223997864609884,0.776002135390116
"Not_Repaid","Not_Repaid",0.80076816207945,0.19923183792055
"Repaid","Repaid",0.0952035008368854,0.904796499163115
"Repaid","Not_Repaid",0.708617612327223,0.291382387672777
"Not_Repaid","Not_Repaid",0.992922927438428,0.00707707256157178
"Not_Repaid","Not_Repaid",0.911583338741476,0.0884166612585237
"Not_Repaid","Repaid",0.495306526290743,0.504693473709257
"Not_Repaid","Not_Repaid",0.955333743510892,0.0446662564891081
"Repaid","Repaid",0.179962064409783,0.820037935590217
"Repaid","Repaid",0.471894453879156,0.528105546120844
"Not_Repaid","Not_Repaid",0.758646253800892,0.241353746199108
"Not_Repaid","Not_Repaid",0.773739344717235,0.226260655282765
"Not_Repaid","Not_Repaid",0.773998186564773,0.226001813435227
"Not_Repaid","Not_Repaid",0.70646750206165,0.29353249793835
"Repaid","Repaid",0.0431745556874199,0.95682544431258
"Repaid","Repaid",0.346161439087655,0.653838560912345
"Repaid","Repaid",0.0349157556048384,0.965084244395162
"Repaid","Not_Repaid",0.60308437930244,0.39691562069756
"Repaid","Repaid",0.16105121335472,0.83894878664528
"Not_Repaid","Not_Repaid",0.82530706175093,0.17469293824907
"Not_Repaid","Not_Repaid",0.755783978296377,0.244216021703623
"Not_Repaid","Not_Repaid",0.99639479946986,0.00360520053014014
"Not_Repaid","Not_Repaid",0.974324082609944,0.0256759173900557
"Not_Repaid","Not_Repaid",0.865399298015002,0.134600701984998
"Not_Repaid","Not_Repaid",0.890889609045602,0.109110390954398
"Repaid","Repaid",0.266599348538653,0.733400651461347
"Not_Repaid","Repaid",0.371903455817425,0.628096544182575
"Not_Repaid","Not_Repaid",0.70207921836338,0.29792078163662
"Repaid","Repaid",0.0511135858150431,0.948886414184957
"Not_Repaid","Not_Repaid",0.808156347284823,0.191843652715177
"Not_Repaid","Repaid",0.135496861372583,0.864503138627417
"Not_Repaid","Not_Repaid",0.865829860133242,0.134170139866758
"Not_Repaid","Not_Repaid",0.965758737521456,0.0342412624785436
"Not_Repaid","Not_Repaid",0.926397819864183,0.0736021801358171
"Repaid","Repaid",0.426030334479628,0.573969665520372
"Repaid","Not_Repaid",0.892079666269324,0.107920333730676
"Repaid","Repaid",0.238112300664816,0.761887699335184
"Repaid","Repaid",0.023551026844185,0.976448973155815
"Not_Repaid","Not_Repaid",0.965677734761014,0.0343222652389864
"Repaid","Repaid",0.0394310429840002,0.960568957016
"Repaid","Repaid",0.0909943999197607,0.909005600080239
"Not_Repaid","Not_Repaid",0.910264811463577,0.0897351885364234
"Not_Repaid","Not_Repaid",0.922523366575385,0.077476633424615
"Repaid","Not_Repaid",0.802887038565074,0.197112961434926
"Not_Repaid","Not_Repaid",0.703909808573429,0.296090191426571
"Not_Repaid","Not_Repaid",0.82341249064447,0.17658750935553
"Repaid","Repaid",0.109966065239969,0.890033934760031
"Not_Repaid","Not_Repaid",0.509028729439375,0.490971270560625
"Repaid","Not_Repaid",0.815460992950607,0.184539007049393
"Repaid","Repaid",0.0287170345403626,0.971282965459637
"Repaid","Repaid",0.135977090976854,0.864022909023146
"Not_Repaid","Not_Repaid",0.985506231057712,0.0144937689422876
"Not_Repaid","Not_Repaid",0.962722368316884,0.0372776316831162
"Repaid","Repaid",0.108893749720941,0.891106250279059
"Repaid","Repaid",0.0391295468049935,0.960870453195007
"Not_Repaid","Not_Repaid",0.529816733937067,0.470183266062933
"Repaid","Repaid",0.0449075015818838,0.955092498418116
"Repaid","Repaid",0.135362851741858,0.864637148258142
"Not_Repaid","Not_Repaid",0.89813610545551,0.10186389454449
"Not_Repaid","Not_Repaid",0.802491307639283,0.197508692360717
"Not_Repaid","Repaid",0.377466823409431,0.622533176590569
"Not_Repaid","Not_Repaid",0.637515139194871,0.362484860805129
"Not_Repaid","Not_Repaid",0.652920164756927,0.347079835243073
"Not_Repaid","Not_Repaid",0.799735625280541,0.200264374719459
"Repaid","Repaid",0.0875871197920142,0.912412880207986
"Repaid","Repaid",0.426619574990414,0.573380425009586
"Repaid","Repaid",0.0613662637521697,0.93863373624783
"Repaid","Repaid",0.0297696275071567,0.970230372492843
"Not_Repaid","Repaid",0.112333240449376,0.887666759550624
"Not_Repaid","Repaid",0.072965081360584,0.927034918639416
"Repaid","Not_Repaid",0.691408204918244,0.308591795081756
"Not_Repaid","Not_Repaid",0.967991525512658,0.0320084744873417
"Not_Repaid","Repaid",0.341294339936546,0.658705660063454
"Repaid","Repaid",0.0398023103302407,0.960197689669759
"Repaid","Repaid",0.419673680880383,0.580326319119617
"Repaid","Repaid",0.117599516835067,0.882400483164933
"Repaid","Not_Repaid",0.64292545490039,0.35707454509961
"Repaid","Not_Repaid",0.727314473250571,0.272685526749429
"Not_Repaid","Not_Repaid",0.611437806049273,0.388562193950727
"Repaid","Repaid",0.0234902096583206,0.976509790341679
"Repaid","Repaid",0.0308972095279206,0.969102790472079
"Repaid","Repaid",0.0520380708991264,0.947961929100874
"Not_Repaid","Not_Repaid",0.736099949443248,0.263900050556752
"Repaid","Repaid",0.071544780229462,0.928455219770538
"Not_Repaid","Not_Repaid",0.812349245249121,0.187650754750879
"Repaid","Not_Repaid",0.806429470722085,0.193570529277915
"Repaid","Not_Repaid",0.71679340628155,0.28320659371845
"Not_Repaid","Not_Repaid",0.604376468951389,0.395623531048611
"Not_Repaid","Not_Repaid",0.919450575661196,0.0805494243388036
"Repaid","Repaid",0.0371025593593173,0.962897440640683
"Not_Repaid","Not_Repaid",0.935311770980396,0.064688229019604
"Repaid","Repaid",0.0871996318432547,0.912800368156745
"Repaid","Repaid",0.202702288406786,0.797297711593214
"Not_Repaid","Not_Repaid",0.958080036592469,0.0419199634075313
"Not_Repaid","Not_Repaid",0.757568344582181,0.242431655417819
"Repaid","Repaid",0.288894800090638,0.711105199909362
"Not_Repaid","Repaid",0.470056888584376,0.529943111415624
"Repaid","Repaid",0.0615337297328805,0.93846627026712
"Not_Repaid","Repaid",0.428252668774896,0.571747331225104
"Not_Repaid","Not_Repaid",0.875330077208985,0.124669922791015
"Not_Repaid","Not_Repaid",0.972156521366835,0.0278434786331653
"Repaid","Repaid",0.319585290153779,0.680414709846221
"Repaid","Repaid",0.32591978418193,0.67408021581807
"Repaid","Repaid",0.0382702502725423,0.961729749727458
"Repaid","Not_Repaid",0.731944380891702,0.268055619108298
"Not_Repaid","Not_Repaid",0.926180113876821,0.0738198861231789
"Not_Repaid","Repaid",0.0761343718366317,0.923865628163368
"Repaid","Repaid",0.0355219256730402,0.96447807432696
"Repaid","Repaid",0.10429445445717,0.89570554554283
"Repaid","Repaid",0.136192745832404,0.863807254167596
"Not_Repaid","Not_Repaid",0.593445631209289,0.406554368790711
"Repaid","Repaid",0.0485262727481011,0.951473727251899
"Not_Repaid","Not_Repaid",0.849493671942833,0.150506328057167
"Repaid","Repaid",0.0541732144254099,0.94582678557459
"Repaid","Repaid",0.205140444727399,0.794859555272601
"Not_Repaid","Not_Repaid",0.940923666890237,0.0590763331097629
"Not_Repaid","Repaid",0.44085013688793,0.55914986311207
"Not_Repaid","Repaid",0.239095110430013,0.760904889569987
"Repaid","Repaid",0.430995850438206,0.569004149561794
"Repaid","Repaid",0.0362958181903236,0.963704181809676
"Not_Repaid","Not_Repaid",0.881501445722116,0.118498554277884
"Not_Repaid","Not_Repaid",0.661054190843891,0.338945809156109
"Not_Repaid","Not_Repaid",0.957482394285592,0.0425176057144078
"Not_Repaid","Not_Repaid",0.744245169568338,0.255754830431662
"Repaid","Repaid",0.056725143842489,0.943274856157511
"Repaid","Repaid",0.112509367940419,0.887490632059581
"Not_Repaid","Not_Repaid",0.80189541873322,0.198104581266781
"Not_Repaid","Not_Repaid",0.906411035422754,0.0935889645772462
"Not_Repaid","Repaid",0.215711643807448,0.784288356192552
"Not_Repaid","Repaid",0.180949384653618,0.819050615346382
"Repaid","Repaid",0.14260120654855,0.85739879345145
"Not_Repaid","Not_Repaid",0.756790404232033,0.243209595767967
"Repaid","Repaid",0.0871143003059835,0.912885699694016
"Repaid","Repaid",0.0492907953745105,0.95070920462549
"Repaid","Not_Repaid",0.54147129029006,0.45852870970994
"Repaid","Repaid",0.104911386388346,0.895088613611654
"Repaid","Repaid",0.11334788638157,0.88665211361843
"Repaid","Repaid",0.200285363834519,0.799714636165481
"Repaid","Repaid",0.178317089248434,0.821682910751566
"Repaid","Not_Repaid",0.958346508609213,0.0416534913907873
"Repaid","Not_Repaid",0.573489350685157,0.426510649314843
"Repaid","Repaid",0.0625210817929781,0.937478918207022
"Not_Repaid","Not_Repaid",0.882294852796351,0.117705147203649
"Repaid","Repaid",0.0717922350837967,0.928207764916203
"Not_Repaid","Not_Repaid",0.879058369487488,0.120941630512513
"Not_Repaid","Not_Repaid",0.801354344653665,0.198645655346335
"Not_Repaid","Not_Repaid",0.740415984370323,0.259584015629677
"Not_Repaid","Not_Repaid",0.790732151483911,0.209267848516089
"Not_Repaid","Not_Repaid",0.9932070836377,0.00679291636230026
"Not_Repaid","Not_Repaid",0.70505835751938,0.29494164248062
"Repaid","Not_Repaid",0.511427778266566,0.488572221733434
"Repaid","Repaid",0.30235172864313,0.69764827135687
"Not_Repaid","Not_Repaid",0.975976060541745,0.0240239394582549
"Not_Repaid","Not_Repaid",0.658531725184566,0.341468274815434
"Repaid","Repaid",0.0603677556810213,0.939632244318979
"Repaid","Not_Repaid",0.654475246274698,0.345524753725302
"Repaid","Repaid",0.0537965128176182,0.946203487182382
"Not_Repaid","Not_Repaid",0.863108175131473,0.136891824868527
"Not_Repaid","Not_Repaid",0.965158023550548,0.0348419764494523
"Repaid","Repaid",0.181040552041487,0.818959447958513
"Repaid","Not_Repaid",0.789779803123578,0.210220196876422
"Repaid","Not_Repaid",0.90296741279741,0.0970325872025899
"Repaid","Not_Repaid",0.822505768211666,0.177494231788334
"Repaid","Repaid",0.0397161189943627,0.960283881005637
"Not_Repaid","Not_Repaid",0.884851887449016,0.115148112550984
"Repaid","Repaid",0.0471678598596615,0.952832140140338
"Not_Repaid","Not_Repaid",0.940716953248405,0.0592830467515951
"Not_Repaid","Not_Repaid",0.892148411218042,0.107851588781958
"Not_Repaid","Not_Repaid",0.567211563327686,0.432788436672314
"Not_Repaid","Not_Repaid",0.51439113147315,0.48560886852685
"Not_Repaid","Not_Repaid",0.823470698017877,0.176529301982123
"Not_Repaid","Not_Repaid",0.908018047463148,0.0919819525368516
"Repaid","Repaid",0.0754024928171916,0.924597507182808
"Not_Repaid","Not_Repaid",0.97993394418688,0.0200660558131195
"Repaid","Not_Repaid",0.707097366856806,0.292902633143194
"Not_Repaid","Not_Repaid",0.909835438236136,0.090164561763864
"Repaid","Repaid",0.0726670072059956,0.927332992794004
"Repaid","Repaid",0.0344459893801855,0.965554010619814
"Not_Repaid","Not_Repaid",0.833905374524396,0.166094625475604
"Not_Repaid","Not_Repaid",0.634776506541207,0.365223493458793
"Repaid","Repaid",0.140520848093803,0.859479151906197
"Repaid","Repaid",0.069316045867786,0.930683954132214
"Repaid","Not_Repaid",0.500393599357568,0.499606400642432
"Repaid","Not_Repaid",0.709027110439397,0.290972889560603
"Repaid","Repaid",0.142511526491534,0.857488473508466
"Repaid","Repaid",0.126958554409634,0.873041445590366
"Repaid","Repaid",0.140731056478242,0.859268943521758
"Repaid","Repaid",0.126044449797005,0.873955550202995
"Repaid","Repaid",0.317766553893353,0.682233446106647
"Not_Repaid","Not_Repaid",0.978078410232546,0.0219215897674542
"Not_Repaid","Not_Repaid",0.882598413456932,0.117401586543068
"Not_Repaid","Not_Repaid",0.72165068467611,0.27834931532389
"Not_Repaid","Not_Repaid",0.798318233117101,0.201681766882899
"Not_Repaid","Not_Repaid",0.977796109920093,0.0222038900799074
"Not_Repaid","Repaid",0.122393881072439,0.877606118927561
"Repaid","Repaid",0.392823470721911,0.607176529278089
"Repaid","Not_Repaid",0.764844998468087,0.235155001531913
"Not_Repaid","Not_Repaid",0.77009543941083,0.22990456058917
"Not_Repaid","Not_Repaid",0.647941583204171,0.352058416795829
"Not_Repaid","Not_Repaid",0.934332042128216,0.0656679578717836
"Not_Repaid","Not_Repaid",0.846607255522288,0.153392744477712
"Repaid","Not_Repaid",0.635816586687523,0.364183413312477
"Not_Repaid","Not_Repaid",0.99688918428744,0.00311081571255975
"Repaid","Repaid",0.107970964642047,0.892029035357953
"Repaid","Repaid",0.130917061204622,0.869082938795378
"Not_Repaid","Repaid",0.321300553368993,0.678699446631007
"Not_Repaid","Not_Repaid",0.697335869416738,0.302664130583262
"Repaid","Repaid",0.0522556256961961,0.947744374303804
"Repaid","Not_Repaid",0.955435998421453,0.0445640015785467
"Not_Repaid","Not_Repaid",0.810135487591324,0.189864512408676
"Not_Repaid","Not_Repaid",0.640460037478474,0.359539962521526
"Not_Repaid","Repaid",0.133150026570852,0.866849973429148
"Not_Repaid","Not_Repaid",0.983510702521216,0.0164892974787835
"Not_Repaid","Not_Repaid",0.564313585188548,0.435686414811452
"Not_Repaid","Not_Repaid",0.997264967641123,0.00273503235887744
"Repaid","Repaid",0.0742089468812895,0.92579105311871
"Repaid","Repaid",0.132733948658316,0.867266051341684
"Repaid","Repaid",0.0363837372302288,0.963616262769771
"Repaid","Repaid",0.0653616529855983,0.934638347014402
"Repaid","Repaid",0.0296417052714505,0.97035829472855
"Not_Repaid","Not_Repaid",0.65596005314926,0.34403994685074
"Repaid","Repaid",0.0290803264570453,0.970919673542955
"Repaid","Repaid",0.363983218162572,0.636016781837428
"Repaid","Repaid",0.492343684750427,0.507656315249573
"Repaid","Repaid",0.339559301920362,0.660440698079638
"Repaid","Repaid",0.0454237234887386,0.954576276511261
"Not_Repaid","Not_Repaid",0.839897899553703,0.160102100446297
"Not_Repaid","Not_Repaid",0.918085574369287,0.0819144256307135
"Not_Repaid","Not_Repaid",0.906521366312306,0.0934786336876938
"Not_Repaid","Not_Repaid",0.645252214579627,0.354747785420373
"Not_Repaid","Not_Repaid",0.95427856547902,0.0457214345209801
"Repaid","Repaid",0.319122802292262,0.680877197707738
"Not_Repaid","Not_Repaid",0.830594577924462,0.169405422075538
"Repaid","Repaid",0.0385451478745147,0.961454852125485
"Repaid","Repaid",0.133227911336532,0.866772088663468
"Not_Repaid","Not_Repaid",0.902315678203759,0.0976843217962409
"Not_Repaid","Not_Repaid",0.781630045523556,0.218369954476444
"Not_Repaid","Not_Repaid",0.882159297272675,0.117840702727325
"Not_Repaid","Not_Repaid",0.726499515380393,0.273500484619607
"Repaid","Repaid",0.0881934191804645,0.911806580819535
"Repaid","Repaid",0.0643596094481409,0.935640390551859
"Not_Repaid","Not_Repaid",0.856833958015425,0.143166041984575
"Repaid","Repaid",0.013168870564213,0.986831129435787
"Not_Repaid","Not_Repaid",0.860334101172357,0.139665898827643
"Repaid","Repaid",0.256617444062924,0.743382555937076
"Not_Repaid","Not_Repaid",0.949240519239919,0.0507594807600812
"Repaid","Repaid",0.302858785096612,0.697141214903388
"Not_Repaid","Not_Repaid",0.928390240713887,0.0716097592861129
"Not_Repaid","Not_Repaid",0.981145820523472,0.0188541794765276
"Not_Repaid","Not_Repaid",0.800512961709896,0.199487038290104
"Repaid","Repaid",0.215805997846119,0.784194002153881
"Not_Repaid","Not_Repaid",0.76766135719662,0.23233864280338
"Not_Repaid","Not_Repaid",0.93804102152411,0.0619589784758897
"Repaid","Repaid",0.0667681369455991,0.933231863054401
"Not_Repaid","Not_Repaid",0.927761178175168,0.0722388218248315
"Not_Repaid","Repaid",0.468543613273624,0.531456386726376
"Not_Repaid","Not_Repaid",0.952274620164784,0.0477253798352158
"Not_Repaid","Not_Repaid",0.723677724861836,0.276322275138164
"Not_Repaid","Not_Repaid",0.780732653816429,0.219267346183571
"Not_Repaid","Not_Repaid",0.976843258147276,0.0231567418527237
"Not_Repaid","Not_Repaid",0.8994506419054,0.1005493580946
"Repaid","Repaid",0.0961449317579766,0.903855068242023
"Not_Repaid","Not_Repaid",0.889031780836523,0.110968219163477
"Not_Repaid","Not_Repaid",0.899409852651869,0.100590147348131
"Not_Repaid","Not_Repaid",0.569171319708814,0.430828680291186
"Repaid","Repaid",0.0478894260937311,0.952110573906269
"Repaid","Not_Repaid",0.78530543526874,0.21469456473126
"Not_Repaid","Not_Repaid",0.53541917680612,0.46458082319388
"Repaid","Repaid",0.138848796690782,0.861151203309218
"Not_Repaid","Not_Repaid",0.514218839162116,0.485781160837884
"Not_Repaid","Not_Repaid",0.551973085073154,0.448026914926846
"Repaid","Repaid",0.261778613553374,0.738221386446626
"Repaid","Repaid",0.28472350168706,0.71527649831294
"Repaid","Not_Repaid",0.647343374288394,0.352656625711606
"Repaid","Repaid",0.214562643617097,0.785437356382903
"Repaid","Not_Repaid",0.505142678826227,0.494857321173773
"Not_Repaid","Not_Repaid",0.966558343584848,0.0334416564151518
"Not_Repaid","Not_Repaid",0.933949732734898,0.0660502672651021
"Not_Repaid","Not_Repaid",0.78484247267221,0.21515752732779
"Not_Repaid","Repaid",0.49086568120376,0.50913431879624
"Not_Repaid","Repaid",0.39490673866868,0.60509326133132
"Not_Repaid","Not_Repaid",0.587732284855299,0.412267715144701
"Repaid","Repaid",0.379596786651649,0.620403213348351
"Repaid","Repaid",0.0748456068447327,0.925154393155267
"Repaid","Repaid",0.0925567688002272,0.907443231199773
"Not_Repaid","Not_Repaid",0.689550645685175,0.310449354314825
"Not_Repaid","Not_Repaid",0.794734355015958,0.205265644984042
"Not_Repaid","Repaid",0.198637822560551,0.801362177439449
"Not_Repaid","Repaid",0.499196293778122,0.500803706221878
"Not_Repaid","Not_Repaid",0.969333084929973,0.030666915070027
"Repaid","Repaid",0.034739163408734,0.965260836591266
"Not_Repaid","Not_Repaid",0.845782115406443,0.154217884593557
"Not_Repaid","Not_Repaid",0.628752138850795,0.371247861149205
"Not_Repaid","Not_Repaid",0.687196877170501,0.312803122829499
"Not_Repaid","Not_Repaid",0.875448313998039,0.124551686001961
"Repaid","Repaid",0.0973879623026758,0.902612037697324
"Repaid","Repaid",0.0217324993852038,0.978267500614796
"Repaid","Repaid",0.0515216137478277,0.948478386252172
"Not_Repaid","Not_Repaid",0.960245215504105,0.039754784495895
"Not_Repaid","Not_Repaid",0.904047445565941,0.0959525544340591
"Not_Repaid","Not_Repaid",0.961722080612983,0.0382779193870171
"Not_Repaid","Not_Repaid",0.921915525271639,0.0780844747283615
"Repaid","Not_Repaid",0.706270616206901,0.293729383793099
"Not_Repaid","Not_Repaid",0.975224146357237,0.0247758536427626
"Not_Repaid","Not_Repaid",0.970219004995261,0.0297809950047394
"Not_Repaid","Not_Repaid",0.907982231695282,0.092017768304718
"Not_Repaid","Not_Repaid",0.85581769364453,0.14418230635547
"Not_Repaid","Not_Repaid",0.916143266018429,0.083856733981571
"Not_Repaid","Not_Repaid",0.842314500338498,0.157685499661502
"Not_Repaid","Repaid",0.131678562275714,0.868321437724286
"Not_Repaid","Not_Repaid",0.548689619219762,0.451310380780238
"Not_Repaid","Not_Repaid",0.568456701805972,0.431543298194028
"Repaid","Repaid",0.255392672624351,0.744607327375649
"Not_Repaid","Not_Repaid",0.508751575188193,0.491248424811807
"Not_Repaid","Not_Repaid",0.713853027265839,0.286146972734161
"Repaid","Repaid",0.0440666522341634,0.955933347765837
"Not_Repaid","Not_Repaid",0.725344665327927,0.274655334672073
"Not_Repaid","Not_Repaid",0.86243039324777,0.13756960675223
"Not_Repaid","Not_Repaid",0.695402442782456,0.304597557217544
"Not_Repaid","Not_Repaid",0.869867610946782,0.130132389053218
"Not_Repaid","Not_Repaid",0.787010040167789,0.212989959832212
"Not_Repaid","Not_Repaid",0.987690235551068,0.0123097644489321
"Not_Repaid","Not_Repaid",0.526597004378043,0.473402995621956
"Not_Repaid","Not_Repaid",0.646635393242587,0.353364606757413
"Repaid","Repaid",0.23803155159246,0.76196844840754
"Repaid","Not_Repaid",0.977330665050042,0.0226693349499585
"Repaid","Not_Repaid",0.556609495369484,0.443390504630516
"Repaid","Repaid",0.339141890940307,0.660858109059693
"Repaid","Repaid",0.314665725780641,0.685334274219359
"Not_Repaid","Not_Repaid",0.916936128374779,0.0830638716252212
"Repaid","Repaid",0.457592365264649,0.542407634735351
"Not_Repaid","Not_Repaid",0.974506013004547,0.0254939869954529
"Not_Repaid","Not_Repaid",0.771328999292173,0.228671000707827
"Repaid","Repaid",0.0441987060295286,0.955801293970471
"Repaid","Repaid",0.223413738799841,0.776586261200159
"Not_Repaid","Not_Repaid",0.953014223426805,0.0469857765731949
"Not_Repaid","Not_Repaid",0.905996154358952,0.0940038456410476
"Not_Repaid","Not_Repaid",0.921023683113184,0.0789763168868159
"Repaid","Repaid",0.310881142906974,0.689118857093026
"Not_Repaid","Not_Repaid",0.801317743129537,0.198682256870463
"Not_Repaid","Not_Repaid",0.657453900672822,0.342546099327178
"Not_Repaid","Not_Repaid",0.972439435849855,0.0275605641501448
"Repaid","Repaid",0.10092759275835,0.89907240724165
"Not_Repaid","Not_Repaid",0.740237812452464,0.259762187547536
"Not_Repaid","Not_Repaid",0.959105904141532,0.0408940958584684
"Not_Repaid","Repaid",0.322293343413452,0.677706656586548
"Repaid","Repaid",0.385061520829549,0.614938479170451
"Not_Repaid","Not_Repaid",0.854225042916907,0.145774957083093
"Not_Repaid","Not_Repaid",0.686841636130378,0.313158363869622
"Not_Repaid","Not_Repaid",0.937634424880383,0.0623655751196166
"Not_Repaid","Not_Repaid",0.958925871983272,0.0410741280167283
"Repaid","Repaid",0.0842975103602027,0.915702489639797
"Not_Repaid","Not_Repaid",0.68832481815335,0.31167518184665
"Not_Repaid","Not_Repaid",0.827432444033432,0.172567555966568
"Repaid","Repaid",0.0636174292511461,0.936382570748854
"Not_Repaid","Not_Repaid",0.988948010704793,0.0110519892952072
"Not_Repaid","Repaid",0.087171245399938,0.912828754600062
"Not_Repaid","Not_Repaid",0.8377434769675,0.1622565230325
"Repaid","Repaid",0.0476612981547203,0.95233870184528
"Not_Repaid","Not_Repaid",0.956910755882961,0.0430892441170386
"Not_Repaid","Not_Repaid",0.952802311648991,0.047197688351009
"Not_Repaid","Not_Repaid",0.566668893266996,0.433331106733004
"Repaid","Not_Repaid",0.678979317602196,0.321020682397804
"Not_Repaid","Repaid",0.202055757782911,0.79794424221709
"Repaid","Repaid",0.0850986893744439,0.914901310625556
"Repaid","Repaid",0.27106094342714,0.72893905657286
"Repaid","Not_Repaid",0.925891540563585,0.0741084594364154
"Repaid","Repaid",0.154863553511803,0.845136446488197
"Repaid","Repaid",0.193873856062201,0.806126143937799
"Repaid","Repaid",0.104786810528577,0.895213189471423
"Not_Repaid","Not_Repaid",0.89767825978462,0.10232174021538
"Not_Repaid","Not_Repaid",0.795277222664241,0.204722777335759
"Repaid","Repaid",0.0614984155358591,0.938501584464141
"Not_Repaid","Not_Repaid",0.979936274619845,0.0200637253801548
"Not_Repaid","Not_Repaid",0.748575309067154,0.251424690932846
"Not_Repaid","Not_Repaid",0.929897402243621,0.0701025977563789
"Repaid","Repaid",0.436019165543034,0.563980834456966
"Not_Repaid","Not_Repaid",0.987195038523764,0.0128049614762363
"Repaid","Not_Repaid",0.564185348235134,0.435814651764867
"Repaid","Repaid",0.11147808479088,0.88852191520912
"Not_Repaid","Not_Repaid",0.665900736081781,0.334099263918219
"Not_Repaid","Not_Repaid",0.992788067286893,0.0072119327131068
"Not_Repaid","Repaid",0.0550425890778362,0.944957410922164
"Repaid","Repaid",0.0964106670353566,0.903589332964643
"Not_Repaid","Not_Repaid",0.959676899562364,0.0403231004376358
"Not_Repaid","Not_Repaid",0.86195318186567,0.13804681813433
"Repaid","Repaid",0.0550274536100985,0.944972546389901
"Not_Repaid","Not_Repaid",0.989339409888714,0.0106605901112858
"Not_Repaid","Not_Repaid",0.94862147712488,0.0513785228751202
"Repaid","Not_Repaid",0.710968644819819,0.289031355180181
"Repaid","Not_Repaid",0.700893897030031,0.299106102969969
"Not_Repaid","Not_Repaid",0.832696104259399,0.167303895740601
"Repaid","Repaid",0.0507355471004869,0.949264452899513
"Not_Repaid","Not_Repaid",0.818025537053103,0.181974462946897
"Repaid","Repaid",0.0240695996186764,0.975930400381324
"Repaid","Repaid",0.0294740931169979,0.970525906883002
"Repaid","Repaid",0.132308365917988,0.867691634082012
"Not_Repaid","Not_Repaid",0.961149720304193,0.0388502796958072
"Repaid","Repaid",0.0634403072067637,0.936559692793236
"Not_Repaid","Not_Repaid",0.699734660869753,0.300265339130247
"Not_Repaid","Not_Repaid",0.878928595030875,0.121071404969125
"Not_Repaid","Repaid",0.0306519297169277,0.969348070283072
"Not_Repaid","Not_Repaid",0.992190718337455,0.00780928166254532
"Repaid","Repaid",0.0659103945937592,0.934089605406241
"Repaid","Not_Repaid",0.749145567539694,0.250854432460306
"Repaid","Repaid",0.120594394726511,0.879405605273489
"Not_Repaid","Not_Repaid",0.973853226329895,0.0261467736701051
"Repaid","Repaid",0.0567255506826888,0.943274449317311
"Repaid","Repaid",0.107504410244236,0.892495589755764
"Repaid","Repaid",0.02861247120372,0.97138752879628
"Not_Repaid","Not_Repaid",0.661106073264609,0.338893926735391
"Not_Repaid","Not_Repaid",0.851295266674088,0.148704733325912
"Repaid","Repaid",0.0568264109555656,0.943173589044434
"Repaid","Not_Repaid",0.936296330118192,0.0637036698818076
"Not_Repaid","Not_Repaid",0.705435033982744,0.294564966017256
"Repaid","Repaid",0.141039676723881,0.858960323276119
"Repaid","Not_Repaid",0.832399567318649,0.167600432681351
"Repaid","Repaid",0.0967876020186649,0.903212397981335
"Not_Repaid","Not_Repaid",0.812925690169789,0.187074309830211
"Not_Repaid","Not_Repaid",0.701798476326522,0.298201523673478
"Not_Repaid","Not_Repaid",0.734156514639211,0.265843485360789
"Repaid","Not_Repaid",0.602726787992158,0.397273212007842
"Repaid","Not_Repaid",0.74775404272578,0.25224595727422
"Not_Repaid","Not_Repaid",0.94255196295426,0.0574480370457399
"Repaid","Not_Repaid",0.889889550513894,0.110110449486106
"Repaid","Repaid",0.284975919167463,0.715024080832537
"Not_Repaid","Not_Repaid",0.680076178155538,0.319923821844462
"Not_Repaid","Not_Repaid",0.994675641894623,0.00532435810537658
"Not_Repaid","Repaid",0.395389450039544,0.604610549960456
"Not_Repaid","Not_Repaid",0.909097909212823,0.0909020907871766
"Not_Repaid","Not_Repaid",0.832734718443138,0.167265281556862
"Repaid","Not_Repaid",0.763872087044348,0.236127912955653
"Repaid","Repaid",0.151064320044115,0.848935679955885
"Not_Repaid","Repaid",0.079304562958908,0.920695437041092
"Not_Repaid","Not_Repaid",0.97109803887684,0.0289019611231596
"Not_Repaid","Not_Repaid",0.979208558983115,0.020791441016885
"Repaid","Repaid",0.0990107456221838,0.900989254377816
"Not_Repaid","Not_Repaid",0.657598732123005,0.342401267876995
"Repaid","Repaid",0.0309029245787465,0.969097075421253
"Repaid","Repaid",0.018704922225772,0.981295077774228
"Repaid","Repaid",0.03691496772562,0.96308503227438
"Repaid","Repaid",0.034569116241193,0.965430883758807
"Repaid","Repaid",0.128258224177626,0.871741775822374
"Not_Repaid","Not_Repaid",0.922567114682299,0.0774328853177008
"Repaid","Repaid",0.316460399416357,0.683539600583643
"Not_Repaid","Not_Repaid",0.547716295952226,0.452283704047774
"Not_Repaid","Not_Repaid",0.984498464573898,0.0155015354261022
"Not_Repaid","Repaid",0.116817876574451,0.883182123425549
"Repaid","Not_Repaid",0.759546433837565,0.240453566162435
"Not_Repaid","Not_Repaid",0.978644113446038,0.0213558865539621
"Not_Repaid","Not_Repaid",0.894140279255264,0.105859720744736
"Repaid","Repaid",0.0580517027708263,0.941948297229174
"Repaid","Repaid",0.333294817568847,0.666705182431153
"Repaid","Repaid",0.0979122937231243,0.902087706276876
"Repaid","Repaid",0.479233847539855,0.520766152460145
"Not_Repaid","Not_Repaid",0.800623082941533,0.199376917058467
"Not_Repaid","Not_Repaid",0.729166551149226,0.270833448850774
"Not_Repaid","Not_Repaid",0.945669159512194,0.0543308404878056
"Repaid","Repaid",0.0453447168253291,0.954655283174671
"Not_Repaid","Not_Repaid",0.896163217894749,0.103836782105251
"Not_Repaid","Not_Repaid",0.795691081387907,0.204308918612093
"Not_Repaid","Not_Repaid",0.938893879248538,0.0611061207514625
"Repaid","Repaid",0.364013100690988,0.635986899309012
"Repaid","Repaid",0.133804225161359,0.866195774838641
"Repaid","Repaid",0.12174540779498,0.87825459220502
"Repaid","Repaid",0.457163601648146,0.542836398351854
"Repaid","Repaid",0.0701545929485606,0.929845407051439
"Not_Repaid","Not_Repaid",0.932654429209019,0.0673455707909814
"Not_Repaid","Not_Repaid",0.598949839047711,0.401050160952289
"Not_Repaid","Not_Repaid",0.995184997115693,0.0048150028843068
"Not_Repaid","Not_Repaid",0.575548480482616,0.424451519517384
"Not_Repaid","Not_Repaid",0.588341988342497,0.411658011657504
"Not_Repaid","Not_Repaid",0.705457247086221,0.294542752913779
"Repaid","Repaid",0.0596725695893536,0.940327430410646
"Not_Repaid","Not_Repaid",0.818396927148342,0.181603072851658
"Not_Repaid","Not_Repaid",0.952084417003119,0.0479155829968812
"Repaid","Repaid",0.362846993870332,0.637153006129668
"Repaid","Not_Repaid",0.962729638205091,0.0372703617949085
"Not_Repaid","Not_Repaid",0.520348004728725,0.479651995271275
"Repaid","Repaid",0.292891515271076,0.707108484728924
"Not_Repaid","Not_Repaid",0.619128195666788,0.380871804333212
"Repaid","Repaid",0.38059793893113,0.61940206106887
"Repaid","Repaid",0.212424301546883,0.787575698453117
"Repaid","Repaid",0.0345982191373605,0.96540178086264
"Not_Repaid","Repaid",0.409070217613641,0.590929782386359
"Not_Repaid","Not_Repaid",0.531909142144978,0.468090857855022
"Not_Repaid","Not_Repaid",0.599659330626,0.400340669374
"Not_Repaid","Not_Repaid",0.90713438351958,0.0928656164804203
"Repaid","Repaid",0.058267800434294,0.941732199565706
"Not_Repaid","Repaid",0.143484491248254,0.856515508751746
"Repaid","Not_Repaid",0.613848950509399,0.386151049490601
"Not_Repaid","Not_Repaid",0.988525327387944,0.0114746726120563
"Repaid","Repaid",0.0431620198053057,0.956837980194694
"Not_Repaid","Not_Repaid",0.636519404854382,0.363480595145618
"Not_Repaid","Not_Repaid",0.790834286606683,0.209165713393317
"Repaid","Repaid",0.0613770355617975,0.938622964438202
"Repaid","Repaid",0.204887524959428,0.795112475040572
"Not_Repaid","Not_Repaid",0.62823255600701,0.37176744399299
"Repaid","Repaid",0.2162832290595,0.7837167709405
"Repaid","Not_Repaid",0.556236665412384,0.443763334587616
"Repaid","Repaid",0.27509555598816,0.72490444401184
"Repaid","Repaid",0.286889601178533,0.713110398821467
"Repaid","Not_Repaid",0.969722294848935,0.0302777051510655
"Not_Repaid","Not_Repaid",0.949211963010324,0.0507880369896759
"Repaid","Repaid",0.0314111624614726,0.968588837538527
"Not_Repaid","Not_Repaid",0.869131309697677,0.130868690302323
"Repaid","Repaid",0.0320651887909529,0.967934811209047
"Repaid","Not_Repaid",0.674835991260738,0.325164008739262
"Not_Repaid","Not_Repaid",0.748708142877803,0.251291857122197
"Repaid","Repaid",0.0293406240551702,0.97065937594483
"Not_Repaid","Repaid",0.0148324533521756,0.985167546647824
"Repaid","Repaid",0.137488872974024,0.862511127025976
"Repaid","Not_Repaid",0.861776204483086,0.138223795516914
"Not_Repaid","Not_Repaid",0.695203456960059,0.304796543039941
"Not_Repaid","Repaid",0.214252765992121,0.785747234007879
"Not_Repaid","Not_Repaid",0.747839038094131,0.252160961905869
"Repaid","Repaid",0.158410468446755,0.841589531553245
"Not_Repaid","Not_Repaid",0.670371626501563,0.329628373498437
"Not_Repaid","Not_Repaid",0.671339402072,0.328660597928
"Repaid","Repaid",0.113744119160971,0.886255880839029
"Repaid","Not_Repaid",0.894333937533557,0.105666062466443
"Repaid","Repaid",0.11275232338308,0.88724767661692
"Repaid","Repaid",0.149984432728908,0.850015567271092
"Repaid","Repaid",0.0407868827290726,0.959213117270927
"Repaid","Repaid",0.445233073792111,0.554766926207889
"Not_Repaid","Not_Repaid",0.549636403269184,0.450363596730816
"Repaid","Repaid",0.035213121176584,0.964786878823416
"Repaid","Repaid",0.433738104430621,0.566261895569379
"Not_Repaid","Not_Repaid",0.562140307365888,0.437859692634112
"Repaid","Repaid",0.109195313766263,0.890804686233737
"Repaid","Repaid",0.222215869696899,0.777784130303101
"Repaid","Repaid",0.0482665643007161,0.951733435699284
"Repaid","Repaid",0.470609709581058,0.529390290418942
"Not_Repaid","Not_Repaid",0.589681860769793,0.410318139230207
"Not_Repaid","Not_Repaid",0.939805336159407,0.0601946638405935
"Not_Repaid","Not_Repaid",0.660422919392752,0.339577080607248
"Not_Repaid","Not_Repaid",0.850399295120176,0.149600704879824
"Repaid","Repaid",0.0545655240105564,0.945434475989444
"Not_Repaid","Not_Repaid",0.92178524885708,0.0782147511429199
"Not_Repaid","Not_Repaid",0.656117474608348,0.343882525391652
"Not_Repaid","Not_Repaid",0.646332057039391,0.353667942960609
"Repaid","Repaid",0.13112958343629,0.86887041656371
"Repaid","Repaid",0.14593625050786,0.85406374949214
"Not_Repaid","Not_Repaid",0.94559243416919,0.05440756583081
"Repaid","Repaid",0.337680856337804,0.662319143662196
"Repaid","Repaid",0.291511301044386,0.708488698955614
"Repaid","Repaid",0.0332898409962726,0.966710159003727
"Not_Repaid","Not_Repaid",0.839998065646041,0.160001934353959
"Not_Repaid","Repaid",0.0951358095538785,0.904864190446122
"Repaid","Repaid",0.167773602787465,0.832226397212535
"Not_Repaid","Not_Repaid",0.735712865671088,0.264287134328912
"Not_Repaid","Repaid",0.39897299046724,0.60102700953276
"Repaid","Repaid",0.126363999299635,0.873636000700365
"Repaid","Repaid",0.220942967780002,0.779057032219998
"Not_Repaid","Repaid",0.0782435153358806,0.921756484664119
"Repaid","Repaid",0.0602809113274648,0.939719088672535
"Repaid","Repaid",0.235705182473354,0.764294817526646
"Repaid","Repaid",0.0242640430936164,0.975735956906384
"Repaid","Not_Repaid",0.566800009761923,0.433199990238077
"Not_Repaid","Not_Repaid",0.82239719906448,0.17760280093552
"Repaid","Not_Repaid",0.843824273760848,0.156175726239152
"Not_Repaid","Not_Repaid",0.750260802436401,0.249739197563599
"Not_Repaid","Repaid",0.385534692963239,0.614465307036761
"Not_Repaid","Not_Repaid",0.62214567747521,0.37785432252479
"Repaid","Repaid",0.18779105540238,0.81220894459762
"Not_Repaid","Repaid",0.393297740668548,0.606702259331452
"Repaid","Repaid",0.0681396944040443,0.931860305595956
"Repaid","Repaid",0.0513495540742694,0.94865044592573
"Not_Repaid","Not_Repaid",0.88412812972603,0.11587187027397
"Not_Repaid","Repaid",0.4379069454136,0.5620930545864
"Not_Repaid","Repaid",0.470015303337715,0.529984696662285
"Repaid","Repaid",0.306654925794578,0.693345074205422
"Repaid","Repaid",0.327481018070823,0.672518981929177
"Repaid","Not_Repaid",0.679683051276918,0.320316948723082
"Repaid","Repaid",0.387166350159974,0.612833649840026
"Not_Repaid","Not_Repaid",0.743353016840877,0.256646983159123
"Repaid","Repaid",0.438853338416267,0.561146661583733
"Not_Repaid","Not_Repaid",0.949609531917214,0.0503904680827859
"Not_Repaid","Not_Repaid",0.90331235181122,0.0966876481887803
"Not_Repaid","Not_Repaid",0.657699123592447,0.342300876407553
"Repaid","Not_Repaid",0.550957338603575,0.449042661396425
"Repaid","Not_Repaid",0.918960483272723,0.0810395167272775
"Repaid","Not_Repaid",0.721009306687949,0.278990693312051
"Not_Repaid","Not_Repaid",0.849278211523311,0.150721788476689
"Repaid","Not_Repaid",0.841333626471726,0.158666373528274
"Not_Repaid","Not_Repaid",0.572200407802449,0.427799592197552
"Not_Repaid","Not_Repaid",0.75643844508368,0.24356155491632
"Repaid","Repaid",0.226682054591483,0.773317945408517
"Repaid","Not_Repaid",0.90929684740164,0.0907031525983596
"Repaid","Repaid",0.192900738795743,0.807099261204257
"Not_Repaid","Not_Repaid",0.509209400073102,0.490790599926898
"Repaid","Repaid",0.379516447401914,0.620483552598086
"Repaid","Repaid",0.0783650145000031,0.921634985499997
"Repaid","Repaid",0.118566016132476,0.881433983867524
"Repaid","Repaid",0.0211579271606442,0.978842072839356
"Not_Repaid","Not_Repaid",0.940784524220993,0.0592154757790068
"Repaid","Not_Repaid",0.812924638525159,0.187075361474841
"Repaid","Repaid",0.113913646196813,0.886086353803187
"Repaid","Not_Repaid",0.78218339505412,0.21781660494588
"Not_Repaid","Not_Repaid",0.860492105347851,0.139507894652149
"Repaid","Repaid",0.0690196785701768,0.930980321429823
"Not_Repaid","Not_Repaid",0.78943483082102,0.21056516917898
"Not_Repaid","Not_Repaid",0.679207420858261,0.320792579141739
"Not_Repaid","Repaid",0.446490914307163,0.553509085692837
"Not_Repaid","Not_Repaid",0.904598212239232,0.0954017877607684
"Not_Repaid","Not_Repaid",0.92892173931704,0.07107826068296
"Repaid","Repaid",0.416275104926463,0.583724895073537
"Repaid","Repaid",0.0742833246852468,0.925716675314753
"Repaid","Repaid",0.195560388308143,0.804439611691857
"Not_Repaid","Not_Repaid",0.551848343629745,0.448151656370255
"Repaid","Repaid",0.0937581797214614,0.906241820278539
"Not_Repaid","Repaid",0.328158141000117,0.671841858999883
"Repaid","Repaid",0.0805368795228957,0.919463120477104
"Not_Repaid","Not_Repaid",0.96163478963919,0.0383652103608104
"Not_Repaid","Not_Repaid",0.767825582487121,0.232174417512879
"Not_Repaid","Repaid",0.0637871364343343,0.936212863565666
"Not_Repaid","Not_Repaid",0.839852241664214,0.160147758335786
"Not_Repaid","Not_Repaid",0.986902251710047,0.0130977482899533
"Repaid","Repaid",0.022807577007564,0.977192422992436
"Repaid","Repaid",0.325695217604231,0.674304782395769
"Repaid","Repaid",0.168959248654471,0.831040751345529
"Repaid","Repaid",0.138384502758212,0.861615497241788
"Not_Repaid","Not_Repaid",0.502077884739739,0.497922115260261
"Not_Repaid","Not_Repaid",0.898769605670808,0.101230394329192
"Not_Repaid","Not_Repaid",0.981712912717,0.0182870872830002
"Not_Repaid","Not_Repaid",0.682197892246012,0.317802107753988
"Repaid","Repaid",0.250818108720642,0.749181891279358
"Repaid","Repaid",0.184125652605421,0.815874347394579
"Not_Repaid","Not_Repaid",0.811849002204527,0.188150997795473
"Not_Repaid","Not_Repaid",0.928200377874874,0.0717996221251265
"Not_Repaid","Not_Repaid",0.874455710293764,0.125544289706236
"Not_Repaid","Repaid",0.12506509683313,0.87493490316687
"Repaid","Repaid",0.201425532222689,0.798574467777311
"Repaid","Repaid",0.135925246358977,0.864074753641023
"Repaid","Repaid",0.367250177714397,0.632749822285603
"Not_Repaid","Not_Repaid",0.671913330880665,0.328086669119335
"Not_Repaid","Repaid",0.387343401720682,0.612656598279318
"Not_Repaid","Repaid",0.334440948152179,0.665559051847821
"Not_Repaid","Not_Repaid",0.984891454608408,0.0151085453915923
"Repaid","Repaid",0.0731012415560914,0.926898758443909
"Repaid","Repaid",0.0987098611136052,0.901290138886395
"Not_Repaid","Not_Repaid",0.852686135926083,0.147313864073917
"Not_Repaid","Not_Repaid",0.984910742109401,0.0150892578905993
"Not_Repaid","Not_Repaid",0.767919156246644,0.232080843753356
"Not_Repaid","Not_Repaid",0.900731754552352,0.0992682454476481
"Repaid","Repaid",0.114328959005401,0.885671040994599
"Not_Repaid","Not_Repaid",0.537465711713557,0.462534288286443
"Not_Repaid","Not_Repaid",0.662392142839203,0.337607857160797
"Repaid","Repaid",0.304935890299196,0.695064109700804
"Not_Repaid","Not_Repaid",0.910756915421181,0.089243084578819
"Repaid","Repaid",0.130613197891797,0.869386802108203
"Not_Repaid","Not_Repaid",0.523699217142319,0.476300782857681
"Not_Repaid","Not_Repaid",0.941130647339039,0.0588693526609615
"Repaid","Not_Repaid",0.552665059242533,0.447334940757467
"Repaid","Repaid",0.182055511960627,0.817944488039373
"Repaid","Repaid",0.0951632751644299,0.90483672483557
"Not_Repaid","Not_Repaid",0.817430191596477,0.182569808403523
"Repaid","Repaid",0.0234736420557669,0.976526357944233
"Not_Repaid","Not_Repaid",0.939132742735544,0.0608672572644558
"Not_Repaid","Not_Repaid",0.93571943112214,0.0642805688778596
"Repaid","Repaid",0.0609338271191223,0.939066172880878
"Not_Repaid","Not_Repaid",0.652121964269475,0.347878035730525
"Repaid","Repaid",0.383820954876629,0.616179045123371
"Not_Repaid","Not_Repaid",0.686244966523661,0.313755033476339
"Repaid","Repaid",0.039685088011845,0.960314911988155
"Repaid","Repaid",0.274459616397731,0.725540383602269
"Not_Repaid","Not_Repaid",0.924375086474795,0.0756249135252046
"Not_Repaid","Not_Repaid",0.774844311210354,0.225155688789646
"Not_Repaid","Not_Repaid",0.81617726432795,0.18382273567205
"Not_Repaid","Not_Repaid",0.905777438177879,0.0942225618221213
"Repaid","Repaid",0.0628162721292385,0.937183727870762
"Repaid","Repaid",0.0539253611722544,0.946074638827746
"Not_Repaid","Repaid",0.468362575454766,0.531637424545234
"Repaid","Repaid",0.0239120280497794,0.976087971950221
"Not_Repaid","Not_Repaid",0.981939718693273,0.0180602813067273
"Not_Repaid","Not_Repaid",0.813703366451322,0.186296633548678
"Repaid","Repaid",0.32798733812117,0.67201266187883
"Repaid","Repaid",0.0655796857977428,0.934420314202257
"Not_Repaid","Not_Repaid",0.763148790991916,0.236851209008084
"Repaid","Repaid",0.075777804025824,0.924222195974176
"Not_Repaid","Not_Repaid",0.732208161428628,0.267791838571372
"Repaid","Repaid",0.0304696239005401,0.96953037609946
"Not_Repaid","Not_Repaid",0.523665524870324,0.476334475129676
"Not_Repaid","Not_Repaid",0.770906391405428,0.229093608594572
"Not_Repaid","Not_Repaid",0.873303566161165,0.126696433838834
"Repaid","Repaid",0.109434688311442,0.890565311688558
"Not_Repaid","Not_Repaid",0.913909937224311,0.0860900627756894
"Not_Repaid","Not_Repaid",0.78396712657944,0.21603287342056
"Not_Repaid","Not_Repaid",0.917036974874761,0.082963025125239
"Repaid","Repaid",0.105871328873289,0.894128671126711
"Repaid","Repaid",0.0564893620606626,0.943510637939337
"Not_Repaid","Not_Repaid",0.990856116791037,0.00914388320896269
"Not_Repaid","Not_Repaid",0.855315027216628,0.144684972783372
"Not_Repaid","Not_Repaid",0.937318387253535,0.0626816127464655
"Repaid","Repaid",0.359756878608463,0.640243121391537
"Repaid","Not_Repaid",0.611646514590765,0.388353485409235
"Repaid","Repaid",0.0385396982099231,0.961460301790077
"Repaid","Repaid",0.0689319555474064,0.931068044452594
"Repaid","Not_Repaid",0.771063368440631,0.228936631559369
"Repaid","Repaid",0.228459983164159,0.771540016835841
"Repaid","Not_Repaid",0.782192170576771,0.217807829423229
"Repaid","Repaid",0.254202217098985,0.745797782901015
"Not_Repaid","Not_Repaid",0.886798040918235,0.113201959081765
"Repaid","Repaid",0.0147736416614255,0.985226358338575
"Not_Repaid","Not_Repaid",0.83390549552201,0.16609450447799
"Repaid","Repaid",0.112051746706775,0.887948253293225
"Repaid","Repaid",0.0170924267048681,0.982907573295132
"Not_Repaid","Repaid",0.322308871971557,0.677691128028443
"Not_Repaid","Repaid",0.132376204477643,0.867623795522357
"Repaid","Not_Repaid",0.809095379866103,0.190904620133897
"Not_Repaid","Not_Repaid",0.995117836185806,0.00488216381419413
"Not_Repaid","Repaid",0.48605070381561,0.51394929618439
"Repaid","Repaid",0.417947561732183,0.582052438267817
"Repaid","Repaid",0.0233872908570725,0.976612709142928
"Not_Repaid","Not_Repaid",0.716744041131746,0.283255958868254
"Not_Repaid","Not_Repaid",0.687489662314925,0.312510337685075
"Not_Repaid","Not_Repaid",0.691538331265699,0.308461668734301
"Not_Repaid","Not_Repaid",0.992710945942466,0.00728905405753427
"Repaid","Repaid",0.242175925282659,0.757824074717341
"Not_Repaid","Not_Repaid",0.993157346437942,0.00684265356205853
"Not_Repaid","Not_Repaid",0.74766411519425,0.25233588480575
"Repaid","Repaid",0.0365446200641905,0.96345537993581
"Repaid","Not_Repaid",0.793349198137467,0.206650801862533
"Repaid","Repaid",0.113424504273205,0.886575495726795
"Not_Repaid","Not_Repaid",0.893808963295641,0.106191036704359
"Repaid","Repaid",0.10093911254405,0.89906088745595
"Repaid","Repaid",0.061666669783966,0.938333330216034
"Repaid","Repaid",0.0488800987406458,0.951119901259354
"Repaid","Repaid",0.341066712524719,0.658933287475281
"Not_Repaid","Not_Repaid",0.592266297102946,0.407733702897054
"Not_Repaid","Not_Repaid",0.626720035476795,0.373279964523205
"Repaid","Repaid",0.0711960071266073,0.928803992873393
"Not_Repaid","Not_Repaid",0.99362879062668,0.00637120937332012
"Not_Repaid","Not_Repaid",0.677431304729977,0.322568695270023
"Repaid","Repaid",0.0555348841300815,0.944465115869919
"Repaid","Repaid",0.266637765464969,0.733362234535031
"Repaid","Repaid",0.0797010910185961,0.920298908981404
"Repaid","Repaid",0.100076921483249,0.899923078516751
"Repaid","Repaid",0.40151581082644,0.59848418917356
"Repaid","Repaid",0.230547022509775,0.769452977490225
"Repaid","Repaid",0.120584290629531,0.879415709370469
"Not_Repaid","Not_Repaid",0.978793406235518,0.0212065937644824
"Repaid","Repaid",0.182396251142352,0.817603748857648
"Not_Repaid","Repaid",0.480819493552332,0.519180506447668
"Repaid","Repaid",0.0228751749990165,0.977124825000984
"Not_Repaid","Not_Repaid",0.884549014767955,0.115450985232045
"Repaid","Repaid",0.489344014104223,0.510655985895777
"Repaid","Repaid",0.121896897398227,0.878103102601773
"Not_Repaid","Not_Repaid",0.664313127188629,0.335686872811371
"Not_Repaid","Not_Repaid",0.73650405060145,0.26349594939855
"Not_Repaid","Not_Repaid",0.899386338982662,0.100613661017338
"Repaid","Repaid",0.0167904207384787,0.983209579261521
"Not_Repaid","Not_Repaid",0.723219796638529,0.276780203361471
"Repaid","Repaid",0.449760955889882,0.550239044110118
"Not_Repaid","Repaid",0.439794292965236,0.560205707034764
"Not_Repaid","Not_Repaid",0.836714485176796,0.163285514823204
"Not_Repaid","Not_Repaid",0.670419613030023,0.329580386969977
"Repaid","Repaid",0.0766173162354905,0.92338268376451
"Not_Repaid","Not_Repaid",0.655217282811615,0.344782717188385
"Not_Repaid","Not_Repaid",0.948780138751553,0.0512198612484472
"Not_Repaid","Not_Repaid",0.781774211555462,0.218225788444538
"Not_Repaid","Not_Repaid",0.558241779245704,0.441758220754296
"Repaid","Repaid",0.426816121716117,0.573183878283883
"Repaid","Not_Repaid",0.574912138838477,0.425087861161523
"Not_Repaid","Not_Repaid",0.96848004979609,0.0315199502039099
"Repaid","Repaid",0.12708084817027,0.87291915182973
"Not_Repaid","Repaid",0.428236795317139,0.571763204682861
"Repaid","Repaid",0.0355594056457976,0.964440594354202
"Not_Repaid","Not_Repaid",0.965335455955367,0.0346645440446327
"Repaid","Not_Repaid",0.851803220258938,0.148196779741062
"Not_Repaid","Repaid",0.416299319453289,0.583700680546711
"Repaid","Repaid",0.275784950921065,0.724215049078935
"Repaid","Not_Repaid",0.673941479317887,0.326058520682113
"Repaid","Not_Repaid",0.605451067092618,0.394548932907382
"Repaid","Repaid",0.048844115546909,0.951155884453091
"Not_Repaid","Not_Repaid",0.898265848911926,0.101734151088074
"Not_Repaid","Not_Repaid",0.611822516042791,0.388177483957209
"Repaid","Repaid",0.498902498087244,0.501097501912756
"Not_Repaid","Not_Repaid",0.972776370192204,0.0272236298077959
"Not_Repaid","Not_Repaid",0.55978909727601,0.44021090272399
"Repaid","Repaid",0.204657110729737,0.795342889270263
"Repaid","Repaid",0.171674243604777,0.828325756395223
"Repaid","Repaid",0.435631341011094,0.564368658988906
"Repaid","Repaid",0.0330868261962065,0.966913173803793
"Not_Repaid","Repaid",0.403935781824828,0.596064218175172
"Not_Repaid","Not_Repaid",0.958074137709194,0.0419258622908064
"Repaid","Repaid",0.0897633400546365,0.910236659945364
"Not_Repaid","Not_Repaid",0.986578901178945,0.0134210988210551
"Not_Repaid","Not_Repaid",0.976966216041994,0.0230337839580057
"Repaid","Repaid",0.0417340044372979,0.958265995562702
"Not_Repaid","Not_Repaid",0.950430129164011,0.0495698708359886
"Repaid","Repaid",0.286087027400014,0.713912972599986
"Repaid","Repaid",0.0632299543003311,0.936770045699669
"Not_Repaid","Not_Repaid",0.640412561132472,0.359587438867528
"Not_Repaid","Repaid",0.300274906555603,0.699725093444397
"Not_Repaid","Not_Repaid",0.89894323145914,0.10105676854086
"Not_Repaid","Not_Repaid",0.777289838948052,0.222710161051947
"Not_Repaid","Not_Repaid",0.551829834538903,0.448170165461097
"Repaid","Not_Repaid",0.633757361932758,0.366242638067242
"Repaid","Repaid",0.0596419076920033,0.940358092307997
"Not_Repaid","Not_Repaid",0.819531977352783,0.180468022647217
"Repaid","Repaid",0.395139198752766,0.604860801247234
"Repaid","Repaid",0.0661055829543444,0.933894417045656
"Not_Repaid","Repaid",0.435129497034457,0.564870502965543
"Not_Repaid","Not_Repaid",0.815385446282771,0.184614553717229
"Repaid","Repaid",0.239892024057218,0.760107975942782
"Not_Repaid","Not_Repaid",0.840343117471162,0.159656882528838
"Repaid","Repaid",0.304219863670876,0.695780136329124
"Repaid","Repaid",0.047160005214932,0.952839994785068
"Repaid","Repaid",0.487433915112277,0.512566084887723
"Repaid","Not_Repaid",0.524318162899672,0.475681837100328
"Not_Repaid","Not_Repaid",0.876376849026481,0.123623150973519
"Repaid","Repaid",0.0424368925446539,0.957563107455346
"Not_Repaid","Not_Repaid",0.855926906355537,0.144073093644462
"Not_Repaid","Not_Repaid",0.973204951823379,0.0267950481766214
"Not_Repaid","Repaid",0.144000149631388,0.855999850368612
"Not_Repaid","Not_Repaid",0.901829830609966,0.0981701693900336
"Repaid","Repaid",0.210145661143048,0.789854338856952
"Repaid","Repaid",0.231919519070077,0.768080480929923
"Not_Repaid","Not_Repaid",0.989144158411715,0.0108558415882851
"Repaid","Repaid",0.312914343334305,0.687085656665695
"Not_Repaid","Not_Repaid",0.822366236570547,0.177633763429453
"Repaid","Repaid",0.144845295262964,0.855154704737036
"Repaid","Not_Repaid",0.65643280883302,0.34356719116698
"Not_Repaid","Repaid",0.052268060256829,0.947731939743171
"Repaid","Repaid",0.188675187154735,0.811324812845265
"Repaid","Repaid",0.0856265528316349,0.914373447168365
"Repaid","Repaid",0.0381503687947066,0.961849631205293
"Not_Repaid","Repaid",0.103936921156333,0.896063078843667
"Repaid","Repaid",0.38817304022701,0.61182695977299
"Repaid","Not_Repaid",0.787526274769851,0.212473725230149
"Repaid","Repaid",0.469345134286821,0.530654865713179
"Not_Repaid","Repaid",0.0230712266694905,0.97692877333051
"Not_Repaid","Repaid",0.434588915500088,0.565411084499912
"Repaid","Not_Repaid",0.797586458084868,0.202413541915132
"Repaid","Repaid",0.149941563633602,0.850058436366398
"Not_Repaid","Not_Repaid",0.642085808014964,0.357914191985036
"Repaid","Repaid",0.0168161203525466,0.983183879647453
"Repaid","Repaid",0.154595894813454,0.845404105186546
"Repaid","Repaid",0.0819040710218892,0.918095928978111
"Not_Repaid","Repaid",0.398986163726541,0.601013836273459
"Not_Repaid","Not_Repaid",0.778587161879691,0.221412838120309
"Repaid","Repaid",0.106087216626544,0.893912783373456
"Not_Repaid","Not_Repaid",0.996115157384857,0.00388484261514284
"Repaid","Not_Repaid",0.631769871097203,0.368230128902797
"Not_Repaid","Not_Repaid",0.898523372364388,0.101476627635612
"Not_Repaid","Not_Repaid",0.973234929678925,0.0267650703210746
"Not_Repaid","Not_Repaid",0.897736949064075,0.102263050935925
"Repaid","Repaid",0.255440487852913,0.744559512147087
"Not_Repaid","Not_Repaid",0.693919764611325,0.306080235388675
"Repaid","Repaid",0.10836059551116,0.89163940448884
"Repaid","Repaid",0.351681254216257,0.648318745783743
"Repaid","Repaid",0.0835222029958477,0.916477797004152
"Repaid","Not_Repaid",0.773393934372513,0.226606065627487
"Repaid","Repaid",0.0374383367860488,0.962561663213951
"Repaid","Repaid",0.118449945948299,0.881550054051701
"Repaid","Not_Repaid",0.866557714627676,0.133442285372324
"Not_Repaid","Repaid",0.219224254324176,0.780775745675824
"Not_Repaid","Not_Repaid",0.851179670897916,0.148820329102084
"Not_Repaid","Not_Repaid",0.693762489523788,0.306237510476212
"Repaid","Repaid",0.118435769815863,0.881564230184137
"Not_Repaid","Not_Repaid",0.902023622738731,0.0979763772612692
"Repaid","Repaid",0.180045341341414,0.819954658658586
"Repaid","Repaid",0.142373599075611,0.857626400924389
"Repaid","Repaid",0.421900721941738,0.578099278058262
"Not_Repaid","Not_Repaid",0.82216235546719,0.17783764453281
"Repaid","Repaid",0.0817813144146893,0.918218685585311
"Not_Repaid","Not_Repaid",0.770660617770834,0.229339382229166
"Not_Repaid","Not_Repaid",0.872621231775627,0.127378768224373
"Not_Repaid","Not_Repaid",0.85699320545856,0.14300679454144
"Repaid","Repaid",0.444197069996198,0.555802930003802
"Repaid","Repaid",0.123907325676295,0.876092674323705
"Repaid","Repaid",0.0842900957108713,0.915709904289129
"Repaid","Repaid",0.0311915486637733,0.968808451336227
"Not_Repaid","Not_Repaid",0.932607379329654,0.0673926206703457
"Repaid","Repaid",0.0409733369038383,0.959026663096162
"Repaid","Not_Repaid",0.612953150905439,0.387046849094561
"Not_Repaid","Not_Repaid",0.994765011740091,0.00523498825990853
"Repaid","Not_Repaid",0.94284917504571,0.0571508249542902
"Repaid","Not_Repaid",0.578242532627906,0.421757467372094
"Repaid","Repaid",0.0378192092281536,0.962180790771846
"Repaid","Repaid",0.0488569558727298,0.95114304412727
"Not_Repaid","Not_Repaid",0.945652301897744,0.054347698102256
"Repaid","Repaid",0.0472631556995698,0.95273684430043
"Not_Repaid","Not_Repaid",0.78704426362733,0.21295573637267
"Repaid","Not_Repaid",0.607269315232854,0.392730684767146
"Repaid","Repaid",0.148009167421866,0.851990832578134
"Not_Repaid","Not_Repaid",0.925223105177826,0.0747768948221736
"Not_Repaid","Not_Repaid",0.525960501436778,0.474039498563222
"Not_Repaid","Not_Repaid",0.671879002770554,0.328120997229446
"Repaid","Not_Repaid",0.561170353679769,0.438829646320231
"Repaid","Not_Repaid",0.58228910992914,0.41771089007086
"Not_Repaid","Not_Repaid",0.661563164876265,0.338436835123735
"Repaid","Not_Repaid",0.534233154119295,0.465766845880705
"Repaid","Repaid",0.278374574939483,0.721625425060517
"Repaid","Not_Repaid",0.807644971840684,0.192355028159316
"Repaid","Not_Repaid",0.568322165894644,0.431677834105356
"Not_Repaid","Not_Repaid",0.672355627429562,0.327644372570438
"Not_Repaid","Not_Repaid",0.876513694473745,0.123486305526255
"Repaid","Not_Repaid",0.56546082996908,0.43453917003092
"Not_Repaid","Not_Repaid",0.926045858532847,0.0739541414671525
"Repaid","Repaid",0.0423570471738763,0.957642952826124
"Repaid","Repaid",0.288279471671196,0.711720528328804
"Not_Repaid","Not_Repaid",0.723317398311048,0.276682601688952
"Repaid","Not_Repaid",0.948720539026781,0.0512794609732192
"Repaid","Repaid",0.068916102891788,0.931083897108212
"Repaid","Repaid",0.123612278826699,0.876387721173301
"Repaid","Repaid",0.176513912075675,0.823486087924325
"Repaid","Repaid",0.127669345082474,0.872330654917526
"Repaid","Repaid",0.29101184504567,0.70898815495433
"Repaid","Repaid",0.0609636790081065,0.939036320991893
"Not_Repaid","Not_Repaid",0.899342388076756,0.100657611923244
"Repaid","Repaid",0.123976301136799,0.876023698863201
"Repaid","Not_Repaid",0.929009141773211,0.0709908582267887
"Repaid","Repaid",0.0914068641191232,0.908593135880877
"Repaid","Repaid",0.201666393521741,0.79833360647826
"Repaid","Repaid",0.398833559751451,0.601166440248549
"Repaid","Repaid",0.0361339582249492,0.963866041775051
"Not_Repaid","Not_Repaid",0.950231284212613,0.0497687157873865
"Not_Repaid","Not_Repaid",0.889204160176975,0.110795839823025
"Not_Repaid","Not_Repaid",0.509444857981641,0.490555142018359
"Repaid","Repaid",0.0879975348728904,0.91200246512711
"Not_Repaid","Not_Repaid",0.778085977457208,0.221914022542792
"Repaid","Repaid",0.0367236686781709,0.963276331321829
"Repaid","Repaid",0.0354902913490396,0.96450970865096
"Not_Repaid","Not_Repaid",0.853062192304928,0.146937807695072
"Repaid","Repaid",0.0131759012293862,0.986824098770614
"Repaid","Repaid",0.0403915599108279,0.959608440089172
"Not_Repaid","Not_Repaid",0.687741984979697,0.312258015020303
"Repaid","Repaid",0.0206361071249441,0.979363892875056
"Repaid","Not_Repaid",0.511251696902715,0.488748303097285
"Repaid","Repaid",0.154448942928212,0.845551057071788
"Not_Repaid","Not_Repaid",0.664557444434167,0.335442555565833
"Repaid","Repaid",0.0526818231051549,0.947318176894845
"Repaid","Repaid",0.116157717808023,0.883842282191977
"Not_Repaid","Not_Repaid",0.970469993281485,0.0295300067185147
"Repaid","Repaid",0.0564723898229484,0.943527610177052
"Repaid","Repaid",0.0234327497095687,0.976567250290431
"Repaid","Repaid",0.0799707597578301,0.92002924024217
"Repaid","Not_Repaid",0.744045731033235,0.255954268966765
"Repaid","Not_Repaid",0.510988764859667,0.489011235140333
"Repaid","Repaid",0.114541464390643,0.885458535609357
"Not_Repaid","Not_Repaid",0.775378143983545,0.224621856016455
"Repaid","Repaid",0.124603919109891,0.875396080890109
"Not_Repaid","Not_Repaid",0.795120043979144,0.204879956020856
"Not_Repaid","Not_Repaid",0.508531720857554,0.491468279142446
"Not_Repaid","Not_Repaid",0.876811393434589,0.123188606565411
"Repaid","Repaid",0.0489598864355679,0.951040113564432
"Repaid","Repaid",0.0455852951977198,0.95441470480228
"Repaid","Not_Repaid",0.970176389901944,0.0298236100980559
"Repaid","Repaid",0.190567385337642,0.809432614662358
"Not_Repaid","Not_Repaid",0.634005548927987,0.365994451072013
"Not_Repaid","Not_Repaid",0.951297819606702,0.0487021803932979
"Repaid","Repaid",0.0898746189993409,0.910125381000659
"Repaid","Repaid",0.189947576594352,0.810052423405648
"Repaid","Repaid",0.18880610213484,0.81119389786516
"Repaid","Repaid",0.330632867451954,0.669367132548046
"Not_Repaid","Not_Repaid",0.923418750260333,0.0765812497396671
"Not_Repaid","Not_Repaid",0.771483542147635,0.228516457852365
"Repaid","Repaid",0.0793380828604189,0.920661917139581
"Not_Repaid","Not_Repaid",0.65472848643499,0.34527151356501
"Not_Repaid","Not_Repaid",0.527913951478261,0.472086048521739
"Repaid","Repaid",0.0318712330829434,0.968128766917057
"Not_Repaid","Not_Repaid",0.667152048312922,0.332847951687078
"Not_Repaid","Not_Repaid",0.560055011106904,0.439944988893096
"Not_Repaid","Not_Repaid",0.538561142181736,0.461438857818264
"Not_Repaid","Not_Repaid",0.945333631929933,0.0546663680700675
"Repaid","Repaid",0.0463148546560316,0.953685145343968
"Repaid","Repaid",0.0440796377896685,0.955920362210331
"Not_Repaid","Not_Repaid",0.702642468970797,0.297357531029203
"Not_Repaid","Not_Repaid",0.869343288255757,0.130656711744243
"Repaid","Not_Repaid",0.561707193467843,0.438292806532157
"Not_Repaid","Repaid",0.134520930065151,0.865479069934849
"Not_Repaid","Not_Repaid",0.903845598775157,0.0961544012248429
"Repaid","Repaid",0.443862258837367,0.556137741162633
"Not_Repaid","Repaid",0.225300807482145,0.774699192517855
"Repaid","Not_Repaid",0.836220335231686,0.163779664768314
"Not_Repaid","Not_Repaid",0.687390622174165,0.312609377825835
"Not_Repaid","Not_Repaid",0.993178674566228,0.00682132543377181
"Repaid","Repaid",0.252863168146414,0.747136831853586
"Not_Repaid","Not_Repaid",0.739319247071714,0.260680752928286
"Repaid","Not_Repaid",0.982029313880507,0.0179706861194929
"Not_Repaid","Not_Repaid",0.783101850781997,0.216898149218003
"Repaid","Repaid",0.401776025017557,0.598223974982443
"Not_Repaid","Not_Repaid",0.627245467138413,0.372754532861587
"Repaid","Repaid",0.0836455598434063,0.916354440156594
"Repaid","Repaid",0.0549880171474565,0.945011982852544
"Repaid","Not_Repaid",0.927444954724486,0.0725550452755137
"Repaid","Not_Repaid",0.975181435981595,0.0248185640184051
"Not_Repaid","Not_Repaid",0.946490943845306,0.0535090561546939
"Repaid","Repaid",0.026303072531868,0.973696927468132
"Not_Repaid","Not_Repaid",0.74200458691566,0.25799541308434
"Not_Repaid","Repaid",0.396018284704655,0.603981715295345
"Repaid","Not_Repaid",0.584784317619943,0.415215682380057
"Repaid","Repaid",0.115337060225731,0.884662939774269
"Not_Repaid","Not_Repaid",0.644667421574149,0.355332578425851
"Not_Repaid","Not_Repaid",0.96617450346652,0.0338254965334804
"Repaid","Not_Repaid",0.738420849985012,0.261579150014988
"Not_Repaid","Not_Repaid",0.587820123348341,0.412179876651659
"Not_Repaid","Not_Repaid",0.947331741510517,0.0526682584894833
"Not_Repaid","Not_Repaid",0.708124287887484,0.291875712112516
"Repaid","Repaid",0.345996443581681,0.654003556418319
"Not_Repaid","Repaid",0.130071178552739,0.869928821447261
"Not_Repaid","Not_Repaid",0.980575882805186,0.0194241171948144
"Repaid","Repaid",0.236668686149907,0.763331313850093
"Repaid","Not_Repaid",0.664807384424529,0.335192615575471
"Not_Repaid","Not_Repaid",0.839286082800805,0.160713917199195
"Repaid","Repaid",0.100847065177274,0.899152934822726
"Not_Repaid","Not_Repaid",0.719221256515122,0.280778743484878
"Repaid","Repaid",0.220135297183978,0.779864702816022
"Not_Repaid","Not_Repaid",0.918704852994621,0.0812951470053786
"Not_Repaid","Not_Repaid",0.923613225421877,0.0763867745781229
"Not_Repaid","Not_Repaid",0.738028549651411,0.261971450348589
"Not_Repaid","Not_Repaid",0.812638006641738,0.187361993358262
"Not_Repaid","Not_Repaid",0.99128185434084,0.00871814565916016
"Repaid","Repaid",0.150182249518221,0.849817750481779
"Not_Repaid","Repaid",0.236736724345692,0.763263275654308
"Not_Repaid","Not_Repaid",0.694016158562365,0.305983841437635
"Not_Repaid","Not_Repaid",0.71403627365929,0.28596372634071
"Repaid","Repaid",0.0854512577272095,0.91454874227279
"Not_Repaid","Not_Repaid",0.825812944728183,0.174187055271817
"Not_Repaid","Not_Repaid",0.654861841311506,0.345138158688494
"Not_Repaid","Not_Repaid",0.781813497333777,0.218186502666223
"Not_Repaid","Not_Repaid",0.747423420892404,0.252576579107596
"Not_Repaid","Repaid",0.22604669267629,0.77395330732371
"Repaid","Repaid",0.429547197577586,0.570452802422414
"Repaid","Repaid",0.0371065043693691,0.962893495630631
"Repaid","Repaid",0.0699801477555125,0.930019852244487
"Repaid","Repaid",0.0596804995391681,0.940319500460832
"Repaid","Not_Repaid",0.764091108956721,0.235908891043279
"Repaid","Not_Repaid",0.888119870369755,0.111880129630245
"Not_Repaid","Not_Repaid",0.781705799763537,0.218294200236463
"Not_Repaid","Not_Repaid",0.856790450850563,0.143209549149437
"Not_Repaid","Not_Repaid",0.908494247754123,0.0915057522458769
"Repaid","Repaid",0.046661103180123,0.953338896819877
"Not_Repaid","Not_Repaid",0.888761762025048,0.111238237974952
"Repaid","Repaid",0.224249820950966,0.775750179049034
"Not_Repaid","Repaid",0.442394797328022,0.557605202671978
"Repaid","Repaid",0.0873927277163964,0.912607272283604
"Not_Repaid","Not_Repaid",0.71811094849556,0.28188905150444
"Repaid","Not_Repaid",0.893527354682877,0.106472645317123
"Not_Repaid","Not_Repaid",0.768576322100439,0.231423677899561
"Not_Repaid","Not_Repaid",0.547961408289383,0.452038591710617
"Not_Repaid","Not_Repaid",0.637657544068457,0.362342455931543
"Not_Repaid","Not_Repaid",0.990533019318404,0.00946698068159644
"Repaid","Repaid",0.349043170025776,0.650956829974224
"Not_Repaid","Not_Repaid",0.990065826742474,0.00993417325752592
"Not_Repaid","Not_Repaid",0.95845192776252,0.0415480722374803
"Repaid","Not_Repaid",0.612798742701439,0.387201257298561
"Repaid","Repaid",0.041656481937652,0.958343518062348
"Not_Repaid","Not_Repaid",0.898124079294727,0.101875920705273
"Repaid","Repaid",0.0984769335919767,0.901523066408023
"Repaid","Repaid",0.359727258598508,0.640272741401492
"Not_Repaid","Not_Repaid",0.991366327193145,0.00863367280685537
"Not_Repaid","Not_Repaid",0.833334850685321,0.166665149314679
"Repaid","Repaid",0.126082859572976,0.873917140427024
"Repaid","Repaid",0.209125699835443,0.790874300164557
"Repaid","Repaid",0.0915409240065697,0.90845907599343
"Repaid","Repaid",0.0160091962120766,0.983990803787923
"Repaid","Repaid",0.371658155336626,0.628341844663374
"Not_Repaid","Not_Repaid",0.644657144381253,0.355342855618747
"Not_Repaid","Not_Repaid",0.808331075403546,0.191668924596454
"Not_Repaid","Not_Repaid",0.99312155936514,0.0068784406348601
"Repaid","Not_Repaid",0.631647850623161,0.368352149376839
"Not_Repaid","Not_Repaid",0.982253115580874,0.0177468844191259
"Not_Repaid","Not_Repaid",0.982346277427951,0.0176537225720489
"Not_Repaid","Repaid",0.323188368945002,0.676811631054998
"Repaid","Repaid",0.0342572982169952,0.965742701783005
"Not_Repaid","Not_Repaid",0.835006827201439,0.164993172798561
"Repaid","Repaid",0.396431248868059,0.603568751131941
"Not_Repaid","Not_Repaid",0.972076745214844,0.0279232547851561
"Repaid","Repaid",0.0939618394185134,0.906038160581487
"Not_Repaid","Not_Repaid",0.86671120654238,0.13328879345762
"Not_Repaid","Not_Repaid",0.689523972344239,0.310476027655761
"Repaid","Repaid",0.251582498763587,0.748417501236413
"Repaid","Repaid",0.136264742289422,0.863735257710578
"Repaid","Repaid",0.0198367168272033,0.980163283172797
"Not_Repaid","Not_Repaid",0.734892216525743,0.265107783474257
"Not_Repaid","Not_Repaid",0.949572869580983,0.0504271304190173
"Repaid","Repaid",0.130463840122993,0.869536159877007
"Repaid","Repaid",0.0612233360630602,0.93877666393694
"Not_Repaid","Not_Repaid",0.648375762072734,0.351624237927266
"Not_Repaid","Not_Repaid",0.970325022929865,0.0296749770701352
"Not_Repaid","Not_Repaid",0.793718934608569,0.206281065391431
"Not_Repaid","Not_Repaid",0.771354386731387,0.228645613268613
"Repaid","Repaid",0.134267052390449,0.865732947609551
"Not_Repaid","Repaid",0.282031138414548,0.717968861585452
"Not_Repaid","Not_Repaid",0.557078805652411,0.442921194347589
"Repaid","Repaid",0.324966411288023,0.675033588711977
"Repaid","Repaid",0.0311487172271057,0.968851282772894
"Repaid","Repaid",0.307407014003405,0.692592985996595
"Repaid","Repaid",0.0240179643534459,0.975982035646554
"Repaid","Repaid",0.140445751985268,0.859554248014732
"Repaid","Not_Repaid",0.726636228758552,0.273363771241448
"Repaid","Repaid",0.101970014614036,0.898029985385964
"Not_Repaid","Not_Repaid",0.855738026226438,0.144261973773562
"Not_Repaid","Repaid",0.432306710427791,0.567693289572209
"Repaid","Repaid",0.0223182481926786,0.977681751807321
"Repaid","Repaid",0.169734953214544,0.830265046785456
"Not_Repaid","Not_Repaid",0.820273797004383,0.179726202995617
"Repaid","Repaid",0.0856410257239917,0.914358974276008
"Not_Repaid","Not_Repaid",0.552137840066748,0.447862159933252
"Repaid","Not_Repaid",0.754465626756261,0.245534373243739
"Not_Repaid","Not_Repaid",0.938015119025731,0.0619848809742689
"Not_Repaid","Repaid",0.269353053680148,0.730646946319852
"Not_Repaid","Not_Repaid",0.936216432369682,0.0637835676303184
"Not_Repaid","Not_Repaid",0.975275819827566,0.0247241801724344
"Repaid","Repaid",0.0643946706310525,0.935605329368947
"Repaid","Repaid",0.0223084481847524,0.977691551815248
"Not_Repaid","Not_Repaid",0.806863307638477,0.193136692361523
"Repaid","Repaid",0.0744039291188191,0.925596070881181
"Repaid","Not_Repaid",0.711537675009784,0.288462324990216
"Repaid","Not_Repaid",0.785131823033555,0.214868176966445
"Repaid","Repaid",0.126473640171152,0.873526359828848
"Not_Repaid","Not_Repaid",0.734547253899939,0.265452746100061
"Repaid","Not_Repaid",0.563602887444936,0.436397112555064
"Repaid","Not_Repaid",0.503652590522951,0.496347409477049
"Repaid","Repaid",0.0595494971366788,0.940450502863321
"Not_Repaid","Repaid",0.0353213369562027,0.964678663043797
"Repaid","Repaid",0.0971256416382641,0.902874358361736
"Repaid","Not_Repaid",0.739822216579847,0.260177783420153
"Repaid","Repaid",0.204787126070406,0.795212873929594
"Repaid","Not_Repaid",0.960909480831723,0.0390905191682772
"Not_Repaid","Not_Repaid",0.933686427922801,0.0663135720771991
"Repaid","Repaid",0.309149609341599,0.690850390658401
"Repaid","Repaid",0.100132851382492,0.899867148617508
"Repaid","Repaid",0.212729009688973,0.787270990311027
"Not_Repaid","Not_Repaid",0.826672983481247,0.173327016518753
"Repaid","Not_Repaid",0.61055069987445,0.38944930012555
"Not_Repaid","Not_Repaid",0.871688496674765,0.128311503325235
"Not_Repaid","Not_Repaid",0.660679427362335,0.339320572637665
"Repaid","Not_Repaid",0.768988756786501,0.231011243213499
"Repaid","Not_Repaid",0.743015875525713,0.256984124474287
"Not_Repaid","Not_Repaid",0.801664482056429,0.198335517943571
"Repaid","Not_Repaid",0.618373110153192,0.381626889846808
"Repaid","Repaid",0.143025375058676,0.856974624941324
"Not_Repaid","Not_Repaid",0.865548762349153,0.134451237650847
"Repaid","Repaid",0.060491798630352,0.939508201369648
"Repaid","Not_Repaid",0.641254045930121,0.358745954069879
"Repaid","Repaid",0.261572452222353,0.738427547777647
"Not_Repaid","Repaid",0.120412138673145,0.879587861326855
"Not_Repaid","Not_Repaid",0.739380937764342,0.260619062235658
"Repaid","Repaid",0.154749482348023,0.845250517651977
"Repaid","Not_Repaid",0.629857275540661,0.370142724459339
"Not_Repaid","Not_Repaid",0.920153803343666,0.079846196656334
"Repaid","Repaid",0.0113620634921726,0.988637936507827
"Not_Repaid","Not_Repaid",0.938583665496755,0.0614163345032445
"Repaid","Repaid",0.0609786658212828,0.939021334178717
"Repaid","Repaid",0.159758953412068,0.840241046587932
"Repaid","Not_Repaid",0.573613534403243,0.426386465596757
"Not_Repaid","Not_Repaid",0.97624077674055,0.0237592232594501
"Not_Repaid","Repaid",0.432351490614758,0.567648509385242
"Repaid","Repaid",0.0178017088902978,0.982198291109702
"Repaid","Repaid",0.0399017317642248,0.960098268235775
"Repaid","Repaid",0.114765502140053,0.885234497859947
"Not_Repaid","Not_Repaid",0.993284945769276,0.00671505423072428
"Repaid","Repaid",0.21228357976347,0.78771642023653
"Repaid","Repaid",0.0279773547685712,0.972022645231429
"Not_Repaid","Not_Repaid",0.945745839864086,0.0542541601359139
"Not_Repaid","Repaid",0.487053451465109,0.512946548534891
"Repaid","Repaid",0.156187300905833,0.843812699094167
"Not_Repaid","Not_Repaid",0.944150925524143,0.0558490744758566
"Repaid","Repaid",0.0250323066363445,0.974967693363656
"Not_Repaid","Not_Repaid",0.978182102220684,0.0218178977793162
"Not_Repaid","Not_Repaid",0.562551471756079,0.437448528243921
"Not_Repaid","Not_Repaid",0.615120444609699,0.384879555390301
"Repaid","Repaid",0.02400793934347,0.97599206065653
"Repaid","Repaid",0.204424045904653,0.795575954095347
"Not_Repaid","Not_Repaid",0.649369167699778,0.350630832300222
"Repaid","Repaid",0.141327112037249,0.858672887962751
"Not_Repaid","Not_Repaid",0.829534233858372,0.170465766141628
"Repaid","Repaid",0.111257220349105,0.888742779650895
"Not_Repaid","Not_Repaid",0.871694617855609,0.128305382144391
"Not_Repaid","Not_Repaid",0.889272332878873,0.110727667121127
"Not_Repaid","Not_Repaid",0.763768182012751,0.236231817987249
"Repaid","Repaid",0.482181183883889,0.517818816116111
"Repaid","Repaid",0.0307638851768994,0.969236114823101
"Repaid","Repaid",0.0313215954541229,0.968678404545877
"Not_Repaid","Not_Repaid",0.98343755042767,0.0165624495723301
"Not_Repaid","Not_Repaid",0.998200117376095,0.00179988262390466
"Not_Repaid","Not_Repaid",0.8060887916829,0.1939112083171
"Not_Repaid","Not_Repaid",0.76576796186971,0.234232038130289
"Repaid","Not_Repaid",0.827135241323022,0.172864758676978
"Repaid","Repaid",0.13484669479513,0.86515330520487
"Not_Repaid","Not_Repaid",0.902670105937869,0.097329894062131
"Repaid","Repaid",0.195196578826448,0.804803421173552
"Not_Repaid","Not_Repaid",0.949666978668216,0.050333021331784
"Repaid","Repaid",0.100521458483651,0.899478541516349
"Repaid","Repaid",0.310957489096558,0.689042510903442
"Not_Repaid","Not_Repaid",0.770556451200147,0.229443548799853
"Repaid","Repaid",0.434231006768066,0.565768993231934
"Not_Repaid","Not_Repaid",0.676905440423126,0.323094559576874
"Repaid","Repaid",0.0731299182401428,0.926870081759857
"Not_Repaid","Not_Repaid",0.911111198316943,0.088888801683057
"Not_Repaid","Not_Repaid",0.965358499504768,0.0346415004952316
"Repaid","Repaid",0.237890985854175,0.762109014145825
"Repaid","Not_Repaid",0.58980395493219,0.41019604506781
"Not_Repaid","Not_Repaid",0.859947614845434,0.140052385154566
"Repaid","Repaid",0.0343543737516919,0.965645626248308
"Not_Repaid","Not_Repaid",0.970484273497872,0.0295157265021278
"Not_Repaid","Not_Repaid",0.658051004179964,0.341948995820036
"Not_Repaid","Not_Repaid",0.656055819068634,0.343944180931366
"Not_Repaid","Not_Repaid",0.852702346579654,0.147297653420346
"Repaid","Not_Repaid",0.584157347842708,0.415842652157291
"Not_Repaid","Not_Repaid",0.737962558327287,0.262037441672713
"Not_Repaid","Not_Repaid",0.527326713599391,0.472673286400609
"Not_Repaid","Not_Repaid",0.652066661766438,0.347933338233562
"Not_Repaid","Not_Repaid",0.810567119371333,0.189432880628667
"Not_Repaid","Not_Repaid",0.810336180746873,0.189663819253127
"Not_Repaid","Not_Repaid",0.787484185703073,0.212515814296927
"Repaid","Repaid",0.211086706592089,0.788913293407911
"Not_Repaid","Not_Repaid",0.696048063940254,0.303951936059746
"Repaid","Repaid",0.0152604121855517,0.984739587814448
"Repaid","Repaid",0.108601908205476,0.891398091794524
"Repaid","Repaid",0.035430750768108,0.964569249231892
"Repaid","Repaid",0.186343108268399,0.813656891731601
"Repaid","Repaid",0.215353012915267,0.784646987084733
"Not_Repaid","Not_Repaid",0.70216726324369,0.29783273675631
"Not_Repaid","Not_Repaid",0.762141081752717,0.237858918247283
"Not_Repaid","Not_Repaid",0.988496114208405,0.011503885791595
"Repaid","Repaid",0.31588961419516,0.68411038580484
"Not_Repaid","Not_Repaid",0.723444013684509,0.276555986315491
"Not_Repaid","Not_Repaid",0.981242074364177,0.0187579256358235
"Repaid","Repaid",0.0380040872641602,0.96199591273584
"Repaid","Repaid",0.0774023916664512,0.922597608333549
"Not_Repaid","Not_Repaid",0.937813060875595,0.062186939124405
"Repaid","Repaid",0.0486516445633944,0.951348355436606
"Repaid","Repaid",0.167459850149006,0.832540149850994
"Repaid","Repaid",0.104897760984025,0.895102239015975
"Repaid","Repaid",0.47673701094703,0.52326298905297
"Not_Repaid","Not_Repaid",0.995803567681387,0.00419643231861256
"Not_Repaid","Not_Repaid",0.820251030277306,0.179748969722694
"Not_Repaid","Not_Repaid",0.759723868144393,0.240276131855607
"Repaid","Repaid",0.0506547707772379,0.949345229222762
"Not_Repaid","Not_Repaid",0.93607088084845,0.0639291191515505
"Repaid","Repaid",0.260793676951315,0.739206323048685
"Not_Repaid","Not_Repaid",0.664022620932317,0.335977379067683
"Not_Repaid","Repaid",0.286739053183585,0.713260946816415
"Not_Repaid","Not_Repaid",0.7895644764935,0.2104355235065
"Repaid","Not_Repaid",0.68983168094489,0.31016831905511
"Not_Repaid","Not_Repaid",0.854673967917909,0.145326032082091
"Repaid","Repaid",0.0432911630632827,0.956708836936717
"Repaid","Repaid",0.250674126583571,0.749325873416429
"Repaid","Not_Repaid",0.83383390630438,0.16616609369562
"Not_Repaid","Not_Repaid",0.536544268921544,0.463455731078456
"Not_Repaid","Not_Repaid",0.96067033639715,0.0393296636028495
"Repaid","Repaid",0.0851909631393498,0.91480903686065
"Repaid","Repaid",0.0806962127593385,0.919303787240662
"Not_Repaid","Repaid",0.129705915556741,0.870294084443259
"Not_Repaid","Not_Repaid",0.966516856446627,0.033483143553373
"Repaid","Repaid",0.110188678013815,0.889811321986185
"Not_Repaid","Repaid",0.493302146541716,0.506697853458284
"Repaid","Not_Repaid",0.701786709321939,0.298213290678061
"Repaid","Repaid",0.331013794161125,0.668986205838875
"Not_Repaid","Not_Repaid",0.861758173255579,0.138241826744421
"Not_Repaid","Not_Repaid",0.984301945263218,0.0156980547367821
"Repaid","Repaid",0.107100538126162,0.892899461873838
"Not_Repaid","Not_Repaid",0.893902532892631,0.106097467107369
"Repaid","Repaid",0.313066272754889,0.686933727245111
"Not_Repaid","Not_Repaid",0.932174101235147,0.0678258987648528
"Not_Repaid","Not_Repaid",0.814512845651217,0.185487154348783
"Not_Repaid","Not_Repaid",0.966438950248436,0.0335610497515644
"Repaid","Not_Repaid",0.786092699599959,0.213907300400041
"Not_Repaid","Not_Repaid",0.9421521546143,0.0578478453856995
"Repaid","Repaid",0.040331649137662,0.959668350862338
"Not_Repaid","Not_Repaid",0.684384605807371,0.315615394192629
"Not_Repaid","Not_Repaid",0.843410697152922,0.156589302847078
"Not_Repaid","Not_Repaid",0.942024752371814,0.0579752476281855
"Repaid","Repaid",0.0250178622535924,0.974982137746408
"Not_Repaid","Not_Repaid",0.704333674994439,0.295666325005561
"Not_Repaid","Not_Repaid",0.660757439809691,0.339242560190309
"Repaid","Repaid",0.124947294551781,0.875052705448219
"Not_Repaid","Not_Repaid",0.642388501407003,0.357611498592997
"Not_Repaid","Not_Repaid",0.646094717531705,0.353905282468295
"Repaid","Repaid",0.432965839265604,0.567034160734396
"Not_Repaid","Not_Repaid",0.894077808247667,0.105922191752333
"Not_Repaid","Not_Repaid",0.98131393830467,0.0186860616953305
"Repaid","Repaid",0.0150143229154044,0.984985677084596
"Repaid","Repaid",0.308502920437393,0.691497079562607
"Not_Repaid","Not_Repaid",0.950165394067416,0.049834605932584
"Not_Repaid","Not_Repaid",0.949233419894462,0.0507665801055381
"Not_Repaid","Not_Repaid",0.906752219759568,0.0932477802404324
"Repaid","Not_Repaid",0.852602679646955,0.147397320353045
"Not_Repaid","Not_Repaid",0.766384461839707,0.233615538160293
"Not_Repaid","Not_Repaid",0.529576127819052,0.470423872180948
"Repaid","Repaid",0.42587985513301,0.57412014486699
"Repaid","Repaid",0.0131156650440444,0.986884334955956
"Not_Repaid","Not_Repaid",0.579064728835888,0.420935271164112
"Not_Repaid","Not_Repaid",0.785718950493561,0.214281049506439
"Repaid","Repaid",0.23551253848427,0.76448746151573
"Repaid","Repaid",0.0347753889779051,0.965224611022095
"Not_Repaid","Not_Repaid",0.810969905325582,0.189030094674418
"Repaid","Repaid",0.297500204807375,0.702499795192625
"Repaid","Repaid",0.0526130255689259,0.947386974431074
"Repaid","Repaid",0.0753229901507262,0.924677009849274
"Not_Repaid","Not_Repaid",0.665113468496335,0.334886531503665
"Not_Repaid","Not_Repaid",0.751489407265353,0.248510592734647
"Repaid","Not_Repaid",0.977657934448566,0.0223420655514345
"Not_Repaid","Not_Repaid",0.884996627398502,0.115003372601498
"Repaid","Repaid",0.045109428524479,0.954890571475521
"Not_Repaid","Not_Repaid",0.925959910606363,0.0740400893936367
"Repaid","Repaid",0.0388950056745457,0.961104994325454
"Repaid","Not_Repaid",0.511100115628373,0.488899884371627
"Not_Repaid","Not_Repaid",0.941596136420667,0.0584038635793326
"Repaid","Not_Repaid",0.761643642379973,0.238356357620028
"Not_Repaid","Not_Repaid",0.603665441991345,0.396334558008655
"Repaid","Repaid",0.259592991318115,0.740407008681885
"Repaid","Repaid",0.0378916887975239,0.962108311202476
"Not_Repaid","Not_Repaid",0.671241383202279,0.328758616797721
"Not_Repaid","Not_Repaid",0.878450287279492,0.121549712720508
"Not_Repaid","Not_Repaid",0.99674501335508,0.00325498664491991
"Repaid","Repaid",0.0302052378383011,0.969794762161699
"Repaid","Repaid",0.0564935427736113,0.943506457226389
"Repaid","Repaid",0.493646608859089,0.506353391140911
"Repaid","Repaid",0.0404091593253403,0.95959084067466
"Not_Repaid","Not_Repaid",0.853675267599348,0.146324732400652
"Repaid","Not_Repaid",0.535602757263508,0.464397242736492
"Repaid","Repaid",0.0579625316059972,0.942037468394003
"Not_Repaid","Not_Repaid",0.932389443263925,0.067610556736075
"Repaid","Not_Repaid",0.631877544422395,0.368122455577606
"Not_Repaid","Not_Repaid",0.779601331979532,0.220398668020468
"Not_Repaid","Not_Repaid",0.961248701779532,0.038751298220468
"Not_Repaid","Not_Repaid",0.676664670653923,0.323335329346077
"Not_Repaid","Not_Repaid",0.502212204787649,0.497787795212351
"Repaid","Repaid",0.0509886461699885,0.949011353830011
"Not_Repaid","Not_Repaid",0.921660843699271,0.0783391563007291
"Repaid","Repaid",0.114913794043566,0.885086205956434
"Not_Repaid","Not_Repaid",0.866233913934754,0.133766086065246
"Repaid","Repaid",0.0877328589332996,0.9122671410667
"Not_Repaid","Not_Repaid",0.895863082209281,0.104136917790719
"Not_Repaid","Not_Repaid",0.982588869223213,0.0174111307767872
"Not_Repaid","Not_Repaid",0.683489539609882,0.316510460390118
"Not_Repaid","Not_Repaid",0.734407442484872,0.265592557515128
"Repaid","Not_Repaid",0.665263777177963,0.334736222822037
"Not_Repaid","Not_Repaid",0.977840660885703,0.022159339114297
"Not_Repaid","Not_Repaid",0.969338861330956,0.0306611386690435
"Repaid","Not_Repaid",0.97462960117522,0.0253703988247805
"Not_Repaid","Not_Repaid",0.777637940109459,0.222362059890541
"Repaid","Not_Repaid",0.534052982722231,0.465947017277769
"Not_Repaid","Not_Repaid",0.755358087022823,0.244641912977177
"Not_Repaid","Not_Repaid",0.716982747880784,0.283017252119216
"Not_Repaid","Not_Repaid",0.869210678902306,0.130789321097694
"Repaid","Not_Repaid",0.522973006791575,0.477026993208425
"Not_Repaid","Not_Repaid",0.990212181971063,0.00978781802893703
"Not_Repaid","Not_Repaid",0.98540787154007,0.01459212845993
"Not_Repaid","Not_Repaid",0.746619841223364,0.253380158776636
"Repaid","Repaid",0.0270616241550877,0.972938375844912
"Not_Repaid","Not_Repaid",0.98236534912897,0.0176346508710298
"Not_Repaid","Not_Repaid",0.777932133684512,0.222067866315488
"Not_Repaid","Not_Repaid",0.98356880105134,0.0164311989486605
"Not_Repaid","Not_Repaid",0.921974089251865,0.0780259107481347
"Not_Repaid","Not_Repaid",0.845235579527999,0.154764420472001
"Not_Repaid","Not_Repaid",0.660552642143734,0.339447357856266
"Not_Repaid","Not_Repaid",0.785507039952782,0.214492960047218
"Not_Repaid","Not_Repaid",0.886887951860165,0.113112048139835
"Not_Repaid","Not_Repaid",0.580968217563824,0.419031782436176
"Not_Repaid","Repaid",0.158003506655602,0.841996493344398
"Not_Repaid","Repaid",0.0701813535625524,0.929818646437448
"Not_Repaid","Repaid",0.350663811192039,0.649336188807961
"Not_Repaid","Not_Repaid",0.714451124660598,0.285548875339402
"Not_Repaid","Repaid",0.493943876429047,0.506056123570953
"Repaid","Repaid",0.194895531955074,0.805104468044926
"Repaid","Repaid",0.0251079700079389,0.974892029992061
"Repaid","Repaid",0.487811622013585,0.512188377986415
"Repaid","Repaid",0.44173741451824,0.55826258548176
"Repaid","Repaid",0.341360998177883,0.658639001822117
"Not_Repaid","Repaid",0.170251186847247,0.829748813152753
"Repaid","Repaid",0.0863413457166032,0.913658654283397
"Not_Repaid","Not_Repaid",0.681549585305865,0.318450414694135
"Repaid","Repaid",0.44388718740583,0.55611281259417
"Not_Repaid","Not_Repaid",0.709701308106778,0.290298691893222
"Not_Repaid","Not_Repaid",0.520021314814822,0.479978685185177
"Not_Repaid","Not_Repaid",0.837425672828632,0.162574327171368
"Not_Repaid","Not_Repaid",0.96673473422717,0.0332652657728305
"Not_Repaid","Not_Repaid",0.547062298187203,0.452937701812797
"Not_Repaid","Not_Repaid",0.960208360289857,0.0397916397101431
"Not_Repaid","Not_Repaid",0.863080722454018,0.136919277545982
"Repaid","Repaid",0.389325126910594,0.610674873089406
"Not_Repaid","Not_Repaid",0.983450651380415,0.016549348619585
"Repaid","Repaid",0.332649694560565,0.667350305439435
"Not_Repaid","Not_Repaid",0.638125161089707,0.361874838910293
"Repaid","Repaid",0.160858652269175,0.839141347730825
"Repaid","Repaid",0.136993305543674,0.863006694456326
"Not_Repaid","Not_Repaid",0.885039797913728,0.114960202086272
"Repaid","Repaid",0.0115443384322965,0.988455661567703
"Repaid","Repaid",0.0442962794471591,0.955703720552841
"Repaid","Repaid",0.173371711427977,0.826628288572023
"Repaid","Repaid",0.264953106843321,0.735046893156679
"Repaid","Repaid",0.42910041155176,0.57089958844824
"Not_Repaid","Not_Repaid",0.987676964839687,0.012323035160313
"Not_Repaid","Repaid",0.443809677467992,0.556190322532008
"Not_Repaid","Not_Repaid",0.659446217314303,0.340553782685697
"Repaid","Not_Repaid",0.744358047914742,0.255641952085258
"Not_Repaid","Repaid",0.410725309851832,0.589274690148168
"Repaid","Repaid",0.0454837111950744,0.954516288804926
"Not_Repaid","Not_Repaid",0.881128281215361,0.118871718784639
"Repaid","Repaid",0.472453307049369,0.527546692950631
"Repaid","Not_Repaid",0.599585937155689,0.400414062844311
"Not_Repaid","Not_Repaid",0.776172640281597,0.223827359718403
"Not_Repaid","Not_Repaid",0.704935221573887,0.295064778426113
"Not_Repaid","Not_Repaid",0.96792387404738,0.0320761259526203
"Not_Repaid","Repaid",0.199624524010087,0.800375475989913
"Repaid","Repaid",0.114831628354527,0.885168371645473
"Repaid","Repaid",0.0144577882647416,0.985542211735258
"Repaid","Repaid",0.141594895062504,0.858405104937496
"Not_Repaid","Not_Repaid",0.850047584290287,0.149952415709713
"Not_Repaid","Not_Repaid",0.831665381303518,0.168334618696482
"Not_Repaid","Not_Repaid",0.936372113768641,0.0636278862313588
"Not_Repaid","Not_Repaid",0.920937583173573,0.0790624168264272
"Repaid","Repaid",0.0339141501681858,0.966085849831814
"Not_Repaid","Not_Repaid",0.741590363969542,0.258409636030458
"Repaid","Repaid",0.0203237690532799,0.97967623094672
"Not_Repaid","Not_Repaid",0.763691249062815,0.236308750937185
"Not_Repaid","Not_Repaid",0.99374845854203,0.00625154145797019
"Repaid","Not_Repaid",0.881313407034352,0.118686592965648
"Not_Repaid","Not_Repaid",0.890129894588483,0.109870105411517
"Repaid","Repaid",0.0196747630001737,0.980325236999826
"Repaid","Repaid",0.077856259824725,0.922143740175275
"Not_Repaid","Not_Repaid",0.952526187084862,0.0474738129151384
"Not_Repaid","Not_Repaid",0.995878311221059,0.0041216887789411
"Repaid","Repaid",0.0498773134794024,0.950122686520598
"Not_Repaid","Not_Repaid",0.973144308788367,0.0268556912116333
"Not_Repaid","Not_Repaid",0.907663610228405,0.0923363897715953
"Not_Repaid","Not_Repaid",0.975106970913221,0.0248930290867788
"Not_Repaid","Not_Repaid",0.720712466810114,0.279287533189886
"Not_Repaid","Repaid",0.129935671361559,0.870064328638441
"Not_Repaid","Not_Repaid",0.871664865527814,0.128335134472186
"Not_Repaid","Not_Repaid",0.919669736971332,0.0803302630286683
"Repaid","Repaid",0.028120428697554,0.971879571302446
"Repaid","Repaid",0.133521669550113,0.866478330449887
"Not_Repaid","Not_Repaid",0.877655167536965,0.122344832463035
"Repaid","Not_Repaid",0.759250136072856,0.240749863927144
"Not_Repaid","Repaid",0.477589112136141,0.522410887863859
"Not_Repaid","Not_Repaid",0.918759427867897,0.0812405721321032
"Not_Repaid","Not_Repaid",0.516978703961362,0.483021296038638
"Repaid","Repaid",0.319443787110944,0.680556212889056
"Not_Repaid","Not_Repaid",0.94299050799274,0.0570094920072596
"Not_Repaid","Not_Repaid",0.846755072842835,0.153244927157165
"Not_Repaid","Not_Repaid",0.953467528816682,0.0465324711833178
"Not_Repaid","Not_Repaid",0.961667983839315,0.0383320161606855
"Repaid","Repaid",0.0391965989739012,0.960803401026099
"Not_Repaid","Not_Repaid",0.674712201024187,0.325287798975813
"Repaid","Repaid",0.0458647419913215,0.954135258008678
"Repaid","Repaid",0.0449576892575662,0.955042310742434
"Not_Repaid","Repaid",0.496919728940654,0.503080271059346
"Not_Repaid","Not_Repaid",0.95296727533796,0.0470327246620399
"Not_Repaid","Not_Repaid",0.906085409862698,0.0939145901373022
"Repaid","Repaid",0.462562224681351,0.537437775318649
"Not_Repaid","Not_Repaid",0.745532570464587,0.254467429535413
"Repaid","Not_Repaid",0.75832730657627,0.24167269342373
"Not_Repaid","Not_Repaid",0.958989794773424,0.0410102052265764
"Repaid","Not_Repaid",0.624971614909718,0.375028385090282
"Not_Repaid","Not_Repaid",0.983485559712795,0.0165144402872046
"Not_Repaid","Not_Repaid",0.980632414000711,0.0193675859992892
"Repaid","Repaid",0.320406760898549,0.679593239101451
"Not_Repaid","Not_Repaid",0.979943515752036,0.0200564842479642
"Not_Repaid","Not_Repaid",0.617538805699756,0.382461194300244
"Not_Repaid","Not_Repaid",0.995965771796005,0.00403422820399478
"Repaid","Repaid",0.149548644067204,0.850451355932796
"Not_Repaid","Not_Repaid",0.944317986733003,0.0556820132669968
"Not_Repaid","Not_Repaid",0.972923395971908,0.0270766040280921
"Not_Repaid","Not_Repaid",0.722920285371501,0.277079714628499
"Not_Repaid","Not_Repaid",0.667788942581209,0.332211057418791
"Repaid","Repaid",0.204356493470778,0.795643506529222
"Repaid","Not_Repaid",0.960816342524884,0.0391836574751159
"Repaid","Repaid",0.0462341540971879,0.953765845902812
"Repaid","Not_Repaid",0.558036121687531,0.441963878312469
"Repaid","Repaid",0.451483557909016,0.548516442090984
"Repaid","Repaid",0.180330924087597,0.819669075912403
"Not_Repaid","Not_Repaid",0.984877716804491,0.0151222831955089
"Not_Repaid","Not_Repaid",0.819555160403147,0.180444839596853
"Not_Repaid","Not_Repaid",0.959278256981195,0.040721743018805
"Repaid","Repaid",0.0693020985976971,0.930697901402303
"Repaid","Repaid",0.34625254291805,0.65374745708195
"Repaid","Repaid",0.0933563216563815,0.906643678343618
"Not_Repaid","Repaid",0.21991917163699,0.78008082836301
"Not_Repaid","Not_Repaid",0.676507998422137,0.323492001577863
"Repaid","Repaid",0.107646503082266,0.892353496917734
"Repaid","Not_Repaid",0.765253938607914,0.234746061392086
"Not_Repaid","Not_Repaid",0.970307567493163,0.0296924325068372
"Repaid","Repaid",0.0266006125863177,0.973399387413682
"Not_Repaid","Not_Repaid",0.603599890882877,0.396400109117123
"Repaid","Repaid",0.0449830933173641,0.955016906682636
"Repaid","Repaid",0.100641303698263,0.899358696301737
"Repaid","Repaid",0.0406377197875805,0.95936228021242
"Repaid","Repaid",0.269527847324482,0.730472152675518
"Repaid","Repaid",0.0297911653761723,0.970208834623828
"Not_Repaid","Not_Repaid",0.899122979107369,0.100877020892631
"Repaid","Repaid",0.174869778896563,0.825130221103437
"Repaid","Repaid",0.0688921526548436,0.931107847345156
"Repaid","Repaid",0.0303011650690683,0.969698834930932
"Not_Repaid","Not_Repaid",0.984222098369465,0.0157779016305353
"Repaid","Not_Repaid",0.755555780667893,0.244444219332107
"Not_Repaid","Not_Repaid",0.800942832321829,0.199057167678171
"Repaid","Repaid",0.324270800003892,0.675729199996108
"Repaid","Not_Repaid",0.808801724840318,0.191198275159682
"Not_Repaid","Not_Repaid",0.952853795479732,0.0471462045202681
"Repaid","Repaid",0.170911438636995,0.829088561363005
"Repaid","Repaid",0.0379192744556348,0.962080725544365
"Not_Repaid","Repaid",0.321679194124141,0.678320805875859
"Not_Repaid","Repaid",0.033494696032646,0.966505303967354
"Repaid","Repaid",0.152253077862884,0.847746922137116
"Not_Repaid","Not_Repaid",0.653501812586133,0.346498187413867
"Repaid","Not_Repaid",0.735647136866855,0.264352863133145
"Not_Repaid","Not_Repaid",0.97707389377656,0.02292610622344
"Not_Repaid","Not_Repaid",0.917383466240472,0.0826165337595278
"Repaid","Repaid",0.122980336906229,0.877019663093771
"Not_Repaid","Not_Repaid",0.857623489090592,0.142376510909408
"Not_Repaid","Not_Repaid",0.862477406808708,0.137522593191292
"Not_Repaid","Not_Repaid",0.575838923577289,0.424161076422711
"Not_Repaid","Not_Repaid",0.967551443404913,0.0324485565950874
"Repaid","Not_Repaid",0.550688942448479,0.449311057551521
"Not_Repaid","Not_Repaid",0.551664956580715,0.448335043419285
"Repaid","Not_Repaid",0.622300865876031,0.377699134123969
"Not_Repaid","Not_Repaid",0.939247194850349,0.0607528051496512
"Repaid","Repaid",0.0956829370742199,0.90431706292578
"Repaid","Repaid",0.316399940241189,0.68360005975881
"Not_Repaid","Not_Repaid",0.693402399518242,0.306597600481758
"Repaid","Repaid",0.0299797762734864,0.970020223726514
"Not_Repaid","Not_Repaid",0.939464392811651,0.0605356071883491
"Not_Repaid","Not_Repaid",0.979834127425005,0.0201658725749949
"Not_Repaid","Not_Repaid",0.505995822955096,0.494004177044903
"Repaid","Not_Repaid",0.506775776506562,0.493224223493438
"Repaid","Repaid",0.14150135152476,0.85849864847524
"Not_Repaid","Not_Repaid",0.935661005173803,0.0643389948261974
"Repaid","Repaid",0.067851464122449,0.932148535877551
"Repaid","Repaid",0.0843206792371008,0.915679320762899
"Repaid","Repaid",0.046032281981413,0.953967718018587
"Repaid","Repaid",0.10707036687908,0.89292963312092
"Not_Repaid","Not_Repaid",0.844588220685778,0.155411779314222
"Repaid","Not_Repaid",0.543630942849021,0.456369057150979
"Repaid","Repaid",0.0904589356865158,0.909541064313484
"Repaid","Repaid",0.0319690630284707,0.968030936971529
"Repaid","Repaid",0.090512966422325,0.909487033577675
"Repaid","Not_Repaid",0.830679380078216,0.169320619921784
"Not_Repaid","Not_Repaid",0.770842048244236,0.229157951755764
"Not_Repaid","Not_Repaid",0.970823352733462,0.0291766472665385
"Not_Repaid","Not_Repaid",0.909144511889099,0.0908554881109011
"Repaid","Repaid",0.2750736521864,0.7249263478136
"Repaid","Repaid",0.039397336147628,0.960602663852372
"Repaid","Repaid",0.0875579767167763,0.912442023283224
"Repaid","Repaid",0.0238389598325661,0.976161040167434
"Not_Repaid","Repaid",0.0422533743860243,0.957746625613976
"Not_Repaid","Repaid",0.448894189130514,0.551105810869486
"Not_Repaid","Not_Repaid",0.990463773549655,0.00953622645034484
"Not_Repaid","Not_Repaid",0.659153832403815,0.340846167596185
"Repaid","Repaid",0.0297817577825671,0.970218242217433
"Not_Repaid","Repaid",0.129628776264473,0.870371223735527
"Repaid","Not_Repaid",0.666097957628665,0.333902042371335
"Not_Repaid","Not_Repaid",0.984244643944933,0.0157553560550667
"Repaid","Repaid",0.144573789684713,0.855426210315287
"Repaid","Repaid",0.108099134236785,0.891900865763215
"Repaid","Not_Repaid",0.508500625279071,0.491499374720929
"Repaid","Repaid",0.31974107792365,0.68025892207635
"Not_Repaid","Not_Repaid",0.950507151248994,0.0494928487510056
"Repaid","Repaid",0.141531910332836,0.858468089667164
"Not_Repaid","Not_Repaid",0.695723805842037,0.304276194157963
"Not_Repaid","Not_Repaid",0.960155819859549,0.0398441801404507
"Repaid","Not_Repaid",0.601336636582303,0.398663363417697
"Not_Repaid","Repaid",0.274958164948425,0.725041835051575
"Not_Repaid","Not_Repaid",0.720544291996199,0.279455708003801
"Not_Repaid","Not_Repaid",0.78338665987706,0.21661334012294
"Repaid","Repaid",0.0197283124915406,0.980271687508459
"Repaid","Repaid",0.0193343347181759,0.980665665281824
"Not_Repaid","Not_Repaid",0.822519085672766,0.177480914327234
"Not_Repaid","Repaid",0.43334180525061,0.56665819474939
"Not_Repaid","Not_Repaid",0.955494278193026,0.0445057218069743
"Not_Repaid","Not_Repaid",0.806240700049644,0.193759299950356
"Not_Repaid","Not_Repaid",0.881007111503188,0.118992888496812
"Repaid","Not_Repaid",0.588275933861097,0.411724066138903
"Repaid","Not_Repaid",0.925570739825109,0.0744292601748911
"Repaid","Repaid",0.235929565095906,0.764070434904094
"Repaid","Repaid",0.191782441208532,0.808217558791468
"Not_Repaid","Not_Repaid",0.906997033925922,0.0930029660740783
"Not_Repaid","Not_Repaid",0.949525766178728,0.0504742338212725
"Not_Repaid","Not_Repaid",0.972168663517159,0.0278313364828414
"Repaid","Repaid",0.0314147282043886,0.968585271795611
"Repaid","Repaid",0.0545547007464282,0.945445299253572
"Not_Repaid","Repaid",0.140445038581299,0.859554961418701
"Repaid","Not_Repaid",0.516165797177869,0.483834202822131
"Not_Repaid","Not_Repaid",0.911457840057987,0.0885421599420125
"Not_Repaid","Repaid",0.170800757342648,0.829199242657352
"Repaid","Not_Repaid",0.5957347925747,0.4042652074253
"Not_Repaid","Repaid",0.0309012734262984,0.969098726573702
"Repaid","Repaid",0.286524265159435,0.713475734840565
"Not_Repaid","Not_Repaid",0.837846834724691,0.162153165275309
"Not_Repaid","Not_Repaid",0.879900707828543,0.120099292171457
"Not_Repaid","Not_Repaid",0.922816102686481,0.0771838973135187
"Not_Repaid","Not_Repaid",0.776931832028964,0.223068167971036
"Repaid","Repaid",0.014889440266981,0.985110559733019
"Not_Repaid","Not_Repaid",0.894769308359914,0.105230691640086
"Repaid","Repaid",0.156504247004828,0.843495752995172
"Not_Repaid","Not_Repaid",0.915688497084454,0.0843115029155464
"Repaid","Repaid",0.243601385280188,0.756398614719812
"Not_Repaid","Not_Repaid",0.857868646538325,0.142131353461676
"Not_Repaid","Not_Repaid",0.747094352309785,0.252905647690215
"Not_Repaid","Not_Repaid",0.582834029778032,0.417165970221968
"Repaid","Repaid",0.0217913793238226,0.978208620676177
"Not_Repaid","Not_Repaid",0.974540212927617,0.0254597870723832
"Repaid","Repaid",0.106627776302764,0.893372223697236
"Repaid","Not_Repaid",0.575756843689001,0.424243156310999
"Repaid","Repaid",0.0724479548308731,0.927552045169127
"Not_Repaid","Not_Repaid",0.861229152425434,0.138770847574566
"Repaid","Repaid",0.119740441845048,0.880259558154952
"Not_Repaid","Not_Repaid",0.887407911797559,0.112592088202441
"Repaid","Not_Repaid",0.589352314100893,0.410647685899107
"Repaid","Not_Repaid",0.514670085857762,0.485329914142238
"Repaid","Repaid",0.065844931242675,0.934155068757325
"Repaid","Not_Repaid",0.617674449263354,0.382325550736646
"Not_Repaid","Not_Repaid",0.987588353891924,0.0124116461080758
"Repaid","Repaid",0.159618502397763,0.840381497602237
"Not_Repaid","Repaid",0.05002533732714,0.94997466267286
"Not_Repaid","Not_Repaid",0.621213895126161,0.378786104873839
"Not_Repaid","Not_Repaid",0.624841609767234,0.375158390232766
"Repaid","Repaid",0.187892925483728,0.812107074516272
"Repaid","Repaid",0.0775661735555642,0.922433826444436
"Repaid","Repaid",0.292665759047556,0.707334240952444
"Not_Repaid","Not_Repaid",0.775524438055297,0.224475561944703
"Not_Repaid","Not_Repaid",0.911910611039864,0.0880893889601357
"Repaid","Repaid",0.226810580815826,0.773189419184174
"Not_Repaid","Not_Repaid",0.671116506249227,0.328883493750773
"Not_Repaid","Not_Repaid",0.858127687351037,0.141872312648963
"Repaid","Repaid",0.052828573786105,0.947171426213895
"Repaid","Repaid",0.0620099132658422,0.937990086734158
"Repaid","Repaid",0.408436675128331,0.591563324871669
"Repaid","Repaid",0.0648994182991347,0.935100581700865
"Repaid","Repaid",0.278398216281981,0.721601783718019
"Repaid","Repaid",0.0210295113459967,0.978970488654003
"Not_Repaid","Not_Repaid",0.668581065606729,0.331418934393271
"Not_Repaid","Not_Repaid",0.892645995320841,0.107354004679159
"Repaid","Repaid",0.0291675925821505,0.97083240741785
"Repaid","Repaid",0.316819053061474,0.683180946938526
"Repaid","Repaid",0.053078657641009,0.946921342358991
"Repaid","Repaid",0.242107362203618,0.757892637796382
"Repaid","Repaid",0.123520769469882,0.876479230530118
"Repaid","Repaid",0.321010617897371,0.678989382102629
"Repaid","Repaid",0.34851851463114,0.65148148536886
"Not_Repaid","Not_Repaid",0.52306889811211,0.47693110188789
"Not_Repaid","Not_Repaid",0.761391185614448,0.238608814385552
"Repaid","Repaid",0.377046459886171,0.622953540113829
"Not_Repaid","Not_Repaid",0.904794841095005,0.0952051589049955
"Not_Repaid","Not_Repaid",0.882599111175425,0.117400888824575
"Repaid","Repaid",0.188858462985928,0.811141537014072
"Repaid","Repaid",0.465163774436464,0.534836225563536
"Repaid","Repaid",0.278963570309983,0.721036429690017
"Repaid","Repaid",0.056838294935267,0.943161705064733
"Not_Repaid","Not_Repaid",0.569389936916535,0.430610063083465
"Repaid","Not_Repaid",0.948152470615905,0.0518475293840953
"Repaid","Not_Repaid",0.717457094020688,0.282542905979312
"Repaid","Repaid",0.468437329943457,0.531562670056543
"Not_Repaid","Not_Repaid",0.656532092780387,0.343467907219613
"Not_Repaid","Repaid",0.339725557800794,0.660274442199206
"Repaid","Repaid",0.0286930008450683,0.971306999154932
"Repaid","Repaid",0.199272890608117,0.800727109391883
"Not_Repaid","Not_Repaid",0.611501601894936,0.388498398105064
"Not_Repaid","Not_Repaid",0.934211821212978,0.0657881787870224
"Repaid","Repaid",0.22377809400351,0.77622190599649
"Not_Repaid","Repaid",0.313390770496428,0.686609229503572
"Not_Repaid","Not_Repaid",0.956771109685647,0.0432288903143526
"Not_Repaid","Not_Repaid",0.73168477354996,0.26831522645004
"Repaid","Not_Repaid",0.795654977430866,0.204345022569134
"Repaid","Repaid",0.0930896489710152,0.906910351028985
"Not_Repaid","Not_Repaid",0.981029786149413,0.0189702138505872
"Repaid","Repaid",0.0618186673042567,0.938181332695743
"Repaid","Repaid",0.0535880311110124,0.946411968888988
"Repaid","Not_Repaid",0.902643429515677,0.0973565704843233
"Repaid","Not_Repaid",0.65496134918406,0.34503865081594
"Repaid","Repaid",0.0927519220246489,0.907248077975351
"Repaid","Repaid",0.0451988464244113,0.954801153575589
"Repaid","Repaid",0.0939643369605352,0.906035663039465
"Repaid","Not_Repaid",0.591683755662196,0.408316244337804
"Repaid","Not_Repaid",0.786312143907711,0.213687856092289
"Repaid","Repaid",0.144816989683324,0.855183010316676
"Not_Repaid","Not_Repaid",0.944277160855991,0.0557228391440088
"Repaid","Not_Repaid",0.651445468761143,0.348554531238857
"Not_Repaid","Repaid",0.496806754812136,0.503193245187864
"Repaid","Repaid",0.113324565692207,0.886675434307793
"Repaid","Repaid",0.0629526297927748,0.937047370207225
"Not_Repaid","Not_Repaid",0.960543460944526,0.0394565390554745
"Repaid","Repaid",0.0917098635592629,0.908290136440737
"Repaid","Repaid",0.108755034922003,0.891244965077997
"Repaid","Repaid",0.0596602912734641,0.940339708726536
"Repaid","Repaid",0.0567948389178042,0.943205161082196
"Not_Repaid","Not_Repaid",0.906492690822681,0.0935073091773194
"Not_Repaid","Not_Repaid",0.884752755118417,0.115247244881583
"Repaid","Not_Repaid",0.671429192277825,0.328570807722175
"Not_Repaid","Not_Repaid",0.811178629116693,0.188821370883307
"Repaid","Repaid",0.0222036257477299,0.97779637425227
"Repaid","Repaid",0.0485105385120411,0.951489461487959
"Repaid","Repaid",0.217429115408506,0.782570884591494
"Not_Repaid","Not_Repaid",0.773033056726381,0.226966943273619
"Repaid","Repaid",0.161124097619761,0.838875902380239
"Not_Repaid","Not_Repaid",0.65833091546903,0.34166908453097
"Repaid","Repaid",0.420550104822998,0.579449895177002
"Repaid","Repaid",0.121849137129657,0.878150862870343
"Not_Repaid","Not_Repaid",0.567309664484862,0.432690335515138
"Not_Repaid","Not_Repaid",0.687596868404905,0.312403131595095
"Repaid","Repaid",0.203505854208167,0.796494145791833
"Not_Repaid","Not_Repaid",0.915226261701597,0.0847737382984027
"Repaid","Repaid",0.0302326103035412,0.969767389696459
"Not_Repaid","Not_Repaid",0.871776513971322,0.128223486028678
"Not_Repaid","Repaid",0.498600366437896,0.501399633562104
"Repaid","Repaid",0.106744747062423,0.893255252937577
"Not_Repaid","Repaid",0.372105667034492,0.627894332965508
"Not_Repaid","Not_Repaid",0.744664833650243,0.255335166349756
"Not_Repaid","Not_Repaid",0.826802138071391,0.173197861928609
"Repaid","Repaid",0.301796431747091,0.698203568252909
"Repaid","Repaid",0.0700076871119084,0.929992312888092
"Repaid","Repaid",0.184115800741737,0.815884199258263
"Not_Repaid","Not_Repaid",0.811423445190918,0.188576554809082
"Repaid","Repaid",0.361057624026532,0.638942375973468
"Repaid","Not_Repaid",0.979672396504351,0.0203276034956488
"Repaid","Repaid",0.052685000084534,0.947314999915466
"Repaid","Repaid",0.452732313753987,0.547267686246013
"Not_Repaid","Repaid",0.453680437440751,0.546319562559249
"Not_Repaid","Repaid",0.28922481724253,0.71077518275747
"Not_Repaid","Not_Repaid",0.762062299595228,0.237937700404772
"Not_Repaid","Not_Repaid",0.65786251163636,0.34213748836364
"Repaid","Repaid",0.48314333817186,0.51685666182814
"Repaid","Repaid",0.0452218377082985,0.954778162291702
"Repaid","Repaid",0.0453976573215719,0.954602342678428
"Not_Repaid","Not_Repaid",0.549909689632904,0.450090310367096
"Repaid","Repaid",0.0221489396556097,0.97785106034439
"Not_Repaid","Not_Repaid",0.989617245729632,0.0103827542703679
"Not_Repaid","Not_Repaid",0.904135184050629,0.0958648159493706
"Not_Repaid","Not_Repaid",0.913801977853879,0.0861980221461213
"Not_Repaid","Not_Repaid",0.560197003389848,0.439802996610152
"Repaid","Repaid",0.20099010457619,0.79900989542381
"Not_Repaid","Not_Repaid",0.99474116919043,0.00525883080956965
"Not_Repaid","Not_Repaid",0.9667175386895,0.0332824613104996
"Not_Repaid","Not_Repaid",0.856273712030762,0.143726287969238
"Not_Repaid","Not_Repaid",0.689861792689861,0.310138207310139
"Repaid","Repaid",0.0297376421504284,0.970262357849572
"Repaid","Not_Repaid",0.509982207117511,0.490017792882489
"Not_Repaid","Not_Repaid",0.949379607645031,0.0506203923549689
"Not_Repaid","Not_Repaid",0.98301601850498,0.0169839814950202
"Repaid","Repaid",0.0339799948727876,0.966020005127212
"Not_Repaid","Not_Repaid",0.698640740536782,0.301359259463218
"Repaid","Not_Repaid",0.808463970859658,0.191536029140342
"Repaid","Repaid",0.337521715255793,0.662478284744207
"Not_Repaid","Not_Repaid",0.974084588531398,0.0259154114686025
"Not_Repaid","Not_Repaid",0.717410642623987,0.282589357376013
"Repaid","Not_Repaid",0.668646424323424,0.331353575676575
"Not_Repaid","Not_Repaid",0.539217392355041,0.460782607644959
"Repaid","Repaid",0.108759236467689,0.891240763532311
"Repaid","Repaid",0.148688369725775,0.851311630274225
"Not_Repaid","Not_Repaid",0.7735896246286,0.2264103753714
"Repaid","Repaid",0.0342431888531419,0.965756811146858
"Not_Repaid","Not_Repaid",0.910389067036955,0.0896109329630451
"Repaid","Not_Repaid",0.713548566313896,0.286451433686104
"Not_Repaid","Repaid",0.243353186359504,0.756646813640496
"Repaid","Repaid",0.315848141853275,0.684151858146725
"Repaid","Not_Repaid",0.52913105032204,0.47086894967796
"Repaid","Repaid",0.163592218598328,0.836407781401672
"Not_Repaid","Not_Repaid",0.791039745876028,0.208960254123972
"Not_Repaid","Not_Repaid",0.929242122015581,0.0707578779844193
"Repaid","Repaid",0.188955544551481,0.811044455448519
"Repaid","Repaid",0.0361914835977853,0.963808516402215
"Not_Repaid","Not_Repaid",0.540431644904559,0.459568355095441
"Not_Repaid","Not_Repaid",0.716535351059534,0.283464648940466
"Not_Repaid","Not_Repaid",0.859694549420623,0.140305450579377
"Repaid","Repaid",0.0965619072306095,0.90343809276939
"Repaid","Repaid",0.0299917218479648,0.970008278152035
"Not_Repaid","Not_Repaid",0.986252594751235,0.0137474052487654
"Repaid","Repaid",0.0623947184259773,0.937605281574023
"Repaid","Not_Repaid",0.531751132078361,0.468248867921639
"Not_Repaid","Not_Repaid",0.672039795102773,0.327960204897227
"Repaid","Not_Repaid",0.631371916580805,0.368628083419195
"Not_Repaid","Repaid",0.0467227262751795,0.95327727372482
"Repaid","Repaid",0.0906718546627843,0.909328145337216
"Not_Repaid","Not_Repaid",0.67204778433587,0.327952215664129
"Repaid","Repaid",0.283720570703471,0.716279429296529
"Not_Repaid","Not_Repaid",0.91296111815135,0.0870388818486496
"Not_Repaid","Not_Repaid",0.720718206477722,0.279281793522277
"Repaid","Repaid",0.116807251045762,0.883192748954238
"Not_Repaid","Not_Repaid",0.865687477718614,0.134312522281386
"Not_Repaid","Not_Repaid",0.992126200115504,0.00787379988449619
"Repaid","Repaid",0.0499154510533806,0.950084548946619
"Repaid","Repaid",0.0144612486148159,0.985538751385184
"Repaid","Not_Repaid",0.547417878387655,0.452582121612345
"Not_Repaid","Not_Repaid",0.90404829793194,0.0959517020680596
"Not_Repaid","Repaid",0.284427230798148,0.715572769201852
"Repaid","Repaid",0.19521867080003,0.80478132919997
"Repaid","Repaid",0.054517998463646,0.945482001536354
"Repaid","Repaid",0.205175323406296,0.794824676593704
"Not_Repaid","Not_Repaid",0.892612688344002,0.107387311655998
"Repaid","Not_Repaid",0.951234564745108,0.0487654352548921
"Not_Repaid","Not_Repaid",0.794772479538377,0.205227520461623
"Not_Repaid","Not_Repaid",0.913814168903901,0.0861858310960987
"Not_Repaid","Not_Repaid",0.812819443707709,0.187180556292291
"Not_Repaid","Not_Repaid",0.846532898652004,0.153467101347996
"Repaid","Repaid",0.0374515041934198,0.96254849580658
"Repaid","Not_Repaid",0.541141958639086,0.458858041360914
"Repaid","Repaid",0.307465351900168,0.692534648099832
"Repaid","Repaid",0.107499775463601,0.892500224536399
"Repaid","Repaid",0.0283138459387599,0.97168615406124
"Not_Repaid","Not_Repaid",0.989710204378782,0.0102897956212185
"Not_Repaid","Repaid",0.37272775114931,0.62727224885069
"Not_Repaid","Not_Repaid",0.780493824137152,0.219506175862848
"Repaid","Not_Repaid",0.776190998851352,0.223809001148648
"Repaid","Not_Repaid",0.814316444928809,0.185683555071191
"Not_Repaid","Not_Repaid",0.974987846554785,0.0250121534452149
"Not_Repaid","Not_Repaid",0.990827310520156,0.00917268947984429
"Not_Repaid","Not_Repaid",0.926883677635315,0.0731163223646851
"Not_Repaid","Not_Repaid",0.987606458777938,0.0123935412220616
"Repaid","Repaid",0.170356784716183,0.829643215283817
"Not_Repaid","Not_Repaid",0.86237247881606,0.13762752118394
"Not_Repaid","Not_Repaid",0.867701510139959,0.132298489860041
"Not_Repaid","Not_Repaid",0.913081817627076,0.0869181823729242
"Repaid","Repaid",0.0559689642140171,0.944031035785983
"Repaid","Repaid",0.28692600005872,0.71307399994128
"Repaid","Repaid",0.0606086508146638,0.939391349185336
"Not_Repaid","Not_Repaid",0.900087493925964,0.0999125060740362
"Repaid","Repaid",0.113484319151514,0.886515680848486
"Not_Repaid","Not_Repaid",0.775819797784593,0.224180202215407
"Repaid","Repaid",0.324517383466221,0.675482616533779
"Not_Repaid","Not_Repaid",0.76266646008469,0.23733353991531
"Repaid","Repaid",0.0257756527290846,0.974224347270915
"Not_Repaid","Not_Repaid",0.746418314823683,0.253581685176317
"Not_Repaid","Not_Repaid",0.977804262723198,0.0221957372768022
"Not_Repaid","Not_Repaid",0.94621745383656,0.05378254616344
"Repaid","Repaid",0.0240886115726593,0.975911388427341
"Not_Repaid","Not_Repaid",0.578862776351126,0.421137223648874
"Not_Repaid","Not_Repaid",0.669240679894196,0.330759320105804
"Not_Repaid","Not_Repaid",0.783125647326697,0.216874352673303
"Repaid","Repaid",0.039323927574523,0.960676072425477
"Repaid","Not_Repaid",0.917354750191173,0.0826452498088275
"Repaid","Repaid",0.191230358311312,0.808769641688688
"Repaid","Repaid",0.0444526295329741,0.955547370467026
"Not_Repaid","Not_Repaid",0.996751131037629,0.00324886896237119
"Repaid","Repaid",0.0614900983487385,0.938509901651261
"Not_Repaid","Not_Repaid",0.65230757154375,0.34769242845625
"Not_Repaid","Not_Repaid",0.966278110008281,0.0337218899917193
"Repaid","Repaid",0.122899426835835,0.877100573164165
"Not_Repaid","Not_Repaid",0.786129107244737,0.213870892755263
"Repaid","Repaid",0.0343933755741649,0.965606624425835
"Not_Repaid","Not_Repaid",0.611290755722599,0.388709244277401
"Not_Repaid","Not_Repaid",0.994803037182344,0.00519696281765564
"Not_Repaid","Not_Repaid",0.5519877594941,0.4480122405059
"Not_Repaid","Not_Repaid",0.952965251884399,0.0470347481156014
"Not_Repaid","Not_Repaid",0.849569826293746,0.150430173706254
"Not_Repaid","Not_Repaid",0.642950750023606,0.357049249976394
"Repaid","Repaid",0.381739401761085,0.618260598238915
"Repaid","Repaid",0.026928157686376,0.973071842313624
"Repaid","Repaid",0.0765757956670634,0.923424204332937
"Not_Repaid","Not_Repaid",0.753831770207117,0.246168229792883
"Repaid","Repaid",0.0408595955280638,0.959140404471936
"Repaid","Repaid",0.0248077838149519,0.975192216185048
"Repaid","Repaid",0.176348341924578,0.823651658075422
"Repaid","Repaid",0.340478828501512,0.659521171498488
"Not_Repaid","Repaid",0.44727178953094,0.55272821046906
"Repaid","Repaid",0.425802560056278,0.574197439943722
"Not_Repaid","Repaid",0.0521569566347438,0.947843043365256
"Repaid","Repaid",0.245123848462433,0.754876151537567
"Repaid","Repaid",0.120885907223799,0.879114092776201
"Not_Repaid","Repaid",0.469502199715859,0.530497800284141
"Repaid","Repaid",0.0236276790806716,0.976372320919328
"Repaid","Repaid",0.0602922522402675,0.939707747759733
"Not_Repaid","Not_Repaid",0.919906286462005,0.0800937135379954
"Not_Repaid","Not_Repaid",0.773156947829686,0.226843052170314
"Repaid","Repaid",0.17223596880447,0.82776403119553
"Not_Repaid","Not_Repaid",0.709386922179179,0.290613077820821
"Repaid","Repaid",0.0478382418001226,0.952161758199877
"Not_Repaid","Not_Repaid",0.530164878414765,0.469835121585235
"Not_Repaid","Not_Repaid",0.985942235478551,0.0140577645214489
"Repaid","Repaid",0.333255935398317,0.666744064601683
"Repaid","Repaid",0.187929731076194,0.812070268923806
"Repaid","Not_Repaid",0.994441675196875,0.0055583248031246
"Repaid","Repaid",0.0877497734183933,0.912250226581607
"Not_Repaid","Not_Repaid",0.693639784609285,0.306360215390715
"Not_Repaid","Not_Repaid",0.680915801720155,0.319084198279845
"Not_Repaid","Not_Repaid",0.834294165686445,0.165705834313555
"Not_Repaid","Not_Repaid",0.959926918628215,0.0400730813717855
"Not_Repaid","Not_Repaid",0.643544643749997,0.356455356250003
"Not_Repaid","Not_Repaid",0.850179658223813,0.149820341776187
"Not_Repaid","Repaid",0.4286592835374,0.5713407164626
"Repaid","Repaid",0.113113186233413,0.886886813766587
"Not_Repaid","Not_Repaid",0.765691146439812,0.234308853560188
"Repaid","Repaid",0.256085653532093,0.743914346467907
"Not_Repaid","Not_Repaid",0.994672185328037,0.00532781467196288
"Not_Repaid","Not_Repaid",0.957465252134847,0.0425347478651529
"Repaid","Repaid",0.0339019592860212,0.966098040713979
"Not_Repaid","Not_Repaid",0.960515484370098,0.0394845156299017
"Not_Repaid","Not_Repaid",0.638380035640225,0.361619964359775
"Not_Repaid","Repaid",0.470692609402626,0.529307390597374
"Repaid","Not_Repaid",0.837157003133565,0.162842996866435
"Not_Repaid","Not_Repaid",0.960302319819888,0.0396976801801123
"Repaid","Repaid",0.0717536939205834,0.928246306079417
"Not_Repaid","Not_Repaid",0.937695635089899,0.0623043649101009
"Repaid","Repaid",0.0344240503019967,0.965575949698003
"Not_Repaid","Repaid",0.13530255226094,0.86469744773906
"Repaid","Repaid",0.0897689759925092,0.910231024007491
"Repaid","Repaid",0.190981223451714,0.809018776548286
"Repaid","Repaid",0.137865010338908,0.862134989661092
"Not_Repaid","Repaid",0.308885705628898,0.691114294371102
"Repaid","Repaid",0.0332097213145457,0.966790278685454
"Not_Repaid","Not_Repaid",0.53112741727372,0.46887258272628
"Not_Repaid","Not_Repaid",0.785842490698427,0.214157509301573
"Repaid","Repaid",0.286046210679313,0.713953789320687
"Not_Repaid","Not_Repaid",0.662551235354652,0.337448764645348
"Repaid","Repaid",0.0716147230464446,0.928385276953555
"Not_Repaid","Not_Repaid",0.927946902915617,0.0720530970843833
"Not_Repaid","Repaid",0.344983333360646,0.655016666639354
"Not_Repaid","Not_Repaid",0.517965727617353,0.482034272382647
"Not_Repaid","Not_Repaid",0.574500515256137,0.425499484743863
"Repaid","Not_Repaid",0.795226259353979,0.204773740646021
"Repaid","Repaid",0.055259567865746,0.944740432134254
"Not_Repaid","Not_Repaid",0.502758328709654,0.497241671290346
"Repaid","Repaid",0.42460643250449,0.57539356749551
"Not_Repaid","Not_Repaid",0.547986243084902,0.452013756915098
"Not_Repaid","Repaid",0.395797858135878,0.604202141864122
"Not_Repaid","Not_Repaid",0.988403721579989,0.0115962784200111
"Repaid","Repaid",0.0400191181776316,0.959980881822368
"Repaid","Repaid",0.0969707298839125,0.903029270116087
"Not_Repaid","Not_Repaid",0.543781955821827,0.456218044178173
"Repaid","Repaid",0.0719990887573292,0.928000911242671
"Repaid","Repaid",0.387445968282303,0.612554031717697
"Repaid","Repaid",0.284662097293507,0.715337902706493
"Not_Repaid","Not_Repaid",0.877351224096742,0.122648775903258
"Not_Repaid","Repaid",0.108283194481553,0.891716805518447
"Repaid","Repaid",0.0503731757509402,0.94962682424906
"Not_Repaid","Not_Repaid",0.811024939450476,0.188975060549524
"Repaid","Not_Repaid",0.648362188299386,0.351637811700614
"Not_Repaid","Repaid",0.255611100890258,0.744388899109742
"Repaid","Repaid",0.138291093573125,0.861708906426875
"Not_Repaid","Not_Repaid",0.604008124349172,0.395991875650828
"Repaid","Repaid",0.0215276177533168,0.978472382246683
"Not_Repaid","Not_Repaid",0.983558108825562,0.016441891174438
"Repaid","Not_Repaid",0.955575754409755,0.0444242455902451
"Repaid","Repaid",0.102186061133683,0.897813938866317
"Repaid","Not_Repaid",0.529175740873537,0.470824259126463
"Repaid","Repaid",0.0990312063706302,0.90096879362937
"Repaid","Repaid",0.0323432624237108,0.967656737576289
"Repaid","Repaid",0.328741846636986,0.671258153363014
"Repaid","Repaid",0.0345149262790836,0.965485073720916
"Repaid","Repaid",0.135764508680102,0.864235491319898
"Repaid","Not_Repaid",0.518874121264423,0.481125878735577
"Repaid","Repaid",0.119081967627795,0.880918032372205
"Not_Repaid","Not_Repaid",0.950226923865502,0.0497730761344976
"Not_Repaid","Not_Repaid",0.967258335078045,0.0327416649219547
"Not_Repaid","Not_Repaid",0.970202744280022,0.0297972557199785
"Repaid","Repaid",0.291469135108298,0.708530864891702
"Repaid","Not_Repaid",0.812301464407829,0.187698535592171
"Repaid","Repaid",0.374524597891111,0.625475402108889
"Not_Repaid","Not_Repaid",0.645631252366863,0.354368747633137
"Not_Repaid","Not_Repaid",0.985846460866469,0.014153539133531
"Not_Repaid","Not_Repaid",0.958024887622974,0.0419751123770257
"Repaid","Repaid",0.0349506395125699,0.96504936048743
"Not_Repaid","Repaid",0.478862955172284,0.521137044827716
"Repaid","Repaid",0.215797818414558,0.784202181585442
"Not_Repaid","Not_Repaid",0.690893779033329,0.309106220966671
"Not_Repaid","Not_Repaid",0.907235477079802,0.0927645229201985
"Not_Repaid","Not_Repaid",0.873187777254095,0.126812222745905
"Repaid","Repaid",0.0977243869201553,0.902275613079845
"Not_Repaid","Not_Repaid",0.513110224883459,0.486889775116541
"Not_Repaid","Not_Repaid",0.860076252525122,0.139923747474878
"Repaid","Repaid",0.0332362976571913,0.966763702342809
"Repaid","Repaid",0.0736173198954917,0.926382680104508
"Not_Repaid","Not_Repaid",0.909383354564844,0.0906166454351562
"Not_Repaid","Not_Repaid",0.919998788246865,0.0800012117531354
"Repaid","Repaid",0.0508112126091426,0.949188787390857
"Repaid","Repaid",0.076677083318271,0.923322916681729
"Repaid","Repaid",0.0577806062440619,0.942219393755938
"Repaid","Repaid",0.0336569104576718,0.966343089542328
"Repaid","Repaid",0.0386451977821737,0.961354802217826
"Repaid","Repaid",0.119385934015196,0.880614065984804
"Repaid","Repaid",0.115692545265486,0.884307454734514
"Not_Repaid","Not_Repaid",0.899290841736456,0.100709158263544
"Not_Repaid","Not_Repaid",0.684149811217091,0.315850188782909
"Repaid","Repaid",0.215339495401774,0.784660504598226
"Repaid","Repaid",0.251872456777806,0.748127543222194
"Repaid","Repaid",0.0765784700396848,0.923421529960315
"Not_Repaid","Not_Repaid",0.937450934101782,0.0625490658982182
"Repaid","Not_Repaid",0.80330344440925,0.19669655559075
"Repaid","Repaid",0.0178803980136757,0.982119601986324
"Repaid","Repaid",0.428970768374516,0.571029231625484
"Not_Repaid","Not_Repaid",0.861981660648016,0.138018339351984
"Not_Repaid","Not_Repaid",0.572833268861521,0.427166731138479
"Not_Repaid","Not_Repaid",0.71620479824927,0.28379520175073
"Repaid","Repaid",0.112684005473686,0.887315994526314
"Repaid","Not_Repaid",0.817396350519014,0.182603649480986
"Not_Repaid","Repaid",0.417875082115587,0.582124917884413
"Repaid","Repaid",0.0757777035284757,0.924222296471524
"Repaid","Repaid",0.019497101157735,0.980502898842265
"Repaid","Repaid",0.404092064873693,0.595907935126307
"Not_Repaid","Not_Repaid",0.981179366710873,0.0188206332891266
"Repaid","Repaid",0.117771163073638,0.882228836926362
"Not_Repaid","Repaid",0.162650365521933,0.837349634478067
"Repaid","Not_Repaid",0.761286260794535,0.238713739205465
"Not_Repaid","Repaid",0.220991890626772,0.779008109373228
"Repaid","Repaid",0.0314430033251566,0.968556996674843
"Repaid","Repaid",0.345498557928885,0.654501442071115
"Repaid","Not_Repaid",0.963548436651808,0.0364515633481916
"Repaid","Not_Repaid",0.874455534394678,0.125544465605322
"Not_Repaid","Repaid",0.158586940165777,0.841413059834223
"Repaid","Repaid",0.0263254362765685,0.973674563723432
"Repaid","Repaid",0.24362117131051,0.75637882868949
"Not_Repaid","Repaid",0.340148459714255,0.659851540285745
"Not_Repaid","Not_Repaid",0.950505313730518,0.0494946862694823
"Repaid","Repaid",0.0541630538167746,0.945836946183225
"Not_Repaid","Repaid",0.2258036146986,0.7741963853014
"Not_Repaid","Not_Repaid",0.842626263800974,0.157373736199026
"Not_Repaid","Not_Repaid",0.854963683816877,0.145036316183122
"Repaid","Repaid",0.252490202221526,0.747509797778474
"Not_Repaid","Not_Repaid",0.955471129940728,0.044528870059272
"Not_Repaid","Not_Repaid",0.991776054633682,0.00822394536631779
"Repaid","Not_Repaid",0.994503441190321,0.00549655880967891
"Repaid","Repaid",0.284239012083691,0.715760987916309
"Repaid","Repaid",0.182036060782643,0.817963939217357
"Repaid","Repaid",0.252864806686137,0.747135193313863
"Not_Repaid","Not_Repaid",0.78719478687126,0.21280521312874
"Repaid","Repaid",0.099159429799267,0.900840570200733
"Repaid","Repaid",0.065169553962326,0.934830446037674
"Repaid","Repaid",0.0398924144477522,0.960107585552248
"Repaid","Repaid",0.0976793416508369,0.902320658349163
"Repaid","Repaid",0.032807364975766,0.967192635024234
"Not_Repaid","Not_Repaid",0.913595595612102,0.0864044043878981
"Not_Repaid","Not_Repaid",0.660176836548307,0.339823163451693
"Not_Repaid","Not_Repaid",0.9652234450816,0.0347765549184004
"Repaid","Repaid",0.0504038018085231,0.949596198191477
"Not_Repaid","Not_Repaid",0.70802286021009,0.29197713978991
"Repaid","Not_Repaid",0.737471801091533,0.262528198908467
"Repaid","Repaid",0.0461031143445184,0.953896885655482
"Not_Repaid","Not_Repaid",0.985317225135641,0.0146827748643588
"Not_Repaid","Not_Repaid",0.845114582737241,0.154885417262759
"Not_Repaid","Not_Repaid",0.933040892706275,0.0669591072937246
"Repaid","Repaid",0.163856586372868,0.836143413627132
"Not_Repaid","Not_Repaid",0.966912947685828,0.0330870523141721
"Repaid","Repaid",0.129043121640788,0.870956878359212
"Not_Repaid","Not_Repaid",0.956058405758642,0.0439415942413578
"Repaid","Repaid",0.188733105051455,0.811266894948545
"Repaid","Not_Repaid",0.785241523916227,0.214758476083773
"Repaid","Repaid",0.0162376441034977,0.983762355896502
"Not_Repaid","Not_Repaid",0.649066828399415,0.350933171600585
"Repaid","Repaid",0.0813714802810535,0.918628519718947
"Not_Repaid","Not_Repaid",0.601728771866172,0.398271228133828
"Not_Repaid","Not_Repaid",0.740835238422385,0.259164761577615
"Repaid","Repaid",0.391156627840963,0.608843372159037
"Not_Repaid","Not_Repaid",0.719296584613508,0.280703415386492
"Repaid","Repaid",0.131074071784642,0.868925928215358
"Repaid","Repaid",0.0964424862834048,0.903557513716595
"Repaid","Not_Repaid",0.537093058372032,0.462906941627968
"Not_Repaid","Repaid",0.473260805231604,0.526739194768396
"Repaid","Not_Repaid",0.671202316468808,0.328797683531192
"Repaid","Repaid",0.057399644300599,0.942600355699401
"Not_Repaid","Not_Repaid",0.975762433711515,0.0242375662884845
"Not_Repaid","Not_Repaid",0.75632609384934,0.24367390615066
"Repaid","Not_Repaid",0.595749207073855,0.404250792926145
"Repaid","Not_Repaid",0.621436196199283,0.378563803800717
"Repaid","Repaid",0.17326804816125,0.82673195183875
"Repaid","Repaid",0.0600350555525633,0.939964944447437
"Repaid","Not_Repaid",0.745388273285612,0.254611726714388
"Not_Repaid","Not_Repaid",0.945125555755024,0.054874444244976
"Not_Repaid","Not_Repaid",0.96444651361189,0.0355534863881101
"Repaid","Repaid",0.0313425251111574,0.968657474888843
"Repaid","Repaid",0.234260715245223,0.765739284754777
"Not_Repaid","Not_Repaid",0.977003947262305,0.0229960527376954
"Not_Repaid","Not_Repaid",0.941370392707826,0.0586296072921738
"Repaid","Repaid",0.0207552351951354,0.979244764804865
"Repaid","Repaid",0.0797728596204816,0.920227140379518
"Repaid","Not_Repaid",0.736327434020903,0.263672565979097
"Not_Repaid","Not_Repaid",0.753349312208324,0.246650687791676
"Repaid","Repaid",0.178438342309223,0.821561657690777
"Not_Repaid","Not_Repaid",0.99090169403559,0.00909830596441007
"Not_Repaid","Not_Repaid",0.984421894756379,0.0155781052436205
"Repaid","Not_Repaid",0.737130698118311,0.262869301881689
"Repaid","Repaid",0.194953333739343,0.805046666260657
"Repaid","Repaid",0.0234185316895018,0.976581468310498
"Repaid","Not_Repaid",0.6341226418628,0.3658773581372
"Not_Repaid","Not_Repaid",0.702786785410251,0.297213214589749
"Repaid","Not_Repaid",0.980583051002279,0.0194169489977206
"Repaid","Repaid",0.0962201043713411,0.903779895628659
"Repaid","Not_Repaid",0.587793030413031,0.412206969586969
"Repaid","Repaid",0.0580578358604514,0.941942164139549
"Repaid","Repaid",0.487469574827461,0.512530425172539
"Repaid","Repaid",0.034221663550188,0.965778336449812
"Repaid","Not_Repaid",0.668039998069489,0.331960001930511
"Not_Repaid","Not_Repaid",0.907094427185542,0.0929055728144583
"Not_Repaid","Repaid",0.33974299264833,0.66025700735167
"Repaid","Repaid",0.135997821080705,0.864002178919295
"Repaid","Repaid",0.243943276756995,0.756056723243005
"Repaid","Repaid",0.0563848378306049,0.943615162169395
"Repaid","Not_Repaid",0.753625966850231,0.246374033149769
"Repaid","Repaid",0.0513102060631808,0.948689793936819
"Not_Repaid","Not_Repaid",0.880981232132984,0.119018767867016
"Repaid","Repaid",0.482724998694981,0.517275001305019
"Not_Repaid","Not_Repaid",0.975188453415133,0.0248115465848666
"Not_Repaid","Not_Repaid",0.993025539371374,0.00697446062862596
"Not_Repaid","Not_Repaid",0.758262999625461,0.241737000374539
"Repaid","Repaid",0.0669349045529841,0.933065095447016
"Repaid","Repaid",0.174401753163719,0.825598246836281
"Not_Repaid","Not_Repaid",0.961398866856258,0.0386011331437424
"Not_Repaid","Not_Repaid",0.900880685706664,0.0991193142933359
"Repaid","Repaid",0.257818150194025,0.742181849805975
"Repaid","Not_Repaid",0.601365413855797,0.398634586144203
"Not_Repaid","Not_Repaid",0.963869037811158,0.0361309621888422
"Repaid","Not_Repaid",0.846383491809098,0.153616508190902
"Not_Repaid","Repaid",0.479411108287135,0.520588891712865
"Not_Repaid","Not_Repaid",0.902053713024749,0.0979462869752506
"Repaid","Not_Repaid",0.714318191732868,0.285681808267131
"Not_Repaid","Repaid",0.0833850788961602,0.91661492110384
"Repaid","Not_Repaid",0.508759654990665,0.491240345009335
"Not_Repaid","Not_Repaid",0.643768188167066,0.356231811832934
"Not_Repaid","Not_Repaid",0.891740166855011,0.108259833144989
"Not_Repaid","Repaid",0.450972652617244,0.549027347382756
"Repaid","Repaid",0.249229430698956,0.750770569301044
"Repaid","Repaid",0.110595864514344,0.889404135485656
"Not_Repaid","Not_Repaid",0.88902748016207,0.11097251983793
"Not_Repaid","Not_Repaid",0.94052419590528,0.0594758040947198
"Repaid","Repaid",0.130776977659325,0.869223022340675
"Not_Repaid","Not_Repaid",0.824453889197923,0.175546110802077
"Repaid","Not_Repaid",0.670303443982782,0.329696556017218
"Not_Repaid","Not_Repaid",0.802085067649508,0.197914932350491
"Not_Repaid","Not_Repaid",0.58446341715306,0.41553658284694
"Not_Repaid","Not_Repaid",0.839261234985481,0.160738765014519
"Repaid","Repaid",0.162370252403912,0.837629747596088
"Repaid","Repaid",0.141931195771114,0.858068804228886
"Repaid","Repaid",0.0685067455602246,0.931493254439775
"Not_Repaid","Not_Repaid",0.971558461183134,0.0284415388168655
"Not_Repaid","Not_Repaid",0.865648115867266,0.134351884132734
"Repaid","Repaid",0.0440263939010418,0.955973606098958
"Not_Repaid","Not_Repaid",0.781247078752233,0.218752921247767
"Repaid","Repaid",0.0740929265336034,0.925907073466397
"Repaid","Repaid",0.033905764949767,0.966094235050233
"Repaid","Repaid",0.08274754983045,0.91725245016955
"Not_Repaid","Not_Repaid",0.762192595798481,0.237807404201519
"Not_Repaid","Not_Repaid",0.796034715648978,0.203965284351022
"Repaid","Not_Repaid",0.946153628022052,0.0538463719779482
"Repaid","Repaid",0.0366021363867144,0.963397863613286
"Not_Repaid","Repaid",0.476491155951155,0.523508844048845
"Repaid","Repaid",0.203461876388107,0.796538123611893
"Not_Repaid","Not_Repaid",0.849189880195268,0.150810119804732
"Not_Repaid","Not_Repaid",0.961422067179526,0.0385779328204736
"Repaid","Not_Repaid",0.50073982274579,0.49926017725421
"Not_Repaid","Not_Repaid",0.955861670694627,0.0441383293053732
"Not_Repaid","Not_Repaid",0.912678498407965,0.0873215015920352
"Not_Repaid","Not_Repaid",0.864864953958864,0.135135046041136
"Repaid","Repaid",0.0520660630442256,0.947933936955774
"Repaid","Repaid",0.0749545226236277,0.925045477376372
"Repaid","Repaid",0.0522655830028534,0.947734416997147
"Repaid","Repaid",0.116107432339817,0.883892567660183
"Repaid","Repaid",0.0174698622973649,0.982530137702635
"Repaid","Not_Repaid",0.631643885821753,0.368356114178247
"Repaid","Repaid",0.0698556137275221,0.930144386272478
"Repaid","Repaid",0.0154955760694701,0.98450442393053
"Not_Repaid","Not_Repaid",0.884521362829969,0.115478637170031
"Not_Repaid","Not_Repaid",0.901187012776205,0.0988129872237953
"Repaid","Repaid",0.462673729939201,0.537326270060799
"Not_Repaid","Not_Repaid",0.954156207077529,0.0458437929224708
"Not_Repaid","Repaid",0.497087501522301,0.502912498477699
"Repaid","Repaid",0.379963408963442,0.620036591036558
"Not_Repaid","Not_Repaid",0.855182911817019,0.144817088182981
"Repaid","Repaid",0.237932069810115,0.762067930189885
"Repaid","Repaid",0.0292752208484346,0.970724779151565
"Not_Repaid","Not_Repaid",0.957276396810118,0.0427236031898818
"Repaid","Repaid",0.0308250930811951,0.969174906918805
"Not_Repaid","Not_Repaid",0.878583129616045,0.121416870383955
"Not_Repaid","Not_Repaid",0.806239464250106,0.193760535749894
"Repaid","Repaid",0.0191616637626628,0.980838336237337
"Not_Repaid","Not_Repaid",0.9403376188224,0.0596623811775995
"Repaid","Repaid",0.217444682507353,0.782555317492647
"Not_Repaid","Not_Repaid",0.914580977593286,0.0854190224067135
"Not_Repaid","Not_Repaid",0.866047700167989,0.133952299832011
"Not_Repaid","Not_Repaid",0.976527653007124,0.023472346992876
"Not_Repaid","Not_Repaid",0.769073476964017,0.230926523035983
"Not_Repaid","Not_Repaid",0.996196283952087,0.00380371604791279
"Not_Repaid","Not_Repaid",0.9557434607917,0.0442565392083001
"Repaid","Repaid",0.0942790164889059,0.905720983511094
"Not_Repaid","Repaid",0.296028783060277,0.703971216939723
"Repaid","Repaid",0.288809424810501,0.711190575189499
"Repaid","Repaid",0.055208795317166,0.944791204682834
"Not_Repaid","Not_Repaid",0.987164992532374,0.012835007467626
"Repaid","Repaid",0.0765300110879424,0.923469988912058
"Not_Repaid","Repaid",0.0608025211864451,0.939197478813555
"Repaid","Repaid",0.444951551828779,0.555048448171221
"Repaid","Repaid",0.111460659666412,0.888539340333588
"Repaid","Repaid",0.377210391861598,0.622789608138402
"Repaid","Not_Repaid",0.528022486318402,0.471977513681598
"Repaid","Not_Repaid",0.51890962785213,0.48109037214787
"Repaid","Not_Repaid",0.745819643402096,0.254180356597904
"Not_Repaid","Not_Repaid",0.765963751382768,0.234036248617232
"Repaid","Repaid",0.0416891240641788,0.958310875935821
"Repaid","Repaid",0.0614112153769516,0.938588784623048
"Repaid","Repaid",0.167924223368753,0.832075776631247
"Repaid","Repaid",0.213081423505162,0.786918576494838
"Not_Repaid","Not_Repaid",0.662824754642236,0.337175245357764
"Not_Repaid","Not_Repaid",0.895434576562745,0.104565423437255
"Not_Repaid","Not_Repaid",0.937298993030706,0.0627010069692945
"Repaid","Not_Repaid",0.786134882669955,0.213865117330045
"Not_Repaid","Repaid",0.19290286473491,0.80709713526509
"Repaid","Repaid",0.027843875690843,0.972156124309157
"Repaid","Repaid",0.0824323278713687,0.917567672128631
"Not_Repaid","Not_Repaid",0.928239422293847,0.0717605777061526
"Not_Repaid","Not_Repaid",0.946828632402995,0.0531713675970049
"Not_Repaid","Not_Repaid",0.960504649747349,0.0394953502526511
"Repaid","Repaid",0.497590015873437,0.502409984126563
"Not_Repaid","Not_Repaid",0.97148308758344,0.0285169124165599
"Not_Repaid","Not_Repaid",0.571177557018572,0.428822442981428
"Repaid","Not_Repaid",0.607871274600568,0.392128725399432
"Repaid","Repaid",0.0616046556738261,0.938395344326174
"Repaid","Repaid",0.0635800232675345,0.936419976732465
"Repaid","Not_Repaid",0.526196757884226,0.473803242115774
"Not_Repaid","Not_Repaid",0.879535406750807,0.120464593249193
"Repaid","Repaid",0.482027516769905,0.517972483230095
"Repaid","Repaid",0.2819165771433,0.7180834228567
"Not_Repaid","Not_Repaid",0.936041292572706,0.0639587074272941
"Repaid","Repaid",0.0495660929715928,0.950433907028407
"Not_Repaid","Not_Repaid",0.812014347916526,0.187985652083474
"Repaid","Repaid",0.195030337338592,0.804969662661408
"Not_Repaid","Not_Repaid",0.801420785893103,0.198579214106897
"Repaid","Not_Repaid",0.666444743964458,0.333555256035542
"Not_Repaid","Not_Repaid",0.850441348796964,0.149558651203036
"Not_Repaid","Not_Repaid",0.848141156431931,0.151858843568069
"Repaid","Not_Repaid",0.677943835871373,0.322056164128627
"Repaid","Repaid",0.0348096974337816,0.965190302566218
"Not_Repaid","Not_Repaid",0.656184256959173,0.343815743040827
"Repaid","Repaid",0.0634991209398721,0.936500879060128
"Repaid","Repaid",0.236111057998901,0.763888942001099
"Repaid","Repaid",0.141586986697817,0.858413013302183
"Not_Repaid","Not_Repaid",0.956071870767069,0.0439281292329309
"Not_Repaid","Not_Repaid",0.803909658386885,0.196090341613115
"Not_Repaid","Not_Repaid",0.717905986977078,0.282094013022922
"Not_Repaid","Not_Repaid",0.937742969990973,0.0622570300090269
"Repaid","Repaid",0.164666058149372,0.835333941850628
"Repaid","Repaid",0.28902833966936,0.71097166033064
"Repaid","Not_Repaid",0.548238377341457,0.451761622658543
"Repaid","Not_Repaid",0.501740311213658,0.498259688786342
"Not_Repaid","Not_Repaid",0.843009719584688,0.156990280415312
"Not_Repaid","Not_Repaid",0.880221816539881,0.119778183460119
"Repaid","Not_Repaid",0.867530148525406,0.132469851474594
"Not_Repaid","Repaid",0.0694877830551154,0.930512216944885
"Not_Repaid","Repaid",0.0794984426580551,0.920501557341945
"Repaid","Repaid",0.0804322384244361,0.919567761575564
"Repaid","Repaid",0.17135927380758,0.82864072619242
"Not_Repaid","Not_Repaid",0.557993624789033,0.442006375210967
"Not_Repaid","Not_Repaid",0.951838245955166,0.0481617540448344
"Repaid","Repaid",0.499482607464345,0.500517392535655
"Not_Repaid","Not_Repaid",0.72445944776131,0.27554055223869
"Repaid","Repaid",0.0822222276665469,0.917777772333453
"Not_Repaid","Not_Repaid",0.967105650893841,0.0328943491061588
"Not_Repaid","Not_Repaid",0.758925712798123,0.241074287201877
"Repaid","Repaid",0.0652220485094053,0.934777951490595
"Repaid","Repaid",0.0297813722142867,0.970218627785713
"Not_Repaid","Not_Repaid",0.777998508550653,0.222001491449347
"Repaid","Repaid",0.257130395758977,0.742869604241023
"Repaid","Repaid",0.0498863056815549,0.950113694318445
"Repaid","Repaid",0.0894408698279201,0.91055913017208
"Not_Repaid","Not_Repaid",0.897107025764261,0.102892974235739
"Not_Repaid","Not_Repaid",0.820286195029105,0.179713804970895
"Not_Repaid","Not_Repaid",0.523091426982911,0.476908573017089
"Not_Repaid","Repaid",0.0603722835769348,0.939627716423065
"Repaid","Repaid",0.192250169434918,0.807749830565082
"Repaid","Not_Repaid",0.917352059520363,0.082647940479637
"Repaid","Repaid",0.110972027843216,0.889027972156784
"Repaid","Not_Repaid",0.57163709986932,0.42836290013068
"Repaid","Repaid",0.400819083286643,0.599180916713357
"Repaid","Repaid",0.059085934193976,0.940914065806024
"Repaid","Repaid",0.0928481571531976,0.907151842846802
"Not_Repaid","Repaid",0.442569685459963,0.557430314540037
"Repaid","Repaid",0.464013412327379,0.535986587672621
"Not_Repaid","Repaid",0.475732708628672,0.524267291371328
"Repaid","Repaid",0.378875739434161,0.621124260565839
"Not_Repaid","Repaid",0.379046692011028,0.620953307988972
"Repaid","Repaid",0.412423399388114,0.587576600611886
"Not_Repaid","Not_Repaid",0.702855291530375,0.297144708469625
"Repaid","Repaid",0.194368040561305,0.805631959438695
"Not_Repaid","Not_Repaid",0.902641160956083,0.0973588390439173
"Not_Repaid","Not_Repaid",0.533123401304821,0.466876598695179
"Not_Repaid","Not_Repaid",0.869302477902163,0.130697522097837
"Not_Repaid","Repaid",0.192365007910945,0.807634992089055
"Not_Repaid","Not_Repaid",0.711446924246916,0.288553075753084
"Repaid","Repaid",0.310897543716137,0.689102456283863
"Not_Repaid","Not_Repaid",0.535357027084921,0.464642972915079
"Not_Repaid","Repaid",0.467753188124533,0.532246811875467
"Repaid","Repaid",0.330565451180587,0.669434548819413
"Not_Repaid","Not_Repaid",0.89063350213409,0.109366497865909
"Repaid","Repaid",0.253519316612681,0.746480683387319
"Repaid","Repaid",0.312918683248261,0.68708131675174
"Repaid","Repaid",0.189459259633969,0.810540740366031
"Repaid","Repaid",0.363240375331224,0.636759624668776
"Repaid","Not_Repaid",0.815800001817184,0.184199998182816
"Not_Repaid","Repaid",0.0838377324128077,0.916162267587192
"Not_Repaid","Not_Repaid",0.935085791184998,0.0649142088150025
"Repaid","Repaid",0.329392901794002,0.670607098205998
"Repaid","Repaid",0.118676487871931,0.881323512128069
"Repaid","Repaid",0.117337649988401,0.882662350011599
"Not_Repaid","Not_Repaid",0.669562510430626,0.330437489569374
"Repaid","Repaid",0.241156647678832,0.758843352321168
"Repaid","Repaid",0.116173825970277,0.883826174029723
"Repaid","Not_Repaid",0.568543174859466,0.431456825140534
"Repaid","Not_Repaid",0.57573211764795,0.42426788235205
"Repaid","Repaid",0.15027873802765,0.84972126197235
"Repaid","Not_Repaid",0.59815082818945,0.40184917181055
"Repaid","Repaid",0.0992918550303284,0.900708144969672
"Not_Repaid","Not_Repaid",0.698073204936958,0.301926795063042
"Not_Repaid","Repaid",0.141750807660845,0.858249192339155
"Not_Repaid","Not_Repaid",0.976328409350411,0.0236715906495886
"Repaid","Not_Repaid",0.799505894453717,0.200494105546283
"Repaid","Repaid",0.0673605444727571,0.932639455527243
"Repaid","Repaid",0.372132078727843,0.627867921272157
"Repaid","Repaid",0.318006114905831,0.681993885094169
"Repaid","Not_Repaid",0.53601918047262,0.46398081952738
"Not_Repaid","Not_Repaid",0.829499117639005,0.170500882360995
"Repaid","Not_Repaid",0.538521811431629,0.461478188568371
"Repaid","Repaid",0.404030148710073,0.595969851289927
"Repaid","Repaid",0.0365087034301006,0.963491296569899
"Not_Repaid","Repaid",0.136874883448437,0.863125116551563
"Repaid","Not_Repaid",0.501432578882969,0.498567421117031
"Repaid","Not_Repaid",0.552828057937331,0.447171942062669
"Repaid","Repaid",0.183504327067924,0.816495672932076
"Repaid","Repaid",0.243750345081664,0.756249654918336
"Repaid","Repaid",0.273077383557232,0.726922616442768
"Not_Repaid","Not_Repaid",0.963397067173882,0.036602932826118
"Repaid","Repaid",0.0572410103060852,0.942758989693915
"Repaid","Repaid",0.306051073319993,0.693948926680007
"Not_Repaid","Not_Repaid",0.982408309043328,0.0175916909566716
"Repaid","Repaid",0.281732715133795,0.718267284866205
"Repaid","Repaid",0.034002679287958,0.965997320712042
"Repaid","Repaid",0.327374457044071,0.67262554295593
"Repaid","Repaid",0.0359679953032749,0.964032004696725
"Not_Repaid","Not_Repaid",0.685674620768353,0.314325379231647
"Repaid","Repaid",0.0214737986000785,0.978526201399922
"Repaid","Repaid",0.0233954254767385,0.976604574523262
"Not_Repaid","Not_Repaid",0.780202413652728,0.219797586347272
"Not_Repaid","Not_Repaid",0.893811214317934,0.106188785682066
"Repaid","Repaid",0.0226942684341548,0.977305731565845
"Repaid","Repaid",0.0192094272302761,0.980790572769724
"Not_Repaid","Not_Repaid",0.916106289190074,0.083893710809926
"Not_Repaid","Not_Repaid",0.787530352685246,0.212469647314754
"Not_Repaid","Not_Repaid",0.82455988355696,0.17544011644304
"Repaid","Repaid",0.0236848507589825,0.976315149241017
"Not_Repaid","Not_Repaid",0.536447811629275,0.463552188370725
"Repaid","Repaid",0.0876839810113176,0.912316018988682
"Not_Repaid","Not_Repaid",0.806206137248369,0.193793862751631
"Repaid","Repaid",0.0667688008639007,0.933231199136099
"Not_Repaid","Not_Repaid",0.854228938380841,0.145771061619159
"Not_Repaid","Not_Repaid",0.851529759211022,0.148470240788978
"Not_Repaid","Not_Repaid",0.751069165689095,0.248930834310905
"Not_Repaid","Not_Repaid",0.985346148293523,0.0146538517064771
"Repaid","Repaid",0.183800145455892,0.816199854544108
"Not_Repaid","Repaid",0.298907925517126,0.701092074482874
"Repaid","Repaid",0.0472716658442367,0.952728334155763
"Not_Repaid","Not_Repaid",0.920188791737495,0.0798112082625052
"Repaid","Repaid",0.202222097712626,0.797777902287374
"Repaid","Repaid",0.26952374699499,0.73047625300501
"Not_Repaid","Not_Repaid",0.883604709822419,0.116395290177581
"Not_Repaid","Repaid",0.498746684363114,0.501253315636886
"Not_Repaid","Not_Repaid",0.516896556230636,0.483103443769364
"Not_Repaid","Not_Repaid",0.932876936307804,0.0671230636921955
"Not_Repaid","Repaid",0.395790889815281,0.604209110184719
"Repaid","Repaid",0.49039715558946,0.50960284441054
"Not_Repaid","Not_Repaid",0.878070271963245,0.121929728036755
"Not_Repaid","Not_Repaid",0.860782327653423,0.139217672346577
"Not_Repaid","Not_Repaid",0.971768981552038,0.0282310184479622
"Not_Repaid","Not_Repaid",0.579332862943654,0.420667137056346
"Not_Repaid","Not_Repaid",0.946111491898066,0.0538885081019336
"Repaid","Repaid",0.070282551678919,0.929717448321081
"Not_Repaid","Not_Repaid",0.952476748990288,0.0475232510097119
"Not_Repaid","Not_Repaid",0.85711044849473,0.14288955150527
"Repaid","Repaid",0.0698375216015532,0.930162478398447
"Not_Repaid","Not_Repaid",0.974715939220943,0.0252840607790574
"Not_Repaid","Not_Repaid",0.84615945807049,0.15384054192951
"Not_Repaid","Not_Repaid",0.878736855347877,0.121263144652123
"Not_Repaid","Not_Repaid",0.632269488055273,0.367730511944727
"Not_Repaid","Not_Repaid",0.794466951755225,0.205533048244775
"Not_Repaid","Not_Repaid",0.644035873580733,0.355964126419267
"Repaid","Repaid",0.0522077946973415,0.947792205302659
"Repaid","Repaid",0.0455645736103446,0.954435426389655
"Not_Repaid","Not_Repaid",0.860219782647723,0.139780217352277
"Not_Repaid","Repaid",0.22963327072539,0.77036672927461
"Repaid","Repaid",0.103343915469877,0.896656084530123
"Not_Repaid","Not_Repaid",0.634902776502042,0.365097223497958
"Not_Repaid","Not_Repaid",0.718980795361581,0.281019204638419
"Repaid","Not_Repaid",0.764153275295228,0.235846724704771
"Repaid","Repaid",0.151090555926286,0.848909444073714
"Not_Repaid","Not_Repaid",0.973033134485144,0.0269668655148558
"Repaid","Repaid",0.393182153703268,0.606817846296732
"Not_Repaid","Not_Repaid",0.789569492194535,0.210430507805465
"Not_Repaid","Not_Repaid",0.982513580227743,0.0174864197722569
"Not_Repaid","Not_Repaid",0.74874110415881,0.25125889584119
"Repaid","Repaid",0.230817045364757,0.769182954635243
"Repaid","Repaid",0.184534700149843,0.815465299850157
"Not_Repaid","Not_Repaid",0.952817688326705,0.0471823116732948
"Repaid","Repaid",0.204985008568468,0.795014991431532
"Repaid","Repaid",0.402917487583117,0.597082512416883
"Not_Repaid","Not_Repaid",0.662325004896581,0.337674995103419
"Repaid","Repaid",0.0520026183652746,0.947997381634725
"Repaid","Repaid",0.0314129718138998,0.9685870281861
"Repaid","Repaid",0.0423557371455804,0.95764426285442
"Not_Repaid","Repaid",0.489691683960087,0.510308316039913
"Repaid","Not_Repaid",0.575623701536151,0.424376298463849
"Not_Repaid","Not_Repaid",0.78177295157131,0.218227048428689
"Repaid","Not_Repaid",0.758808001634778,0.241191998365222
"Not_Repaid","Not_Repaid",0.879380218418232,0.120619781581768
"Not_Repaid","Not_Repaid",0.992782235071417,0.00721776492858267
"Not_Repaid","Not_Repaid",0.859558912182298,0.140441087817702
"Repaid","Repaid",0.222954361233512,0.777045638766488
"Repaid","Repaid",0.298464236536233,0.701535763463767
"Repaid","Repaid",0.147870224195802,0.852129775804198
"Repaid","Repaid",0.168229161792416,0.831770838207584
"Repaid","Repaid",0.0416945861534754,0.958305413846525
"Repaid","Repaid",0.0252390760791181,0.974760923920882
"Repaid","Repaid",0.091451112631844,0.908548887368156
"Repaid","Repaid",0.179884099939463,0.820115900060537
"Not_Repaid","Not_Repaid",0.664886638026857,0.335113361973143
"Repaid","Not_Repaid",0.735410321632369,0.264589678367631
"Not_Repaid","Not_Repaid",0.947828987717916,0.0521710122820838
"Repaid","Repaid",0.034434596006482,0.965565403993518
"Repaid","Not_Repaid",0.651425907063964,0.348574092936036
"Repaid","Repaid",0.109881476798798,0.890118523201202
"Not_Repaid","Not_Repaid",0.53553645511612,0.46446354488388
"Not_Repaid","Not_Repaid",0.527221286314019,0.472778713685981
"Repaid","Repaid",0.110849094718216,0.889150905281784
"Repaid","Repaid",0.0299822926737576,0.970017707326242
"Not_Repaid","Not_Repaid",0.577286000770785,0.422713999229215
"Repaid","Repaid",0.274865160304146,0.725134839695854
"Repaid","Repaid",0.0801795440227827,0.919820455977217
"Not_Repaid","Not_Repaid",0.978729663784118,0.0212703362158815
"Repaid","Repaid",0.384278482949338,0.615721517050662
"Repaid","Repaid",0.0274888194293824,0.972511180570618
"Repaid","Repaid",0.0974690396387378,0.902530960361262
"Repaid","Repaid",0.0773010703824499,0.92269892961755
"Repaid","Repaid",0.358043873792202,0.641956126207798
"Repaid","Repaid",0.175582338913521,0.824417661086479
"Repaid","Repaid",0.163638356264951,0.836361643735049
"Not_Repaid","Not_Repaid",0.732766433358252,0.267233566641749
"Repaid","Repaid",0.0849376624040951,0.915062337595905
"Not_Repaid","Repaid",0.115353675166132,0.884646324833868
"Not_Repaid","Not_Repaid",0.984233123726261,0.0157668762737395
"Repaid","Repaid",0.0583138159822685,0.941686184017732
"Repaid","Repaid",0.0864666124515996,0.9135333875484
"Not_Repaid","Not_Repaid",0.657347862531008,0.342652137468992
"Not_Repaid","Not_Repaid",0.933155485130539,0.0668445148694609
"Repaid","Not_Repaid",0.844611859428913,0.155388140571087
"Repaid","Repaid",0.121354693102482,0.878645306897518
"Repaid","Repaid",0.0969812030913804,0.90301879690862
"Repaid","Repaid",0.0326374511319487,0.967362548868051
"Not_Repaid","Repaid",0.328615172820013,0.671384827179987
"Repaid","Repaid",0.28496977345681,0.71503022654319
"Repaid","Repaid",0.0481887429526617,0.951811257047338
"Repaid","Not_Repaid",0.789293930248135,0.210706069751865
"Repaid","Repaid",0.0578208802813897,0.94217911971861
"Repaid","Repaid",0.214204009313996,0.785795990686004
"Not_Repaid","Not_Repaid",0.849303255745315,0.150696744254685
"Not_Repaid","Not_Repaid",0.955096797559906,0.0449032024400938
"Not_Repaid","Not_Repaid",0.559834600307296,0.440165399692704
"Not_Repaid","Not_Repaid",0.85249572997598,0.14750427002402
"Not_Repaid","Not_Repaid",0.756875827474806,0.243124172525194
"Not_Repaid","Not_Repaid",0.598361154999702,0.401638845000298
"Not_Repaid","Repaid",0.205899116569441,0.794100883430559
"Repaid","Repaid",0.129694216190148,0.870305783809852
"Repaid","Repaid",0.0602494800415728,0.939750519958427
"Repaid","Repaid",0.0533091622606661,0.946690837739334
"Not_Repaid","Not_Repaid",0.93044122452341,0.0695587754765896
"Not_Repaid","Not_Repaid",0.647521004146321,0.352478995853679
"Not_Repaid","Not_Repaid",0.904684172504649,0.0953158274953512
"Not_Repaid","Not_Repaid",0.888184683367355,0.111815316632645
"Not_Repaid","Repaid",0.0437088575406549,0.956291142459345
"Repaid","Repaid",0.075854870250149,0.924145129749851
"Not_Repaid","Not_Repaid",0.884622167205849,0.115377832794151
"Repaid","Repaid",0.302758226789667,0.697241773210333
"Not_Repaid","Not_Repaid",0.523087661627062,0.476912338372938
"Not_Repaid","Not_Repaid",0.754745551730386,0.245254448269614
"Repaid","Repaid",0.482894373951065,0.517105626048935
"Repaid","Repaid",0.0728198780614232,0.927180121938577
"Repaid","Not_Repaid",0.987464401105992,0.0125355988940082
"Not_Repaid","Not_Repaid",0.854958623520686,0.145041376479314
"Not_Repaid","Not_Repaid",0.967248810162704,0.0327511898372964
"Repaid","Not_Repaid",0.731349727661485,0.268650272338515
"Not_Repaid","Not_Repaid",0.737904175637136,0.262095824362864
"Not_Repaid","Not_Repaid",0.934224697297344,0.0657753027026556
"Not_Repaid","Not_Repaid",0.705916245537349,0.294083754462651
"Repaid","Repaid",0.0593096870703446,0.940690312929655
"Not_Repaid","Not_Repaid",0.970830062254486,0.0291699377455139
"Not_Repaid","Not_Repaid",0.695440093949754,0.304559906050246
"Not_Repaid","Not_Repaid",0.84596540002624,0.15403459997376
"Repaid","Not_Repaid",0.737658119866102,0.262341880133898
"Not_Repaid","Not_Repaid",0.975464163798585,0.0245358362014149
"Not_Repaid","Not_Repaid",0.701607779780583,0.298392220219417
"Repaid","Repaid",0.122711917179297,0.877288082820703
"Repaid","Repaid",0.168597639141849,0.831402360858151
"Not_Repaid","Not_Repaid",0.966674587503046,0.0333254124969541
"Repaid","Repaid",0.148661431934325,0.851338568065675
"Repaid","Repaid",0.0637080952097182,0.936291904790282
"Repaid","Repaid",0.0546866028302068,0.945313397169793
"Repaid","Repaid",0.080508088372222,0.919491911627778
"Not_Repaid","Repaid",0.432091678171316,0.567908321828684
"Repaid","Repaid",0.140217404452074,0.859782595547926
"Repaid","Repaid",0.0452855548682877,0.954714445131712
"Not_Repaid","Not_Repaid",0.839227103375545,0.160772896624455
"Repaid","Repaid",0.0763516953949264,0.923648304605074
"Not_Repaid","Not_Repaid",0.957637881583043,0.0423621184169567
"Repaid","Repaid",0.183771201727802,0.816228798272198
"Not_Repaid","Not_Repaid",0.550515444399663,0.449484555600337
"Repaid","Repaid",0.0801040058494096,0.91989599415059
"Repaid","Repaid",0.0551645195128518,0.944835480487148
"Not_Repaid","Repaid",0.496797648897498,0.503202351102502
"Not_Repaid","Not_Repaid",0.975839757388512,0.0241602426114878
"Repaid","Repaid",0.178182015106952,0.821817984893048
"Not_Repaid","Repaid",0.195533490518842,0.804466509481158
"Repaid","Repaid",0.0512349333381678,0.948765066661832
"Repaid","Not_Repaid",0.909646949349451,0.0903530506505488
"Repaid","Repaid",0.0669477793080618,0.933052220691938
"Repaid","Repaid",0.0932230524330828,0.906776947566917
"Not_Repaid","Not_Repaid",0.983298376553962,0.0167016234460378
"Not_Repaid","Not_Repaid",0.967817279687907,0.0321827203120929
"Not_Repaid","Not_Repaid",0.936569961147717,0.0634300388522832
"Not_Repaid","Not_Repaid",0.951863948873139,0.0481360511268611
"Not_Repaid","Not_Repaid",0.590321446040148,0.409678553959852
"Repaid","Repaid",0.203132771579564,0.796867228420436
"Not_Repaid","Repaid",0.314534680767407,0.685465319232593
"Repaid","Not_Repaid",0.729652460310505,0.270347539689495
"Repaid","Not_Repaid",0.87832331747752,0.12167668252248
"Repaid","Not_Repaid",0.706200782088624,0.293799217911376
"Repaid","Repaid",0.236792401633988,0.763207598366012
"Not_Repaid","Not_Repaid",0.785815579675418,0.214184420324582
"Not_Repaid","Not_Repaid",0.836964019658375,0.163035980341625
"Not_Repaid","Not_Repaid",0.708948734921217,0.291051265078783
"Not_Repaid","Not_Repaid",0.943914030806229,0.0560859691937713
"Not_Repaid","Not_Repaid",0.62142135087093,0.37857864912907
"Repaid","Not_Repaid",0.522980182277579,0.477019817722421
"Not_Repaid","Not_Repaid",0.96573161169124,0.0342683883087598
"Not_Repaid","Not_Repaid",0.83903948420866,0.160960515791341
"Repaid","Repaid",0.0260679133063798,0.97393208669362
"Repaid","Repaid",0.133357300273117,0.866642699726883
"Repaid","Not_Repaid",0.698327216762151,0.301672783237849
"Repaid","Repaid",0.223300322641211,0.776699677358789
"Repaid","Repaid",0.0377264499295854,0.962273550070415
"Not_Repaid","Not_Repaid",0.980181360379674,0.0198186396203262
"Repaid","Repaid",0.0558642313928873,0.944135768607113
"Not_Repaid","Not_Repaid",0.911431525035852,0.0885684749641483
"Repaid","Repaid",0.16203502125051,0.83796497874949
"Not_Repaid","Repaid",0.330126840866239,0.669873159133761
"Not_Repaid","Not_Repaid",0.563212781406399,0.436787218593601
"Not_Repaid","Not_Repaid",0.514021523173601,0.485978476826399
"Not_Repaid","Not_Repaid",0.760950850884677,0.239049149115323
"Repaid","Not_Repaid",0.861158405905174,0.138841594094826
"Not_Repaid","Not_Repaid",0.957098425117213,0.0429015748827869
"Repaid","Not_Repaid",0.67008506279999,0.32991493720001
"Not_Repaid","Not_Repaid",0.958529885214246,0.041470114785754
"Not_Repaid","Not_Repaid",0.655989361001228,0.344010638998772
"Not_Repaid","Not_Repaid",0.875331153189981,0.124668846810019
"Repaid","Repaid",0.364519544348105,0.635480455651895
"Not_Repaid","Not_Repaid",0.955045990423486,0.0449540095765138
"Not_Repaid","Not_Repaid",0.787558286837159,0.212441713162841
"Repaid","Not_Repaid",0.956342917807848,0.0436570821921518
"Not_Repaid","Repaid",0.328260981180075,0.671739018819925
"Repaid","Not_Repaid",0.939164470637955,0.0608355293620451
"Not_Repaid","Not_Repaid",0.983291425996925,0.0167085740030753
"Not_Repaid","Not_Repaid",0.991400845543838,0.00859915445616244
"Repaid","Not_Repaid",0.993492872695148,0.00650712730485223
"Repaid","Repaid",0.0293732125562676,0.970626787443732
"Repaid","Not_Repaid",0.676023944959259,0.323976055040741
"Repaid","Repaid",0.0347473882064957,0.965252611793504
"Not_Repaid","Not_Repaid",0.638799089600115,0.361200910399885
"Repaid","Repaid",0.0749642103033134,0.925035789696687
"Not_Repaid","Repaid",0.273908797064008,0.726091202935992
"Repaid","Repaid",0.253535756265417,0.746464243734583
"Not_Repaid","Not_Repaid",0.76596385222599,0.23403614777401
"Repaid","Repaid",0.144743920679329,0.855256079320671
"Repaid","Not_Repaid",0.817920406157398,0.182079593842602
"Not_Repaid","Not_Repaid",0.786727666251962,0.213272333748038
"Repaid","Repaid",0.0789943067091654,0.921005693290835
"Repaid","Repaid",0.187818438033448,0.812181561966552
"Repaid","Repaid",0.0313273119938622,0.968672688006138
"Not_Repaid","Not_Repaid",0.870429095346507,0.129570904653493
"Not_Repaid","Not_Repaid",0.572949196007418,0.427050803992582
"Repaid","Repaid",0.0382468184387631,0.961753181561237
"Not_Repaid","Not_Repaid",0.962873861296348,0.0371261387036518
"Not_Repaid","Repaid",0.127487294885719,0.872512705114281
"Not_Repaid","Not_Repaid",0.758746930950183,0.241253069049817
"Not_Repaid","Not_Repaid",0.876853233589593,0.123146766410407
"Not_Repaid","Repaid",0.309213501964105,0.690786498035895
"Not_Repaid","Not_Repaid",0.76201763259172,0.23798236740828
"Repaid","Repaid",0.334054913592033,0.665945086407967
"Not_Repaid","Repaid",0.153446280122534,0.846553719877466
"Not_Repaid","Not_Repaid",0.572214614495599,0.427785385504401
"Not_Repaid","Not_Repaid",0.873833512955856,0.126166487044144
"Not_Repaid","Not_Repaid",0.988327587012455,0.0116724129875447
"Not_Repaid","Not_Repaid",0.921470189232986,0.0785298107670138
"Not_Repaid","Not_Repaid",0.942230993827587,0.0577690061724129
"Repaid","Not_Repaid",0.570901164965308,0.429098835034692
"Not_Repaid","Not_Repaid",0.940215914293865,0.0597840857061354
"Not_Repaid","Not_Repaid",0.746221503281635,0.253778496718365
"Repaid","Repaid",0.18505567145698,0.81494432854302
"Repaid","Repaid",0.0153467529111733,0.984653247088827
"Not_Repaid","Not_Repaid",0.774358235076964,0.225641764923036
"Repaid","Not_Repaid",0.603775659006041,0.396224340993959
"Not_Repaid","Not_Repaid",0.982044565468666,0.0179554345313338
"Repaid","Repaid",0.223868710589438,0.776131289410562
"Repaid","Repaid",0.0421071737102792,0.957892826289721
"Repaid","Repaid",0.0332742760004765,0.966725723999524
"Repaid","Not_Repaid",0.758141349186162,0.241858650813838
"Repaid","Repaid",0.0561703472873419,0.943829652712658
"Not_Repaid","Not_Repaid",0.764772584162786,0.235227415837214
"Repaid","Repaid",0.20305642690952,0.79694357309048
"Repaid","Not_Repaid",0.731567975510456,0.268432024489544
"Not_Repaid","Not_Repaid",0.681091990663948,0.318908009336052
"Repaid","Repaid",0.201857122063252,0.798142877936748
"Repaid","Repaid",0.156714649387219,0.84328535061278
"Repaid","Not_Repaid",0.646505676996378,0.353494323003623
"Not_Repaid","Not_Repaid",0.83727669728968,0.16272330271032
"Repaid","Repaid",0.0784676252298193,0.921532374770181
"Not_Repaid","Not_Repaid",0.95171944735085,0.0482805526491497
"Not_Repaid","Not_Repaid",0.899127975752028,0.100872024247972
"Repaid","Repaid",0.280079589332732,0.719920410667268
"Not_Repaid","Not_Repaid",0.882066132735116,0.117933867264884
"Not_Repaid","Not_Repaid",0.978817811114229,0.0211821888857714
"Repaid","Repaid",0.0325583964810188,0.967441603518981
"Repaid","Repaid",0.34045992608942,0.65954007391058
"Not_Repaid","Not_Repaid",0.92976775248883,0.0702322475111697
"Repaid","Not_Repaid",0.57124221526202,0.42875778473798
"Repaid","Repaid",0.059329404142788,0.940670595857212
"Not_Repaid","Repaid",0.363618577372913,0.636381422627087
"Repaid","Not_Repaid",0.9564971798556,0.0435028201444003
"Repaid","Repaid",0.0307919113177934,0.969208088682207
"Repaid","Repaid",0.423793199645544,0.576206800354456
"Not_Repaid","Repaid",0.149743569162756,0.850256430837244
"Repaid","Repaid",0.0823919367692858,0.917608063230714
"Repaid","Repaid",0.323222496333306,0.676777503666694
"Not_Repaid","Not_Repaid",0.930135173159228,0.0698648268407725
"Not_Repaid","Repaid",0.19716225038837,0.80283774961163
"Not_Repaid","Not_Repaid",0.868867455283913,0.131132544716087
"Not_Repaid","Not_Repaid",0.992903004882747,0.00709699511725328
"Repaid","Not_Repaid",0.718460941651045,0.281539058348955
"Not_Repaid","Repaid",0.0768125353964882,0.923187464603512
"Not_Repaid","Not_Repaid",0.973743760405386,0.0262562395946139
"Not_Repaid","Not_Repaid",0.757268405707254,0.242731594292746
"Not_Repaid","Repaid",0.476532366746988,0.523467633253012
"Repaid","Not_Repaid",0.57448580329254,0.42551419670746
"Repaid","Repaid",0.0441793833344419,0.955820616665558
"Repaid","Repaid",0.173737637403418,0.826262362596582
"Not_Repaid","Repaid",0.26301169468095,0.73698830531905
"Not_Repaid","Not_Repaid",0.922436393599485,0.0775636064005149
"Not_Repaid","Not_Repaid",0.976311608619371,0.0236883913806288
"Not_Repaid","Repaid",0.110039922787962,0.889960077212038
"Not_Repaid","Not_Repaid",0.991218526241563,0.00878147375843689
"Repaid","Repaid",0.0655293212155592,0.934470678784441
"Not_Repaid","Not_Repaid",0.697124544893743,0.302875455106257
"Not_Repaid","Not_Repaid",0.97394400445773,0.0260559955422705
"Not_Repaid","Not_Repaid",0.636164614478716,0.363835385521284
"Repaid","Repaid",0.0232370863925526,0.976762913607447
"Not_Repaid","Not_Repaid",0.814923866518344,0.185076133481656
"Not_Repaid","Not_Repaid",0.652007431364595,0.347992568635405
"Repaid","Repaid",0.12158047167546,0.87841952832454
"Not_Repaid","Not_Repaid",0.856680658654686,0.143319341345314
"Repaid","Repaid",0.337756610298231,0.662243389701769
"Not_Repaid","Not_Repaid",0.653968396772797,0.346031603227203
"Repaid","Repaid",0.0522151571461925,0.947784842853807
"Not_Repaid","Not_Repaid",0.632068129951823,0.367931870048177
"Repaid","Repaid",0.0896691813238565,0.910330818676144
"Not_Repaid","Not_Repaid",0.954196317993934,0.0458036820060657
"Repaid","Repaid",0.0845907287999201,0.91540927120008
"Not_Repaid","Repaid",0.113186199841821,0.886813800158179
"Not_Repaid","Not_Repaid",0.945493894961663,0.0545061050383367
"Repaid","Repaid",0.0961113791573195,0.90388862084268
"Not_Repaid","Not_Repaid",0.825483965893913,0.174516034106087
"Repaid","Repaid",0.0229240075945953,0.977075992405405
"Not_Repaid","Not_Repaid",0.867776867490938,0.132223132509062
"Repaid","Repaid",0.0564682573266495,0.94353174267335
"Not_Repaid","Not_Repaid",0.646800057699767,0.353199942300233
"Not_Repaid","Not_Repaid",0.941241709577712,0.0587582904222884
"Not_Repaid","Not_Repaid",0.543023254832762,0.456976745167238
"Not_Repaid","Not_Repaid",0.991333588715466,0.00866641128453417
"Repaid","Repaid",0.104228034457433,0.895771965542567
"Not_Repaid","Not_Repaid",0.78794012853297,0.21205987146703
"Not_Repaid","Not_Repaid",0.637301286379415,0.362698713620585
"Not_Repaid","Not_Repaid",0.72169036272269,0.27830963727731
"Repaid","Repaid",0.156831259509984,0.843168740490016
"Repaid","Repaid",0.0995270863565162,0.900472913643484
"Not_Repaid","Not_Repaid",0.606478141994246,0.393521858005754
"Repaid","Not_Repaid",0.76485378483223,0.235146215167769
"Not_Repaid","Not_Repaid",0.802813332122053,0.197186667877947
"Not_Repaid","Not_Repaid",0.983523863631498,0.0164761363685016
"Not_Repaid","Not_Repaid",0.938382631140256,0.0616173688597438
"Repaid","Not_Repaid",0.811335618358921,0.188664381641079
"Not_Repaid","Not_Repaid",0.538093651478006,0.461906348521994
"Not_Repaid","Not_Repaid",0.681720905875231,0.318279094124769
"Not_Repaid","Not_Repaid",0.908903392323522,0.091096607676478
"Not_Repaid","Not_Repaid",0.801250826256114,0.198749173743886
"Not_Repaid","Not_Repaid",0.916768019091109,0.0832319809088908
"Not_Repaid","Not_Repaid",0.986987346124758,0.0130126538752418
"Not_Repaid","Not_Repaid",0.852178628253915,0.147821371746085
"Repaid","Repaid",0.277930559704415,0.722069440295585
"Repaid","Repaid",0.0651086457553857,0.934891354244614
"Repaid","Repaid",0.327841237931034,0.672158762068966
"Repaid","Repaid",0.0603779890640903,0.93962201093591
"Repaid","Repaid",0.0338486043599733,0.966151395640027
"Not_Repaid","Not_Repaid",0.542836084286682,0.457163915713318
"Repaid","Repaid",0.310580199884269,0.689419800115731
"Repaid","Repaid",0.177526324934902,0.822473675065098
"Repaid","Repaid",0.0356333732315576,0.964366626768442
"Repaid","Repaid",0.031201915523689,0.968798084476311
"Repaid","Not_Repaid",0.936356729500746,0.0636432704992536
"Repaid","Repaid",0.116315651670142,0.883684348329858
"Repaid","Not_Repaid",0.510490608972914,0.489509391027086
"Repaid","Not_Repaid",0.912110953701757,0.0878890462982435
"Not_Repaid","Not_Repaid",0.943985662519109,0.0560143374808914
"Repaid","Repaid",0.339648900541729,0.660351099458271
"Repaid","Repaid",0.22188629912229,0.77811370087771
"Not_Repaid","Not_Repaid",0.963898189977586,0.0361018100224139
"Not_Repaid","Repaid",0.443031145188468,0.556968854811532
"Repaid","Repaid",0.377111273216326,0.622888726783674
"Repaid","Repaid",0.0475357527832933,0.952464247216707
"Repaid","Repaid",0.0752175925036563,0.924782407496344
"Repaid","Repaid",0.16595318146331,0.83404681853669
"Repaid","Not_Repaid",0.508871142088893,0.491128857911107
"Repaid","Repaid",0.0605031096134941,0.939496890386506
"Repaid","Repaid",0.265890520376386,0.734109479623614
"Not_Repaid","Not_Repaid",0.844608895495525,0.155391104504475
"Repaid","Repaid",0.0484035220271515,0.951596477972849
"Not_Repaid","Repaid",0.0890698689755863,0.910930131024414
"Repaid","Repaid",0.0405506466520181,0.959449353347982
"Repaid","Not_Repaid",0.926422198305529,0.0735778016944707
"Repaid","Repaid",0.354223060078874,0.645776939921126
"Not_Repaid","Not_Repaid",0.551042561898722,0.448957438101278
"Repaid","Repaid",0.0998378895508814,0.900162110449119
"Not_Repaid","Repaid",0.0966812634438633,0.903318736556137
"Not_Repaid","Repaid",0.374389898474003,0.625610101525997
"Not_Repaid","Not_Repaid",0.746140286640031,0.253859713359969
"Repaid","Repaid",0.0289744075905052,0.971025592409495
"Repaid","Repaid",0.10689784248706,0.89310215751294
"Not_Repaid","Not_Repaid",0.997150877356324,0.00284912264367638
"Not_Repaid","Not_Repaid",0.627327523654714,0.372672476345286
"Repaid","Repaid",0.0127448336766774,0.987255166323323
"Not_Repaid","Repaid",0.413875559790203,0.586124440209797
"Repaid","Repaid",0.0839326711459453,0.916067328854055
"Not_Repaid","Not_Repaid",0.761027663707644,0.238972336292356
"Repaid","Repaid",0.0252661403846004,0.9747338596154
"Not_Repaid","Not_Repaid",0.877386725538064,0.122613274461937
"Repaid","Repaid",0.318368791337017,0.681631208662983
"Repaid","Repaid",0.100710225567395,0.899289774432605
"Repaid","Repaid",0.227222344256865,0.772777655743135
"Not_Repaid","Not_Repaid",0.729773566022876,0.270226433977124
"Repaid","Repaid",0.0594855848865219,0.940514415113478
"Not_Repaid","Not_Repaid",0.759765986115951,0.240234013884049
"Not_Repaid","Not_Repaid",0.542076081743894,0.457923918256106
"Repaid","Repaid",0.137084056336102,0.862915943663898
"Repaid","Repaid",0.0367378200597256,0.963262179940274
"Repaid","Not_Repaid",0.585774051071681,0.414225948928319
"Repaid","Repaid",0.187660758010833,0.812339241989167
"Not_Repaid","Not_Repaid",0.967656720306379,0.0323432796936214
"Repaid","Repaid",0.0789446910483305,0.92105530895167
"Not_Repaid","Not_Repaid",0.626120622870607,0.373879377129393
"Repaid","Repaid",0.0516394934051695,0.94836050659483
"Not_Repaid","Not_Repaid",0.870097763036194,0.129902236963806
"Repaid","Repaid",0.243940114437802,0.756059885562198
"Repaid","Repaid",0.139789175333,0.860210824667
"Not_Repaid","Not_Repaid",0.679442011679843,0.320557988320157
"Repaid","Repaid",0.0488173936712711,0.951182606328729
"Repaid","Repaid",0.0174742608654981,0.982525739134502
"Not_Repaid","Not_Repaid",0.955089697531279,0.0449103024687214
"Repaid","Repaid",0.0304486063517376,0.969551393648262
"Not_Repaid","Not_Repaid",0.919070873929132,0.0809291260708683
"Not_Repaid","Not_Repaid",0.932343311182741,0.0676566888172587
"Not_Repaid","Not_Repaid",0.765109707531594,0.234890292468406
"Repaid","Repaid",0.0469051111417321,0.953094888858268
"Not_Repaid","Not_Repaid",0.668540482524236,0.331459517475764
"Repaid","Not_Repaid",0.849468799804778,0.150531200195222
"Not_Repaid","Repaid",0.201136044096719,0.798863955903281
"Repaid","Repaid",0.0857479858223585,0.914252014177641
"Repaid","Repaid",0.0458068422050567,0.954193157794943
"Repaid","Repaid",0.172639517374843,0.827360482625157
"Repaid","Repaid",0.0337326298641364,0.966267370135864
"Repaid","Repaid",0.0371907969148708,0.962809203085129
"Repaid","Repaid",0.0308907507379654,0.969109249262035
"Repaid","Repaid",0.0937797472267451,0.906220252773255
"Not_Repaid","Not_Repaid",0.785068251713366,0.214931748286633
"Not_Repaid","Not_Repaid",0.569842578777017,0.430157421222983
"Not_Repaid","Not_Repaid",0.610399877815661,0.389600122184339
"Not_Repaid","Not_Repaid",0.838196810221691,0.161803189778309
"Not_Repaid","Not_Repaid",0.963251608940402,0.0367483910595979
"Repaid","Repaid",0.0221435965962354,0.977856403403765
"Not_Repaid","Not_Repaid",0.855152763731749,0.144847236268251
"Not_Repaid","Not_Repaid",0.99517731760357,0.00482268239643001
"Repaid","Not_Repaid",0.61876985648182,0.38123014351818
"Not_Repaid","Repaid",0.451566307703241,0.548433692296759
"Repaid","Repaid",0.132323273687274,0.867676726312726
"Not_Repaid","Not_Repaid",0.898743456567137,0.101256543432863
"Repaid","Repaid",0.0177932013144855,0.982206798685515
"Repaid","Repaid",0.125531844631354,0.874468155368646
"Repaid","Repaid",0.410033976649195,0.589966023350805
"Not_Repaid","Not_Repaid",0.891690304950523,0.108309695049477
"Repaid","Not_Repaid",0.925422696315801,0.0745773036841988
"Not_Repaid","Not_Repaid",0.885960279360551,0.114039720639449
"Not_Repaid","Not_Repaid",0.70365863017401,0.29634136982599
"Not_Repaid","Not_Repaid",0.933829889223078,0.0661701107769215
"Repaid","Not_Repaid",0.804624008026411,0.195375991973589
"Repaid","Repaid",0.0713353763123763,0.928664623687624
"Not_Repaid","Not_Repaid",0.799188466004885,0.200811533995115
"Repaid","Repaid",0.225039829217972,0.774960170782028
"Not_Repaid","Not_Repaid",0.93923377789892,0.0607662221010798
"Repaid","Repaid",0.144284583559427,0.855715416440573
"Repaid","Repaid",0.428466554945561,0.571533445054439
"Repaid","Repaid",0.0430869241978179,0.956913075802182
"Not_Repaid","Not_Repaid",0.713069011524413,0.286930988475587
"Not_Repaid","Not_Repaid",0.727312306058909,0.272687693941091
"Repaid","Repaid",0.301659414269505,0.698340585730495
"Not_Repaid","Not_Repaid",0.969759608790277,0.0302403912097234
"Not_Repaid","Not_Repaid",0.968785718312896,0.0312142816871042
"Not_Repaid","Not_Repaid",0.745841645366299,0.254158354633701
"Not_Repaid","Not_Repaid",0.859038208071042,0.140961791928958
"Not_Repaid","Not_Repaid",0.870052061508154,0.129947938491846
"Not_Repaid","Not_Repaid",0.765099204961324,0.234900795038676
"Repaid","Not_Repaid",0.800855273022644,0.199144726977356
"Repaid","Repaid",0.0499633815324058,0.950036618467594
"Not_Repaid","Not_Repaid",0.685233927161517,0.314766072838483
"Repaid","Repaid",0.0216514108179293,0.978348589182071
"Repaid","Not_Repaid",0.694476518836087,0.305523481163913
"Not_Repaid","Not_Repaid",0.939608695358852,0.0603913046411477
"Repaid","Repaid",0.4390321676125,0.5609678323875
"Repaid","Repaid",0.202274313803721,0.797725686196279
"Not_Repaid","Not_Repaid",0.75874817284333,0.24125182715667
"Repaid","Repaid",0.0711780123036674,0.928821987696333
"Not_Repaid","Not_Repaid",0.981107992516383,0.0188920074836166
"Not_Repaid","Not_Repaid",0.96942146400549,0.03057853599451
"Repaid","Repaid",0.270428493130016,0.729571506869984
"Not_Repaid","Not_Repaid",0.776943027307546,0.223056972692454
"Not_Repaid","Not_Repaid",0.682076210684231,0.317923789315769
"Repaid","Repaid",0.0176226010798683,0.982377398920132
"Not_Repaid","Not_Repaid",0.800062107313534,0.199937892686466
"Not_Repaid","Not_Repaid",0.97864344491361,0.0213565550863903
"Repaid","Repaid",0.127764243834439,0.872235756165561
"Not_Repaid","Not_Repaid",0.81383332931803,0.18616667068197
"Repaid","Repaid",0.0834915917761306,0.916508408223869
"Not_Repaid","Not_Repaid",0.938956804518141,0.0610431954818587
"Repaid","Repaid",0.0219062315645869,0.978093768435413
"Repaid","Repaid",0.038850555829614,0.961149444170386
"Repaid","Not_Repaid",0.574213544728652,0.425786455271348
"Not_Repaid","Repaid",0.480708547853572,0.519291452146428
"Not_Repaid","Not_Repaid",0.847797655312964,0.152202344687036
"Not_Repaid","Not_Repaid",0.550032512240247,0.449967487759753
"Not_Repaid","Not_Repaid",0.761890002089286,0.238109997910714
"Repaid","Repaid",0.256550988102758,0.743449011897242
"Not_Repaid","Not_Repaid",0.98429947109492,0.0157005289050805
"Repaid","Repaid",0.332367975442802,0.667632024557198
"Repaid","Repaid",0.101017237334205,0.898982762665795
"Not_Repaid","Not_Repaid",0.740717569033064,0.259282430966936
"Repaid","Repaid",0.133203998263111,0.866796001736889
"Not_Repaid","Not_Repaid",0.986639339090111,0.0133606609098885
"Repaid","Repaid",0.139192712155584,0.860807287844416
"Not_Repaid","Not_Repaid",0.778303995060755,0.221696004939245
"Repaid","Repaid",0.302713821985332,0.697286178014668
"Repaid","Repaid",0.394989072448798,0.605010927551202
"Not_Repaid","Not_Repaid",0.770790109032044,0.229209890967956
"Repaid","Repaid",0.0552012550457138,0.944798744954286
"Not_Repaid","Not_Repaid",0.66093448026382,0.33906551973618
"Repaid","Repaid",0.0416486084365887,0.958351391563411
"Not_Repaid","Not_Repaid",0.643497925861434,0.356502074138566
"Not_Repaid","Not_Repaid",0.994891055767453,0.0051089442325467
"Not_Repaid","Not_Repaid",0.996124892426554,0.00387510757344588
"Not_Repaid","Not_Repaid",0.767884887499474,0.232115112500526
"Not_Repaid","Not_Repaid",0.979059952790634,0.0209400472093664
"Repaid","Repaid",0.056695751024899,0.943304248975101
"Not_Repaid","Not_Repaid",0.878601164735431,0.121398835264569
"Not_Repaid","Repaid",0.0706922649719743,0.929307735028026
"Repaid","Repaid",0.0491202907379829,0.950879709262017
"Not_Repaid","Not_Repaid",0.972616616991578,0.0273833830084224
"Not_Repaid","Repaid",0.489558968941614,0.510441031058386
"Repaid","Repaid",0.0438621908162168,0.956137809183783
"Not_Repaid","Not_Repaid",0.868204940138279,0.131795059861721
"Repaid","Repaid",0.189481178463842,0.810518821536158
"Not_Repaid","Not_Repaid",0.567602643765567,0.432397356234433
"Repaid","Repaid",0.0462678841273256,0.953732115872674
"Repaid","Not_Repaid",0.713460706816695,0.286539293183305
"Not_Repaid","Not_Repaid",0.58352207534357,0.41647792465643
"Not_Repaid","Repaid",0.400924745387115,0.599075254612885
"Repaid","Repaid",0.0131222989897731,0.986877701010227
"Repaid","Repaid",0.0919316328695493,0.908068367130451
"Repaid","Repaid",0.0282348929298201,0.97176510707018
"Not_Repaid","Not_Repaid",0.690269246745143,0.309730753254857
"Not_Repaid","Not_Repaid",0.657028470817594,0.342971529182406
"Not_Repaid","Not_Repaid",0.863377819594974,0.136622180405026
"Repaid","Repaid",0.426473147249341,0.573526852750659
"Not_Repaid","Not_Repaid",0.995180878682587,0.00481912131741319
"Repaid","Repaid",0.0316344534546739,0.968365546545326
"Not_Repaid","Not_Repaid",0.68145799196205,0.31854200803795
"Repaid","Not_Repaid",0.959197182541827,0.0408028174581735
"Repaid","Repaid",0.168617679116905,0.831382320883095
"Repaid","Repaid",0.117164439146068,0.882835560853932
"Not_Repaid","Not_Repaid",0.83812155485819,0.16187844514181
"Not_Repaid","Not_Repaid",0.849353066888419,0.150646933111581
"Repaid","Repaid",0.112717172236053,0.887282827763947
"Not_Repaid","Not_Repaid",0.922567847745295,0.0774321522547049
"Not_Repaid","Not_Repaid",0.856558755245367,0.143441244754633
"Not_Repaid","Not_Repaid",0.925852102817074,0.0741478971829258
"Not_Repaid","Repaid",0.25455234121317,0.74544765878683
"Repaid","Repaid",0.0390939971828892,0.960906002817111
"Not_Repaid","Repaid",0.0351560493026789,0.964843950697321
"Not_Repaid","Not_Repaid",0.969963616457043,0.0300363835429571
"Not_Repaid","Not_Repaid",0.571350089702531,0.428649910297469
"Repaid","Repaid",0.0726523134017235,0.927347686598276
"Repaid","Repaid",0.0979222864187728,0.902077713581227
"Repaid","Repaid",0.386505961737861,0.61349403826214
"Not_Repaid","Not_Repaid",0.800244860546008,0.199755139453992
"Repaid","Repaid",0.160660534582584,0.839339465417416
"Repaid","Repaid",0.149746512209446,0.850253487790554
"Not_Repaid","Not_Repaid",0.92457580942348,0.0754241905765202
"Not_Repaid","Not_Repaid",0.651819931848663,0.348180068151337
"Repaid","Repaid",0.0494139824940558,0.950586017505944
"Repaid","Repaid",0.0819367422932987,0.918063257706701
"Not_Repaid","Not_Repaid",0.732338345331828,0.267661654668172
"Not_Repaid","Not_Repaid",0.543707403914255,0.456292596085745
"Repaid","Repaid",0.442240181918626,0.557759818081374
"Repaid","Repaid",0.106268386755077,0.893731613244923
"Repaid","Repaid",0.0295432343364371,0.970456765663563
"Not_Repaid","Not_Repaid",0.933464920332838,0.0665350796671624
"Not_Repaid","Not_Repaid",0.780186742319691,0.219813257680309
"Not_Repaid","Not_Repaid",0.955671538996811,0.044328461003189
"Not_Repaid","Not_Repaid",0.904501153400785,0.0954988465992149
"Not_Repaid","Not_Repaid",0.781674339010932,0.218325660989068
"Not_Repaid","Not_Repaid",0.539346138680235,0.460653861319765
"Repaid","Repaid",0.11566080303283,0.88433919696717
"Repaid","Repaid",0.041963877388683,0.958036122611317
"Not_Repaid","Not_Repaid",0.581211721547443,0.418788278452557
"Not_Repaid","Not_Repaid",0.877640515105643,0.122359484894357
"Repaid","Repaid",0.368877173438053,0.631122826561947
"Repaid","Repaid",0.0375212790161026,0.962478720983897
"Repaid","Not_Repaid",0.854296365882946,0.145703634117054
"Repaid","Repaid",0.152308379206875,0.847691620793125
"Not_Repaid","Not_Repaid",0.976786118689587,0.0232138813104132
"Repaid","Repaid",0.0494016983903823,0.950598301609618
"Not_Repaid","Not_Repaid",0.939163120640045,0.0608368793599552
"Not_Repaid","Not_Repaid",0.754300895174784,0.245699104825216
"Not_Repaid","Not_Repaid",0.932178241742822,0.0678217582571781
"Repaid","Repaid",0.0411759138522086,0.958824086147791
"Repaid","Repaid",0.0480143893777457,0.951985610622254
"Repaid","Repaid",0.060276530576767,0.939723469423233
"Not_Repaid","Not_Repaid",0.996997450891209,0.00300254910879143
"Not_Repaid","Not_Repaid",0.550524202192466,0.449475797807534
"Not_Repaid","Not_Repaid",0.983390617396435,0.0166093826035648
"Not_Repaid","Not_Repaid",0.877570636155976,0.122429363844024
"Not_Repaid","Not_Repaid",0.895623877134991,0.104376122865009
"Repaid","Repaid",0.181871382673089,0.818128617326911
"Repaid","Repaid",0.0764134496397927,0.923586550360207
"Not_Repaid","Not_Repaid",0.958308621709974,0.0416913782900257
"Repaid","Not_Repaid",0.972970489469537,0.0270295105304628
"Not_Repaid","Not_Repaid",0.580963269311395,0.419036730688605
"Repaid","Repaid",0.121907699584032,0.878092300415968
"Not_Repaid","Not_Repaid",0.890659540471977,0.109340459528023
"Repaid","Repaid",0.196981682898257,0.803018317101743
"Not_Repaid","Repaid",0.130071057652209,0.869928942347791
"Repaid","Repaid",0.155678466008074,0.844321533991926
"Repaid","Not_Repaid",0.776894182487406,0.223105817512594
"Not_Repaid","Repaid",0.483134894910604,0.516865105089396
"Repaid","Repaid",0.29644870613087,0.70355129386913
"Not_Repaid","Not_Repaid",0.953597066668838,0.0464029333311617
"Not_Repaid","Not_Repaid",0.843674046740684,0.156325953259316
"Repaid","Repaid",0.0132107001812184,0.986789299818782
"Not_Repaid","Not_Repaid",0.98802454642421,0.0119754535757898
"Not_Repaid","Not_Repaid",0.889785257167133,0.110214742832867
"Not_Repaid","Not_Repaid",0.859716086564315,0.140283913435685
"Repaid","Repaid",0.061060238287992,0.938939761712008
"Not_Repaid","Not_Repaid",0.783736059794375,0.216263940205625
"Repaid","Repaid",0.0500823939051764,0.949917606094824
"Repaid","Repaid",0.145208846994397,0.854791153005603
"Not_Repaid","Not_Repaid",0.684634894982758,0.315365105017242
"Repaid","Repaid",0.0160927664844696,0.98390723351553
"Not_Repaid","Not_Repaid",0.948884895408563,0.0511151045914374
"Repaid","Repaid",0.090652423797049,0.909347576202951
"Not_Repaid","Not_Repaid",0.94983974589396,0.0501602541060403
"Not_Repaid","Not_Repaid",0.777699977662519,0.222300022337481
"Repaid","Repaid",0.049218577043502,0.950781422956498
"Not_Repaid","Not_Repaid",0.980432471673724,0.0195675283262755
"Repaid","Not_Repaid",0.721255737708522,0.278744262291478
"Not_Repaid","Not_Repaid",0.837026175842385,0.162973824157615
"Not_Repaid","Not_Repaid",0.628573314005569,0.371426685994431
"Repaid","Repaid",0.149148521744829,0.850851478255171
"Not_Repaid","Not_Repaid",0.823744023339364,0.176255976660636
"Not_Repaid","Repaid",0.353838001742946,0.646161998257054
"Repaid","Repaid",0.0826500942460985,0.917349905753902
"Not_Repaid","Not_Repaid",0.724677780960781,0.275322219039219
"Repaid","Not_Repaid",0.870984163847347,0.129015836152653
"Repaid","Repaid",0.024250886497303,0.975749113502697
"Not_Repaid","Not_Repaid",0.967345052586607,0.0326549474133928
"Not_Repaid","Not_Repaid",0.937177093722175,0.0628229062778252
"Repaid","Repaid",0.0348881310423556,0.965111868957644
"Repaid","Repaid",0.312373426496625,0.687626573503375
"Not_Repaid","Not_Repaid",0.667839687067548,0.332160312932452
"Not_Repaid","Not_Repaid",0.975975816668687,0.0240241833313133
"Not_Repaid","Not_Repaid",0.890413766330764,0.109586233669236
"Repaid","Repaid",0.0150999712968584,0.984900028703142
"Repaid","Repaid",0.0692121613240867,0.930787838675913
"Repaid","Repaid",0.10493124772088,0.89506875227912
"Not_Repaid","Not_Repaid",0.638533566277131,0.361466433722869
"Repaid","Repaid",0.175416243864793,0.824583756135207
"Not_Repaid","Not_Repaid",0.622172367063951,0.377827632936049
"Repaid","Repaid",0.0387958253084435,0.961204174691557
"Repaid","Not_Repaid",0.521142318713134,0.478857681286866
"Repaid","Repaid",0.0671976054481349,0.932802394551865
"Repaid","Not_Repaid",0.705888226908741,0.294111773091259
"Not_Repaid","Repaid",0.106054823740656,0.893945176259344
"Repaid","Repaid",0.110637498309823,0.889362501690177
"Not_Repaid","Not_Repaid",0.83628066101156,0.16371933898844
"Not_Repaid","Not_Repaid",0.974018793835167,0.0259812061648334
"Repaid","Repaid",0.0631010978863911,0.936898902113609
"Not_Repaid","Not_Repaid",0.9862238466549,0.0137761533450998
"Not_Repaid","Not_Repaid",0.931594235347733,0.0684057646522667
"Not_Repaid","Not_Repaid",0.960202473427109,0.0397975265728909
"Not_Repaid","Repaid",0.347224992705703,0.652775007294297
"Not_Repaid","Not_Repaid",0.648288917900726,0.351711082099274
"Not_Repaid","Repaid",0.402042661838197,0.597957338161803
"Repaid","Repaid",0.253791868749359,0.746208131250641
"Repaid","Repaid",0.0342190586726108,0.965780941327389
"Repaid","Repaid",0.270678607919693,0.729321392080307
"Not_Repaid","Repaid",0.494371475723185,0.505628524276815
"Repaid","Repaid",0.035366672176785,0.964633327823215
"Repaid","Not_Repaid",0.861497065331742,0.138502934668258
"Not_Repaid","Not_Repaid",0.792873603484657,0.207126396515343
"Repaid","Not_Repaid",0.647121047491716,0.352878952508284
"Repaid","Repaid",0.0546282290699271,0.945371770930073
"Not_Repaid","Not_Repaid",0.828332639975375,0.171667360024625
"Repaid","Repaid",0.0210973361564755,0.978902663843525
"Not_Repaid","Not_Repaid",0.762891099953834,0.237108900046166
"Not_Repaid","Not_Repaid",0.55069868193267,0.44930131806733
"Not_Repaid","Repaid",0.466369863271069,0.533630136728931
"Not_Repaid","Not_Repaid",0.746594498724669,0.253405501275331
"Repaid","Repaid",0.207974713697696,0.792025286302304
"Not_Repaid","Not_Repaid",0.954867827434836,0.0451321725651637
"Not_Repaid","Not_Repaid",0.954988402668229,0.0450115973317709
"Repaid","Repaid",0.0569825015125635,0.943017498487437
"Repaid","Not_Repaid",0.875086950825775,0.124913049174224
"Repaid","Repaid",0.0152664467104516,0.984733553289548
"Repaid","Repaid",0.024250814171947,0.975749185828053
"Not_Repaid","Not_Repaid",0.930393344547594,0.0696066554524057
"Not_Repaid","Not_Repaid",0.965513515270447,0.0344864847295526
"Not_Repaid","Repaid",0.199587905006374,0.800412094993626
"Not_Repaid","Not_Repaid",0.785092218866937,0.214907781133063
"Not_Repaid","Not_Repaid",0.590278116282551,0.409721883717449
"Repaid","Repaid",0.0516292941920544,0.948370705807946
"Not_Repaid","Not_Repaid",0.615480123536505,0.384519876463495
"Repaid","Repaid",0.0761357303150582,0.923864269684942
"Not_Repaid","Repaid",0.11818188864605,0.88181811135395
"Not_Repaid","Not_Repaid",0.96789048748897,0.0321095125110295
"Not_Repaid","Not_Repaid",0.941634114185307,0.0583658858146928
"Repaid","Not_Repaid",0.71171601235221,0.28828398764779
"Not_Repaid","Not_Repaid",0.996283614554171,0.0037163854458293
"Not_Repaid","Not_Repaid",0.896181217675486,0.103818782324514
"Repaid","Not_Repaid",0.811864179793509,0.188135820206491
"Repaid","Repaid",0.36814001870381,0.63185998129619
"Repaid","Repaid",0.103339489126076,0.896660510873924
"Not_Repaid","Not_Repaid",0.972243129767064,0.0277568702329365
"Not_Repaid","Not_Repaid",0.924418613643911,0.0755813863560886
"Not_Repaid","Not_Repaid",0.962743039598601,0.0372569604013988
"Repaid","Repaid",0.200203798460773,0.799796201539227
"Not_Repaid","Not_Repaid",0.922413748328271,0.0775862516717285
"Not_Repaid","Not_Repaid",0.951975567200468,0.0480244327995323
"Repaid","Repaid",0.0879606992915154,0.912039300708485
"Not_Repaid","Not_Repaid",0.98250805289904,0.0174919471009605
"Not_Repaid","Not_Repaid",0.942413501980606,0.0575864980193935
"Not_Repaid","Repaid",0.438361067898412,0.561638932101588
"Not_Repaid","Not_Repaid",0.927216526567877,0.0727834734321226
"Not_Repaid","Repaid",0.369796454546001,0.630203545453999
"Not_Repaid","Not_Repaid",0.938551360174181,0.0614486398258189
"Not_Repaid","Not_Repaid",0.646179569475902,0.353820430524098
"Not_Repaid","Not_Repaid",0.755599527280465,0.244400472719535
"Repaid","Repaid",0.0717761140591887,0.928223885940811
"Not_Repaid","Not_Repaid",0.653404213810107,0.346595786189893
"Repaid","Repaid",0.217785558769307,0.782214441230693
"Not_Repaid","Repaid",0.440702665514926,0.559297334485074
"Not_Repaid","Repaid",0.160430630948103,0.839569369051897
"Not_Repaid","Not_Repaid",0.809655749474338,0.190344250525662
"Repaid","Not_Repaid",0.756575007519099,0.243424992480901
"Not_Repaid","Not_Repaid",0.902673463257419,0.097326536742581
"Not_Repaid","Not_Repaid",0.786660081603635,0.213339918396365
"Repaid","Repaid",0.113835145417249,0.886164854582751
"Repaid","Repaid",0.151342376437137,0.848657623562863
"Repaid","Repaid",0.100678768433809,0.899321231566191
"Repaid","Repaid",0.110911770828566,0.889088229171434
"Repaid","Repaid",0.211740264745736,0.788259735254264
"Not_Repaid","Repaid",0.128080926473761,0.871919073526239
"Not_Repaid","Repaid",0.482516081313909,0.517483918686091
"Not_Repaid","Not_Repaid",0.919316113476174,0.0806838865238256
"Not_Repaid","Not_Repaid",0.967317569983629,0.0326824300163715
"Not_Repaid","Not_Repaid",0.774466374294103,0.225533625705897
"Not_Repaid","Not_Repaid",0.845662803071888,0.154337196928112
"Not_Repaid","Not_Repaid",0.851595655705598,0.148404344294402
"Repaid","Repaid",0.13180256499037,0.86819743500963
"Repaid","Repaid",0.0517523738626754,0.948247626137325
"Not_Repaid","Repaid",0.475646624499137,0.524353375500863
"Repaid","Repaid",0.164947110459458,0.835052889540542
"Not_Repaid","Not_Repaid",0.998505567567981,0.00149443243201864
"Repaid","Repaid",0.285893326420276,0.714106673579724
"Repaid","Repaid",0.363064740954263,0.636935259045737
"Repaid","Repaid",0.0529648228618231,0.947035177138177
"Repaid","Repaid",0.0807706340601178,0.919229365939882
"Not_Repaid","Not_Repaid",0.90793903328115,0.0920609667188504
"Not_Repaid","Not_Repaid",0.976759927519463,0.0232400724805371
"Repaid","Repaid",0.0691754409297823,0.930824559070218
"Repaid","Repaid",0.091548189035415,0.908451810964585
"Repaid","Repaid",0.0644012582561506,0.935598741743849
"Repaid","Not_Repaid",0.6061693331782,0.3938306668218
"Not_Repaid","Not_Repaid",0.635229439443423,0.364770560556577
"Repaid","Repaid",0.0250603937189499,0.97493960628105
"Repaid","Repaid",0.242819104040531,0.757180895959469
"Repaid","Repaid",0.4862403393559,0.5137596606441
"Not_Repaid","Not_Repaid",0.923186366346213,0.0768136336537871
"Not_Repaid","Not_Repaid",0.510232719074072,0.489767280925928
"Repaid","Not_Repaid",0.548031713145779,0.451968286854221
"Not_Repaid","Not_Repaid",0.973395530591332,0.0266044694086679
"Repaid","Repaid",0.439739484219813,0.560260515780187
"Repaid","Not_Repaid",0.881093608429405,0.118906391570595
"Repaid","Repaid",0.0216613113429623,0.978338688657038
"Not_Repaid","Not_Repaid",0.954184851618132,0.0458151483818681
"Repaid","Repaid",0.0268655927761987,0.973134407223801
"Not_Repaid","Not_Repaid",0.685255333210257,0.314744666789743
"Repaid","Repaid",0.0937976094867042,0.906202390513296
"Repaid","Not_Repaid",0.691529131224142,0.308470868775858
"Repaid","Repaid",0.262200978158536,0.737799021841464
"Not_Repaid","Not_Repaid",0.837945823669168,0.162054176330832
"Repaid","Not_Repaid",0.766099320028346,0.233900679971654
"Not_Repaid","Not_Repaid",0.778566767498213,0.221433232501787
"Repaid","Repaid",0.0937610759399261,0.906238924060074
"Repaid","Not_Repaid",0.709535724841541,0.290464275158459
"Not_Repaid","Repaid",0.430644453461366,0.569355546538634
"Not_Repaid","Not_Repaid",0.823806308979128,0.176193691020872
"Not_Repaid","Repaid",0.0448649185081433,0.955135081491857
"Not_Repaid","Not_Repaid",0.988979214822514,0.0110207851774861
"Repaid","Repaid",0.0133407412140224,0.986659258785978
"Not_Repaid","Not_Repaid",0.528356456516673,0.471643543483327
"Repaid","Repaid",0.166977838741596,0.833022161258404
"Not_Repaid","Not_Repaid",0.986291043398591,0.0137089566014093
"Repaid","Repaid",0.0341338530922524,0.965866146907748
"Repaid","Repaid",0.32984748907647,0.67015251092353
"Not_Repaid","Repaid",0.492897920573873,0.507102079426127
"Not_Repaid","Not_Repaid",0.75394698494149,0.24605301505851
"Repaid","Repaid",0.11247816862962,0.88752183137038
"Repaid","Repaid",0.24498816276946,0.75501183723054
"Not_Repaid","Not_Repaid",0.746352277744013,0.253647722255987
"Not_Repaid","Not_Repaid",0.96761254905141,0.0323874509485895
"Repaid","Repaid",0.117796121950659,0.882203878049341
"Repaid","Repaid",0.0238588105854295,0.97614118941457
"Not_Repaid","Not_Repaid",0.623672685025971,0.376327314974029
"Not_Repaid","Repaid",0.248954744690712,0.751045255309288
"Repaid","Repaid",0.409780259996728,0.590219740003272
"Repaid","Not_Repaid",0.768409963381886,0.231590036618114
"Repaid","Repaid",0.294253913214973,0.705746086785027
"Not_Repaid","Not_Repaid",0.65208016333333,0.34791983666667
"Not_Repaid","Not_Repaid",0.801588528055001,0.198411471944999
"Not_Repaid","Not_Repaid",0.520219025757129,0.479780974242871
"Not_Repaid","Repaid",0.233841809728452,0.766158190271548
"Repaid","Repaid",0.084074800162665,0.915925199837335
"Not_Repaid","Not_Repaid",0.850550135101647,0.149449864898353
"Not_Repaid","Not_Repaid",0.633988794808785,0.366011205191215
"Repaid","Repaid",0.202634713241989,0.797365286758011
"Not_Repaid","Repaid",0.386639311867987,0.613360688132013
"Repaid","Repaid",0.31113522553535,0.68886477446465
"Not_Repaid","Repaid",0.439858560214028,0.560141439785972
"Not_Repaid","Not_Repaid",0.974401154586647,0.0255988454133527
"Not_Repaid","Not_Repaid",0.801795835444758,0.198204164555242
"Repaid","Repaid",0.214872641213611,0.785127358786389
"Not_Repaid","Not_Repaid",0.915869105260321,0.084130894739679
"Repaid","Repaid",0.0965655510782971,0.903434448921703
"Not_Repaid","Not_Repaid",0.716594692528971,0.283405307471029
"Repaid","Repaid",0.0389479462247085,0.961052053775291
"Repaid","Not_Repaid",0.525811763706294,0.474188236293706
"Repaid","Repaid",0.0397394510675992,0.960260548932401
"Repaid","Repaid",0.203877476053316,0.796122523946684
"Not_Repaid","Not_Repaid",0.992692652725901,0.00730734727409917
"Repaid","Repaid",0.156805898350262,0.843194101649738
"Not_Repaid","Repaid",0.369749663385828,0.630250336614172
"Not_Repaid","Not_Repaid",0.990354366650096,0.00964563334990402
"Repaid","Repaid",0.18095286707704,0.81904713292296
"Repaid","Repaid",0.10309814849989,0.89690185150011
"Not_Repaid","Not_Repaid",0.921016983100392,0.0789830168996078
"Not_Repaid","Not_Repaid",0.802421419016212,0.197578580983788
"Repaid","Repaid",0.456839647947619,0.543160352052381
"Repaid","Repaid",0.283533898710772,0.716466101289228
"Repaid","Not_Repaid",0.524779139966847,0.475220860033153
"Not_Repaid","Not_Repaid",0.867756957233509,0.132243042766491
"Repaid","Repaid",0.133128180452331,0.866871819547669
"Repaid","Repaid",0.0878217711070479,0.912178228892952
"Repaid","Repaid",0.0390974045422161,0.960902595457784
"Repaid","Repaid",0.313118119833716,0.686881880166284
"Repaid","Repaid",0.0473365028213906,0.952663497178609
"Repaid","Repaid",0.349758873238413,0.650241126761587
"Not_Repaid","Not_Repaid",0.924407214296617,0.075592785703383
"Repaid","Repaid",0.0695558860799369,0.930444113920063
"Repaid","Repaid",0.304730136654346,0.695269863345654
"Repaid","Repaid",0.0592992557584796,0.94070074424152
"Repaid","Not_Repaid",0.562617778490845,0.437382221509155
"Not_Repaid","Not_Repaid",0.840734650403456,0.159265349596544
"Repaid","Repaid",0.0147425418081646,0.985257458191835
"Not_Repaid","Not_Repaid",0.66928842656208,0.33071157343792
"Not_Repaid","Not_Repaid",0.992828385275717,0.00717161472428273
"Repaid","Repaid",0.0344003751714053,0.965599624828595
"Not_Repaid","Not_Repaid",0.936314641915381,0.0636853580846189
"Not_Repaid","Not_Repaid",0.734659500743856,0.265340499256144
"Repaid","Repaid",0.193884279139475,0.806115720860525
"Not_Repaid","Repaid",0.408345975974719,0.591654024025281
"Repaid","Not_Repaid",0.70160042276142,0.29839957723858
"Repaid","Repaid",0.294189134523866,0.705810865476134
"Not_Repaid","Not_Repaid",0.980334636887835,0.0196653631121649
"Not_Repaid","Not_Repaid",0.961748077475815,0.0382519225241847
"Not_Repaid","Not_Repaid",0.957639751671355,0.0423602483286452
"Not_Repaid","Not_Repaid",0.791387266966023,0.208612733033977
"Not_Repaid","Not_Repaid",0.960109095575723,0.0398909044242766
"Not_Repaid","Not_Repaid",0.665109163107858,0.334890836892142
"Repaid","Repaid",0.0808387947340785,0.919161205265921
"Not_Repaid","Not_Repaid",0.748056741543916,0.251943258456084
"Repaid","Not_Repaid",0.987179991161307,0.0128200088386928
"Not_Repaid","Not_Repaid",0.916957516365851,0.0830424836341486
"Repaid","Repaid",0.0692413495916417,0.930758650408358
"Not_Repaid","Not_Repaid",0.968959731566946,0.0310402684330536
"Repaid","Repaid",0.252922990436735,0.747077009563265
"Repaid","Repaid",0.0624666525362704,0.93753334746373
"Repaid","Repaid",0.0778942444739912,0.922105755526009
"Repaid","Repaid",0.0948505042296807,0.905149495770319
"Not_Repaid","Not_Repaid",0.776882440954874,0.223117559045126
"Not_Repaid","Repaid",0.410373165213561,0.589626834786439
"Repaid","Repaid",0.0500753950380398,0.94992460496196
"Repaid","Repaid",0.0140864780756049,0.985913521924395
"Repaid","Repaid",0.0316080150016752,0.968391984998325
"Not_Repaid","Not_Repaid",0.914166611865144,0.0858333881348562
"Repaid","Not_Repaid",0.653119459453711,0.346880540546289
"Not_Repaid","Not_Repaid",0.897882801981187,0.102117198018813
"Repaid","Repaid",0.161072887474015,0.838927112525985
"Repaid","Repaid",0.257149497742254,0.742850502257746
"Not_Repaid","Not_Repaid",0.852130449968391,0.147869550031609
"Repaid","Repaid",0.0665636082847687,0.933436391715231
"Not_Repaid","Not_Repaid",0.991606650030357,0.00839334996964301
"Not_Repaid","Not_Repaid",0.763693249053866,0.236306750946134
"Repaid","Not_Repaid",0.640997278507218,0.359002721492782
"Repaid","Not_Repaid",0.568222300521727,0.431777699478273
"Not_Repaid","Not_Repaid",0.959840273662286,0.0401597263377145
"Not_Repaid","Not_Repaid",0.549805994746865,0.450194005253135
"Not_Repaid","Repaid",0.069475620367282,0.930524379632718
"Repaid","Repaid",0.201697049082898,0.798302950917102
"Not_Repaid","Not_Repaid",0.733623009844055,0.266376990155945
"Not_Repaid","Not_Repaid",0.985884109547333,0.014115890452667
"Not_Repaid","Not_Repaid",0.994770224943492,0.00522977505650756
"Not_Repaid","Not_Repaid",0.501140641613556,0.498859358386444
"Not_Repaid","Not_Repaid",0.93702381413908,0.0629761858609203
"Repaid","Not_Repaid",0.656785771712679,0.343214228287321
"Not_Repaid","Not_Repaid",0.678756909047572,0.321243090952428
"Not_Repaid","Repaid",0.398856766977447,0.601143233022553
"Repaid","Not_Repaid",0.581421519925063,0.418578480074937
"Repaid","Repaid",0.305337010950663,0.694662989049337
"Repaid","Repaid",0.204560930910095,0.795439069089905
"Not_Repaid","Not_Repaid",0.99439954554649,0.00560045445351001
"Not_Repaid","Not_Repaid",0.646484625034252,0.353515374965748
"Repaid","Repaid",0.197562717713526,0.802437282286474
"Not_Repaid","Not_Repaid",0.962015634682935,0.0379843653170654
"Not_Repaid","Not_Repaid",0.665144899892407,0.334855100107593
"Repaid","Repaid",0.0601826840838974,0.939817315916103
"Not_Repaid","Not_Repaid",0.771604981274156,0.228395018725844
"Repaid","Repaid",0.268899514726784,0.731100485273216
"Repaid","Repaid",0.0519594643764442,0.948040535623556
"Repaid","Repaid",0.478168799480797,0.521831200519203
"Repaid","Repaid",0.052586413210881,0.947413586789119
"Repaid","Repaid",0.279131459967551,0.720868540032449
"Repaid","Repaid",0.172685914236104,0.827314085763896
"Not_Repaid","Not_Repaid",0.934676013886851,0.0653239861131486
"Not_Repaid","Not_Repaid",0.821393827904634,0.178606172095366
"Not_Repaid","Not_Repaid",0.918560716649835,0.0814392833501653
"Repaid","Repaid",0.147163905226878,0.852836094773122
"Not_Repaid","Not_Repaid",0.836930042385245,0.163069957614755
"Repaid","Repaid",0.0629437089184935,0.937056291081506
"Repaid","Repaid",0.361738080083402,0.638261919916598
"Repaid","Repaid",0.029828940099479,0.970171059900521
"Repaid","Repaid",0.0131512618890757,0.986848738110924
"Not_Repaid","Not_Repaid",0.521245924555129,0.478754075444871
"Not_Repaid","Not_Repaid",0.725238614064519,0.274761385935481
"Repaid","Not_Repaid",0.96458770834278,0.0354122916572202
"Not_Repaid","Not_Repaid",0.998149128034432,0.00185087196556848
"Not_Repaid","Not_Repaid",0.994478894269464,0.00552110573053633
"Repaid","Not_Repaid",0.723457102636399,0.276542897363601
"Not_Repaid","Not_Repaid",0.959046045348775,0.0409539546512252
"Not_Repaid","Not_Repaid",0.625587531390283,0.374412468609717
"Not_Repaid","Not_Repaid",0.990890121047476,0.00910987895252375
"Not_Repaid","Not_Repaid",0.857426651539042,0.142573348460958
"Not_Repaid","Repaid",0.219583726862891,0.780416273137109
"Repaid","Not_Repaid",0.659700017029189,0.340299982970811
"Not_Repaid","Not_Repaid",0.589111723251109,0.410888276748891
"Not_Repaid","Not_Repaid",0.904864474756188,0.0951355252438116
"Repaid","Repaid",0.0631059868888345,0.936894013111165
"Not_Repaid","Not_Repaid",0.786354562356011,0.213645437643989
"Not_Repaid","Not_Repaid",0.557749752557067,0.442250247442933
"Not_Repaid","Not_Repaid",0.598842391496322,0.401157608503678
"Not_Repaid","Not_Repaid",0.636621360085208,0.363378639914792
"Repaid","Repaid",0.434207762272563,0.565792237727437
"Not_Repaid","Repaid",0.112523137705764,0.887476862294236
"Repaid","Repaid",0.0609797068639907,0.939020293136009
"Repaid","Repaid",0.0911197205576821,0.908880279442318
"Repaid","Repaid",0.221701050760413,0.778298949239587
"Repaid","Repaid",0.0146681512742778,0.985331848725722
"Repaid","Not_Repaid",0.731211535682961,0.268788464317039
"Repaid","Not_Repaid",0.696060596473478,0.303939403526522
"Not_Repaid","Not_Repaid",0.81350207844653,0.18649792155347
"Repaid","Repaid",0.0492956020161694,0.95070439798383
"Repaid","Repaid",0.248209933314331,0.751790066685669
"Not_Repaid","Not_Repaid",0.744664559197727,0.255335440802273
"Not_Repaid","Repaid",0.137357784474619,0.862642215525381
"Repaid","Repaid",0.225377930920757,0.774622069079243
"Repaid","Repaid",0.0362572809247598,0.96374271907524
"Repaid","Repaid",0.164882545793285,0.835117454206715
"Repaid","Repaid",0.343440107911038,0.656559892088962
"Repaid","Repaid",0.18074907921666,0.81925092078334
"Repaid","Repaid",0.0374859193381543,0.962514080661846
"Repaid","Repaid",0.0298661587202499,0.97013384127975
"Repaid","Repaid",0.0711868699209547,0.928813130079045
"Repaid","Repaid",0.0225487096886807,0.977451290311319
"Repaid","Not_Repaid",0.858966171550995,0.141033828449005
"Repaid","Repaid",0.0629409487645932,0.937059051235407
"Repaid","Not_Repaid",0.930332924588549,0.0696670754114513
"Not_Repaid","Not_Repaid",0.706740132081887,0.293259867918113
"Repaid","Not_Repaid",0.552317920686283,0.447682079313717
"Not_Repaid","Not_Repaid",0.857124811733939,0.142875188266061
"Not_Repaid","Not_Repaid",0.892866759454842,0.107133240545158
"Not_Repaid","Not_Repaid",0.641853291904281,0.358146708095719
"Repaid","Repaid",0.0507648702875297,0.94923512971247
"Not_Repaid","Not_Repaid",0.718739576791524,0.281260423208476
"Not_Repaid","Not_Repaid",0.983639588538107,0.0163604114618935
"Not_Repaid","Not_Repaid",0.686768241395873,0.313231758604127
"Repaid","Repaid",0.052058416953789,0.947941583046211
"Not_Repaid","Not_Repaid",0.796395198722815,0.203604801277185
"Repaid","Repaid",0.146901575605658,0.853098424394342
"Not_Repaid","Not_Repaid",0.924248020107509,0.0757519798924906
"Repaid","Repaid",0.075887452269749,0.924112547730251
"Repaid","Repaid",0.0454006878568027,0.954599312143197
"Not_Repaid","Not_Repaid",0.952869061517958,0.0471309384820424
"Not_Repaid","Repaid",0.247422022641175,0.752577977358825
"Not_Repaid","Not_Repaid",0.698900121847917,0.301099878152083
"Not_Repaid","Not_Repaid",0.780639532791219,0.219360467208781
"Not_Repaid","Not_Repaid",0.795334197491834,0.204665802508166
"Not_Repaid","Not_Repaid",0.520184384399378,0.479815615600622
"Not_Repaid","Not_Repaid",0.688204167715026,0.311795832284974
"Not_Repaid","Repaid",0.353200290580155,0.646799709419845
"Repaid","Repaid",0.104491884128678,0.895508115871322
"Not_Repaid","Not_Repaid",0.835731248451409,0.164268751548591
"Repaid","Repaid",0.0610203955883382,0.938979604411662
"Repaid","Repaid",0.0344709126771994,0.965529087322801
"Repaid","Repaid",0.0450622664582835,0.954937733541717
"Repaid","Not_Repaid",0.522516357707726,0.477483642292274
"Repaid","Repaid",0.0411618195877741,0.958838180412226
"Repaid","Repaid",0.107009962727205,0.892990037272795
"Repaid","Repaid",0.157960122650028,0.842039877349972
"Repaid","Repaid",0.0795645154521246,0.920435484547875
"Repaid","Not_Repaid",0.673745298910817,0.326254701089183
"Repaid","Not_Repaid",0.524195770946439,0.475804229053561
"Not_Repaid","Not_Repaid",0.727706621895474,0.272293378104526
"Not_Repaid","Not_Repaid",0.962158041575022,0.0378419584249782
"Repaid","Not_Repaid",0.90794392181681,0.0920560781831898
"Repaid","Repaid",0.450562696323585,0.549437303676415
"Repaid","Repaid",0.133037393408259,0.866962606591741
"Repaid","Repaid",0.408011185395819,0.591988814604181
"Not_Repaid","Not_Repaid",0.809778459380076,0.190221540619924
"Repaid","Repaid",0.0228831742937688,0.977116825706231
"Repaid","Repaid",0.0680972057827115,0.931902794217288
"Repaid","Repaid",0.0847432013549547,0.915256798645045
"Not_Repaid","Repaid",0.203095583060202,0.796904416939798
"Repaid","Repaid",0.136167505281808,0.863832494718192
"Not_Repaid","Repaid",0.143543562935854,0.856456437064146
"Repaid","Repaid",0.313752969154948,0.686247030845052
"Repaid","Repaid",0.112751917175926,0.887248082824074
"Not_Repaid","Not_Repaid",0.914981308832129,0.0850186911678706
"Not_Repaid","Not_Repaid",0.584503356253877,0.415496643746123
"Repaid","Repaid",0.0529348132198076,0.947065186780192
"Repaid","Repaid",0.446693190014362,0.553306809985638
"Not_Repaid","Not_Repaid",0.803705115766657,0.196294884233343
"Not_Repaid","Not_Repaid",0.975579926286067,0.0244200737139327
"Repaid","Repaid",0.121317096072371,0.878682903927629
"Repaid","Repaid",0.0634812834554376,0.936518716544562
"Repaid","Repaid",0.0539915227088031,0.946008477291197
"Not_Repaid","Not_Repaid",0.801388124548648,0.198611875451352
"Repaid","Repaid",0.0715471001712954,0.928452899828705
"Not_Repaid","Not_Repaid",0.646358867407787,0.353641132592213
"Not_Repaid","Not_Repaid",0.641940070655437,0.358059929344563
"Repaid","Not_Repaid",0.917863122470103,0.0821368775298965
"Not_Repaid","Not_Repaid",0.613000370202372,0.386999629797628
"Repaid","Repaid",0.0914313464489583,0.908568653551042
"Repaid","Repaid",0.254256996523751,0.745743003476249
"Not_Repaid","Not_Repaid",0.984847342827789,0.0151526571722108
"Not_Repaid","Not_Repaid",0.817544176636487,0.182455823363513
"Not_Repaid","Repaid",0.45973299865535,0.54026700134465
"Not_Repaid","Not_Repaid",0.682297096523888,0.317702903476112
"Repaid","Repaid",0.350118058353199,0.649881941646801
"Not_Repaid","Not_Repaid",0.98616995921761,0.0138300407823897
"Repaid","Not_Repaid",0.750833029976221,0.249166970023779
"Repaid","Repaid",0.33842669187125,0.66157330812875
"Not_Repaid","Not_Repaid",0.947120766031592,0.052879233968408
"Not_Repaid","Repaid",0.26186710782859,0.73813289217141
"Not_Repaid","Not_Repaid",0.831067228482044,0.168932771517956
"Not_Repaid","Repaid",0.0391392317145083,0.960860768285492
"Repaid","Repaid",0.337582321239932,0.662417678760068
"Not_Repaid","Not_Repaid",0.725850186389742,0.274149813610258
"Repaid","Repaid",0.141287294325798,0.858712705674202
"Not_Repaid","Not_Repaid",0.88514251089098,0.11485748910902
"Not_Repaid","Not_Repaid",0.854367891963068,0.145632108036932
"Repaid","Not_Repaid",0.914050160467658,0.0859498395323421
"Not_Repaid","Not_Repaid",0.822571790087615,0.177428209912385
"Repaid","Repaid",0.0634207124311044,0.936579287568896
"Repaid","Repaid",0.0190068168885463,0.980993183111454
"Repaid","Not_Repaid",0.725060788831102,0.274939211168898
"Repaid","Not_Repaid",0.775924612845248,0.224075387154752
"Not_Repaid","Not_Repaid",0.993025869779881,0.00697413022011922
"Not_Repaid","Not_Repaid",0.89320022637112,0.10679977362888
"Repaid","Repaid",0.0407971186940022,0.959202881305998
"Repaid","Not_Repaid",0.541578817216712,0.458421182783288
"Repaid","Repaid",0.18882862699738,0.81117137300262
"Not_Repaid","Not_Repaid",0.85782080256929,0.14217919743071
"Not_Repaid","Not_Repaid",0.946691962774777,0.0533080372252231
"Not_Repaid","Not_Repaid",0.846205681955082,0.153794318044918
"Repaid","Repaid",0.0946392982421392,0.905360701757861
"Repaid","Repaid",0.042648676400502,0.957351323599498
"Not_Repaid","Not_Repaid",0.990424796734492,0.00957520326550838
"Not_Repaid","Not_Repaid",0.873597361843254,0.126402638156747
"Repaid","Repaid",0.0850963834627781,0.914903616537222
"Not_Repaid","Not_Repaid",0.571233943445507,0.428766056554493
"Repaid","Repaid",0.227948616822502,0.772051383177498
"Not_Repaid","Not_Repaid",0.795507904745703,0.204492095254297
"Not_Repaid","Not_Repaid",0.963815277467975,0.0361847225320252
"Not_Repaid","Not_Repaid",0.540164688518522,0.459835311481478
"Repaid","Repaid",0.140085428149694,0.859914571850306
"Not_Repaid","Not_Repaid",0.605131315645141,0.394868684354859
"Not_Repaid","Not_Repaid",0.974484827057723,0.0255151729422775
"Repaid","Repaid",0.0233722061315829,0.976627793868417
"Not_Repaid","Not_Repaid",0.59648372156347,0.40351627843653
"Not_Repaid","Repaid",0.305940623294592,0.694059376705408
"Not_Repaid","Not_Repaid",0.783552841596743,0.216447158403257
"Repaid","Repaid",0.158702646436997,0.841297353563003
"Repaid","Repaid",0.0784161598823647,0.921583840117635
"Repaid","Repaid",0.0544299395439913,0.945570060456009
"Not_Repaid","Not_Repaid",0.518226119570642,0.481773880429358
"Not_Repaid","Not_Repaid",0.576071527663932,0.423928472336068
"Repaid","Repaid",0.0586304720995428,0.941369527900457
"Not_Repaid","Not_Repaid",0.60550270371029,0.39449729628971
"Not_Repaid","Not_Repaid",0.920307625974259,0.079692374025741
"Not_Repaid","Not_Repaid",0.934279338711607,0.0657206612883928
"Repaid","Not_Repaid",0.816161945500124,0.183838054499876
"Not_Repaid","Not_Repaid",0.798382919475265,0.201617080524735
"Not_Repaid","Not_Repaid",0.855149819844607,0.144850180155393
"Not_Repaid","Not_Repaid",0.969999206246889,0.0300007937531112
"Not_Repaid","Repaid",0.243456678202857,0.756543321797143
"Not_Repaid","Not_Repaid",0.819747460080377,0.180252539919623
"Not_Repaid","Not_Repaid",0.963391141242131,0.0366088587578689
"Not_Repaid","Not_Repaid",0.667085229628759,0.332914770371241
"Not_Repaid","Not_Repaid",0.923872607725501,0.0761273922744988
"Repaid","Repaid",0.0418934335951701,0.95810656640483
"Not_Repaid","Not_Repaid",0.78567994526207,0.21432005473793
"Not_Repaid","Not_Repaid",0.873542699679421,0.126457300320579
"Repaid","Repaid",0.204892095495945,0.795107904504055
"Not_Repaid","Not_Repaid",0.98582304662946,0.0141769533705397
"Repaid","Repaid",0.144380343775328,0.855619656224672
"Not_Repaid","Not_Repaid",0.748642581382184,0.251357418617816
"Not_Repaid","Not_Repaid",0.612863373813496,0.387136626186504
"Repaid","Repaid",0.0513254847593522,0.948674515240648
"Repaid","Not_Repaid",0.634232632519753,0.365767367480247
"Not_Repaid","Not_Repaid",0.797387936532216,0.202612063467784
"Not_Repaid","Not_Repaid",0.67080343602192,0.32919656397808
"Not_Repaid","Not_Repaid",0.920247556739444,0.079752443260556
"Not_Repaid","Not_Repaid",0.791579824906711,0.208420175093289
"Repaid","Repaid",0.290551200024761,0.709448799975239
"Repaid","Repaid",0.137420341986532,0.862579658013468
"Not_Repaid","Not_Repaid",0.9672209100699,0.0327790899301
"Not_Repaid","Not_Repaid",0.989977250517457,0.0100227494825434
"Repaid","Repaid",0.200272567584502,0.799727432415498
"Repaid","Not_Repaid",0.969899393542417,0.030100606457583
"Not_Repaid","Not_Repaid",0.72010088420635,0.27989911579365
"Repaid","Repaid",0.0844516233530366,0.915548376646963
"Repaid","Repaid",0.0258600165770717,0.974139983422928
"Not_Repaid","Not_Repaid",0.866202136816921,0.133797863183079
"Repaid","Repaid",0.0164382226538362,0.983561777346164
"Not_Repaid","Not_Repaid",0.951078735506361,0.0489212644936394
"Repaid","Not_Repaid",0.853746357620988,0.146253642379011
"Not_Repaid","Not_Repaid",0.71591756719375,0.28408243280625
"Repaid","Repaid",0.302357417497023,0.697642582502977
"Not_Repaid","Repaid",0.351401936561828,0.648598063438172
"Repaid","Repaid",0.0897910295075831,0.910208970492417
"Repaid","Not_Repaid",0.775743498114293,0.224256501885707
"Not_Repaid","Not_Repaid",0.876749368935778,0.123250631064222
"Repaid","Repaid",0.101192036596546,0.898807963403454
"Repaid","Not_Repaid",0.55487654529072,0.44512345470928
"Repaid","Repaid",0.039787551633331,0.960212448366669
"Repaid","Repaid",0.0431661006120874,0.956833899387913
"Repaid","Repaid",0.0520793137966631,0.947920686203337
"Not_Repaid","Not_Repaid",0.779823691235991,0.220176308764009
"Repaid","Repaid",0.13904095507025,0.86095904492975
"Repaid","Repaid",0.306587556695052,0.693412443304948
"Not_Repaid","Not_Repaid",0.975616556449633,0.0243834435503673
"Not_Repaid","Not_Repaid",0.967045904384355,0.0329540956156453
"Not_Repaid","Not_Repaid",0.996311291000382,0.00368870899961846
"Not_Repaid","Repaid",0.332985452565864,0.667014547434136
"Repaid","Repaid",0.222996559595091,0.777003440404909
"Not_Repaid","Not_Repaid",0.938962646423867,0.0610373535761331
"Not_Repaid","Not_Repaid",0.993726952619815,0.00627304738018543
"Repaid","Repaid",0.242824789921545,0.757175210078455
"Repaid","Repaid",0.0940868942238361,0.905913105776164
"Not_Repaid","Not_Repaid",0.672991851558587,0.327008148441413
"Not_Repaid","Not_Repaid",0.851114378844827,0.148885621155173
"Not_Repaid","Not_Repaid",0.987752001139128,0.0122479988608716
"Repaid","Repaid",0.0425359528304972,0.957464047169503
"Repaid","Repaid",0.306398578053494,0.693601421946506
"Repaid","Repaid",0.287868107011061,0.712131892988939
"Not_Repaid","Repaid",0.396405605907371,0.603594394092629
"Not_Repaid","Repaid",0.136615795655875,0.863384204344125
"Not_Repaid","Not_Repaid",0.718131478608057,0.281868521391943
"Not_Repaid","Not_Repaid",0.747667340397416,0.252332659602584
"Repaid","Repaid",0.187175091135956,0.812824908864044
"Not_Repaid","Not_Repaid",0.59447069885918,0.40552930114082
"Not_Repaid","Not_Repaid",0.907627254072238,0.092372745927762
"Repaid","Not_Repaid",0.665167426906206,0.334832573093794
"Not_Repaid","Not_Repaid",0.825501406095737,0.174498593904263
"Not_Repaid","Not_Repaid",0.673702811884097,0.326297188115903
"Repaid","Repaid",0.0912305067168496,0.90876949328315
"Repaid","Repaid",0.0541596684497726,0.945840331550227
"Repaid","Repaid",0.29640280282814,0.70359719717186
"Not_Repaid","Not_Repaid",0.649557537602073,0.350442462397927
"Not_Repaid","Not_Repaid",0.683240131697326,0.316759868302674
"Repaid","Not_Repaid",0.745418330100128,0.254581669899872
"Repaid","Repaid",0.174606901494365,0.825393098505635
"Not_Repaid","Not_Repaid",0.554905751293475,0.445094248706525
"Not_Repaid","Not_Repaid",0.92457112977396,0.0754288702260401
"Repaid","Repaid",0.230803988912085,0.769196011087915
"Not_Repaid","Not_Repaid",0.596659821860623,0.403340178139377
"Not_Repaid","Not_Repaid",0.955806457728138,0.0441935422718617
"Not_Repaid","Not_Repaid",0.975229793496754,0.0247702065032463
"Repaid","Repaid",0.0398066096221678,0.960193390377832
"Repaid","Repaid",0.197436905539395,0.802563094460605
"Repaid","Repaid",0.143229220789215,0.856770779210785
"Not_Repaid","Not_Repaid",0.968975052896996,0.0310249471030042
"Repaid","Repaid",0.014638140991591,0.985361859008409
"Repaid","Repaid",0.221670355691722,0.778329644308278
"Repaid","Not_Repaid",0.959409603524775,0.0405903964752247
"Not_Repaid","Not_Repaid",0.89935384236307,0.10064615763693
"Not_Repaid","Not_Repaid",0.744950669494804,0.255049330505196
"Repaid","Repaid",0.255052898100975,0.744947101899025
"Not_Repaid","Not_Repaid",0.98168429526061,0.0183157047393901
"Repaid","Repaid",0.0395546193657187,0.960445380634281
"Repaid","Repaid",0.165364455191816,0.834635544808184
"Not_Repaid","Repaid",0.18000802283182,0.81999197716818
"Not_Repaid","Repaid",0.445451089213938,0.554548910786062
"Repaid","Repaid",0.397689440059569,0.602310559940431
"Not_Repaid","Not_Repaid",0.769375508639866,0.230624491360134
"Not_Repaid","Not_Repaid",0.857482499085237,0.142517500914763
"Not_Repaid","Not_Repaid",0.944595402684601,0.0554045973153987
"Repaid","Repaid",0.142372781052999,0.857627218947001
"Repaid","Repaid",0.133898642764982,0.866101357235018
"Repaid","Repaid",0.154708527652179,0.845291472347821
"Repaid","Not_Repaid",0.628509863588171,0.371490136411829
"Not_Repaid","Not_Repaid",0.534655273205751,0.465344726794249
"Repaid","Repaid",0.049009210400212,0.950990789599788
"Repaid","Not_Repaid",0.639226707210141,0.360773292789859
"Repaid","Repaid",0.0617406763554865,0.938259323644513
"Repaid","Repaid",0.0231223982033969,0.976877601796603
"Not_Repaid","Not_Repaid",0.760238476732447,0.239761523267552
"Repaid","Not_Repaid",0.913260121117828,0.0867398788821719
"Repaid","Not_Repaid",0.775034118915584,0.224965881084416
"Repaid","Repaid",0.0653601706519731,0.934639829348027
"Not_Repaid","Not_Repaid",0.954617635422961,0.0453823645770392
"Not_Repaid","Not_Repaid",0.993974176907462,0.00602582309253826
"Repaid","Not_Repaid",0.983015683110312,0.0169843168896881
"Not_Repaid","Repaid",0.0759705681677357,0.924029431832264
"Repaid","Repaid",0.0453331285848798,0.95466687141512
"Repaid","Repaid",0.200591481360322,0.799408518639678
"Not_Repaid","Not_Repaid",0.962239281548948,0.0377607184510515
"Not_Repaid","Not_Repaid",0.975257993979461,0.0247420060205387
"Repaid","Not_Repaid",0.507635795593581,0.492364204406419
"Repaid","Repaid",0.27913477138164,0.72086522861836
"Repaid","Repaid",0.161784477178053,0.838215522821947
"Repaid","Repaid",0.0498864789856106,0.950113521014389
"Repaid","Repaid",0.0958293726264116,0.904170627373588
"Not_Repaid","Repaid",0.0996861755790791,0.900313824420921
"Not_Repaid","Not_Repaid",0.773575302431811,0.226424697568189
"Repaid","Not_Repaid",0.936705155831694,0.0632948441683062
"Repaid","Repaid",0.269645168860708,0.730354831139292
"Repaid","Repaid",0.237356818804571,0.762643181195429
"Not_Repaid","Repaid",0.0490625865891038,0.950937413410896
"Repaid","Repaid",0.372637967366504,0.627362032633496
"Repaid","Repaid",0.384486333170237,0.615513666829763
"Repaid","Repaid",0.146537192896485,0.853462807103515
"Not_Repaid","Not_Repaid",0.998106788375448,0.0018932116245519
"Repaid","Repaid",0.173522457287297,0.826477542712703
"Repaid","Repaid",0.15077780592796,0.84922219407204
"Not_Repaid","Not_Repaid",0.926017268720145,0.0739827312798546
"Not_Repaid","Not_Repaid",0.939590404590597,0.0604095954094033
"Repaid","Repaid",0.13073875508915,0.86926124491085
"Not_Repaid","Not_Repaid",0.706279629526519,0.293720370473481
"Repaid","Not_Repaid",0.505947791128076,0.494052208871924
"Repaid","Not_Repaid",0.615232915133771,0.384767084866229
"Not_Repaid","Not_Repaid",0.934765997094401,0.0652340029055988
"Not_Repaid","Not_Repaid",0.965644048708672,0.0343559512913276
"Not_Repaid","Not_Repaid",0.849909259691522,0.150090740308478
"Repaid","Repaid",0.0145202190607795,0.98547978093922
"Repaid","Repaid",0.183267063699482,0.816732936300518
"Repaid","Not_Repaid",0.597620879215103,0.402379120784897
"Repaid","Repaid",0.430456267085343,0.569543732914657
"Repaid","Repaid",0.0672868644901726,0.932713135509827
"Not_Repaid","Repaid",0.142271854688779,0.857728145311221
"Repaid","Not_Repaid",0.518576534005904,0.481423465994096
"Not_Repaid","Not_Repaid",0.686005423113617,0.313994576886383
"Not_Repaid","Not_Repaid",0.993297279578938,0.00670272042106245
"Repaid","Repaid",0.377468838272893,0.622531161727107
"Repaid","Repaid",0.435933678104681,0.564066321895319
"Not_Repaid","Not_Repaid",0.88215142920646,0.11784857079354
"Repaid","Repaid",0.184438263612604,0.815561736387396
"Repaid","Repaid",0.0641079710954907,0.935892028904509
"Repaid","Repaid",0.359149451157404,0.640850548842596
"Not_Repaid","Not_Repaid",0.853879310100405,0.146120689899595
"Not_Repaid","Not_Repaid",0.972397862687026,0.0276021373129741
"Not_Repaid","Not_Repaid",0.684870410230307,0.315129589769693
"Not_Repaid","Not_Repaid",0.962475613731218,0.0375243862687824
"Repaid","Repaid",0.141565016213022,0.858434983786978
"Repaid","Repaid",0.397398901704034,0.602601098295966
"Repaid","Not_Repaid",0.688460565809725,0.311539434190275
"Not_Repaid","Not_Repaid",0.99017126728152,0.0098287327184803
"Repaid","Repaid",0.413573253514026,0.586426746485974
"Repaid","Repaid",0.192575554884747,0.807424445115253
"Repaid","Repaid",0.227294977331554,0.772705022668446
"Not_Repaid","Not_Repaid",0.835533956598497,0.164466043401503
"Repaid","Not_Repaid",0.722658886260552,0.277341113739448
"Repaid","Not_Repaid",0.718869623151794,0.281130376848206
"Repaid","Repaid",0.313334899294775,0.686665100705225
"Not_Repaid","Not_Repaid",0.658401385179377,0.341598614820623
"Repaid","Repaid",0.12219034418561,0.87780965581439
"Not_Repaid","Not_Repaid",0.873888313548313,0.126111686451687
"Repaid","Repaid",0.295400404662842,0.704599595337158
"Repaid","Repaid",0.0294129043758276,0.970587095624172
"Not_Repaid","Not_Repaid",0.992768212676619,0.00723178732338128
"Not_Repaid","Not_Repaid",0.554452906242983,0.445547093757017
"Repaid","Not_Repaid",0.738182714794661,0.261817285205339
"Not_Repaid","Not_Repaid",0.776044502847416,0.223955497152584
"Repaid","Not_Repaid",0.658680275248105,0.341319724751895
"Repaid","Repaid",0.0883614611947666,0.911638538805233
"Not_Repaid","Not_Repaid",0.964707059562744,0.0352929404372564
"Not_Repaid","Not_Repaid",0.905133210192199,0.0948667898078013
"Repaid","Repaid",0.122031984051634,0.877968015948366
"Repaid","Repaid",0.0406850665666468,0.959314933433353
"Repaid","Repaid",0.047588063969213,0.952411936030787
"Repaid","Repaid",0.0368990629447907,0.963100937055209
"Not_Repaid","Not_Repaid",0.960825599371059,0.0391744006289407
"Repaid","Not_Repaid",0.795588399439503,0.204411600560497
"Repaid","Repaid",0.037574514636105,0.962425485363895
"Repaid","Repaid",0.225387373475272,0.774612626524728
"Repaid","Repaid",0.489113955203717,0.510886044796283
"Repaid","Not_Repaid",0.704877557136258,0.295122442863742
"Repaid","Repaid",0.160880404916161,0.839119595083839
"Repaid","Repaid",0.0291371323551332,0.970862867644867
"Repaid","Not_Repaid",0.701319509005917,0.298680490994083
"Repaid","Not_Repaid",0.765055178640495,0.234944821359505
"Not_Repaid","Not_Repaid",0.622772926220283,0.377227073779717
"Repaid","Not_Repaid",0.666899318682889,0.333100681317111
"Repaid","Repaid",0.0266167884621977,0.973383211537802
"Repaid","Not_Repaid",0.651659754306855,0.348340245693145
"Not_Repaid","Not_Repaid",0.932792401051043,0.0672075989489574
"Repaid","Repaid",0.093251984070815,0.906748015929185
"Repaid","Repaid",0.0698918020448323,0.930108197955168
"Repaid","Repaid",0.298099808267464,0.701900191732536
"Not_Repaid","Not_Repaid",0.894373278355717,0.105626721644283
"Repaid","Repaid",0.0620139754810399,0.93798602451896
"Repaid","Repaid",0.0863483044587685,0.913651695541231
"Not_Repaid","Not_Repaid",0.885248569751568,0.114751430248432
"Not_Repaid","Not_Repaid",0.978011498545742,0.0219885014542585
"Not_Repaid","Not_Repaid",0.977305435424923,0.0226945645750767
"Not_Repaid","Not_Repaid",0.956591235069915,0.0434087649300854
"Not_Repaid","Not_Repaid",0.95377360962644,0.0462263903735603
"Repaid","Repaid",0.420788978197961,0.579211021802039
"Not_Repaid","Not_Repaid",0.968019883833206,0.0319801161667937
"Not_Repaid","Not_Repaid",0.965913005315426,0.0340869946845743
"Repaid","Not_Repaid",0.724496584063764,0.275503415936236
"Repaid","Repaid",0.0147613865859449,0.985238613414055
"Repaid","Repaid",0.327800857155006,0.672199142844994
"Repaid","Repaid",0.0588458736745401,0.94115412632546
"Repaid","Repaid",0.282255286444449,0.717744713555551
"Not_Repaid","Not_Repaid",0.785000488378944,0.214999511621056
"Repaid","Repaid",0.0135802255749291,0.986419774425071
"Not_Repaid","Not_Repaid",0.549802088185694,0.450197911814306
"Not_Repaid","Not_Repaid",0.970665973722257,0.0293340262777434
"Not_Repaid","Not_Repaid",0.815943186070242,0.184056813929758
"Not_Repaid","Not_Repaid",0.88831201864036,0.111687981359641
"Not_Repaid","Not_Repaid",0.977198419387485,0.0228015806125145
"Repaid","Repaid",0.43704384359385,0.56295615640615
"Repaid","Repaid",0.400671727025544,0.599328272974456
"Repaid","Repaid",0.319636751985766,0.680363248014234
"Not_Repaid","Not_Repaid",0.784017580221891,0.215982419778109
"Repaid","Not_Repaid",0.682080174300059,0.317919825699941
"Not_Repaid","Not_Repaid",0.862746419704392,0.137253580295608
"Repaid","Not_Repaid",0.672584812658583,0.327415187341417
"Repaid","Repaid",0.401316527999165,0.598683472000835
"Not_Repaid","Not_Repaid",0.603504068267024,0.396495931732976
"Repaid","Not_Repaid",0.837921578987768,0.162078421012232
"Repaid","Repaid",0.187942579282004,0.812057420717996
"Not_Repaid","Repaid",0.157793739310642,0.842206260689358
"Repaid","Repaid",0.130570608078308,0.869429391921692
"Repaid","Not_Repaid",0.751756639102086,0.248243360897914
"Not_Repaid","Not_Repaid",0.914019991256685,0.0859800087433153
"Not_Repaid","Repaid",0.292010619301691,0.707989380698309
"Not_Repaid","Not_Repaid",0.733145948861289,0.266854051138711
"Not_Repaid","Not_Repaid",0.678085177978476,0.321914822021524
"Repaid","Repaid",0.242312153803206,0.757687846196794
"Not_Repaid","Repaid",0.427557226228636,0.572442773771364
"Not_Repaid","Repaid",0.0782834543644397,0.92171654563556
"Not_Repaid","Not_Repaid",0.885206154688388,0.114793845311612
"Repaid","Repaid",0.0287728873827249,0.971227112617275
"Not_Repaid","Not_Repaid",0.990287549099382,0.00971245090061799
"Repaid","Not_Repaid",0.55532276771576,0.44467723228424
"Repaid","Repaid",0.144617988091647,0.855382011908353
"Repaid","Repaid",0.353034331180252,0.646965668819748
"Not_Repaid","Not_Repaid",0.63228371793702,0.36771628206298
"Repaid","Not_Repaid",0.605049630890736,0.394950369109264
"Not_Repaid","Repaid",0.473169804798023,0.526830195201977
"Repaid","Not_Repaid",0.759846195542315,0.240153804457685
"Repaid","Repaid",0.0244783108947214,0.975521689105279
"Repaid","Repaid",0.151385419098772,0.848614580901228
"Not_Repaid","Not_Repaid",0.647905112473373,0.352094887526627
"Not_Repaid","Not_Repaid",0.53620796490781,0.46379203509219
"Repaid","Repaid",0.0913788117299071,0.908621188270093
"Not_Repaid","Not_Repaid",0.907036147542941,0.092963852457059
"Not_Repaid","Not_Repaid",0.861042714731037,0.138957285268963
"Repaid","Not_Repaid",0.667629819788133,0.332370180211867
"Repaid","Repaid",0.0188991597477091,0.981100840252291
"Not_Repaid","Repaid",0.0184028342963681,0.981597165703632
"Not_Repaid","Not_Repaid",0.88423822091411,0.11576177908589
"Repaid","Repaid",0.114533987666995,0.885466012333005
"Not_Repaid","Repaid",0.190610717436823,0.809389282563177
"Not_Repaid","Not_Repaid",0.905058946401748,0.094941053598252
"Repaid","Repaid",0.203157436933105,0.796842563066895
"Repaid","Not_Repaid",0.680484241486128,0.319515758513872
"Repaid","Repaid",0.0283733294660942,0.971626670533906
"Repaid","Repaid",0.0389482044069095,0.96105179559309
"Repaid","Not_Repaid",0.781204116036347,0.218795883963653
"Not_Repaid","Not_Repaid",0.504789106071537,0.495210893928463
"Not_Repaid","Not_Repaid",0.974834828561097,0.0251651714389034
"Not_Repaid","Repaid",0.281663327913239,0.718336672086761
"Repaid","Repaid",0.0433892193397024,0.956610780660298
"Not_Repaid","Not_Repaid",0.782701447813558,0.217298552186442
"Not_Repaid","Not_Repaid",0.71520133446028,0.284798665539721
"Repaid","Not_Repaid",0.618532200822669,0.381467799177331
"Repaid","Repaid",0.164588599262325,0.835411400737675
"Not_Repaid","Not_Repaid",0.574858517889583,0.425141482110417
"Repaid","Not_Repaid",0.560824306993995,0.439175693006005
"Not_Repaid","Not_Repaid",0.554059540995639,0.445940459004361
"Not_Repaid","Not_Repaid",0.811526906284659,0.188473093715341
"Repaid","Repaid",0.155774631926094,0.844225368073906
"Repaid","Repaid",0.125749488637603,0.874250511362397
"Repaid","Repaid",0.081251834115753,0.918748165884247
"Repaid","Repaid",0.387888881065653,0.612111118934347
"Not_Repaid","Not_Repaid",0.524968977421267,0.475031022578733
"Not_Repaid","Not_Repaid",0.821231287996618,0.178768712003382
"Not_Repaid","Not_Repaid",0.97673547053898,0.0232645294610196
"Repaid","Not_Repaid",0.769433531483603,0.230566468516397
"Not_Repaid","Not_Repaid",0.851901717218843,0.148098282781157
"Not_Repaid","Not_Repaid",0.560947133257964,0.439052866742036
"Repaid","Not_Repaid",0.537784629225498,0.462215370774502
"Repaid","Repaid",0.101267341771071,0.898732658228929
"Repaid","Repaid",0.0220555414966318,0.977944458503368
"Repaid","Repaid",0.0271954262682315,0.972804573731769
"Not_Repaid","Not_Repaid",0.5403634280593,0.4596365719407
"Repaid","Repaid",0.16335470734294,0.83664529265706
"Not_Repaid","Not_Repaid",0.6841976852336,0.3158023147664
"Repaid","Repaid",0.0275293907852298,0.97247060921477
"Not_Repaid","Not_Repaid",0.942469201367197,0.0575307986328031
"Not_Repaid","Repaid",0.490181176015571,0.509818823984429
"Repaid","Repaid",0.0758837267973445,0.924116273202656
"Not_Repaid","Not_Repaid",0.702138171651224,0.297861828348776
"Repaid","Repaid",0.232327058496449,0.767672941503551
"Not_Repaid","Not_Repaid",0.708059506180162,0.291940493819838
"Repaid","Repaid",0.0766377796673302,0.92336222033267
"Not_Repaid","Not_Repaid",0.774762123041977,0.225237876958023
"Not_Repaid","Not_Repaid",0.900745513851397,0.0992544861486034
"Repaid","Repaid",0.0889210149094145,0.911078985090585
"Not_Repaid","Not_Repaid",0.930931336406166,0.0690686635938338
"Not_Repaid","Not_Repaid",0.9325524480366,0.0674475519634003
"Repaid","Repaid",0.120759975019315,0.879240024980685
"Not_Repaid","Not_Repaid",0.991573359298102,0.00842664070189819
"Repaid","Repaid",0.160557157906405,0.839442842093595
"Not_Repaid","Not_Repaid",0.95645864324334,0.0435413567566605
"Not_Repaid","Not_Repaid",0.954414648038221,0.0455853519617792
"Repaid","Repaid",0.292411482632933,0.707588517367067
"Repaid","Not_Repaid",0.585240767520034,0.414759232479966
"Not_Repaid","Repaid",0.443341165286329,0.556658834713671
"Repaid","Repaid",0.177604642573488,0.822395357426512
"Not_Repaid","Not_Repaid",0.822344368183591,0.177655631816409
"Not_Repaid","Not_Repaid",0.826858048647887,0.173141951352113
"Not_Repaid","Not_Repaid",0.674096049504658,0.325903950495342
"Not_Repaid","Not_Repaid",0.989996380953018,0.0100036190469818
"Repaid","Not_Repaid",0.762384544435735,0.237615455564265
"Not_Repaid","Not_Repaid",0.994131124689322,0.00586887531067843
"Repaid","Repaid",0.0112700341907672,0.988729965809233
"Repaid","Repaid",0.122340189432588,0.877659810567412
"Not_Repaid","Not_Repaid",0.709889392417649,0.290110607582351
"Not_Repaid","Not_Repaid",0.550749746672814,0.449250253327186
"Not_Repaid","Not_Repaid",0.94093255625568,0.0590674437443205
"Repaid","Repaid",0.275317845782572,0.724682154217428
"Not_Repaid","Not_Repaid",0.742579373388826,0.257420626611174
"Repaid","Repaid",0.0663456196870068,0.933654380312993
"Not_Repaid","Not_Repaid",0.896196110438235,0.103803889561765
"Repaid","Not_Repaid",0.565815054998517,0.434184945001483
"Repaid","Repaid",0.407529043170663,0.592470956829337
"Not_Repaid","Not_Repaid",0.983046015091508,0.0169539849084919
"Repaid","Not_Repaid",0.95292697845313,0.0470730215468703
"Repaid","Repaid",0.0461846486359422,0.953815351364058
"Repaid","Repaid",0.166689533615952,0.833310466384048
"Not_Repaid","Not_Repaid",0.851331897936823,0.148668102063177
"Repaid","Repaid",0.364978284441512,0.635021715558488
"Not_Repaid","Not_Repaid",0.992877629681174,0.00712237031882613
"Not_Repaid","Not_Repaid",0.915191706838592,0.0848082931614079
"Not_Repaid","Not_Repaid",0.888771909649882,0.111228090350118
"Not_Repaid","Not_Repaid",0.855401664552756,0.144598335447244
"Repaid","Repaid",0.0425734911025291,0.957426508897471
"Not_Repaid","Not_Repaid",0.697828711458645,0.302171288541355
"Repaid","Repaid",0.0990818510473662,0.900918148952634
"Repaid","Not_Repaid",0.600259876798352,0.399740123201648
"Not_Repaid","Not_Repaid",0.941613378585341,0.0583866214146591
"Repaid","Repaid",0.0520058806490176,0.947994119350982
"Not_Repaid","Not_Repaid",0.619463170025643,0.380536829974357
"Repaid","Repaid",0.104995177868716,0.895004822131284
"Repaid","Repaid",0.0204452940084506,0.979554705991549
"Repaid","Repaid",0.44153008092191,0.55846991907809
"Not_Repaid","Not_Repaid",0.939271995136645,0.0607280048633552
"Not_Repaid","Not_Repaid",0.916741071754119,0.0832589282458812
"Repaid","Repaid",0.0644721715638521,0.935527828436148
"Not_Repaid","Not_Repaid",0.856837670200969,0.143162329799031
"Not_Repaid","Not_Repaid",0.648233184539764,0.351766815460236
"Repaid","Repaid",0.0390107461950665,0.960989253804933
"Not_Repaid","Not_Repaid",0.955599684448455,0.044400315551545
"Not_Repaid","Not_Repaid",0.752949530647071,0.247050469352929
"Not_Repaid","Not_Repaid",0.900744062734698,0.0992559372653023
"Repaid","Repaid",0.0761772478343644,0.923822752165636
"Not_Repaid","Not_Repaid",0.885475387456226,0.114524612543774
"Repaid","Not_Repaid",0.967261625028995,0.0327383749710051
"Repaid","Repaid",0.165032526910944,0.834967473089056
"Not_Repaid","Repaid",0.350627912587794,0.649372087412206
"Repaid","Repaid",0.136682896793546,0.863317103206454
"Repaid","Not_Repaid",0.533897262018032,0.466102737981968
"Repaid","Repaid",0.0344049661960083,0.965595033803992
"Not_Repaid","Not_Repaid",0.593444042592071,0.406555957407929
"Repaid","Repaid",0.125687921384478,0.874312078615522
"Repaid","Repaid",0.103545596583813,0.896454403416187
"Repaid","Repaid",0.129203052619238,0.870796947380762
"Repaid","Repaid",0.124061864116308,0.875938135883692
"Not_Repaid","Not_Repaid",0.803020484677303,0.196979515322697
"Not_Repaid","Repaid",0.121682269231435,0.878317730768565
"Not_Repaid","Not_Repaid",0.785550732643514,0.214449267356486
"Repaid","Not_Repaid",0.801557010438997,0.198442989561003
"Repaid","Repaid",0.0731906406936504,0.92680935930635
"Repaid","Repaid",0.276554296663198,0.723445703336802
"Repaid","Repaid",0.0746955333101734,0.925304466689827
"Repaid","Not_Repaid",0.782898884770098,0.217101115229902
"Repaid","Repaid",0.0544496711629205,0.94555032883708
"Not_Repaid","Not_Repaid",0.985836064391445,0.0141639356085547
"Repaid","Repaid",0.0930791522215055,0.906920847778494
"Not_Repaid","Not_Repaid",0.86673387722728,0.133266122772721
"Repaid","Repaid",0.0367840941500756,0.963215905849924
"Not_Repaid","Not_Repaid",0.717693868986999,0.282306131013001
"Not_Repaid","Not_Repaid",0.636530646326011,0.363469353673989
"Not_Repaid","Not_Repaid",0.672326883961724,0.327673116038276
"Repaid","Repaid",0.497460135542263,0.502539864457737
"Not_Repaid","Not_Repaid",0.969723288319395,0.0302767116806051
"Not_Repaid","Not_Repaid",0.864828829894098,0.135171170105902
"Repaid","Repaid",0.206382745268463,0.793617254731537
"Not_Repaid","Not_Repaid",0.74277232452389,0.25722767547611
"Not_Repaid","Not_Repaid",0.849664107331423,0.150335892668577
"Repaid","Repaid",0.341855066889933,0.658144933110067
"Not_Repaid","Repaid",0.156642960956505,0.843357039043495
"Repaid","Repaid",0.0447685843161361,0.955231415683864
"Not_Repaid","Not_Repaid",0.871831406656801,0.128168593343199
"Not_Repaid","Not_Repaid",0.860704161187997,0.139295838812003
"Repaid","Repaid",0.0901112718906688,0.909888728109331
"Not_Repaid","Not_Repaid",0.994651822825042,0.00534817717495806
"Not_Repaid","Not_Repaid",0.673411404058458,0.326588595941542
"Repaid","Repaid",0.105096396772137,0.894903603227863
"Not_Repaid","Not_Repaid",0.662932621324493,0.337067378675507
"Not_Repaid","Not_Repaid",0.931869383680097,0.0681306163199025
"Repaid","Repaid",0.147340989356745,0.852659010643255
"Not_Repaid","Not_Repaid",0.982057043751023,0.0179429562489772
"Repaid","Repaid",0.349761817307128,0.650238182692872
"Not_Repaid","Repaid",0.475531227077096,0.524468772922904
"Repaid","Repaid",0.0419633716963533,0.958036628303647
"Repaid","Repaid",0.0608637942583573,0.939136205741643
"Repaid","Repaid",0.0491805396779121,0.950819460322088
"Repaid","Repaid",0.107202452005171,0.892797547994829
"Repaid","Not_Repaid",0.654697922007828,0.345302077992172
"Repaid","Repaid",0.147054057327454,0.852945942672546
"Repaid","Repaid",0.0662635605697873,0.933736439430213
"Not_Repaid","Not_Repaid",0.639891029392197,0.360108970607803
"Repaid","Repaid",0.128801067812748,0.871198932187252
"Repaid","Repaid",0.0273142035277489,0.972685796472251
"Not_Repaid","Not_Repaid",0.791550844337575,0.208449155662425
"Not_Repaid","Not_Repaid",0.994028151439651,0.00597184856034905
"Not_Repaid","Not_Repaid",0.96058141199719,0.03941858800281
"Repaid","Not_Repaid",0.755994527309435,0.244005472690565
"Not_Repaid","Not_Repaid",0.911951283777131,0.0880487162228685
"Not_Repaid","Not_Repaid",0.91383969612241,0.08616030387759
"Repaid","Repaid",0.497398551830939,0.502601448169061
"Repaid","Not_Repaid",0.839074455427105,0.160925544572895
"Not_Repaid","Not_Repaid",0.666709796814167,0.333290203185833
"Repaid","Repaid",0.0944868211657871,0.905513178834213
"Not_Repaid","Not_Repaid",0.762703708422899,0.237296291577101
"Repaid","Repaid",0.0827538604728284,0.917246139527172
"Not_Repaid","Repaid",0.401844866804873,0.598155133195127
"Not_Repaid","Not_Repaid",0.935763129604965,0.064236870395035
"Not_Repaid","Not_Repaid",0.695186057086328,0.304813942913672
"Not_Repaid","Not_Repaid",0.984519274843708,0.0154807251562915
"Repaid","Repaid",0.0394918961155436,0.960508103884456
"Repaid","Repaid",0.0458234112796975,0.954176588720303
"Repaid","Repaid",0.47308609933424,0.52691390066576
"Repaid","Repaid",0.0281814736047069,0.971818526395293
"Repaid","Repaid",0.461839624322878,0.538160375677122
"Not_Repaid","Not_Repaid",0.848414743885847,0.151585256114153
"Repaid","Repaid",0.122839087076637,0.877160912923363
"Not_Repaid","Not_Repaid",0.858396421101517,0.141603578898483
"Repaid","Repaid",0.246355274659175,0.753644725340825
"Repaid","Not_Repaid",0.903671649490156,0.0963283505098445
"Not_Repaid","Not_Repaid",0.511859319322308,0.488140680677692
"Repaid","Repaid",0.189933759014167,0.810066240985833
"Not_Repaid","Not_Repaid",0.846834388644928,0.153165611355072
"Repaid","Repaid",0.115977577890367,0.884022422109633
"Not_Repaid","Repaid",0.0907090937716579,0.909290906228342
"Not_Repaid","Not_Repaid",0.828351174409626,0.171648825590374
"Repaid","Repaid",0.0989466322993577,0.901053367700642
"Repaid","Repaid",0.0438395831155122,0.956160416884488
"Not_Repaid","Repaid",0.477996456273184,0.522003543726816
"Not_Repaid","Not_Repaid",0.800200213990645,0.199799786009355
"Not_Repaid","Not_Repaid",0.933604983758349,0.0663950162416515
"Repaid","Repaid",0.176127117171942,0.823872882828058
"Not_Repaid","Not_Repaid",0.886090731862654,0.113909268137346
"Repaid","Repaid",0.150160496653328,0.849839503346672
"Repaid","Repaid",0.0425612693345337,0.957438730665466
"Repaid","Repaid",0.053456763250514,0.946543236749486
"Repaid","Repaid",0.0844810512279461,0.915518948772054
"Not_Repaid","Not_Repaid",0.882658104527045,0.117341895472955
"Repaid","Not_Repaid",0.607356788277821,0.392643211722179
"Repaid","Repaid",0.263779450146679,0.73622054985332
"Repaid","Repaid",0.468165855306446,0.531834144693554
"Not_Repaid","Not_Repaid",0.76861396624884,0.23138603375116
"Not_Repaid","Not_Repaid",0.789602611967639,0.210397388032361
"Repaid","Repaid",0.456123732424884,0.543876267575116
"Repaid","Repaid",0.102017434870548,0.897982565129452
"Repaid","Repaid",0.0765182739181295,0.92348172608187
"Repaid","Not_Repaid",0.655952847899985,0.344047152100015
"Not_Repaid","Not_Repaid",0.9159951572891,0.0840048427108998
"Repaid","Repaid",0.49533831064155,0.50466168935845
"Not_Repaid","Not_Repaid",0.648657589688467,0.351342410311533
"Repaid","Repaid",0.0312327283558127,0.968767271644187
"Not_Repaid","Repaid",0.301486655175753,0.698513344824247
"Repaid","Repaid",0.103552146479959,0.896447853520041
"Repaid","Repaid",0.158110750879441,0.841889249120559
"Repaid","Repaid",0.401712141510363,0.598287858489637
"Repaid","Repaid",0.125011764049319,0.87498823595068
"Not_Repaid","Not_Repaid",0.735798013894973,0.264201986105027
"Not_Repaid","Not_Repaid",0.533332191218902,0.466667808781098
"Not_Repaid","Not_Repaid",0.781491968009604,0.218508031990396
"Repaid","Repaid",0.066233599950449,0.933766400049551
"Not_Repaid","Repaid",0.431705619225225,0.568294380774775
"Repaid","Repaid",0.383035296880793,0.616964703119207
"Not_Repaid","Not_Repaid",0.531857190529576,0.468142809470424
"Repaid","Repaid",0.160480751638343,0.839519248361657
"Not_Repaid","Not_Repaid",0.584967630017486,0.415032369982514
"Not_Repaid","Not_Repaid",0.832441235022487,0.167558764977513
"Not_Repaid","Not_Repaid",0.8872839395886,0.1127160604114
"Not_Repaid","Not_Repaid",0.864574125148709,0.135425874851291
"Not_Repaid","Repaid",0.450145626306708,0.549854373693292
"Repaid","Repaid",0.11087363662954,0.88912636337046
"Not_Repaid","Not_Repaid",0.854601630464323,0.145398369535677
"Not_Repaid","Repaid",0.417905305833362,0.582094694166638
"Repaid","Not_Repaid",0.928295646461443,0.0717043535385565
"Not_Repaid","Not_Repaid",0.965661896227141,0.034338103772859
"Repaid","Repaid",0.0712157531021671,0.928784246897833
"Repaid","Repaid",0.154145351136208,0.845854648863792
"Not_Repaid","Not_Repaid",0.904812991899417,0.0951870081005832
"Not_Repaid","Not_Repaid",0.992019403811005,0.00798059618899547
"Not_Repaid","Not_Repaid",0.551324653182058,0.448675346817942
"Not_Repaid","Not_Repaid",0.570590797974543,0.429409202025457
"Not_Repaid","Not_Repaid",0.844044948326126,0.155955051673874
"Repaid","Repaid",0.0311841787901838,0.968815821209816
"Repaid","Repaid",0.370208032931233,0.629791967068767
"Repaid","Repaid",0.258759846761202,0.741240153238798
"Not_Repaid","Not_Repaid",0.935842003899285,0.0641579961007151
"Repaid","Repaid",0.30050721354711,0.69949278645289
"Repaid","Not_Repaid",0.514857161431578,0.485142838568422
"Repaid","Repaid",0.0554324903107208,0.944567509689279
"Repaid","Repaid",0.189352642146824,0.810647357853176
"Repaid","Repaid",0.155426120959985,0.844573879040015
"Not_Repaid","Not_Repaid",0.936156898967026,0.0638431010329737
"Repaid","Repaid",0.270410385457057,0.729589614542943
"Not_Repaid","Not_Repaid",0.69540340074689,0.30459659925311
"Not_Repaid","Not_Repaid",0.74761670090234,0.25238329909766
"Repaid","Repaid",0.194919636238254,0.805080363761746
"Not_Repaid","Not_Repaid",0.992557075562669,0.0074429244373311
"Repaid","Repaid",0.0988163986222516,0.901183601377748
"Repaid","Repaid",0.375612810336851,0.624387189663149
"Repaid","Not_Repaid",0.532224428204735,0.467775571795265
"Not_Repaid","Not_Repaid",0.929312976742751,0.0706870232572493
"Not_Repaid","Repaid",0.063850940124625,0.936149059875375
"Repaid","Repaid",0.107102857533994,0.892897142466006
"Repaid","Repaid",0.456860607644992,0.543139392355008
"Repaid","Not_Repaid",0.948088704196195,0.0519112958038055
"Not_Repaid","Not_Repaid",0.790640454716063,0.209359545283937
"Repaid","Repaid",0.230695262702207,0.769304737297793
"Not_Repaid","Repaid",0.282353256318843,0.717646743681157
"Not_Repaid","Not_Repaid",0.759662492432046,0.240337507567954
"Repaid","Repaid",0.24221190047048,0.75778809952952
"Not_Repaid","Not_Repaid",0.540794955751595,0.459205044248405
"Not_Repaid","Not_Repaid",0.589059790071514,0.410940209928486
"Not_Repaid","Not_Repaid",0.779686568895534,0.220313431104466
"Not_Repaid","Not_Repaid",0.908614888623954,0.0913851113760458
"Not_Repaid","Not_Repaid",0.843064169553913,0.156935830446087
"Not_Repaid","Not_Repaid",0.904351189464092,0.0956488105359082
"Not_Repaid","Not_Repaid",0.541281475449515,0.458718524550485
"Repaid","Repaid",0.103131327632039,0.896868672367961
"Not_Repaid","Not_Repaid",0.7372766096096,0.2627233903904
"Not_Repaid","Not_Repaid",0.917759797035974,0.0822402029640263
"Repaid","Not_Repaid",0.606247068352085,0.393752931647915
"Not_Repaid","Not_Repaid",0.529503112138645,0.470496887861355
"Repaid","Repaid",0.0347043561244175,0.965295643875583
"Not_Repaid","Not_Repaid",0.760159856881238,0.239840143118762
"Repaid","Not_Repaid",0.933863506460723,0.066136493539277
"Not_Repaid","Not_Repaid",0.670447371927567,0.329552628072433
"Not_Repaid","Not_Repaid",0.711752201400756,0.288247798599244
"Repaid","Not_Repaid",0.892102013699603,0.107897986300397
"Not_Repaid","Not_Repaid",0.567987469676372,0.432012530323628
"Not_Repaid","Not_Repaid",0.956763902103603,0.0432360978963975
"Not_Repaid","Not_Repaid",0.860159197303236,0.139840802696764
"Repaid","Repaid",0.015471731853532,0.984528268146468
"Repaid","Repaid",0.0663879824830195,0.93361201751698
"Not_Repaid","Not_Repaid",0.692490069816513,0.307509930183487
"Not_Repaid","Not_Repaid",0.793275967623503,0.206724032376497
"Repaid","Repaid",0.10881165465705,0.89118834534295
"Not_Repaid","Not_Repaid",0.965870482305627,0.0341295176943731
"Not_Repaid","Repaid",0.336186037043725,0.663813962956275
"Repaid","Repaid",0.0728114191116401,0.92718858088836
"Not_Repaid","Repaid",0.468442489445867,0.531557510554133
"Not_Repaid","Not_Repaid",0.946372764564276,0.0536272354357244
"Repaid","Repaid",0.203966124062158,0.796033875937842
"Not_Repaid","Not_Repaid",0.735790523076833,0.264209476923167
"Repaid","Not_Repaid",0.668978760032105,0.331021239967895
"Not_Repaid","Not_Repaid",0.697750144337512,0.302249855662488
"Not_Repaid","Repaid",0.239086284131927,0.760913715868073
"Repaid","Repaid",0.22141278381657,0.77858721618343
"Repaid","Repaid",0.23757615439571,0.76242384560429
"Not_Repaid","Not_Repaid",0.751081383555716,0.248918616444285
"Not_Repaid","Repaid",0.481487788368592,0.518512211631408
"Repaid","Repaid",0.451399310618017,0.548600689381983
"Not_Repaid","Not_Repaid",0.685210656390727,0.314789343609273
"Repaid","Repaid",0.0619894515800026,0.938010548419997
"Not_Repaid","Not_Repaid",0.833679190749359,0.166320809250641
"Repaid","Not_Repaid",0.693548061638819,0.306451938361181
"Repaid","Not_Repaid",0.616372539294755,0.383627460705245
"Not_Repaid","Not_Repaid",0.965890940114028,0.0341090598859721
"Repaid","Repaid",0.0185001968822527,0.981499803117747
"Not_Repaid","Not_Repaid",0.643560434448353,0.356439565551648
"Repaid","Repaid",0.0364510932825886,0.963548906717411
"Repaid","Not_Repaid",0.611328935628334,0.388671064371666
"Repaid","Repaid",0.129089925991993,0.870910074008007
"Repaid","Repaid",0.105835346574173,0.894164653425827
"Repaid","Repaid",0.0964877390317767,0.903512260968223
"Repaid","Repaid",0.0329919029134355,0.967008097086565
"Not_Repaid","Repaid",0.302923383689573,0.697076616310427
"Repaid","Repaid",0.0847518351799502,0.91524816482005
"Not_Repaid","Not_Repaid",0.82562613731041,0.17437386268959
"Not_Repaid","Not_Repaid",0.822740779136201,0.177259220863799
"Not_Repaid","Not_Repaid",0.583281554612841,0.416718445387159
"Repaid","Repaid",0.0486469227725657,0.951353077227434
"Not_Repaid","Not_Repaid",0.874299457442507,0.125700542557493
"Not_Repaid","Repaid",0.0944347483545833,0.905565251645417
"Not_Repaid","Not_Repaid",0.980762356154724,0.0192376438452765
"Repaid","Not_Repaid",0.767635557287797,0.232364442712203
"Not_Repaid","Not_Repaid",0.626983101070682,0.373016898929318
"Not_Repaid","Repaid",0.097845879523972,0.902154120476028
"Not_Repaid","Not_Repaid",0.895587309368752,0.104412690631248
"Not_Repaid","Repaid",0.231422136925706,0.768577863074294
"Repaid","Repaid",0.220838309769289,0.779161690230711
"Repaid","Repaid",0.285467369286826,0.714532630713174
"Not_Repaid","Not_Repaid",0.945595731833637,0.0544042681663633
"Not_Repaid","Not_Repaid",0.55174996271059,0.44825003728941
"Repaid","Repaid",0.084880785605634,0.915119214394366
"Repaid","Repaid",0.356336058635394,0.643663941364606
"Not_Repaid","Not_Repaid",0.807898430366483,0.192101569633517
"Repaid","Not_Repaid",0.638613293173262,0.361386706826738
"Not_Repaid","Not_Repaid",0.667877040419598,0.332122959580402
"Repaid","Not_Repaid",0.628108275301317,0.371891724698683
"Repaid","Repaid",0.107299398127236,0.892700601872764
"Repaid","Repaid",0.0831797529261853,0.916820247073815
"Not_Repaid","Not_Repaid",0.825991516840732,0.174008483159268
"Repaid","Repaid",0.0867439352110575,0.913256064788943
"Repaid","Repaid",0.467066324092214,0.532933675907786
"Not_Repaid","Not_Repaid",0.986312319400606,0.0136876805993936
"Repaid","Repaid",0.168644499879332,0.831355500120668
"Not_Repaid","Repaid",0.496475676350771,0.503524323649229
"Repaid","Repaid",0.469549307073364,0.530450692926636
"Not_Repaid","Not_Repaid",0.614910146122683,0.385089853877317
"Repaid","Not_Repaid",0.980061576420884,0.0199384235791165
"Repaid","Not_Repaid",0.673720055222485,0.326279944777515
"Not_Repaid","Not_Repaid",0.935025795628501,0.0649742043714991
"Not_Repaid","Not_Repaid",0.557599935658381,0.442400064341619
"Repaid","Repaid",0.0219516553826717,0.978048344617328
"Not_Repaid","Not_Repaid",0.992595858956544,0.00740414104345568
"Not_Repaid","Not_Repaid",0.953056518752303,0.0469434812476969
"Repaid","Repaid",0.413142371418471,0.586857628581529
"Not_Repaid","Not_Repaid",0.948429358184817,0.0515706418151831
"Not_Repaid","Not_Repaid",0.969607944681453,0.030392055318547
"Repaid","Repaid",0.0317939429119768,0.968206057088023
"Repaid","Repaid",0.0874913913248136,0.912508608675186
"Repaid","Repaid",0.498738839595908,0.501261160404092
"Repaid","Repaid",0.121603501220343,0.878396498779657
"Repaid","Repaid",0.0537227438118523,0.946277256188148
"Not_Repaid","Not_Repaid",0.968840859224789,0.0311591407752108
"Repaid","Repaid",0.317411019359719,0.682588980640281
"Not_Repaid","Not_Repaid",0.924548227814083,0.0754517721859168
"Not_Repaid","Repaid",0.483497019556941,0.516502980443059
"Repaid","Not_Repaid",0.596187696382864,0.403812303617136
"Repaid","Repaid",0.0558177328680094,0.944182267131991
"Not_Repaid","Not_Repaid",0.627962990682457,0.372037009317543
"Repaid","Repaid",0.155870019578142,0.844129980421858
"Not_Repaid","Not_Repaid",0.693616974200746,0.306383025799254
"Repaid","Repaid",0.400944507542166,0.599055492457834
"Not_Repaid","Not_Repaid",0.995350971738088,0.00464902826191222
"Repaid","Not_Repaid",0.879846751542389,0.120153248457611
"Not_Repaid","Repaid",0.451280106185331,0.548719893814669
"Repaid","Repaid",0.0661252403336043,0.933874759666396
"Not_Repaid","Not_Repaid",0.505356565108754,0.494643434891246
"Not_Repaid","Not_Repaid",0.949202517622859,0.0507974823771412
"Not_Repaid","Not_Repaid",0.932718788633818,0.0672812113661818
"Not_Repaid","Not_Repaid",0.909075548632394,0.0909244513676056
"Not_Repaid","Not_Repaid",0.884138119730049,0.115861880269951
"Not_Repaid","Not_Repaid",0.77991213544391,0.22008786455609
"Not_Repaid","Repaid",0.15388069329426,0.84611930670574
"Not_Repaid","Repaid",0.332403948916364,0.667596051083636
"Repaid","Repaid",0.17780232260183,0.82219767739817
"Not_Repaid","Repaid",0.407923769182344,0.592076230817656
"Repaid","Not_Repaid",0.513887165908821,0.486112834091179
"Repaid","Not_Repaid",0.736058340473702,0.263941659526298
"Repaid","Repaid",0.477252191547449,0.522747808452551
"Not_Repaid","Not_Repaid",0.935452457511239,0.0645475424887612
"Not_Repaid","Repaid",0.171416806287839,0.828583193712161
"Not_Repaid","Not_Repaid",0.788900241475052,0.211099758524948
"Repaid","Repaid",0.160632227195007,0.839367772804993
"Not_Repaid","Not_Repaid",0.981833518811172,0.0181664811888284
"Not_Repaid","Not_Repaid",0.991478523177351,0.00852147682264941
"Not_Repaid","Not_Repaid",0.576878048205251,0.423121951794749
"Repaid","Repaid",0.0275593913000988,0.972440608699901
"Repaid","Repaid",0.058386657176601,0.941613342823399
"Not_Repaid","Not_Repaid",0.794714678312606,0.205285321687394
"Not_Repaid","Not_Repaid",0.990336539338081,0.00966346066191881
"Repaid","Repaid",0.0564782224934425,0.943521777506558
"Repaid","Repaid",0.184081132321467,0.815918867678533
"Not_Repaid","Not_Repaid",0.804913879247294,0.195086120752706
"Not_Repaid","Not_Repaid",0.839776609174069,0.160223390825931
"Not_Repaid","Not_Repaid",0.950538510462018,0.0494614895379823
"Repaid","Repaid",0.0406291366094479,0.959370863390552
"Repaid","Repaid",0.0848094320053108,0.915190567994689
"Repaid","Repaid",0.409338105348454,0.590661894651546
"Not_Repaid","Repaid",0.143242699599841,0.856757300400159
"Repaid","Not_Repaid",0.987068113909652,0.0129318860903476
"Repaid","Repaid",0.06322748629912,0.93677251370088
"Repaid","Repaid",0.0689629017665213,0.931037098233479
"Not_Repaid","Not_Repaid",0.992967963616305,0.00703203638369502
"Not_Repaid","Not_Repaid",0.507487765606526,0.492512234393474
"Not_Repaid","Repaid",0.488613689847641,0.511386310152359
"Not_Repaid","Not_Repaid",0.878355903860196,0.121644096139804
"Not_Repaid","Not_Repaid",0.56054350497074,0.43945649502926
"Not_Repaid","Not_Repaid",0.893379636943924,0.106620363056076
"Not_Repaid","Not_Repaid",0.958514309758909,0.0414856902410911
"Repaid","Repaid",0.0448112113582825,0.955188788641718
"Not_Repaid","Not_Repaid",0.979356386706651,0.0206436132933491
"Repaid","Not_Repaid",0.867495566732781,0.132504433267219
"Repaid","Repaid",0.0370799955638643,0.962920004436136
"Repaid","Not_Repaid",0.633635312484082,0.366364687515918
"Not_Repaid","Not_Repaid",0.96024483522359,0.0397551647764097
"Not_Repaid","Not_Repaid",0.670581373677122,0.329418626322878
"Not_Repaid","Not_Repaid",0.945265973802604,0.054734026197396
"Repaid","Repaid",0.11240461333904,0.88759538666096
"Not_Repaid","Not_Repaid",0.656712500725903,0.343287499274097
"Repaid","Repaid",0.0554008277643984,0.944599172235602
"Repaid","Repaid",0.0694743808952398,0.93052561910476
"Repaid","Repaid",0.0748442715220714,0.925155728477929
"Not_Repaid","Not_Repaid",0.771536546072444,0.228463453927556
"Not_Repaid","Not_Repaid",0.63955865926084,0.36044134073916
"Repaid","Repaid",0.0170187622465532,0.982981237753447
"Repaid","Repaid",0.0287670237463659,0.971232976253634
"Not_Repaid","Not_Repaid",0.996826066483725,0.00317393351627552
"Not_Repaid","Repaid",0.294017115383177,0.705982884616823
"Not_Repaid","Not_Repaid",0.800667938374216,0.199332061625784
"Repaid","Repaid",0.0339956663418076,0.966004333658192
"Not_Repaid","Not_Repaid",0.809533305083699,0.190466694916301
"Repaid","Repaid",0.0647163929914454,0.935283607008555
"Repaid","Repaid",0.288052481056331,0.711947518943669
"Not_Repaid","Not_Repaid",0.886474826580941,0.113525173419059
"Repaid","Repaid",0.185239148324022,0.814760851675978
"Repaid","Repaid",0.0389630851706494,0.961036914829351
"Repaid","Repaid",0.0656090220575378,0.934390977942462
"Not_Repaid","Not_Repaid",0.952381177785134,0.0476188222148662
"Not_Repaid","Not_Repaid",0.940022439955033,0.059977560044967
"Not_Repaid","Not_Repaid",0.945073703255786,0.054926296744214
"Not_Repaid","Not_Repaid",0.576841102974051,0.423158897025949
"Not_Repaid","Not_Repaid",0.934761795298565,0.0652382047014347
"Repaid","Repaid",0.42028286858983,0.57971713141017
"Repaid","Repaid",0.0974356968569945,0.902564303143006
"Repaid","Not_Repaid",0.513305272167333,0.486694727832667
"Not_Repaid","Repaid",0.0904845773734384,0.909515422626562
"Not_Repaid","Not_Repaid",0.959741818979339,0.0402581810206608
"Repaid","Repaid",0.412275082129741,0.587724917870259
"Not_Repaid","Repaid",0.474396390102094,0.525603609897906
"Repaid","Repaid",0.191966836960645,0.808033163039355
"Not_Repaid","Repaid",0.156297099370426,0.843702900629574
"Not_Repaid","Repaid",0.0405753029579035,0.959424697042097
"Not_Repaid","Not_Repaid",0.833630805015823,0.166369194984177
"Repaid","Repaid",0.31646072131187,0.68353927868813
"Repaid","Repaid",0.0322921873976334,0.967707812602367
"Not_Repaid","Not_Repaid",0.961424710674542,0.0385752893254576
"Not_Repaid","Not_Repaid",0.703282261301035,0.296717738698965
"Repaid","Repaid",0.0606462484575666,0.939353751542433
"Repaid","Not_Repaid",0.936657509924774,0.0633424900752261
"Repaid","Repaid",0.20350169506436,0.79649830493564
"Not_Repaid","Not_Repaid",0.794951878049633,0.205048121950367
"Repaid","Repaid",0.387149123248039,0.612850876751961
"Repaid","Repaid",0.112520444627448,0.887479555372552
"Repaid","Repaid",0.214890433248881,0.785109566751119
"Repaid","Not_Repaid",0.550636225654096,0.449363774345904
"Repaid","Repaid",0.39438951057648,0.60561048942352
"Repaid","Repaid",0.082666854701848,0.917333145298152
"Repaid","Repaid",0.0164596741884628,0.983540325811537
"Repaid","Repaid",0.418238145467141,0.581761854532859
"Repaid","Repaid",0.0699711728204837,0.930028827179516
"Repaid","Repaid",0.413205292386031,0.586794707613969
"Not_Repaid","Not_Repaid",0.649390486099486,0.350609513900514
"Repaid","Repaid",0.0380764615391983,0.961923538460802
"Not_Repaid","Not_Repaid",0.99478920401501,0.00521079598498988
"Repaid","Repaid",0.0938483529737901,0.90615164702621
"Repaid","Not_Repaid",0.662275527486443,0.337724472513557
"Not_Repaid","Not_Repaid",0.936185450659086,0.063814549340914
"Repaid","Repaid",0.18058062085316,0.81941937914684
"Repaid","Repaid",0.104335378059909,0.895664621940091
"Repaid","Repaid",0.325521071137739,0.674478928862261
"Repaid","Repaid",0.0512505414057466,0.948749458594253
"Repaid","Repaid",0.25245511435513,0.74754488564487
"Not_Repaid","Not_Repaid",0.820485599538086,0.179514400461914
"Repaid","Repaid",0.111008970694014,0.888991029305986
"Not_Repaid","Repaid",0.349030125849669,0.650969874150331
"Not_Repaid","Not_Repaid",0.594251263530114,0.405748736469886
"Repaid","Repaid",0.214651184129407,0.785348815870593
"Repaid","Repaid",0.195661151521832,0.804338848478168
"Repaid","Repaid",0.0925100722278523,0.907489927772148
"Repaid","Repaid",0.0393284139294129,0.960671586070587
"Not_Repaid","Repaid",0.059221989659645,0.940778010340355
"Repaid","Repaid",0.0597200313545073,0.940279968645493
"Not_Repaid","Not_Repaid",0.96806653361495,0.0319334663850496
"Repaid","Repaid",0.0349430190208081,0.965056980979192
"Not_Repaid","Repaid",0.337820530794927,0.662179469205073
"Not_Repaid","Not_Repaid",0.812049598505918,0.187950401494082
"Not_Repaid","Repaid",0.34347455069298,0.65652544930702
"Not_Repaid","Not_Repaid",0.67218970443932,0.32781029556068
"Not_Repaid","Not_Repaid",0.8693977011922,0.1306022988078
"Not_Repaid","Not_Repaid",0.963780160086481,0.0362198399135193
"Not_Repaid","Not_Repaid",0.944316095712719,0.0556839042872808
"Not_Repaid","Not_Repaid",0.914225742296148,0.0857742577038517
"Repaid","Repaid",0.0938915067873259,0.906108493212674
"Not_Repaid","Not_Repaid",0.994398919313577,0.00560108068642271
"Repaid","Repaid",0.0372878214799259,0.962712178520074
"Not_Repaid","Not_Repaid",0.967438506632894,0.0325614933671055
"Not_Repaid","Not_Repaid",0.942411895665011,0.0575881043349892
"Repaid","Repaid",0.0675163890358577,0.932483610964142
"Repaid","Repaid",0.0953386302686323,0.904661369731368
"Not_Repaid","Not_Repaid",0.978936511708347,0.0210634882916535
"Repaid","Repaid",0.185617762045376,0.814382237954624
"Not_Repaid","Not_Repaid",0.901045578164957,0.098954421835043
"Repaid","Repaid",0.0323627513016943,0.967637248698306
"Repaid","Repaid",0.451074300983622,0.548925699016378
"Not_Repaid","Not_Repaid",0.659173173985157,0.340826826014843
"Not_Repaid","Not_Repaid",0.930842198702793,0.0691578012972068
"Not_Repaid","Not_Repaid",0.930661926260882,0.0693380737391184
"Repaid","Repaid",0.104845023628243,0.895154976371757
"Not_Repaid","Not_Repaid",0.973414434832015,0.0265855651679847
"Not_Repaid","Repaid",0.0988657947620056,0.901134205237994
"Repaid","Repaid",0.069036144224146,0.930963855775854
"Not_Repaid","Not_Repaid",0.595397482163623,0.404602517836377
"Repaid","Repaid",0.425872238373912,0.574127761626088
"Repaid","Repaid",0.126930219151891,0.873069780848109
"Repaid","Repaid",0.0714318833541255,0.928568116645874
"Repaid","Not_Repaid",0.608680576090296,0.391319423909704
"Repaid","Repaid",0.0355708892104117,0.964429110789588
"Not_Repaid","Not_Repaid",0.54929878954249,0.45070121045751
"Repaid","Repaid",0.139399049110756,0.860600950889244
"Repaid","Not_Repaid",0.794433335887033,0.205566664112967
"Not_Repaid","Repaid",0.44395419214239,0.55604580785761
"Repaid","Repaid",0.0381251516923493,0.961874848307651
"Repaid","Repaid",0.366219293812509,0.633780706187491
"Repaid","Not_Repaid",0.782653874778543,0.217346125221457
"Repaid","Repaid",0.120773162510658,0.879226837489342
"Repaid","Repaid",0.153050981272646,0.846949018727354
"Repaid","Repaid",0.0296176688278593,0.970382331172141
"Repaid","Repaid",0.15064806015349,0.84935193984651
"Repaid","Not_Repaid",0.873306915411394,0.126693084588606
"Not_Repaid","Repaid",0.407774405859028,0.592225594140972
"Repaid","Repaid",0.164256990827403,0.835743009172597
"Not_Repaid","Not_Repaid",0.730444991931987,0.269555008068013
"Repaid","Repaid",0.0647319808093536,0.935268019190646
"Repaid","Repaid",0.20060097003111,0.79939902996889
"Repaid","Repaid",0.0732952670406257,0.926704732959374
"Repaid","Repaid",0.0469480184515605,0.95305198154844
"Repaid","Not_Repaid",0.751808811981935,0.248191188018065
"Repaid","Repaid",0.313024445572126,0.686975554427874
"Not_Repaid","Not_Repaid",0.91847005510231,0.08152994489769
"Not_Repaid","Not_Repaid",0.709610370776,0.290389629224
"Not_Repaid","Not_Repaid",0.967859607942231,0.0321403920577687
"Not_Repaid","Not_Repaid",0.898555046064939,0.101444953935061
"Repaid","Repaid",0.367765089685129,0.63223491031487
"Repaid","Repaid",0.0171745955329299,0.98282540446707
"Repaid","Repaid",0.253199444045285,0.746800555954715
"Not_Repaid","Not_Repaid",0.916512093911613,0.0834879060883874
"Not_Repaid","Repaid",0.451114645991095,0.548885354008905
"Not_Repaid","Not_Repaid",0.862853249212303,0.137146750787697
"Repaid","Repaid",0.139274282018388,0.860725717981612
"Not_Repaid","Not_Repaid",0.734936786523825,0.265063213476175
"Not_Repaid","Not_Repaid",0.690934099342653,0.309065900657347
"Not_Repaid","Not_Repaid",0.723012302881747,0.276987697118253
"Not_Repaid","Not_Repaid",0.828837052189308,0.171162947810692
"Repaid","Repaid",0.112327099037778,0.887672900962222
"Repaid","Repaid",0.113468080350247,0.886531919649753
"Not_Repaid","Repaid",0.469075410914387,0.530924589085613
"Not_Repaid","Not_Repaid",0.759450529668928,0.240549470331072
"Repaid","Repaid",0.0844901477230181,0.915509852276982
"Not_Repaid","Not_Repaid",0.721970872598665,0.278029127401335
"Not_Repaid","Not_Repaid",0.629523751688268,0.370476248311732
"Repaid","Repaid",0.481000679720249,0.518999320279751
"Not_Repaid","Not_Repaid",0.983188584768696,0.0168114152313041
"Repaid","Not_Repaid",0.730237533365252,0.269762466634748
"Repaid","Repaid",0.0625394727400372,0.937460527259963
"Repaid","Repaid",0.343845698839799,0.656154301160201
"Repaid","Repaid",0.277468820397263,0.722531179602737
"Not_Repaid","Not_Repaid",0.891643086442165,0.108356913557835
"Not_Repaid","Not_Repaid",0.775774032176504,0.224225967823496
"Repaid","Repaid",0.116512511749321,0.883487488250679
"Repaid","Repaid",0.0639178009684929,0.936082199031507
"Repaid","Repaid",0.26499688443167,0.73500311556833
"Not_Repaid","Not_Repaid",0.857390572185308,0.142609427814692
"Repaid","Repaid",0.0732053914916254,0.926794608508375
"Not_Repaid","Not_Repaid",0.970547165774824,0.0294528342251757
"Not_Repaid","Not_Repaid",0.987358422841705,0.0126415771582947
"Not_Repaid","Not_Repaid",0.926146522942326,0.073853477057674
"Repaid","Repaid",0.0510171745507916,0.948982825449208
"Not_Repaid","Not_Repaid",0.939271620507648,0.0607283794923521
"Not_Repaid","Repaid",0.329741700413409,0.670258299586591
"Not_Repaid","Not_Repaid",0.637391869444623,0.362608130555377
"Not_Repaid","Not_Repaid",0.933933537036707,0.0660664629632933
"Not_Repaid","Not_Repaid",0.729427058943372,0.270572941056628
"Not_Repaid","Not_Repaid",0.844149005867147,0.155850994132853
"Repaid","Not_Repaid",0.808971783296571,0.191028216703429
"Not_Repaid","Not_Repaid",0.592242211588084,0.407757788411916
"Not_Repaid","Not_Repaid",0.895176418333936,0.104823581666064
"Not_Repaid","Not_Repaid",0.863881749587477,0.136118250412523
"Repaid","Not_Repaid",0.987746730523702,0.0122532694762984
"Repaid","Repaid",0.186679179840744,0.813320820159256
"Not_Repaid","Not_Repaid",0.771266609862167,0.228733390137833
"Not_Repaid","Not_Repaid",0.642846740833731,0.357153259166269
"Not_Repaid","Not_Repaid",0.912150170201985,0.0878498297980149
"Repaid","Repaid",0.121624689769145,0.878375310230855
"Repaid","Repaid",0.021791680471249,0.978208319528751
"Repaid","Repaid",0.173140794357113,0.826859205642887
"Repaid","Repaid",0.186612009812595,0.813387990187405
"Repaid","Repaid",0.0928476940414149,0.907152305958585
"Repaid","Repaid",0.367319081609172,0.632680918390828
"Not_Repaid","Not_Repaid",0.870933962975714,0.129066037024286
"Repaid","Repaid",0.291248488273652,0.708751511726348
"Repaid","Repaid",0.347609736923014,0.652390263076986
"Repaid","Not_Repaid",0.987245627280629,0.0127543727193709
"Repaid","Not_Repaid",0.785785002005732,0.214214997994268
"Not_Repaid","Not_Repaid",0.941515151378548,0.0584848486214521
"Not_Repaid","Not_Repaid",0.950129986726472,0.0498700132735276
"Repaid","Repaid",0.264016076090103,0.735983923909897
"Not_Repaid","Not_Repaid",0.879371537689893,0.120628462310107
"Not_Repaid","Repaid",0.477874211782618,0.522125788217382
"Repaid","Repaid",0.0452000566424057,0.954799943357594
"Not_Repaid","Not_Repaid",0.635893331696348,0.364106668303652
"Not_Repaid","Not_Repaid",0.880528393431202,0.119471606568798
"Repaid","Repaid",0.0839425299972806,0.916057470002719
"Repaid","Repaid",0.269196143517675,0.730803856482325
"Not_Repaid","Not_Repaid",0.973423032969024,0.0265769670309764
"Repaid","Repaid",0.336135835776668,0.663864164223332
"Repaid","Repaid",0.0360783540880553,0.963921645911945
"Not_Repaid","Not_Repaid",0.98581679071622,0.0141832092837799
"Repaid","Repaid",0.0563617218914362,0.943638278108564
"Repaid","Repaid",0.0524582625107307,0.947541737489269
"Not_Repaid","Not_Repaid",0.638494634806115,0.361505365193885
"Repaid","Repaid",0.0303394435483556,0.969660556451644
"Repaid","Repaid",0.0410174620917367,0.958982537908263
"Not_Repaid","Not_Repaid",0.996445287931701,0.00355471206829856
"Repaid","Not_Repaid",0.55011439033891,0.44988560966109
"Not_Repaid","Not_Repaid",0.863955556046398,0.136044443953602
"Repaid","Repaid",0.207790890148334,0.792209109851666
"Not_Repaid","Not_Repaid",0.79112539916045,0.208874600839549
"Not_Repaid","Not_Repaid",0.84001945942113,0.15998054057887
"Not_Repaid","Repaid",0.34669777832998,0.65330222167002
"Repaid","Repaid",0.0405427390995939,0.959457260900406
"Not_Repaid","Not_Repaid",0.867979027488389,0.132020972511611
"Not_Repaid","Repaid",0.361212533189077,0.638787466810923
"Repaid","Repaid",0.0215672955371108,0.978432704462889
"Repaid","Repaid",0.138645347286118,0.861354652713882
"Repaid","Repaid",0.0445617279740065,0.955438272025994
"Not_Repaid","Not_Repaid",0.990793248174819,0.00920675182518124
"Not_Repaid","Not_Repaid",0.632432155352421,0.367567844647579
"Repaid","Repaid",0.014310517486666,0.985689482513334
"Repaid","Repaid",0.0179069521360188,0.982093047863981
"Not_Repaid","Not_Repaid",0.536295796074399,0.463704203925601
"Repaid","Repaid",0.225737169537593,0.774262830462407
"Not_Repaid","Not_Repaid",0.70012113211218,0.29987886788782
"Not_Repaid","Not_Repaid",0.808420031176991,0.191579968823009
"Repaid","Not_Repaid",0.78595499438984,0.21404500561016
"Not_Repaid","Not_Repaid",0.975441100376774,0.0245588996232257
"Not_Repaid","Not_Repaid",0.530162271221917,0.469837728778083
"Not_Repaid","Not_Repaid",0.992771686894498,0.00722831310550184
"Repaid","Repaid",0.141875026338538,0.858124973661462
"Not_Repaid","Not_Repaid",0.762711962622089,0.237288037377911
"Repaid","Repaid",0.30772693825066,0.69227306174934
"Repaid","Repaid",0.121392819719663,0.878607180280337
"Not_Repaid","Not_Repaid",0.900143161943713,0.0998568380562872
"Repaid","Repaid",0.396709552941549,0.603290447058451
"Repaid","Repaid",0.324772107581063,0.675227892418937
"Repaid","Repaid",0.0519268418051271,0.948073158194873
"Not_Repaid","Not_Repaid",0.983988557619314,0.0160114423806862
"Not_Repaid","Repaid",0.428760883594525,0.571239116405475
"Not_Repaid","Not_Repaid",0.910521577389838,0.0894784226101619
"Not_Repaid","Not_Repaid",0.932626361654917,0.067373638345083
"Not_Repaid","Not_Repaid",0.956399157086814,0.043600842913186
"Not_Repaid","Not_Repaid",0.596896595829127,0.403103404170873
"Not_Repaid","Not_Repaid",0.900762846312223,0.0992371536877767
"Repaid","Repaid",0.351818879722466,0.648181120277534
"Not_Repaid","Not_Repaid",0.5623930180857,0.4376069819143
"Repaid","Repaid",0.236899977448872,0.763100022551128
"Not_Repaid","Not_Repaid",0.955226188463324,0.044773811536676
"Not_Repaid","Repaid",0.0336237697006435,0.966376230299356
"Repaid","Not_Repaid",0.658711729461098,0.341288270538902
"Repaid","Repaid",0.0356884463053984,0.964311553694602
"Not_Repaid","Not_Repaid",0.595402085177846,0.404597914822154
"Repaid","Repaid",0.141977589193923,0.858022410806077
"Not_Repaid","Repaid",0.336740486508451,0.663259513491549
"Not_Repaid","Not_Repaid",0.822175286973838,0.177824713026162
"Repaid","Repaid",0.154360433604878,0.845639566395122
"Not_Repaid","Repaid",0.125788869375111,0.874211130624889
"Repaid","Not_Repaid",0.843091867496213,0.156908132503787
"Repaid","Repaid",0.0742960672230113,0.925703932776989
"Repaid","Repaid",0.23062538445689,0.76937461554311
"Not_Repaid","Repaid",0.444635725662428,0.555364274337572
"Not_Repaid","Repaid",0.393674332535946,0.606325667464054
"Repaid","Repaid",0.114779112580475,0.885220887419525
"Repaid","Repaid",0.497935690247154,0.502064309752846
"Repaid","Not_Repaid",0.87680171859701,0.123198281402991
"Repaid","Repaid",0.0413527842873813,0.958647215712619
"Repaid","Repaid",0.0700213204207931,0.929978679579207
"Not_Repaid","Not_Repaid",0.836383845054441,0.163616154945559
"Not_Repaid","Not_Repaid",0.987440820974457,0.0125591790255431
"Not_Repaid","Not_Repaid",0.719495394209716,0.280504605790284
"Repaid","Repaid",0.165454280862782,0.834545719137218
"Not_Repaid","Repaid",0.142364830198986,0.857635169801014
"Not_Repaid","Not_Repaid",0.968287826262077,0.0317121737379233
"Not_Repaid","Not_Repaid",0.947736866806458,0.0522631331935417
"Not_Repaid","Not_Repaid",0.696854423586258,0.303145576413742
"Not_Repaid","Not_Repaid",0.991591864106361,0.00840813589363906
"Repaid","Not_Repaid",0.56014004011416,0.439859959885839
"Repaid","Repaid",0.0463058476875292,0.953694152312471
"Repaid","Repaid",0.0391698855110586,0.960830114488941
"Repaid","Repaid",0.198471580787492,0.801528419212508
"Not_Repaid","Not_Repaid",0.961655113382658,0.0383448866173421
"Not_Repaid","Not_Repaid",0.874343020391503,0.125656979608497
"Not_Repaid","Repaid",0.181546698466301,0.818453301533699
"Not_Repaid","Not_Repaid",0.776262507438897,0.223737492561103
"Not_Repaid","Not_Repaid",0.77415303253205,0.22584696746795
"Not_Repaid","Not_Repaid",0.582227294739995,0.417772705260005
"Not_Repaid","Not_Repaid",0.922308790749441,0.0776912092505594
"Repaid","Repaid",0.220598277556849,0.779401722443151
"Not_Repaid","Not_Repaid",0.994399579856395,0.00560042014360468
"Not_Repaid","Repaid",0.474164925750468,0.525835074249532
"Not_Repaid","Not_Repaid",0.672474608543361,0.327525391456639
"Repaid","Repaid",0.1110112615433,0.8889887384567
"Not_Repaid","Not_Repaid",0.948885253063169,0.0511147469368311
"Repaid","Repaid",0.461057815304265,0.538942184695735
"Repaid","Repaid",0.0528461738337771,0.947153826166223
"Repaid","Not_Repaid",0.722322156049045,0.277677843950955
"Repaid","Repaid",0.0810533606170691,0.918946639382931
"Not_Repaid","Not_Repaid",0.837502904257079,0.162497095742921
"Not_Repaid","Not_Repaid",0.788867767860312,0.211132232139688
"Repaid","Not_Repaid",0.788720194606997,0.211279805393003
"Not_Repaid","Not_Repaid",0.993587421630993,0.00641257836900662
"Not_Repaid","Not_Repaid",0.658703750166418,0.341296249833582
"Not_Repaid","Not_Repaid",0.687821204343583,0.312178795656417
"Not_Repaid","Not_Repaid",0.650973846104746,0.349026153895254
"Not_Repaid","Not_Repaid",0.612415741893416,0.387584258106584
"Not_Repaid","Not_Repaid",0.970772976792543,0.0292270232074566
"Repaid","Repaid",0.299427412530766,0.700572587469234
"Not_Repaid","Not_Repaid",0.555036436788779,0.444963563211221
"Repaid","Repaid",0.0351173646862574,0.964882635313743
"Repaid","Repaid",0.0844896526731197,0.91551034732688
"Repaid","Repaid",0.0836237281590377,0.916376271840962
"Not_Repaid","Not_Repaid",0.600766577600684,0.399233422399316
"Not_Repaid","Not_Repaid",0.8394858719963,0.1605141280037
"Not_Repaid","Not_Repaid",0.807227278084674,0.192772721915326
"Repaid","Repaid",0.0542591756970766,0.945740824302923
"Repaid","Repaid",0.043915077656029,0.956084922343971
"Not_Repaid","Not_Repaid",0.845572607251597,0.154427392748403
"Not_Repaid","Not_Repaid",0.515839755611834,0.484160244388166
"Not_Repaid","Not_Repaid",0.892284756017877,0.107715243982123
"Not_Repaid","Not_Repaid",0.835439899539224,0.164560100460776
"Repaid","Not_Repaid",0.940709832602638,0.059290167397362
"Repaid","Repaid",0.0127823572750088,0.987217642724991
"Repaid","Repaid",0.0281438083513704,0.97185619164863
"Not_Repaid","Not_Repaid",0.744219706104567,0.255780293895433
"Repaid","Repaid",0.239187149365028,0.760812850634972
"Repaid","Repaid",0.230163618512124,0.769836381487876
"Repaid","Repaid",0.37865961166489,0.62134038833511
"Not_Repaid","Not_Repaid",0.879579714343206,0.120420285656794
"Not_Repaid","Not_Repaid",0.872068760217468,0.127931239782532
"Not_Repaid","Not_Repaid",0.913481323218419,0.0865186767815812
"Repaid","Repaid",0.0455244014392955,0.954475598560705
"Repaid","Repaid",0.0363348765154818,0.963665123484518
"Not_Repaid","Not_Repaid",0.874472816729952,0.125527183270048
"Repaid","Repaid",0.0520469694823672,0.947953030517633
"Repaid","Repaid",0.0327129626824392,0.967287037317561
"Not_Repaid","Not_Repaid",0.760389796241606,0.239610203758394
"Repaid","Repaid",0.371364481166624,0.628635518833376
"Not_Repaid","Not_Repaid",0.99228336372426,0.00771663627574002
"Not_Repaid","Not_Repaid",0.776474659910141,0.223525340089859
"Repaid","Repaid",0.0481787974627031,0.951821202537297
"Not_Repaid","Not_Repaid",0.8400832039307,0.1599167960693
"Not_Repaid","Not_Repaid",0.748722973507764,0.251277026492236
"Not_Repaid","Repaid",0.465566084960933,0.534433915039067
"Not_Repaid","Repaid",0.0866118832376942,0.913388116762306
"Repaid","Repaid",0.14756285301579,0.85243714698421
"Not_Repaid","Repaid",0.487409505759039,0.512590494240961
"Repaid","Repaid",0.0173147005645354,0.982685299435465
"Repaid","Repaid",0.342183344895945,0.657816655104055
"Repaid","Repaid",0.0454557011718248,0.954544298828175
"Repaid","Repaid",0.201206651688531,0.798793348311469
"Not_Repaid","Not_Repaid",0.956367138774256,0.0436328612257439
"Repaid","Not_Repaid",0.55056177901323,0.44943822098677
"Repaid","Repaid",0.488518546193651,0.511481453806349
"Repaid","Repaid",0.020077206436669,0.979922793563331
"Not_Repaid","Not_Repaid",0.906712332357162,0.0932876676428385
"Not_Repaid","Repaid",0.417062011208289,0.582937988791711
"Repaid","Repaid",0.155206221620608,0.844793778379392
"Repaid","Not_Repaid",0.634338394187671,0.365661605812329
"Not_Repaid","Not_Repaid",0.616735062775673,0.383264937224327
"Repaid","Not_Repaid",0.503301888459508,0.496698111540493
"Not_Repaid","Not_Repaid",0.884248947033949,0.115751052966052
"Not_Repaid","Repaid",0.316455281411687,0.683544718588313
"Not_Repaid","Not_Repaid",0.969001487571926,0.0309985124280738
"Not_Repaid","Not_Repaid",0.920560701806627,0.0794392981933734
"Not_Repaid","Repaid",0.122391115404265,0.877608884595735
"Repaid","Repaid",0.1548953613651,0.8451046386349
"Repaid","Repaid",0.426161326086309,0.573838673913691
"Not_Repaid","Not_Repaid",0.867539436266292,0.132460563733708
"Not_Repaid","Not_Repaid",0.691128950153346,0.308871049846654
"Repaid","Repaid",0.0339228013232868,0.966077198676713
"Repaid","Repaid",0.0659399539495353,0.934060046050465
"Repaid","Repaid",0.464317823322576,0.535682176677424
"Not_Repaid","Repaid",0.43049346505257,0.56950653494743
"Repaid","Not_Repaid",0.662775120630073,0.337224879369927
"Repaid","Repaid",0.402377543697778,0.597622456302222
"Repaid","Repaid",0.120370162616195,0.879629837383805
"Not_Repaid","Repaid",0.125532981255777,0.874467018744223
"Repaid","Not_Repaid",0.667159454956629,0.332840545043371
"Not_Repaid","Not_Repaid",0.91935886668426,0.0806411333157403
"Repaid","Repaid",0.163628970432485,0.836371029567515
"Repaid","Not_Repaid",0.727692118375198,0.272307881624802
"Not_Repaid","Not_Repaid",0.804218809710516,0.195781190289484
"Not_Repaid","Not_Repaid",0.934365649709694,0.065634350290306
"Not_Repaid","Not_Repaid",0.967081837663085,0.0329181623369146
"Not_Repaid","Not_Repaid",0.947205285879589,0.0527947141204112
"Repaid","Repaid",0.196311397954135,0.803688602045865
"Not_Repaid","Not_Repaid",0.718885596607032,0.281114403392968
"Repaid","Repaid",0.127626168580587,0.872373831419413
"Not_Repaid","Not_Repaid",0.987408222608998,0.012591777391002
"Not_Repaid","Not_Repaid",0.781540795904262,0.218459204095738
"Not_Repaid","Not_Repaid",0.995211920909928,0.00478807909007226
"Repaid","Repaid",0.0623965083130228,0.937603491686977
"Repaid","Not_Repaid",0.612356056115302,0.387643943884698
"Repaid","Repaid",0.070093354152547,0.929906645847453
"Not_Repaid","Not_Repaid",0.767203840612647,0.232796159387353
"Repaid","Repaid",0.397783104971784,0.602216895028216
"Repaid","Repaid",0.0337249766464627,0.966275023353537
"Not_Repaid","Not_Repaid",0.990414197122816,0.00958580287718391
"Not_Repaid","Not_Repaid",0.899060477541119,0.100939522458881
"Repaid","Repaid",0.198162665439897,0.801837334560103
"Repaid","Repaid",0.105280877175286,0.894719122824714
"Not_Repaid","Repaid",0.0894697761605571,0.910530223839443
"Repaid","Repaid",0.0435198060045725,0.956480193995427
"Not_Repaid","Not_Repaid",0.832039714132618,0.167960285867382
"Not_Repaid","Repaid",0.39658064516653,0.60341935483347
"Repaid","Repaid",0.0166811141716525,0.983318885828347
"Not_Repaid","Not_Repaid",0.72120006351674,0.27879993648326
"Repaid","Repaid",0.0152552479531598,0.98474475204684
"Repaid","Repaid",0.14081472179268,0.85918527820732
"Repaid","Not_Repaid",0.74779114866532,0.25220885133468
"Repaid","Repaid",0.0477453603511396,0.95225463964886
"Repaid","Repaid",0.439376764342052,0.560623235657948
"Repaid","Repaid",0.27043489275855,0.72956510724145
"Repaid","Repaid",0.385883682450819,0.614116317549181
"Repaid","Repaid",0.0666848217443229,0.933315178255677
"Repaid","Not_Repaid",0.637108000285647,0.362891999714353
"Repaid","Not_Repaid",0.851489590111398,0.148510409888602
"Not_Repaid","Not_Repaid",0.869035478821045,0.130964521178955
"Not_Repaid","Repaid",0.271083019657698,0.728916980342302
"Repaid","Repaid",0.0951380696698069,0.904861930330193
"Not_Repaid","Not_Repaid",0.900883670373866,0.0991163296261344
"Not_Repaid","Not_Repaid",0.951372655141986,0.0486273448580139
"Repaid","Not_Repaid",0.551879025764924,0.448120974235076
"Not_Repaid","Not_Repaid",0.802175549072995,0.197824450927005
"Repaid","Repaid",0.0424080067881791,0.957591993211821
"Not_Repaid","Not_Repaid",0.547699626031708,0.452300373968293
"Not_Repaid","Repaid",0.0624943207276276,0.937505679272372
"Not_Repaid","Not_Repaid",0.50970204773493,0.49029795226507
"Not_Repaid","Not_Repaid",0.924082862276073,0.0759171377239268
"Not_Repaid","Not_Repaid",0.68473520853324,0.31526479146676
"Repaid","Repaid",0.0920175988517911,0.907982401148209
"Not_Repaid","Not_Repaid",0.9599931735081,0.0400068264918995
"Not_Repaid","Not_Repaid",0.946734906667645,0.0532650933323546
"Repaid","Repaid",0.195476916780932,0.804523083219068
"Repaid","Repaid",0.0452092863452914,0.954790713654709
"Not_Repaid","Not_Repaid",0.725360616330987,0.274639383669013
"Not_Repaid","Not_Repaid",0.882586625655554,0.117413374344446
"Not_Repaid","Not_Repaid",0.974455890097288,0.0255441099027123
"Not_Repaid","Not_Repaid",0.966058910683817,0.0339410893161834
"Not_Repaid","Not_Repaid",0.88611839282665,0.11388160717335
"Repaid","Repaid",0.028177771106814,0.971822228893186
"Repaid","Not_Repaid",0.843089579355906,0.156910420644094
"Repaid","Repaid",0.0394285694295584,0.960571430570442
"Repaid","Repaid",0.0434109987949443,0.956589001205056
"Not_Repaid","Not_Repaid",0.930998245642866,0.0690017543571338
"Repaid","Repaid",0.0622075473981542,0.937792452601846
"Not_Repaid","Not_Repaid",0.857617961629813,0.142382038370187
"Not_Repaid","Not_Repaid",0.92602772974562,0.0739722702543805
"Repaid","Repaid",0.0213514350448453,0.978648564955155
"Repaid","Repaid",0.100539236820503,0.899460763179497
"Not_Repaid","Not_Repaid",0.691304747136926,0.308695252863074
"Repaid","Repaid",0.267139282493531,0.732860717506469
"Repaid","Repaid",0.118508374954826,0.881491625045174
"Not_Repaid","Not_Repaid",0.743780750223724,0.256219249776276
"Not_Repaid","Not_Repaid",0.885609938805358,0.114390061194642
"Not_Repaid","Not_Repaid",0.552978893443641,0.447021106556359
"Not_Repaid","Not_Repaid",0.736454367154026,0.263545632845974
"Not_Repaid","Not_Repaid",0.513763413942332,0.486236586057668
"Repaid","Repaid",0.20255114616709,0.79744885383291
"Not_Repaid","Not_Repaid",0.817612824941943,0.182387175058057
"Not_Repaid","Not_Repaid",0.887379253275084,0.112620746724916
"Repaid","Repaid",0.0474475140573737,0.952552485942626
"Not_Repaid","Not_Repaid",0.958165328593024,0.0418346714069756
"Not_Repaid","Not_Repaid",0.796701245961719,0.203298754038281
"Repaid","Repaid",0.0697923986776459,0.930207601322354
"Repaid","Repaid",0.104227890382478,0.895772109617522
"Repaid","Repaid",0.0380246303929851,0.961975369607015
"Repaid","Not_Repaid",0.85054686924262,0.14945313075738
"Repaid","Repaid",0.0228624839580813,0.977137516041919
"Repaid","Repaid",0.157633171329636,0.842366828670364
"Not_Repaid","Repaid",0.475485131117025,0.524514868882975
"Repaid","Not_Repaid",0.953567721446612,0.0464322785533885
"Not_Repaid","Not_Repaid",0.755329136234034,0.244670863765966
"Repaid","Repaid",0.271908833062631,0.728091166937369
"Repaid","Repaid",0.490357042645481,0.509642957354519
"Repaid","Repaid",0.432749883159862,0.567250116840138
"Not_Repaid","Not_Repaid",0.94255144442711,0.0574485555728899
"Not_Repaid","Not_Repaid",0.697337337642114,0.302662662357886
"Repaid","Repaid",0.449816329830913,0.550183670169087
"Repaid","Repaid",0.0448509901309192,0.955149009869081
"Not_Repaid","Not_Repaid",0.947865342588874,0.0521346574111258
"Not_Repaid","Repaid",0.314639589809057,0.685360410190943
"Not_Repaid","Repaid",0.212423763564915,0.787576236435085
"Repaid","Repaid",0.0314927618119837,0.968507238188016
"Repaid","Repaid",0.0723842032112209,0.927615796788779
"Not_Repaid","Not_Repaid",0.963027989829448,0.0369720101705521
"Not_Repaid","Not_Repaid",0.977552689061215,0.0224473109387849
"Repaid","Repaid",0.233124767304304,0.766875232695696
"Repaid","Repaid",0.10538498615711,0.89461501384289
"Not_Repaid","Not_Repaid",0.906019313657746,0.0939806863422535
"Repaid","Not_Repaid",0.711613159569158,0.288386840430842
"Not_Repaid","Repaid",0.147500400744246,0.852499599255754
"Repaid","Repaid",0.376097882046198,0.623902117953802
"Not_Repaid","Not_Repaid",0.835669512684564,0.164330487315436
"Not_Repaid","Not_Repaid",0.541170414843054,0.458829585156946
"Not_Repaid","Not_Repaid",0.581480669080044,0.418519330919956
"Not_Repaid","Not_Repaid",0.670168918278868,0.329831081721132
"Not_Repaid","Not_Repaid",0.696838630677703,0.303161369322297
"Repaid","Repaid",0.313853020439806,0.686146979560194
"Repaid","Repaid",0.171257726109466,0.828742273890534
"Repaid","Not_Repaid",0.542174849336883,0.457825150663117
"Not_Repaid","Not_Repaid",0.638001159923819,0.361998840076181
"Repaid","Repaid",0.0785982089456947,0.921401791054305
"Repaid","Repaid",0.104879224932553,0.895120775067447
"Not_Repaid","Not_Repaid",0.975813053572844,0.0241869464271557
"Repaid","Repaid",0.0178740509898546,0.982125949010145
"Not_Repaid","Not_Repaid",0.916933822724152,0.0830661772758483
"Repaid","Repaid",0.0790255246372855,0.920974475362714
"Not_Repaid","Not_Repaid",0.982241453030392,0.0177585469696079
"Repaid","Repaid",0.0337248962028885,0.966275103797111
"Not_Repaid","Repaid",0.271599769823388,0.728400230176612
"Not_Repaid","Repaid",0.423650024361522,0.576349975638478
"Not_Repaid","Not_Repaid",0.769696346975302,0.230303653024698
"Repaid","Repaid",0.10645318724449,0.89354681275551
"Not_Repaid","Not_Repaid",0.679565462689563,0.320434537310437
"Repaid","Not_Repaid",0.889664946549778,0.110335053450222
"Repaid","Repaid",0.0757164624073182,0.924283537592682
"Not_Repaid","Repaid",0.463992347324543,0.536007652675457
"Not_Repaid","Not_Repaid",0.623195816260811,0.376804183739189
"Not_Repaid","Not_Repaid",0.726389618449553,0.273610381550447
"Not_Repaid","Not_Repaid",0.977647083682354,0.0223529163176456
"Not_Repaid","Repaid",0.134439722819228,0.865560277180772
"Repaid","Repaid",0.0930586112544527,0.906941388745547
"Not_Repaid","Not_Repaid",0.910969578440565,0.0890304215594345
"Not_Repaid","Not_Repaid",0.799182405203329,0.200817594796671
"Repaid","Repaid",0.304057218497682,0.695942781502318
"Not_Repaid","Not_Repaid",0.90295200048213,0.0970479995178699
"Repaid","Repaid",0.100674636398577,0.899325363601423
"Not_Repaid","Not_Repaid",0.946658975231217,0.0533410247687833
"Not_Repaid","Not_Repaid",0.530179999982303,0.469820000017697
"Not_Repaid","Not_Repaid",0.938714549552058,0.0612854504479416
"Repaid","Not_Repaid",0.639688959579944,0.360311040420056
"Not_Repaid","Repaid",0.140922443087609,0.859077556912391
"Repaid","Not_Repaid",0.774293632766099,0.225706367233901
"Not_Repaid","Not_Repaid",0.942446886637328,0.0575531133626718
"Repaid","Repaid",0.352423431733287,0.647576568266713
"Repaid","Repaid",0.137236477964922,0.862763522035078
"Repaid","Repaid",0.123806797480297,0.876193202519703
"Repaid","Repaid",0.155535015894036,0.844464984105964
"Repaid","Repaid",0.0408097886699027,0.959190211330097
"Repaid","Repaid",0.450931457118794,0.549068542881206
"Repaid","Repaid",0.0988895870401759,0.901110412959824
"Not_Repaid","Not_Repaid",0.745438785362059,0.254561214637941
"Repaid","Repaid",0.0515780896012705,0.94842191039873
"Not_Repaid","Not_Repaid",0.955796707067376,0.0442032929326239
"Repaid","Not_Repaid",0.704326371287271,0.295673628712729
"Repaid","Repaid",0.369203761945646,0.630796238054354
"Repaid","Repaid",0.0686037802975534,0.931396219702447
"Repaid","Not_Repaid",0.99075357895346,0.00924642104654044
"Not_Repaid","Not_Repaid",0.923283565227983,0.0767164347720165
"Repaid","Repaid",0.212765665963209,0.787234334036791
"Not_Repaid","Repaid",0.389468740148338,0.610531259851662
"Repaid","Repaid",0.203132994663565,0.796867005336435
"Not_Repaid","Not_Repaid",0.939910878401651,0.0600891215983486
"Repaid","Repaid",0.22708428221148,0.77291571778852
"Not_Repaid","Not_Repaid",0.606138599597337,0.393861400402663
"Repaid","Repaid",0.0922192297179472,0.907780770282053
"Not_Repaid","Repaid",0.059454037411062,0.940545962588938
"Repaid","Repaid",0.0961662270127319,0.903833772987268
"Repaid","Repaid",0.258776374515893,0.741223625484107
"Not_Repaid","Not_Repaid",0.52026997438317,0.47973002561683
"Not_Repaid","Not_Repaid",0.908477124571954,0.0915228754280462
"Not_Repaid","Not_Repaid",0.847137656786772,0.152862343213228
"Not_Repaid","Not_Repaid",0.868534385111696,0.131465614888304
"Not_Repaid","Not_Repaid",0.832902109097556,0.167097890902444
"Repaid","Repaid",0.0830505642075023,0.916949435792498
"Repaid","Repaid",0.0304647272337507,0.969535272766249
"Repaid","Not_Repaid",0.878302226584628,0.121697773415372
"Not_Repaid","Repaid",0.0714345894838757,0.928565410516124
"Not_Repaid","Not_Repaid",0.644359593804979,0.355640406195021
"Not_Repaid","Not_Repaid",0.892380593406725,0.107619406593275
"Not_Repaid","Not_Repaid",0.992244637483284,0.00775536251671557
"Not_Repaid","Not_Repaid",0.891158545019876,0.108841454980124
"Not_Repaid","Not_Repaid",0.909504216974871,0.0904957830251294
"Not_Repaid","Not_Repaid",0.670028037899602,0.329971962100398
"Not_Repaid","Repaid",0.331276498150367,0.668723501849633
"Repaid","Repaid",0.0837923419515045,0.916207658048495
"Repaid","Repaid",0.0914175311398918,0.908582468860108
"Repaid","Repaid",0.0721191408519204,0.92788085914808
"Repaid","Repaid",0.0450964119669437,0.954903588033056
"Repaid","Repaid",0.0522510122664586,0.947748987733541
"Not_Repaid","Not_Repaid",0.866844481045662,0.133155518954338
"Repaid","Repaid",0.0543305767380372,0.945669423261963
"Repaid","Repaid",0.11073303820738,0.88926696179262
"Not_Repaid","Not_Repaid",0.891755329986167,0.108244670013833
"Repaid","Repaid",0.0331223932448138,0.966877606755186
"Not_Repaid","Not_Repaid",0.671108633798892,0.328891366201108
"Not_Repaid","Repaid",0.247847424125944,0.752152575874056
"Not_Repaid","Not_Repaid",0.975975378661254,0.0240246213387457
"Repaid","Repaid",0.0366959558423655,0.963304044157634
"Not_Repaid","Not_Repaid",0.8772030095943,0.1227969904057
"Repaid","Repaid",0.0394523568797549,0.960547643120245
"Not_Repaid","Not_Repaid",0.884882254998676,0.115117745001324
"Not_Repaid","Not_Repaid",0.912575142177892,0.0874248578221078
"Repaid","Not_Repaid",0.867829638013432,0.132170361986568
"Not_Repaid","Repaid",0.224232624889682,0.775767375110318
"Repaid","Repaid",0.401049288201153,0.598950711798847
"Repaid","Not_Repaid",0.688144113942244,0.311855886057756
"Repaid","Repaid",0.0777146869355868,0.922285313064413
"Repaid","Repaid",0.0133200389352099,0.98667996106479
"Not_Repaid","Not_Repaid",0.880720554711843,0.119279445288157
"Not_Repaid","Repaid",0.250365728149226,0.749634271850774
"Not_Repaid","Not_Repaid",0.785077182239894,0.214922817760106
"Not_Repaid","Not_Repaid",0.511504162146471,0.488495837853529
"Not_Repaid","Not_Repaid",0.528588123275826,0.471411876724174
"Not_Repaid","Not_Repaid",0.788135161293491,0.211864838706509
"Repaid","Repaid",0.413708809089609,0.586291190910391
"Repaid","Repaid",0.105139595285431,0.894860404714569
"Repaid","Repaid",0.0751231777766393,0.924876822223361
"Repaid","Repaid",0.45674297401247,0.54325702598753
"Repaid","Repaid",0.455312805970588,0.544687194029412
"Repaid","Not_Repaid",0.635707805760061,0.364292194239939
"Not_Repaid","Not_Repaid",0.917307113456281,0.0826928865437192
"Repaid","Repaid",0.0494922246573252,0.950507775342675
"Not_Repaid","Not_Repaid",0.965379999801805,0.0346200001981949
"Not_Repaid","Not_Repaid",0.700669057303793,0.299330942696207
"Not_Repaid","Not_Repaid",0.876922589714999,0.123077410285001
"Repaid","Not_Repaid",0.725134377632025,0.274865622367975
"Not_Repaid","Not_Repaid",0.913620613912698,0.0863793860873017
"Not_Repaid","Not_Repaid",0.569390462631544,0.430609537368456
"Not_Repaid","Repaid",0.463104631315589,0.536895368684411
"Repaid","Repaid",0.0937508299310302,0.90624917006897
"Repaid","Repaid",0.381601664132071,0.618398335867929
"Not_Repaid","Not_Repaid",0.820799926264106,0.179200073735894
"Repaid","Not_Repaid",0.711298464899759,0.288701535100241
"Repaid","Not_Repaid",0.754954304590268,0.245045695409732
"Repaid","Repaid",0.0293011236630755,0.970698876336925
"Repaid","Not_Repaid",0.890349210298942,0.109650789701058
"Repaid","Repaid",0.143479315539124,0.856520684460876
"Repaid","Repaid",0.081290745832817,0.918709254167183
"Repaid","Repaid",0.024042264686306,0.975957735313694
"Not_Repaid","Not_Repaid",0.746047305537293,0.253952694462707
"Not_Repaid","Not_Repaid",0.927829005442031,0.0721709945579688
"Repaid","Repaid",0.442378288160166,0.557621711839834
"Repaid","Not_Repaid",0.92978470202686,0.0702152979731397
"Repaid","Repaid",0.0564547142845567,0.943545285715443
"Repaid","Repaid",0.0669599246354099,0.93304007536459
"Repaid","Not_Repaid",0.540258437087183,0.459741562912817
"Not_Repaid","Not_Repaid",0.979844121122946,0.0201558788770538
"Not_Repaid","Not_Repaid",0.830874294808062,0.169125705191938
"Repaid","Repaid",0.0397150590039771,0.960284940996023
"Repaid","Repaid",0.0299571478466145,0.970042852153385
"Not_Repaid","Not_Repaid",0.990237873739364,0.00976212626063621
"Repaid","Repaid",0.0781149679456663,0.921885032054334
"Repaid","Repaid",0.09495497821472,0.90504502178528
"Repaid","Repaid",0.0402983859781957,0.959701614021804
"Repaid","Repaid",0.0870393132043843,0.912960686795616
"Not_Repaid","Not_Repaid",0.537650038792947,0.462349961207053
"Repaid","Repaid",0.380841434149101,0.619158565850899
"Not_Repaid","Not_Repaid",0.816670284463665,0.183329715536335
"Repaid","Repaid",0.0544518259147256,0.945548174085274
"Repaid","Repaid",0.02975179072666,0.97024820927334
"Not_Repaid","Not_Repaid",0.946361863078787,0.0536381369212133
"Repaid","Repaid",0.0971135532189887,0.902886446781011
"Repaid","Repaid",0.0519360077897769,0.948063992210223
"Not_Repaid","Not_Repaid",0.890463957204017,0.109536042795983
"Not_Repaid","Repaid",0.246019315002174,0.753980684997826
"Not_Repaid","Repaid",0.274085267415711,0.725914732584289
"Not_Repaid","Repaid",0.302975425958435,0.697024574041565
"Repaid","Repaid",0.0603902793455662,0.939609720654434
"Not_Repaid","Not_Repaid",0.924668452414959,0.0753315475850409
"Not_Repaid","Not_Repaid",0.760814735744092,0.239185264255908
"Not_Repaid","Not_Repaid",0.899469031407564,0.100530968592437
"Repaid","Repaid",0.270941567036858,0.729058432963142
"Not_Repaid","Repaid",0.491950306701271,0.508049693298729
"Repaid","Repaid",0.0358908635407614,0.964109136459239
"Repaid","Not_Repaid",0.852489928528613,0.147510071471387
"Repaid","Not_Repaid",0.87236228877802,0.12763771122198
"Not_Repaid","Not_Repaid",0.971925469009771,0.0280745309902287
"Repaid","Repaid",0.0679200044012056,0.932079995598794
"Repaid","Repaid",0.0413409214073589,0.958659078592641
"Not_Repaid","Not_Repaid",0.973551847782244,0.0264481522177556
"Not_Repaid","Not_Repaid",0.977178605399432,0.0228213946005682
"Not_Repaid","Not_Repaid",0.70952319389614,0.29047680610386
"Repaid","Repaid",0.0233523969821355,0.976647603017864
"Repaid","Repaid",0.0448273046147835,0.955172695385217
"Not_Repaid","Repaid",0.480985620930186,0.519014379069814
"Repaid","Repaid",0.43150238416757,0.56849761583243
"Not_Repaid","Repaid",0.436560699064462,0.563439300935538
"Repaid","Repaid",0.133619538100026,0.866380461899974
"Not_Repaid","Not_Repaid",0.963822118484894,0.0361778815151057
"Repaid","Repaid",0.0805071005838797,0.91949289941612
"Repaid","Not_Repaid",0.8265361468404,0.1734638531596
"Repaid","Repaid",0.47472147903305,0.52527852096695
"Repaid","Not_Repaid",0.554197272637571,0.445802727362429
"Not_Repaid","Repaid",0.122818536366473,0.877181463633527
"Repaid","Repaid",0.126778330454856,0.873221669545144
"Not_Repaid","Not_Repaid",0.855147836169426,0.144852163830574
"Not_Repaid","Not_Repaid",0.889271612415562,0.110728387584438
"Repaid","Repaid",0.405524792309606,0.594475207690394
"Repaid","Not_Repaid",0.701148301884734,0.298851698115266
"Not_Repaid","Not_Repaid",0.62917752290611,0.37082247709389
"Not_Repaid","Not_Repaid",0.798993057067954,0.201006942932046
"Not_Repaid","Not_Repaid",0.975795436280301,0.0242045637196989
"Repaid","Repaid",0.0274780558019867,0.972521944198013
"Repaid","Repaid",0.0424786548412391,0.957521345158761
"Not_Repaid","Not_Repaid",0.983304427961466,0.0166955720385337
"Repaid","Not_Repaid",0.782402939385023,0.217597060614977
"Not_Repaid","Not_Repaid",0.823648444810471,0.176351555189529
"Not_Repaid","Not_Repaid",0.720499711017883,0.279500288982117
"Not_Repaid","Repaid",0.473719314892144,0.526280685107856
"Repaid","Not_Repaid",0.545866293781658,0.454133706218342
"Repaid","Repaid",0.493674672325286,0.506325327674714
"Not_Repaid","Not_Repaid",0.91372308629047,0.0862769137095303
"Repaid","Repaid",0.28423584407946,0.71576415592054
"Repaid","Repaid",0.317201258568503,0.682798741431497
"Repaid","Repaid",0.283101838795883,0.716898161204117
"Repaid","Repaid",0.277000700728156,0.722999299271844
"Not_Repaid","Not_Repaid",0.796737814418788,0.203262185581212
"Not_Repaid","Not_Repaid",0.978828424947702,0.0211715750522983
"Repaid","Repaid",0.183664686714273,0.816335313285727
"Not_Repaid","Not_Repaid",0.814617488893749,0.185382511106251
"Not_Repaid","Not_Repaid",0.995043917966795,0.00495608203320497
"Repaid","Repaid",0.0357205628876125,0.964279437112388
"Not_Repaid","Not_Repaid",0.868774741579804,0.131225258420196
"Not_Repaid","Not_Repaid",0.891062951189704,0.108937048810296
"Repaid","Repaid",0.134674635106313,0.865325364893687
"Repaid","Not_Repaid",0.515986005478635,0.484013994521365
"Repaid","Repaid",0.0348614857462443,0.965138514253756
"Repaid","Repaid",0.239981800929274,0.760018199070726
"Repaid","Repaid",0.080894125151311,0.919105874848689
"Not_Repaid","Not_Repaid",0.73285655782469,0.26714344217531
"Repaid","Not_Repaid",0.647168299439731,0.352831700560269
"Repaid","Repaid",0.0218119209998726,0.978188079000127
"Repaid","Repaid",0.0878748379085027,0.912125162091497
"Not_Repaid","Repaid",0.10273011383954,0.89726988616046
"Not_Repaid","Not_Repaid",0.878184902056244,0.121815097943756
"Not_Repaid","Not_Repaid",0.919367692283314,0.0806323077166859
"Not_Repaid","Not_Repaid",0.685051184806478,0.314948815193522
"Not_Repaid","Repaid",0.499588290613431,0.500411709386569
"Not_Repaid","Not_Repaid",0.821817912404588,0.178182087595412
"Not_Repaid","Not_Repaid",0.714544357310587,0.285455642689413
"Not_Repaid","Not_Repaid",0.771402957175789,0.228597042824211
"Repaid","Repaid",0.163070302967737,0.836929697032263
"Not_Repaid","Not_Repaid",0.765004180873465,0.234995819126535
"Repaid","Repaid",0.223661902680415,0.776338097319585
"Repaid","Repaid",0.209804855806147,0.790195144193853
"Not_Repaid","Not_Repaid",0.645928945423848,0.354071054576152
"Repaid","Repaid",0.169949382300902,0.830050617699098
"Not_Repaid","Not_Repaid",0.972137480753738,0.0278625192462616
"Not_Repaid","Not_Repaid",0.788093295966758,0.211906704033242
"Repaid","Repaid",0.0721402235579705,0.92785977644203
"Not_Repaid","Not_Repaid",0.676900376014053,0.323099623985947
"Not_Repaid","Not_Repaid",0.860090223325407,0.139909776674593
"Not_Repaid","Not_Repaid",0.864355132087112,0.135644867912888
"Not_Repaid","Repaid",0.137724251167722,0.862275748832278
"Not_Repaid","Not_Repaid",0.975597781199457,0.0244022188005426
"Not_Repaid","Not_Repaid",0.747819841050324,0.252180158949676
"Repaid","Repaid",0.0340796839485891,0.965920316051411
"Not_Repaid","Not_Repaid",0.872743439807492,0.127256560192508
"Not_Repaid","Not_Repaid",0.888980753139598,0.111019246860402
"Not_Repaid","Not_Repaid",0.762551277510969,0.237448722489031
"Not_Repaid","Not_Repaid",0.956006721607108,0.0439932783928923
"Repaid","Repaid",0.0631881780003831,0.936811821999617
"Repaid","Not_Repaid",0.501634681253716,0.498365318746284
"Not_Repaid","Not_Repaid",0.752808669054059,0.247191330945941
"Repaid","Not_Repaid",0.934292667759349,0.0657073322406513
"Repaid","Repaid",0.0722317579613109,0.927768242038689
"Not_Repaid","Not_Repaid",0.912938529337045,0.0870614706629553
"Not_Repaid","Not_Repaid",0.84643712823163,0.15356287176837
"Repaid","Repaid",0.0367615270246309,0.963238472975369
"Repaid","Repaid",0.233048847024159,0.766951152975841
"Not_Repaid","Repaid",0.386295899482873,0.613704100517127
"Repaid","Repaid",0.235637198605773,0.764362801394227
"Repaid","Repaid",0.0663243755469112,0.933675624453089
"Repaid","Repaid",0.0352034241814293,0.964796575818571
"Repaid","Not_Repaid",0.784960268044783,0.215039731955217
"Repaid","Repaid",0.0256314572454567,0.974368542754543
"Not_Repaid","Not_Repaid",0.967507486375528,0.0324925136244722
"Not_Repaid","Not_Repaid",0.873634985545433,0.126365014454567
"Repaid","Repaid",0.10111781375105,0.89888218624895
"Repaid","Repaid",0.0786297880298742,0.921370211970126
"Not_Repaid","Repaid",0.21893442172405,0.78106557827595
"Not_Repaid","Repaid",0.437687923986042,0.562312076013958
"Repaid","Repaid",0.0137219964344277,0.986278003565572
"Not_Repaid","Not_Repaid",0.711073748861021,0.288926251138979
"Repaid","Not_Repaid",0.749675506445291,0.250324493554709
"Not_Repaid","Repaid",0.148624888358168,0.851375111641832
"Repaid","Repaid",0.0599097768382222,0.940090223161778
"Repaid","Repaid",0.0359150748975965,0.964084925102404
"Repaid","Not_Repaid",0.840938874103514,0.159061125896486
"Not_Repaid","Not_Repaid",0.990556118235214,0.00944388176478553
"Not_Repaid","Repaid",0.0807840591379083,0.919215940862092
"Repaid","Repaid",0.190902637899856,0.809097362100144
"Repaid","Repaid",0.318634196431659,0.681365803568341
"Repaid","Repaid",0.329741082450348,0.670258917549652
"Not_Repaid","Not_Repaid",0.854317699782707,0.145682300217293
"Repaid","Repaid",0.333785349649907,0.666214650350093
"Repaid","Repaid",0.120669657693051,0.879330342306949
"Repaid","Repaid",0.0810087837608703,0.91899121623913
"Not_Repaid","Repaid",0.207807685738218,0.792192314261782
"Repaid","Repaid",0.401222793785294,0.598777206214706
"Not_Repaid","Not_Repaid",0.946277921270709,0.0537220787292912
"Repaid","Repaid",0.464004118623045,0.535995881376955
"Not_Repaid","Repaid",0.0857972052502749,0.914202794749725
"Not_Repaid","Not_Repaid",0.584177208492641,0.415822791507359
"Not_Repaid","Repaid",0.360512777755532,0.639487222244468
"Not_Repaid","Repaid",0.0749628563383256,0.925037143661674
"Not_Repaid","Not_Repaid",0.750849614805867,0.249150385194133
"Not_Repaid","Not_Repaid",0.599897930848687,0.400102069151313
"Not_Repaid","Not_Repaid",0.523987442202679,0.476012557797321
"Not_Repaid","Not_Repaid",0.551524608502993,0.448475391497007
"Not_Repaid","Not_Repaid",0.854338686907204,0.145661313092796
"Not_Repaid","Repaid",0.152978479336004,0.847021520663996
"Repaid","Repaid",0.0505542363626198,0.94944576363738
"Not_Repaid","Not_Repaid",0.70269088322525,0.29730911677475
"Not_Repaid","Not_Repaid",0.917795393204969,0.0822046067950307
"Not_Repaid","Not_Repaid",0.731729297583386,0.268270702416614
"Repaid","Repaid",0.0140727973262604,0.98592720267374
"Not_Repaid","Repaid",0.211794352421023,0.788205647578977
"Repaid","Not_Repaid",0.68660247155959,0.31339752844041
"Repaid","Repaid",0.0345145983787289,0.965485401621271
"Not_Repaid","Repaid",0.470738885210191,0.529261114789809
"Not_Repaid","Not_Repaid",0.907781950925723,0.0922180490742765
"Not_Repaid","Not_Repaid",0.521643047027485,0.478356952972515
"Not_Repaid","Not_Repaid",0.821066259051091,0.178933740948909
"Not_Repaid","Not_Repaid",0.767169361079652,0.232830638920348
"Repaid","Repaid",0.022454229893631,0.977545770106369
"Not_Repaid","Not_Repaid",0.993809046391306,0.00619095360869416
"Not_Repaid","Not_Repaid",0.612109734449072,0.387890265550928
"Repaid","Not_Repaid",0.648856324079844,0.351143675920156
"Repaid","Repaid",0.147375865341843,0.852624134658157
"Repaid","Repaid",0.027039910948331,0.972960089051669
"Repaid","Repaid",0.0566013901551337,0.943398609844866
"Repaid","Repaid",0.163186323443356,0.836813676556644
"Not_Repaid","Not_Repaid",0.848574503142092,0.151425496857908
"Repaid","Repaid",0.208025518201711,0.791974481798289
"Repaid","Repaid",0.261204243853382,0.738795756146618
"Not_Repaid","Not_Repaid",0.83276318761768,0.16723681238232
"Repaid","Repaid",0.0550129470514004,0.9449870529486
"Not_Repaid","Repaid",0.159999228852015,0.840000771147985
"Repaid","Not_Repaid",0.972926813569257,0.0270731864307426
"Repaid","Repaid",0.074968071147473,0.925031928852527
"Not_Repaid","Not_Repaid",0.936965464344124,0.0630345356558758
"Not_Repaid","Not_Repaid",0.953251153311118,0.0467488466888824
"Repaid","Repaid",0.124144856409311,0.875855143590689
"Repaid","Repaid",0.0433475247602157,0.956652475239784
"Repaid","Repaid",0.17823206523748,0.82176793476252
"Repaid","Repaid",0.100221925519291,0.899778074480709
"Not_Repaid","Not_Repaid",0.894354959549837,0.105645040450163
"Repaid","Repaid",0.0280748036522769,0.971925196347723
"Repaid","Not_Repaid",0.855469021276258,0.144530978723742
"Repaid","Repaid",0.047517895240936,0.952482104759064
"Repaid","Not_Repaid",0.575393325339615,0.424606674660385
"Not_Repaid","Not_Repaid",0.770697116091648,0.229302883908352
"Repaid","Repaid",0.473718912152227,0.526281087847773
"Not_Repaid","Not_Repaid",0.926506573179133,0.0734934268208669
"Repaid","Repaid",0.0449851128504792,0.955014887149521
"Not_Repaid","Not_Repaid",0.838480085119044,0.161519914880956
"Repaid","Repaid",0.0218253463234918,0.978174653676508
"Not_Repaid","Not_Repaid",0.542054954861994,0.457945045138006
"Repaid","Repaid",0.419127555297464,0.580872444702536
"Repaid","Not_Repaid",0.671551921024846,0.328448078975154
"Repaid","Repaid",0.090223103523695,0.909776896476305
"Repaid","Repaid",0.0626849431923538,0.937315056807646
"Not_Repaid","Not_Repaid",0.965672697257787,0.0343273027422131
"Not_Repaid","Not_Repaid",0.887815808372222,0.112184191627778
"Repaid","Repaid",0.0671116934926749,0.932888306507325
"Not_Repaid","Not_Repaid",0.877304394018032,0.122695605981968
"Repaid","Repaid",0.0426546496353485,0.957345350364652
"Repaid","Repaid",0.329783856540952,0.670216143459048
"Repaid","Repaid",0.0143338707790562,0.985666129220944
"Not_Repaid","Not_Repaid",0.893619440598135,0.106380559401865
"Repaid","Repaid",0.117130369199908,0.882869630800092
"Not_Repaid","Not_Repaid",0.692879809039378,0.307120190960622
"Repaid","Not_Repaid",0.706624878599998,0.293375121400002
"Not_Repaid","Not_Repaid",0.627995310639778,0.372004689360222
"Repaid","Repaid",0.158469211802081,0.841530788197919
"Repaid","Repaid",0.113077870772196,0.886922129227804
"Not_Repaid","Not_Repaid",0.97649967069857,0.0235003293014304
"Repaid","Repaid",0.20503612086106,0.79496387913894
"Not_Repaid","Not_Repaid",0.576682031286215,0.423317968713785
"Repaid","Repaid",0.471921335889229,0.528078664110771
"Not_Repaid","Not_Repaid",0.934443634408728,0.0655563655912719
"Not_Repaid","Not_Repaid",0.570454877393379,0.429545122606621
"Not_Repaid","Not_Repaid",0.780144375589077,0.219855624410923
"Repaid","Repaid",0.210773587059743,0.789226412940257
"Not_Repaid","Not_Repaid",0.801340938798289,0.198659061201711
"Repaid","Repaid",0.0397246349982635,0.960275365001736
"Not_Repaid","Not_Repaid",0.738277363754935,0.261722636245065
"Repaid","Repaid",0.272965827769959,0.727034172230041
"Repaid","Repaid",0.349300312068312,0.650699687931688
"Not_Repaid","Not_Repaid",0.904739971327727,0.0952600286722727
"Repaid","Repaid",0.48531908456096,0.51468091543904
"Not_Repaid","Not_Repaid",0.803200056534879,0.196799943465121
"Not_Repaid","Not_Repaid",0.97301666384391,0.0269833361560901
"Repaid","Repaid",0.266516478759376,0.733483521240624
"Not_Repaid","Not_Repaid",0.925824366388666,0.074175633611334
"Not_Repaid","Not_Repaid",0.934877073730372,0.065122926269628
"Not_Repaid","Not_Repaid",0.937263938168877,0.0627360618311227
"Not_Repaid","Not_Repaid",0.794851540438783,0.205148459561217
"Repaid","Repaid",0.0434126043940694,0.956587395605931
"Not_Repaid","Not_Repaid",0.886566695841662,0.113433304158338
"Repaid","Repaid",0.140694427285345,0.859305572714655
"Repaid","Not_Repaid",0.688272975948176,0.311727024051824
"Not_Repaid","Not_Repaid",0.559498106341707,0.440501893658293
"Not_Repaid","Not_Repaid",0.92736128435444,0.0726387156455602
"Not_Repaid","Not_Repaid",0.733395584255572,0.266604415744428
"Repaid","Repaid",0.133434968210732,0.866565031789268
"Repaid","Repaid",0.311142158686234,0.688857841313766
"Not_Repaid","Not_Repaid",0.811950386414675,0.188049613585325
"Repaid","Not_Repaid",0.885245173475725,0.114754826524275
"Repaid","Repaid",0.123002676830453,0.876997323169547
"Repaid","Repaid",0.0433759088957968,0.956624091104203
"Not_Repaid","Not_Repaid",0.830267071940662,0.169732928059338
"Repaid","Repaid",0.162382873122562,0.837617126877438
"Not_Repaid","Not_Repaid",0.678151986057598,0.321848013942402
"Not_Repaid","Not_Repaid",0.938226657454844,0.0617733425451558
"Repaid","Not_Repaid",0.584132613860783,0.415867386139217
"Not_Repaid","Not_Repaid",0.512609611337985,0.487390388662015
"Not_Repaid","Not_Repaid",0.953219766037077,0.0467802339629226
"Not_Repaid","Not_Repaid",0.741923829837717,0.258076170162283
"Not_Repaid","Not_Repaid",0.90909416367658,0.0909058363234199
"Repaid","Repaid",0.141273755433508,0.858726244566492
"Repaid","Repaid",0.0127499778360635,0.987250022163937
"Not_Repaid","Not_Repaid",0.931222553690513,0.068777446309487
"Not_Repaid","Not_Repaid",0.908056741616366,0.0919432583836336
"Not_Repaid","Not_Repaid",0.942015292579187,0.0579847074208128
"Not_Repaid","Not_Repaid",0.942661294795785,0.0573387052042154
"Repaid","Repaid",0.0972369259844683,0.902763074015532
"Not_Repaid","Not_Repaid",0.54982989796083,0.45017010203917
"Repaid","Not_Repaid",0.576669058011739,0.423330941988261
"Repaid","Repaid",0.234678958176635,0.765321041823365
"Repaid","Repaid",0.0170514648252125,0.982948535174788
"Not_Repaid","Not_Repaid",0.781756844629633,0.218243155370367
"Not_Repaid","Not_Repaid",0.84871420685344,0.15128579314656
"Not_Repaid","Repaid",0.321906136181092,0.678093863818908
"Repaid","Repaid",0.413911253859927,0.586088746140073
"Not_Repaid","Not_Repaid",0.718433462243175,0.281566537756825
"Repaid","Repaid",0.0593080371943618,0.940691962805638
"Repaid","Repaid",0.0484721138035648,0.951527886196435
"Repaid","Repaid",0.062727725525866,0.937272274474134
"Not_Repaid","Not_Repaid",0.957277933042236,0.0427220669577644
"Repaid","Not_Repaid",0.779749335004215,0.220250664995785
"Repaid","Repaid",0.206054614436855,0.793945385563145
"Not_Repaid","Not_Repaid",0.992782336887535,0.00721766311246495
"Repaid","Repaid",0.11461291508835,0.88538708491165
"Repaid","Repaid",0.0233198554229834,0.976680144577017
"Not_Repaid","Not_Repaid",0.893838219468157,0.106161780531843
"Repaid","Repaid",0.0364845088749722,0.963515491125028
"Not_Repaid","Not_Repaid",0.868256681878423,0.131743318121577
"Not_Repaid","Not_Repaid",0.794284770855853,0.205715229144147
"Not_Repaid","Not_Repaid",0.657517481419938,0.342482518580062
"Repaid","Repaid",0.372358991878059,0.627641008121941
"Repaid","Repaid",0.0189109729047547,0.981089027095245
"Repaid","Repaid",0.471473186250261,0.528526813749739
"Not_Repaid","Not_Repaid",0.672936482421646,0.327063517578354
"Repaid","Repaid",0.246958851061618,0.753041148938382
"Repaid","Repaid",0.0671648653972142,0.932835134602786
"Repaid","Repaid",0.11424629014962,0.88575370985038
"Repaid","Repaid",0.199093562701256,0.800906437298744
"Repaid","Repaid",0.109324023031397,0.890675976968603
"Not_Repaid","Not_Repaid",0.59846321104534,0.40153678895466
"Not_Repaid","Not_Repaid",0.766373029667527,0.233626970332473
"Not_Repaid","Not_Repaid",0.563857632456178,0.436142367543822
"Not_Repaid","Not_Repaid",0.632077709534112,0.367922290465888
"Not_Repaid","Not_Repaid",0.786942945915799,0.213057054084201
"Repaid","Repaid",0.120617602524073,0.879382397475927
"Not_Repaid","Not_Repaid",0.958839062512247,0.041160937487753
"Not_Repaid","Not_Repaid",0.699329171819286,0.300670828180714
"Not_Repaid","Not_Repaid",0.974303290695998,0.0256967093040018
"Not_Repaid","Not_Repaid",0.911432126760706,0.0885678732392938
"Repaid","Repaid",0.196989477626168,0.803010522373832
"Not_Repaid","Not_Repaid",0.76601792160204,0.23398207839796
"Not_Repaid","Not_Repaid",0.942831417190896,0.0571685828091039
"Repaid","Repaid",0.112497089426762,0.887502910573238
"Repaid","Not_Repaid",0.731489209867378,0.268510790132622
"Repaid","Repaid",0.0455357608142959,0.954464239185704
"Not_Repaid","Not_Repaid",0.967456833456358,0.0325431665436416
"Not_Repaid","Not_Repaid",0.83331999217914,0.16668000782086
"Not_Repaid","Not_Repaid",0.988910730113335,0.0110892698866653
"Repaid","Not_Repaid",0.674451061505146,0.325548938494855
"Repaid","Repaid",0.027271920961334,0.972728079038666
"Not_Repaid","Repaid",0.0385992219588225,0.961400778041178
"Repaid","Repaid",0.0266220294419123,0.973377970558088
"Not_Repaid","Not_Repaid",0.845400383587506,0.154599616412494
"Not_Repaid","Repaid",0.280861938474281,0.719138061525719
"Not_Repaid","Not_Repaid",0.857730736708593,0.142269263291407
"Not_Repaid","Not_Repaid",0.907534903454315,0.0924650965456848
"Repaid","Repaid",0.0868286196595535,0.913171380340447
"Not_Repaid","Not_Repaid",0.607248283979655,0.392751716020345
"Repaid","Repaid",0.274143258209957,0.725856741790043
"Repaid","Repaid",0.0369801397632115,0.963019860236789
"Not_Repaid","Not_Repaid",0.95559217261537,0.0444078273846304
"Not_Repaid","Repaid",0.323481773825696,0.676518226174304
"Repaid","Repaid",0.14335157008769,0.85664842991231
"Repaid","Not_Repaid",0.942787096236166,0.0572129037638339
"Not_Repaid","Not_Repaid",0.601001967759755,0.398998032240245
"Repaid","Not_Repaid",0.888355054106306,0.111644945893694
"Repaid","Repaid",0.0258400930189483,0.974159906981052
"Not_Repaid","Not_Repaid",0.739047953573266,0.260952046426734
"Repaid","Repaid",0.117781250127128,0.882218749872872
"Repaid","Repaid",0.0454388881342372,0.954561111865763
"Not_Repaid","Not_Repaid",0.905728506407307,0.0942714935926928
"Not_Repaid","Not_Repaid",0.906572474764858,0.0934275252351421
"Not_Repaid","Not_Repaid",0.960077690240088,0.0399223097599124
"Repaid","Not_Repaid",0.752175887267723,0.247824112732277
"Not_Repaid","Repaid",0.111680647680235,0.888319352319765
"Not_Repaid","Not_Repaid",0.746059770352342,0.253940229647658
"Repaid","Repaid",0.0294493600116867,0.970550639988313
"Not_Repaid","Not_Repaid",0.986160615013043,0.0138393849869572
"Not_Repaid","Not_Repaid",0.795361968951157,0.204638031048843
"Not_Repaid","Not_Repaid",0.786842216635333,0.213157783364667
"Not_Repaid","Not_Repaid",0.934836599979135,0.065163400020865
"Not_Repaid","Not_Repaid",0.93962515938359,0.0603748406164096
"Not_Repaid","Not_Repaid",0.830112038693186,0.169887961306815
"Repaid","Repaid",0.170196799420281,0.829803200579719
"Repaid","Repaid",0.0668558065663131,0.933144193433687
"Not_Repaid","Not_Repaid",0.529659859129556,0.470340140870444
"Repaid","Repaid",0.0770216499211115,0.922978350078889
"Repaid","Repaid",0.0904758342646369,0.909524165735363
"Not_Repaid","Not_Repaid",0.830470272657445,0.169529727342555
"Repaid","Repaid",0.215674981930109,0.784325018069891
"Repaid","Repaid",0.0519855617289798,0.94801443827102
"Repaid","Repaid",0.455775477019527,0.544224522980473
"Repaid","Repaid",0.132124656997672,0.867875343002328
"Repaid","Not_Repaid",0.519022719415521,0.480977280584478
"Repaid","Repaid",0.0610342599099898,0.93896574009001
"Repaid","Not_Repaid",0.884874164286569,0.115125835713431
"Repaid","Repaid",0.0596196040662967,0.940380395933703
"Repaid","Repaid",0.101402508777009,0.898597491222991
"Repaid","Repaid",0.135045952252956,0.864954047747044
"Repaid","Repaid",0.181873728001315,0.818126271998685
"Repaid","Not_Repaid",0.835365146050857,0.164634853949143
"Not_Repaid","Not_Repaid",0.98541152204016,0.0145884779598403
"Not_Repaid","Not_Repaid",0.555883755357895,0.444116244642105
"Not_Repaid","Not_Repaid",0.904622897572197,0.0953771024278032
"Repaid","Not_Repaid",0.716102191449607,0.283897808550393
"Not_Repaid","Not_Repaid",0.80038871440057,0.19961128559943
"Repaid","Not_Repaid",0.660998822338566,0.339001177661434
"Not_Repaid","Not_Repaid",0.97584024899553,0.0241597510044704
"Not_Repaid","Not_Repaid",0.685581826341586,0.314418173658414
"Repaid","Repaid",0.0393170145704794,0.960682985429521
"Repaid","Repaid",0.0612065273374615,0.938793472662539
"Repaid","Repaid",0.0786266292455046,0.921373370754495
"Not_Repaid","Not_Repaid",0.966527394271263,0.0334726057287366
"Repaid","Repaid",0.163517450135968,0.836482549864032
"Not_Repaid","Not_Repaid",0.691397778439669,0.308602221560332
"Not_Repaid","Not_Repaid",0.844515993272262,0.155484006727738
"Not_Repaid","Not_Repaid",0.924175421732709,0.0758245782672907
"Repaid","Repaid",0.042480668840413,0.957519331159587
"Not_Repaid","Not_Repaid",0.946274158888773,0.053725841111227
"Repaid","Not_Repaid",0.60498670905985,0.39501329094015
"Not_Repaid","Not_Repaid",0.688604359975214,0.311395640024786
"Repaid","Repaid",0.106708588173582,0.893291411826418
"Not_Repaid","Not_Repaid",0.957793609024547,0.0422063909754525
"Repaid","Repaid",0.0503188214955687,0.949681178504431
"Not_Repaid","Not_Repaid",0.597391919852373,0.402608080147627
"Not_Repaid","Not_Repaid",0.89608995669689,0.10391004330311
"Repaid","Repaid",0.180975859739015,0.819024140260985
"Not_Repaid","Not_Repaid",0.984705736703355,0.0152942632966447
"Not_Repaid","Not_Repaid",0.650708548179609,0.349291451820391
"Repaid","Repaid",0.207424868103721,0.792575131896279
"Repaid","Repaid",0.102685678921769,0.897314321078231
"Repaid","Repaid",0.164185172068275,0.835814827931725
"Repaid","Repaid",0.0386115543158948,0.961388445684105
"Repaid","Repaid",0.0157507590834685,0.984249240916532
"Repaid","Not_Repaid",0.534996829527837,0.465003170472163
"Repaid","Not_Repaid",0.973422829999675,0.0265771700003249
"Not_Repaid","Not_Repaid",0.713656694598465,0.286343305401535
"Repaid","Repaid",0.0219605305699487,0.978039469430051
"Repaid","Repaid",0.102123843488963,0.897876156511037
"Not_Repaid","Not_Repaid",0.585080500991188,0.414919499008812
"Not_Repaid","Not_Repaid",0.770797420235803,0.229202579764197
"Repaid","Repaid",0.268092754396832,0.731907245603168
"Not_Repaid","Not_Repaid",0.982694911347051,0.0173050886529492
"Repaid","Repaid",0.127324275447796,0.872675724552204
"Not_Repaid","Not_Repaid",0.717588519387257,0.282411480612743
"Repaid","Repaid",0.168930743802835,0.831069256197165
"Not_Repaid","Not_Repaid",0.920427524226089,0.0795724757739113
"Repaid","Repaid",0.0317508239851113,0.968249176014889
"Repaid","Not_Repaid",0.511206511520174,0.488793488479826
"Repaid","Repaid",0.351618845163315,0.648381154836685
"Not_Repaid","Repaid",0.189429935201052,0.810570064798948
"Not_Repaid","Repaid",0.23793392795502,0.76206607204498
"Not_Repaid","Repaid",0.331984321772327,0.668015678227673
"Repaid","Not_Repaid",0.581016652427384,0.418983347572616
"Not_Repaid","Not_Repaid",0.96734697195521,0.0326530280447904
"Not_Repaid","Not_Repaid",0.744708477595828,0.255291522404172
"Not_Repaid","Not_Repaid",0.750096449198213,0.249903550801787
"Not_Repaid","Not_Repaid",0.994346325069873,0.00565367493012653
"Not_Repaid","Repaid",0.215436632587521,0.784563367412479
"Not_Repaid","Repaid",0.132658972504881,0.867341027495119
"Not_Repaid","Not_Repaid",0.687999566157637,0.312000433842363
"Repaid","Repaid",0.0762836896844886,0.923716310315511
"Repaid","Repaid",0.102851425184691,0.897148574815309
"Not_Repaid","Not_Repaid",0.733083478504646,0.266916521495354
"Repaid","Repaid",0.466828381367277,0.533171618632723
"Repaid","Not_Repaid",0.860156718047796,0.139843281952203
"Not_Repaid","Not_Repaid",0.536332299024422,0.463667700975578
"Not_Repaid","Not_Repaid",0.875665345167548,0.124334654832452
"Not_Repaid","Not_Repaid",0.967074108581693,0.0329258914183068
"Not_Repaid","Repaid",0.277973300329754,0.722026699670246
"Not_Repaid","Repaid",0.174324256901103,0.825675743098897
"Repaid","Repaid",0.242163959814944,0.757836040185056
"Not_Repaid","Not_Repaid",0.829258378867907,0.170741621132093
"Not_Repaid","Not_Repaid",0.815319037818594,0.184680962181406
"Repaid","Not_Repaid",0.73172367842713,0.26827632157287
"Not_Repaid","Not_Repaid",0.806589244847098,0.193410755152902
"Not_Repaid","Not_Repaid",0.776163295090055,0.223836704909945
"Repaid","Repaid",0.122637459576406,0.877362540423594
"Not_Repaid","Not_Repaid",0.995464683650982,0.00453531634901797
"Repaid","Repaid",0.0496782814260054,0.950321718573995
"Repaid","Not_Repaid",0.674909647833998,0.325090352166002
"Not_Repaid","Not_Repaid",0.956796781304343,0.0432032186956569
"Repaid","Repaid",0.0255605619426095,0.97443943805739
"Not_Repaid","Not_Repaid",0.819778655219537,0.180221344780463
"Not_Repaid","Not_Repaid",0.935199400838886,0.0648005991611143
"Not_Repaid","Not_Repaid",0.718072228386904,0.281927771613096
"Repaid","Repaid",0.0847171396917303,0.91528286030827
"Repaid","Repaid",0.0294808348641586,0.970519165135841
"Not_Repaid","Not_Repaid",0.603972372768366,0.396027627231634
"Repaid","Repaid",0.0715987563547132,0.928401243645287
"Repaid","Not_Repaid",0.519098965933484,0.480901034066516
"Not_Repaid","Repaid",0.32550594313199,0.67449405686801
"Not_Repaid","Repaid",0.36551785636318,0.63448214363682
"Not_Repaid","Repaid",0.454464282438461,0.545535717561539
"Repaid","Repaid",0.214516930390057,0.785483069609943
"Not_Repaid","Not_Repaid",0.527196260383854,0.472803739616146
"Not_Repaid","Not_Repaid",0.904327641141866,0.0956723588581335
"Not_Repaid","Not_Repaid",0.973265721296565,0.0267342787034355
"Not_Repaid","Not_Repaid",0.967532730137646,0.0324672698623544
"Repaid","Repaid",0.264975475027151,0.735024524972849
"Repaid","Repaid",0.17411199273452,0.82588800726548
"Repaid","Repaid",0.123712554020836,0.876287445979164
"Not_Repaid","Repaid",0.471624058733965,0.528375941266035
"Repaid","Repaid",0.297254694970483,0.702745305029517
"Repaid","Repaid",0.0945703090743484,0.905429690925652
"Not_Repaid","Not_Repaid",0.753747894682647,0.246252105317353
"Not_Repaid","Not_Repaid",0.646605517553113,0.353394482446887
"Repaid","Not_Repaid",0.63940670738034,0.36059329261966
"Not_Repaid","Not_Repaid",0.882961911083839,0.117038088916161
"Not_Repaid","Not_Repaid",0.874684905458687,0.125315094541313
"Repaid","Repaid",0.432169319381603,0.567830680618397
"Repaid","Repaid",0.0739983232175525,0.926001676782447
"Repaid","Repaid",0.037910788391936,0.962089211608064
"Not_Repaid","Not_Repaid",0.877417463859485,0.122582536140515
"Not_Repaid","Not_Repaid",0.670070998307339,0.329929001692661
"Not_Repaid","Not_Repaid",0.9886254854654,0.0113745145346
"Not_Repaid","Not_Repaid",0.715716911966333,0.284283088033667
"Repaid","Repaid",0.343847819969912,0.656152180030088
"Repaid","Not_Repaid",0.581866551130265,0.418133448869735
"Not_Repaid","Not_Repaid",0.934756895589461,0.0652431044105386
"Not_Repaid","Not_Repaid",0.66286396267203,0.33713603732797
"Repaid","Repaid",0.0155173861474028,0.984482613852597
"Not_Repaid","Not_Repaid",0.969529543227395,0.0304704567726048
"Not_Repaid","Not_Repaid",0.89225303298342,0.10774696701658
"Repaid","Repaid",0.0622385901209394,0.937761409879061
"Repaid","Repaid",0.210301174711803,0.789698825288197
"Not_Repaid","Not_Repaid",0.717955775494841,0.282044224505159
"Repaid","Repaid",0.0277120294124417,0.972287970587558
"Not_Repaid","Not_Repaid",0.792563522714826,0.207436477285174
"Repaid","Not_Repaid",0.537452953726513,0.462547046273487
"Repaid","Repaid",0.324013631283449,0.675986368716551
"Not_Repaid","Not_Repaid",0.945913513567409,0.0540864864325908
"Repaid","Repaid",0.163828182083311,0.836171817916689
"Repaid","Repaid",0.0817776555920045,0.918222344407996
"Repaid","Not_Repaid",0.722790004460758,0.277209995539242
"Not_Repaid","Not_Repaid",0.935917574744446,0.0640824252555542
"Not_Repaid","Not_Repaid",0.93326844272054,0.0667315572794597
"Not_Repaid","Not_Repaid",0.712066772882911,0.287933227117089
"Not_Repaid","Not_Repaid",0.849908966883784,0.150091033116216
"Repaid","Not_Repaid",0.666228254005162,0.333771745994838
"Not_Repaid","Not_Repaid",0.812701288495614,0.187298711504386
"Repaid","Repaid",0.0330869819351743,0.966913018064826
"Repaid","Repaid",0.0701951669320368,0.929804833067963
"Not_Repaid","Not_Repaid",0.863684481215061,0.136315518784939
"Repaid","Not_Repaid",0.695663550872873,0.304336449127127
"Repaid","Repaid",0.128063457521277,0.871936542478723
"Not_Repaid","Not_Repaid",0.61311209148322,0.386887908516779
"Not_Repaid","Not_Repaid",0.546890473372877,0.453109526627124
"Not_Repaid","Not_Repaid",0.939038930559168,0.0609610694408317
"Repaid","Repaid",0.113587126164863,0.886412873835137
"Repaid","Repaid",0.26740789933643,0.73259210066357
"Not_Repaid","Not_Repaid",0.689417370592902,0.310582629407098
"Repaid","Repaid",0.155366197950953,0.844633802049047
"Repaid","Repaid",0.334287023617892,0.665712976382108
"Not_Repaid","Not_Repaid",0.770497733383145,0.229502266616855
"Repaid","Repaid",0.0718599600893205,0.92814003991068
"Not_Repaid","Not_Repaid",0.95613329623585,0.0438667037641495
"Not_Repaid","Not_Repaid",0.881844397731575,0.118155602268425
"Repaid","Repaid",0.458457712516584,0.541542287483416
"Repaid","Repaid",0.273537138653327,0.726462861346673
"Repaid","Repaid",0.143989135810061,0.856010864189939
"Not_Repaid","Not_Repaid",0.884091508926818,0.115908491073182
"Repaid","Repaid",0.032235672369317,0.967764327630683
"Repaid","Not_Repaid",0.915710778167595,0.0842892218324046
"Repaid","Repaid",0.0218442659711555,0.978155734028844
"Repaid","Not_Repaid",0.640892881964009,0.359107118035991
"Repaid","Repaid",0.0268765906345588,0.973123409365441
"Not_Repaid","Not_Repaid",0.570595414776832,0.429404585223168
"Not_Repaid","Not_Repaid",0.801435962595786,0.198564037404214
"Not_Repaid","Not_Repaid",0.954270552430536,0.0457294475694635
"Not_Repaid","Not_Repaid",0.972722501956979,0.0272774980430209
"Repaid","Repaid",0.105096072316275,0.894903927683725
"Repaid","Not_Repaid",0.875922444400342,0.124077555599658
"Repaid","Repaid",0.126351002028218,0.873648997971782
"Repaid","Repaid",0.120033908766144,0.879966091233856
"Not_Repaid","Not_Repaid",0.986495600520467,0.0135043994795333
"Not_Repaid","Not_Repaid",0.892732861645363,0.107267138354637
"Not_Repaid","Not_Repaid",0.995327315604497,0.00467268439550295
"Repaid","Repaid",0.0347753567330145,0.965224643266986
"Repaid","Repaid",0.211559725779649,0.788440274220351
"Not_Repaid","Not_Repaid",0.891614718078197,0.108385281921803
"Not_Repaid","Not_Repaid",0.97892544273523,0.0210745572647702
"Not_Repaid","Not_Repaid",0.641031900316679,0.358968099683321
"Not_Repaid","Not_Repaid",0.993170853754339,0.00682914624566097
"Repaid","Repaid",0.0687356989036721,0.931264301096328
"Repaid","Not_Repaid",0.57826153418445,0.42173846581555
"Not_Repaid","Not_Repaid",0.773149807106022,0.226850192893978
"Not_Repaid","Not_Repaid",0.580777512844661,0.419222487155339
"Repaid","Repaid",0.0785906688735727,0.921409331126427
"Repaid","Repaid",0.0385707882250446,0.961429211774955
"Repaid","Not_Repaid",0.609364003517251,0.390635996482749
"Repaid","Not_Repaid",0.509339366089008,0.490660633910992
"Not_Repaid","Not_Repaid",0.828546967061924,0.171453032938076
"Not_Repaid","Repaid",0.375521762595413,0.624478237404587
"Not_Repaid","Not_Repaid",0.913559767577792,0.0864402324222079
"Not_Repaid","Repaid",0.253694042383995,0.746305957616005
"Repaid","Repaid",0.0455814317916922,0.954418568208308
"Not_Repaid","Repaid",0.359300718028215,0.640699281971785
"Not_Repaid","Not_Repaid",0.959125274949604,0.0408747250503957
"Repaid","Repaid",0.11394299701055,0.88605700298945
"Not_Repaid","Repaid",0.265503960156516,0.734496039843484
"Repaid","Not_Repaid",0.652060424878492,0.347939575121508
"Not_Repaid","Not_Repaid",0.979030279859451,0.0209697201405487
"Repaid","Repaid",0.156119353846803,0.843880646153197
"Repaid","Repaid",0.121184815329964,0.878815184670036
"Repaid","Repaid",0.215800066565801,0.784199933434199
"Repaid","Repaid",0.0167257163048754,0.983274283695125
"Not_Repaid","Not_Repaid",0.94285219467112,0.0571478053288797
"Not_Repaid","Not_Repaid",0.97254145540351,0.0274585445964904
"Repaid","Not_Repaid",0.511059808499021,0.488940191500979
"Repaid","Repaid",0.423200823628739,0.576799176371261
"Repaid","Repaid",0.0306364521476917,0.969363547852308
"Repaid","Not_Repaid",0.919779295854876,0.0802207041451239
"Not_Repaid","Not_Repaid",0.998435591346437,0.00156440865356335
"Not_Repaid","Not_Repaid",0.959721724961934,0.0402782750380661
"Not_Repaid","Not_Repaid",0.993017603079025,0.00698239692097464
"Not_Repaid","Repaid",0.0298319875492465,0.970168012450753
"Repaid","Repaid",0.0973407738802898,0.90265922611971
"Repaid","Repaid",0.0731624356336708,0.926837564366329
"Not_Repaid","Not_Repaid",0.607845957038527,0.392154042961473
"Repaid","Repaid",0.132716908972704,0.867283091027296
"Not_Repaid","Not_Repaid",0.77512781915019,0.22487218084981
"Repaid","Repaid",0.018192902675352,0.981807097324648
"Repaid","Not_Repaid",0.704488300299217,0.295511699700783
"Not_Repaid","Not_Repaid",0.554248699975853,0.445751300024147
"Repaid","Repaid",0.038684864961467,0.961315135038533
"Repaid","Not_Repaid",0.777841566998972,0.222158433001028
"Not_Repaid","Not_Repaid",0.870573242026816,0.129426757973184
"Not_Repaid","Not_Repaid",0.966971528383626,0.0330284716163737
"Repaid","Repaid",0.120904778695599,0.879095221304401
"Repaid","Repaid",0.212673340245233,0.787326659754767
"Repaid","Not_Repaid",0.885465646612708,0.114534353387292
"Repaid","Not_Repaid",0.650917251278219,0.349082748721781
"Repaid","Repaid",0.157177994014457,0.842822005985543
"Repaid","Repaid",0.314200761497892,0.685799238502108
"Repaid","Repaid",0.00985228386742665,0.990147716132573
"Repaid","Repaid",0.0614518805178312,0.938548119482169
"Repaid","Repaid",0.109031522690882,0.890968477309118
"Repaid","Not_Repaid",0.791743527974814,0.208256472025186
"Not_Repaid","Not_Repaid",0.941197857472455,0.0588021425275453
"Repaid","Not_Repaid",0.513769790610263,0.486230209389737
"Not_Repaid","Not_Repaid",0.668111938270199,0.331888061729801
"Not_Repaid","Not_Repaid",0.718996713628433,0.281003286371567
"Repaid","Repaid",0.288556497858402,0.711443502141598
"Not_Repaid","Not_Repaid",0.920262816888556,0.0797371831114437
"Repaid","Repaid",0.064902860392467,0.935097139607533
"Not_Repaid","Not_Repaid",0.899277662140288,0.100722337859712
"Not_Repaid","Not_Repaid",0.570879004538818,0.429120995461182
"Not_Repaid","Not_Repaid",0.903703119136573,0.0962968808634274
"Not_Repaid","Repaid",0.359403234149355,0.640596765850645
"Repaid","Not_Repaid",0.567424336143502,0.432575663856498
"Repaid","Repaid",0.296285337912255,0.703714662087745
"Not_Repaid","Not_Repaid",0.85294394942133,0.14705605057867
"Repaid","Not_Repaid",0.844332494298367,0.155667505701633
"Repaid","Repaid",0.182688165505399,0.8173118344946
"Repaid","Repaid",0.344429545589775,0.655570454410225
"Repaid","Repaid",0.108803552499461,0.891196447500539
"Repaid","Repaid",0.40524899411735,0.59475100588265
"Not_Repaid","Not_Repaid",0.707007352741745,0.292992647258255
"Not_Repaid","Not_Repaid",0.992446798835585,0.00755320116441553
"Not_Repaid","Not_Repaid",0.691141925295795,0.308858074704205
"Repaid","Repaid",0.0277654684902172,0.972234531509783
"Repaid","Repaid",0.0146555343021642,0.985344465697836
"Repaid","Repaid",0.221060222453671,0.778939777546329
"Repaid","Repaid",0.313589863802847,0.686410136197153
"Repaid","Repaid",0.0453622650007912,0.954637734999209
"Not_Repaid","Not_Repaid",0.931685500790362,0.0683144992096381
"Not_Repaid","Not_Repaid",0.975174959248574,0.0248250407514264
"Not_Repaid","Repaid",0.0268419852699281,0.973158014730072
"Not_Repaid","Repaid",0.240798592272892,0.759201407727108
"Repaid","Repaid",0.134427863586005,0.865572136413995
"Not_Repaid","Not_Repaid",0.965379398577226,0.0346206014227739
"Not_Repaid","Not_Repaid",0.930843038310079,0.0691569616899209
"Repaid","Repaid",0.495016979623921,0.504983020376079
"Not_Repaid","Not_Repaid",0.873340717452404,0.126659282547596
"Not_Repaid","Not_Repaid",0.640316716137242,0.359683283862758
"Not_Repaid","Repaid",0.393437104419789,0.606562895580211
"Not_Repaid","Not_Repaid",0.903348666981015,0.0966513330189849
"Repaid","Repaid",0.0967806954381103,0.90321930456189
"Not_Repaid","Not_Repaid",0.927610652595448,0.0723893474045517
"Repaid","Repaid",0.21166105614925,0.78833894385075
"Repaid","Repaid",0.121121929859243,0.878878070140757
"Not_Repaid","Repaid",0.393899692257493,0.606100307742507
"Repaid","Repaid",0.0245509954650714,0.975449004534929
"Not_Repaid","Not_Repaid",0.527688503866281,0.472311496133719
"Repaid","Repaid",0.263662841605821,0.736337158394179
"Not_Repaid","Not_Repaid",0.972943827680284,0.0270561723197163
"Not_Repaid","Not_Repaid",0.548812208296269,0.451187791703731
"Not_Repaid","Not_Repaid",0.833911797734992,0.166088202265008
"Not_Repaid","Not_Repaid",0.926044266305736,0.0739557336942639
"Repaid","Repaid",0.262428542270129,0.737571457729871
"Repaid","Repaid",0.0453153619731951,0.954684638026805
"Not_Repaid","Not_Repaid",0.975738490109951,0.0242615098900489
"Repaid","Repaid",0.476249692580772,0.523750307419228
"Repaid","Not_Repaid",0.854465762719569,0.145534237280431
"Not_Repaid","Repaid",0.0275703629555366,0.972429637044463
"Not_Repaid","Not_Repaid",0.754408188606097,0.245591811393903
"Not_Repaid","Not_Repaid",0.92534384924231,0.0746561507576895
"Not_Repaid","Not_Repaid",0.965782597351639,0.0342174026483614
"Repaid","Repaid",0.389111894060771,0.610888105939229
"Not_Repaid","Repaid",0.382373810847464,0.617626189152536
"Repaid","Repaid",0.0297008707975108,0.970299129202489
"Not_Repaid","Not_Repaid",0.585309259702367,0.414690740297633
"Not_Repaid","Repaid",0.336749041045297,0.663250958954703
"Not_Repaid","Not_Repaid",0.795474941978143,0.204525058021857
"Not_Repaid","Not_Repaid",0.992492852799015,0.00750714720098505
"Not_Repaid","Not_Repaid",0.987067729450391,0.0129322705496086
"Not_Repaid","Not_Repaid",0.980574186162456,0.019425813837544
"Repaid","Not_Repaid",0.68145967397789,0.31854032602211
"Not_Repaid","Not_Repaid",0.98633798484971,0.0136620151502904
"Not_Repaid","Repaid",0.357811677488039,0.642188322511961
"Not_Repaid","Not_Repaid",0.546261285972694,0.453738714027306
"Repaid","Repaid",0.495912629088126,0.504087370911874
"Repaid","Not_Repaid",0.595662373180814,0.404337626819186
"Not_Repaid","Not_Repaid",0.633602449761232,0.366397550238768
"Not_Repaid","Repaid",0.453063538758455,0.546936461241545
"Repaid","Repaid",0.42498778160127,0.57501221839873
"Repaid","Repaid",0.0371754349751957,0.962824565024804
"Repaid","Repaid",0.11988686042606,0.88011313957394
"Not_Repaid","Not_Repaid",0.64877429306942,0.35122570693058
"Repaid","Repaid",0.444580886561877,0.555419113438123
"Repaid","Repaid",0.0480923553618472,0.951907644638153
