"actual","pred_class","pred_prob"
0,0,0.097681812942028
1,1,0.97437185049057
1,1,0.975483953952789
1,1,0.984564065933228
0,0,0.345584064722061
1,1,0.554781377315521
1,1,0.957206904888153
0,0,0.0187881961464882
1,1,0.97607034444809
1,1,0.988593459129333
1,0,0.0977839305996895
1,1,0.900452494621277
0,0,0.0540429204702377
0,0,0.0131381386891007
1,1,0.987534165382385
0,0,0.0219836793839931
0,0,0.376289576292038
1,0,0.0510874278843403
0,0,0.0118310861289501
0,0,0.268525302410126
0,0,0.025637548416853
1,1,0.841864824295044
1,1,0.988915026187897
0,0,0.0771035775542259
1,1,0.902074217796326
1,1,0.974844515323639
1,1,0.945932924747467
1,1,0.956544458866119
0,0,0.060706552118063
0,0,0.0275698360055685
1,1,0.978198766708374
1,1,0.95581728219986
0,1,0.606181561946869
1,1,0.976509153842926
1,1,0.965494155883789
1,1,0.896672785282135
1,1,0.971438646316528
1,1,0.971965074539185
1,1,0.970640957355499
1,1,0.988150715827942
0,0,0.266641438007355
0,0,0.0159590840339661
1,1,0.954862475395203
1,1,0.988777101039886
0,0,0.0127858119085431
0,0,0.0144612547010183
1,1,0.930559098720551
1,1,0.987730443477631
0,0,0.0475978553295135
0,0,0.0137465288862586
1,1,0.685023128986359
1,1,0.951660573482513
0,0,0.107261598110199
0,0,0.0451132506132126
0,0,0.0109717659652233
1,1,0.905036628246307
0,0,0.426213413476944
0,1,0.625192999839783
0,0,0.0108333332464099
0,0,0.0342148840427399
0,0,0.0439312271773815
1,1,0.864498198032379
1,1,0.981739640235901
1,1,0.887989699840546
0,0,0.0153487427160144
0,0,0.399296998977661
1,1,0.662121176719666
0,0,0.39887672662735
0,0,0.210222840309143
1,1,0.941442251205444
1,1,0.980277836322784
0,0,0.0212574657052755
1,1,0.953132748603821
1,1,0.972943842411041
0,1,0.626588761806488
0,0,0.022184569388628
0,0,0.0270473081618547
0,0,0.0707095637917519
0,0,0.0721366479992867
1,1,0.896450757980347
1,1,0.749325633049011
1,1,0.892410695552826
1,1,0.968852043151855
1,1,0.961002051830292
0,0,0.0314257107675076
1,1,0.981844663619995
1,1,0.974435925483704
1,1,0.983925342559814
0,0,0.178019747138023
0,0,0.053201898932457
0,0,0.0371132530272007
0,0,0.0169235188513994
0,0,0.015999985858798
1,1,0.972322463989258
0,0,0.0322636291384697
0,0,0.028905900195241
0,0,0.00897871796041727
1,1,0.93818324804306
1,1,0.955229878425598
0,0,0.130149737000465
0,0,0.0141377374529839
1,1,0.890078961849213
0,0,0.0169583093374968
1,1,0.987562775611877
1,1,0.968002140522003
0,0,0.0177282094955444
0,0,0.057051308453083
0,0,0.132432714104652
1,1,0.973703682422638
1,1,0.974011719226837
0,0,0.0111235128715634
0,0,0.059226892888546
1,1,0.955161094665527
1,1,0.935160875320435
0,0,0.0189072918146849
1,1,0.98491632938385
0,1,0.970516622066498
0,0,0.0819007679820061
0,1,0.688450932502747
1,1,0.851373612880707
1,1,0.956760942935944
1,1,0.96735817193985
1,1,0.974450647830963
1,1,0.961451530456543
0,0,0.0122181018814445
1,1,0.972778081893921
1,1,0.979099810123444
0,0,0.0348922461271286
1,1,0.914921700954437
1,1,0.972830533981323
0,0,0.0332850851118565
0,0,0.0638150945305824
0,0,0.0194686912000179
0,0,0.0498495511710644
0,0,0.0146635444834828
1,1,0.97233259677887
1,1,0.911090910434723
0,0,0.247235015034676
0,0,0.0348964147269726
0,0,0.0270349308848381
1,1,0.956689417362213
0,0,0.172451391816139
1,1,0.972972869873047
0,0,0.0191938132047653
0,0,0.0238063894212246
1,1,0.959429860115051
1,1,0.983436226844788
1,1,0.902750134468079
1,1,0.98543381690979
0,0,0.0330706685781479
1,1,0.56942880153656
1,1,0.975107252597809
0,0,0.0243304613977671
1,1,0.793419003486633
1,1,0.968651711940765
1,1,0.983794271945953
1,1,0.952029705047607
0,0,0.0273966453969479
0,0,0.0152230020612478
0,0,0.0525835119187832
1,1,0.968030452728271
0,0,0.0160844437777996
1,1,0.958000719547272
1,1,0.956798017024994
1,1,0.972601115703583
0,0,0.112196169793606
0,0,0.0233062636107206
0,0,0.0335857272148132
1,1,0.968496799468994
1,1,0.892886579036713
1,1,0.977564513683319
0,0,0.0223010834306479
0,0,0.265220820903778
0,0,0.253164052963257
1,1,0.974587738513947
0,0,0.0357222333550453
0,0,0.0277043338865042
1,1,0.944458425045013
0,0,0.153209835290909
1,0,0.064170241355896
1,1,0.972509920597076
0,0,0.447078168392181
1,1,0.983842015266418
0,0,0.0448484309017658
1,1,0.831672132015228
0,0,0.11966685205698
0,0,0.0270030423998833
0,0,0.259499162435532
0,0,0.0673597753047943
1,1,0.972469687461853
1,1,0.96656322479248
1,1,0.985911905765533
1,1,0.990124583244324
0,0,0.0133557328954339
1,1,0.970255732536316
1,1,0.983786642551422
0,0,0.0112456530332565
0,1,0.705164670944214
1,1,0.98572051525116
1,1,0.711686193943024
1,1,0.973991274833679
1,1,0.912201941013336
1,1,0.96426922082901
0,0,0.214883983135223
0,0,0.0176288653165102
0,0,0.0413628555834293
0,0,0.0339319445192814
1,1,0.961059272289276
1,1,0.958619832992554
1,1,0.97944712638855
1,1,0.966141521930695
1,1,0.947350859642029
0,1,0.547055900096893
1,1,0.932737767696381
0,0,0.0167851354926825
0,0,0.0670782327651978
0,0,0.020189817994833
1,1,0.983364105224609
0,0,0.0283781923353672
0,0,0.0102191111072898
0,0,0.0325211547315121
1,1,0.982373237609863
1,1,0.974227488040924
1,1,0.963194131851196
1,1,0.98733913898468
0,1,0.757473528385162
0,1,0.95723158121109
0,0,0.0627691894769669
1,1,0.966442406177521
1,1,0.98370498418808
1,1,0.911692917346954
1,1,0.943315446376801
0,0,0.0197200644761324
0,0,0.0630499869585037
1,1,0.971929311752319
0,0,0.0349943712353706
0,0,0.0206670127809048
0,0,0.05853021889925
0,0,0.246962681412697
1,1,0.982601761817932
1,1,0.989715993404388
0,0,0.0103902751579881
0,0,0.0241300072520971
1,1,0.975296854972839
1,1,0.853814244270325
0,0,0.0272395014762878
0,0,0.0605321414768696
0,0,0.34336456656456
1,1,0.98425018787384
1,1,0.979977786540985
1,1,0.948217272758484
1,1,0.988239884376526
1,1,0.744238317012787
0,0,0.0337418839335442
1,1,0.955288052558899
0,1,0.631179392337799
0,0,0.0354918241500854
0,0,0.0131482686847448
1,1,0.972837209701538
0,0,0.0430885478854179
0,0,0.0530204400420189
0,0,0.0287198107689619
1,1,0.977102100849152
0,0,0.0414053052663803
0,0,0.0217924471944571
0,0,0.0256790388375521
1,1,0.921428203582764
1,1,0.973660290241241
0,1,0.669626414775848
0,0,0.0400205031037331
0,0,0.0368746481835842
0,0,0.0108444942161441
1,1,0.985708355903625
0,1,0.825435042381287
1,1,0.869154691696167
0,0,0.384227395057678
0,0,0.060169443488121
0,0,0.0139836119487882
1,1,0.935621440410614
0,0,0.0115483859553933
1,1,0.951902568340302
0,0,0.0491367280483246
0,0,0.0139314588159323
0,0,0.0684797540307045
0,1,0.893385469913483
0,0,0.0127293942496181
0,0,0.0214976985007524
1,1,0.980765044689178
0,0,0.0126282898709178
0,0,0.0195293985307217
0,0,0.012698819860816
0,0,0.0235795360058546
1,1,0.966368615627289
1,1,0.976333856582642
0,0,0.0564611405134201
1,1,0.800887644290924
0,0,0.0283763911575079
1,1,0.986277282238007
1,1,0.979122757911682
1,1,0.818281769752502
1,1,0.793702900409698
1,1,0.983765780925751
0,0,0.0204306729137897
0,0,0.0130559140816331
1,1,0.890923917293549
0,0,0.0277285855263472
1,1,0.856670260429382
1,1,0.98236483335495
1,1,0.975359201431274
1,1,0.965207278728485
0,0,0.222294211387634
0,0,0.0300755612552166
0,0,0.0288432203233242
1,1,0.953775823116302
0,1,0.948800086975098
0,0,0.0289196837693453
0,0,0.0294375754892826
0,0,0.0418891273438931
0,0,0.0260843802243471
1,1,0.783886551856995
0,0,0.0342262797057629
0,0,0.0334785617887974
1,0,0.0415678657591343
1,1,0.975807368755341
1,0,0.293333768844604
0,1,0.509312808513641
0,0,0.105537332594395
0,0,0.0656099244952202
1,1,0.972273528575897
0,0,0.0248087719082832
1,1,0.940757215023041
1,1,0.942331850528717
1,1,0.966542184352875
1,1,0.709052443504333
0,0,0.0130219850689173
1,1,0.924785792827606
0,0,0.0361882075667381
1,1,0.978419899940491
0,0,0.0514038652181625
1,1,0.971719205379486
0,0,0.108137808740139
1,1,0.962543606758118
1,0,0.152222514152527
0,0,0.430881768465042
0,0,0.0428968220949173
1,1,0.954013466835022
0,0,0.0168046075850725
0,0,0.26910924911499
1,1,0.900658965110779
1,1,0.931023955345154
1,0,0.348066002130508
1,1,0.902091920375824
0,0,0.022209107875824
0,0,0.0674497485160828
1,1,0.967944204807281
1,1,0.978805720806122
1,1,0.946719646453857
1,1,0.988588690757751
0,0,0.154478088021278
0,0,0.052863173186779
1,1,0.949001133441925
0,0,0.0334744863212109
1,1,0.9601149559021
0,0,0.0199454519897699
0,0,0.145240172743797
0,1,0.959021270275116
1,0,0.314563125371933
1,1,0.950903236865997
0,0,0.0296961255371571
1,1,0.948506653308868
0,1,0.644497692584991
0,0,0.29535698890686
1,1,0.968990981578827
0,0,0.0655680000782013
1,1,0.991473078727722
0,0,0.029345141723752
1,1,0.974892497062683
0,0,0.0504332035779953
1,1,0.971653699874878
1,1,0.973652601242065
0,0,0.0246868152171373
0,0,0.036173902451992
1,1,0.968436121940613
1,1,0.644058406352997
0,0,0.0146939791738987
0,1,0.623079180717468
0,0,0.487583041191101
0,0,0.0453020818531513
1,1,0.527414858341217
1,0,0.212238475680351
1,1,0.981486260890961
0,0,0.109389431774616
0,0,0.0470930673182011
0,0,0.113456636667252
0,0,0.0149021688848734
1,1,0.985399782657623
0,0,0.0887444689869881
1,1,0.946361064910889
0,0,0.0397853516042233
1,1,0.966421246528625
0,0,0.0441795289516449
0,0,0.291594088077545
1,1,0.942112565040588
1,1,0.90554004907608
0,0,0.0515041202306747
0,0,0.252740651369095
1,1,0.70594185590744
1,1,0.813989341259003
1,1,0.980432391166687
1,1,0.955147743225098
1,1,0.961317479610443
1,1,0.977330327033997
0,0,0.216627910733223
1,1,0.981657862663269
0,0,0.250713437795639
0,1,0.910200417041779
1,1,0.966880857944489
1,1,0.922747015953064
1,1,0.96737813949585
1,0,0.494077980518341
0,0,0.125015035271645
0,0,0.0277737509459257
0,0,0.0163818821310997
1,1,0.821443796157837
0,0,0.180646225810051
0,0,0.0113424211740494
1,1,0.962571799755096
1,1,0.845736920833588
1,1,0.988438069820404
0,0,0.0509674847126007
1,1,0.981245875358582
1,1,0.825773596763611
0,0,0.0321439392864704
0,0,0.279420226812363
0,0,0.0237075928598642
1,1,0.961495280265808
1,1,0.982951939105988
1,1,0.973876416683197
1,1,0.933522582054138
1,1,0.936228334903717
1,0,0.061077069491148
1,0,0.369496881961823
0,0,0.0567941255867481
0,0,0.108059100806713
1,1,0.972923636436462
1,1,0.941981375217438
1,1,0.957766652107239
0,0,0.138433009386063
0,0,0.0253060013055801
0,0,0.0292869918048382
1,1,0.971950829029083
1,1,0.899943351745605
1,1,0.894944250583649
1,1,0.987032175064087
0,0,0.0828026086091995
0,0,0.0164625532925129
1,1,0.967607140541077
1,1,0.968348324298859
1,1,0.691753804683685
0,1,0.952058136463165
0,0,0.0312509052455425
0,0,0.0476707592606544
1,1,0.970829546451569
1,1,0.979080736637115
1,1,0.979484856128693
1,1,0.896411418914795
0,0,0.0424283482134342
0,0,0.0208315122872591
1,0,0.026673061773181
1,1,0.988037705421448
0,0,0.291563600301743
0,0,0.0332912020385265
1,1,0.979250133037567
1,1,0.988914906978607
0,0,0.0730922296643257
0,1,0.515280663967133
0,0,0.0258792228996754
1,1,0.963640511035919
1,1,0.970648467540741
0,0,0.0107889585196972
1,1,0.91880339384079
1,1,0.975577533245087
1,1,0.955108404159546
0,0,0.0111933099105954
0,0,0.384619206190109
1,1,0.959874153137207
1,1,0.966817557811737
0,0,0.023173900321126
1,1,0.971106827259064
0,0,0.0209984052926302
0,0,0.0165960341691971
0,0,0.0237453617155552
0,0,0.189740598201752
1,1,0.979271352291107
0,0,0.0350297167897224
0,0,0.067566305398941
1,1,0.954714775085449
1,1,0.95940363407135
1,1,0.965922951698303
1,1,0.949139595031738
0,0,0.0175329931080341
0,0,0.135152161121368
1,1,0.923336863517761
1,1,0.971138834953308
1,1,0.858777046203613
1,1,0.947451651096344
1,1,0.970063328742981
0,0,0.0542132295668125
0,0,0.0875301659107208
0,0,0.0124431475996971
1,1,0.692993700504303
0,0,0.0131961703300476
0,0,0.0116740688681602
0,0,0.0657660067081451
0,0,0.0139402989298105
0,0,0.0133561100810766
0,0,0.0103739015758038
1,1,0.803836226463318
0,0,0.323961287736893
1,1,0.642863929271698
0,0,0.0104636242613196
1,1,0.970695614814758
1,1,0.977719247341156
1,1,0.90523087978363
0,0,0.0394234023988247
0,0,0.300631642341614
1,1,0.801032364368439
1,1,0.977752029895782
0,0,0.0851590782403946
1,1,0.894297480583191
1,1,0.982506632804871
1,1,0.859982371330261
1,1,0.948644280433655
0,0,0.0108662387356162
0,0,0.0157210752367973
1,1,0.968506634235382
1,1,0.915601074695587
1,1,0.961609899997711
1,1,0.962626993656158
1,1,0.97664874792099
1,1,0.978780627250671
0,0,0.3754041492939
0,0,0.0411767549812794
0,0,0.011631041765213
0,0,0.0215060990303755
0,1,0.879529714584351
0,0,0.0236722230911255
1,1,0.984811902046204
0,0,0.106902942061424
1,1,0.899131774902344
0,0,0.325839221477509
1,1,0.97115558385849
1,1,0.978727638721466
1,1,0.744839310646057
1,1,0.9822638630867
0,0,0.0410632416605949
1,1,0.68367075920105
1,1,0.90962678194046
0,1,0.882856070995331
0,0,0.108935534954071
0,0,0.00802143197506666
0,0,0.0689405053853989
0,0,0.0207303520292044
0,0,0.0164142306894064
0,0,0.225915193557739
0,0,0.210846737027168
1,1,0.980916976928711
1,1,0.988258719444275
1,1,0.931043326854706
0,0,0.03155367821455
0,0,0.0947405397891998
0,0,0.0130210723727942
0,0,0.196591734886169
1,1,0.961175382137299
1,1,0.943393528461456
1,1,0.963719666004181
0,0,0.0344614796340466
1,1,0.777177035808563
0,0,0.0260800197720528
0,0,0.0348740592598915
0,0,0.041569247841835
1,1,0.978203177452087
1,1,0.961716771125793
1,1,0.909161925315857
0,0,0.19658137857914
1,1,0.957091450691223
1,1,0.98751825094223
0,0,0.0149527164176106
0,0,0.0265586189925671
1,1,0.970678985118866
0,0,0.129287272691727
1,1,0.74961131811142
0,0,0.0277638714760542
0,0,0.0764498934149742
0,0,0.0161193292587996
1,1,0.955186128616333
1,1,0.982362568378448
1,1,0.955760300159454
1,1,0.95584100484848
0,0,0.0101142004132271
1,1,0.985112726688385
1,1,0.982371389865875
1,1,0.966370403766632
0,0,0.0208854451775551
0,0,0.01017442997545
0,0,0.0244328640401363
1,1,0.964744091033936
1,1,0.975894749164581
0,0,0.139804005622864
1,1,0.975274920463562
1,1,0.977594017982483
1,1,0.734631955623627
1,1,0.85664826631546
1,1,0.87450236082077
1,1,0.942314267158508
0,0,0.0243323761969805
0,0,0.0622261576354504
1,1,0.740293025970459
0,0,0.0326849147677422
1,1,0.95710414648056
0,0,0.0352547690272331
1,1,0.966874182224274
1,1,0.981262266635895
1,1,0.975933134555817
1,1,0.979464709758759
1,1,0.982552051544189
1,1,0.967889130115509
0,0,0.0894058123230934
1,1,0.942723989486694
1,1,0.968175530433655
1,1,0.967459797859192
0,0,0.0522268079221249
1,1,0.982304334640503
1,1,0.949340462684631
0,0,0.0201416295021772
0,0,0.0512793995440006
1,1,0.84976989030838
0,0,0.0183997396379709
1,0,0.499063223600388
0,0,0.4054816365242
1,1,0.945233583450317
1,1,0.97466903924942
0,0,0.0104953879490495
0,0,0.0572496391832829
0,0,0.0166908446699381
1,1,0.950475513935089
0,0,0.0657251924276352
1,1,0.933242321014404
1,1,0.979459822177887
0,0,0.187953442335129
1,1,0.892255127429962
0,0,0.489051640033722
1,1,0.94385027885437
1,1,0.96120423078537
0,0,0.0101626329123974
0,0,0.031899482011795
1,1,0.941024959087372
0,0,0.034899827092886
1,1,0.973536312580109
0,0,0.0111331678926945
1,1,0.965305805206299
1,1,0.993163347244263
0,0,0.103157714009285
0,0,0.0197953619062901
0,0,0.191036224365234
0,0,0.0321197733283043
1,1,0.856872618198395
1,1,0.955897867679596
1,1,0.949353814125061
1,1,0.959618330001831
0,0,0.0252158939838409
1,1,0.943226218223572
0,0,0.010013154707849
1,1,0.973378956317902
0,0,0.0288841798901558
0,0,0.0137103982269764
0,0,0.0840900912880898
0,0,0.0431436039507389
1,1,0.907781958580017
0,0,0.0160813499242067
0,0,0.0296061579138041
1,1,0.873271465301514
0,1,0.803413987159729
1,1,0.977166593074799
1,1,0.97394186258316
0,0,0.0444814972579479
0,0,0.0172134302556515
1,1,0.629546284675598
0,0,0.120253682136536
0,0,0.0262494552880526
1,1,0.954559743404388
0,1,0.816913306713104
1,1,0.937699913978577
0,0,0.027482820674777
1,1,0.788829982280731
1,1,0.972755551338196
1,1,0.977936923503876
0,0,0.249694690108299
1,1,0.906025588512421
1,1,0.88399863243103
0,0,0.0214501991868019
1,1,0.983446538448334
0,0,0.0484759733080864
0,0,0.0203162226825953
1,1,0.942756533622742
0,0,0.0369242578744888
0,0,0.0153897162526846
0,0,0.0124451573938131
1,1,0.842408180236816
0,0,0.0227012950927019
0,0,0.0576398186385632
1,1,0.975232779979706
0,0,0.0366498380899429
0,0,0.020305011421442
0,0,0.0187812838703394
1,1,0.952582895755768
1,1,0.572383463382721
1,1,0.95900297164917
0,0,0.0163921341300011
0,0,0.0404847338795662
1,1,0.972293972969055
0,0,0.445207387208939
0,0,0.0389584973454475
0,0,0.0418630726635456
1,1,0.960515677928925
0,0,0.0281422846019268
1,1,0.98910915851593
0,0,0.0143801467493176
0,0,0.208722189068794
0,0,0.00717791821807623
0,0,0.0894763916730881
0,0,0.0170828439295292
1,1,0.955098152160645
0,0,0.0884114950895309
1,1,0.966404974460602
1,1,0.932307958602905
1,1,0.988652050495148
1,1,0.98379784822464
1,1,0.93510240316391
1,1,0.921456038951874
1,1,0.551591277122498
1,0,0.0280114412307739
1,1,0.568579971790314
1,1,0.948709905147552
1,1,0.965815842151642
0,0,0.0156119167804718
1,1,0.971856236457825
1,1,0.969311833381653
1,1,0.947219491004944
1,1,0.981247901916504
1,1,0.873022854328156
0,0,0.0738146975636482
0,0,0.114117830991745
1,1,0.985213339328766
1,1,0.913180530071259
1,1,0.641895353794098
1,1,0.954992234706879
0,0,0.0271740015596151
0,0,0.0164227392524481
0,0,0.105668529868126
1,1,0.966013610363007
0,0,0.0420235171914101
0,0,0.0114185707643628
0,0,0.0142099624499679
1,1,0.929525077342987
0,0,0.0594319254159927
0,0,0.045006800442934
1,1,0.966315269470215
1,1,0.977072477340698
1,1,0.986049711704254
0,0,0.0236149020493031
1,1,0.965790629386902
1,1,0.79610937833786
0,0,0.0432186312973499
1,1,0.958562552928925
0,0,0.0403072126209736
0,0,0.0306638795882463
1,1,0.987810909748077
1,1,0.968439996242523
0,1,0.673067331314087
1,1,0.980520069599152
0,0,0.123463921248913
1,1,0.985082268714905
0,0,0.0164245869964361
1,1,0.971562743186951
0,0,0.0459813177585602
1,1,0.950362801551819
1,1,0.986284255981445
0,0,0.148118704557419
1,1,0.971959590911865
1,1,0.978659689426422
0,0,0.0485470183193684
0,0,0.0147252716124058
0,0,0.0155023224651814
1,1,0.89520674943924
0,0,0.0336162000894547
0,0,0.0978202372789383
1,1,0.958134770393372
1,1,0.938308775424957
1,1,0.893266618251801
1,1,0.980522155761719
1,1,0.921703517436981
0,0,0.0458371639251709
1,1,0.94743674993515
0,0,0.0346655286848545
0,0,0.12203436344862
0,0,0.0619913414120674
0,0,0.0101663749665022
0,0,0.0281282812356949
0,0,0.109498418867588
1,1,0.970640361309052
1,0,0.064078614115715
0,0,0.0387893654406071
1,1,0.958748877048492
0,1,0.605349242687225
1,1,0.946060955524445
1,1,0.951162755489349
1,1,0.959201693534851
0,0,0.00886325910687447
1,1,0.988885402679443
1,1,0.975892722606659
0,0,0.0341010913252831
0,0,0.027474781498313
0,0,0.276837736368179
1,1,0.971554458141327
0,1,0.937689185142517
0,0,0.0173820722848177
1,1,0.9796222448349
0,0,0.04055555164814
1,1,0.924055278301239
1,1,0.98678719997406
1,1,0.970563769340515
1,1,0.915793776512146
0,0,0.0158598739653826
0,0,0.343603432178497
1,1,0.989975392818451
1,1,0.985420286655426
1,1,0.958893656730652
0,0,0.0245614722371101
1,1,0.987210035324097
1,1,0.95072740316391
1,1,0.958611369132996
0,0,0.300259619951248
1,1,0.940278708934784
0,0,0.0251723770052195
1,1,0.982935190200806
1,1,0.849564731121063
0,0,0.0281910952180624
1,1,0.960633039474487
1,1,0.958479166030884
1,1,0.993139564990997
0,0,0.0315544269979
0,0,0.0842456370592117
1,1,0.960393488407135
0,0,0.174535736441612
0,0,0.0183249544352293
0,1,0.886429786682129
1,1,0.967927753925323
1,1,0.984798491001129
1,1,0.98110294342041
0,0,0.0719969347119331
0,0,0.204713881015778
1,1,0.987982511520386
0,0,0.0570121258497238
1,0,0.404128938913345
1,1,0.8980633020401
1,1,0.956042110919952
0,0,0.0833232924342155
0,0,0.13703253865242
0,0,0.0513255372643471
0,0,0.0700449720025063
1,1,0.93759685754776
1,1,0.975601494312286
0,0,0.138936266303062
1,1,0.803501605987549
1,1,0.978960871696472
1,1,0.9902583360672
0,0,0.00834558345377445
1,1,0.986178874969482
1,1,0.947594821453094
1,1,0.957137405872345
1,1,0.986571907997131
1,1,0.972417593002319
0,0,0.0544035099446774
1,1,0.977454781532288
1,1,0.941505312919617
1,1,0.938463926315308
0,0,0.0148789128288627
1,1,0.949839770793915
0,0,0.0249234326183796
0,0,0.0297140330076218
1,1,0.958379447460175
0,0,0.0166772492229939
1,1,0.947898387908936
1,1,0.984113037586212
1,1,0.97055995464325
0,0,0.0123723596334457
0,0,0.0227555651217699
0,0,0.0243713911622763
1,1,0.966343879699707
1,1,0.932081043720245
1,0,0.0817022919654846
0,0,0.0309713669121265
1,1,0.909791827201843
0,0,0.0225487146526575
0,0,0.0336650386452675
1,1,0.983105957508087
1,1,0.960159480571747
0,0,0.0316880233585835
1,0,0.170219644904137
0,0,0.106775678694248
1,1,0.975098788738251
0,0,0.0146776270121336
1,1,0.975284814834595
0,0,0.0176611822098494
1,1,0.973687529563904
0,0,0.029997056350112
1,1,0.985393345355988
1,1,0.941318809986115
1,1,0.77968555688858
0,0,0.0251156184822321
1,1,0.955340087413788
0,0,0.0134928990155458
1,1,0.986124515533447
1,1,0.886694610118866
1,1,0.982407510280609
0,0,0.0279742311686277
1,1,0.979979634284973
1,1,0.894998133182526
0,0,0.0863020792603493
0,0,0.0220689438283443
0,0,0.112994588911533
1,1,0.963772594928741
1,1,0.925822377204895
1,1,0.961820602416992
1,1,0.985866963863373
1,1,0.920846104621887
0,0,0.322640061378479
1,1,0.89287531375885
1,1,0.989528477191925
1,1,0.976612567901611
1,1,0.975125074386597
1,1,0.569163799285889
0,0,0.0474455542862415
0,0,0.0114757185801864
0,0,0.172546625137329
1,1,0.948928236961365
0,0,0.0289838183671236
1,1,0.957374453544617
0,0,0.0258214101195335
0,0,0.0158749539405107
0,0,0.043022308498621
1,1,0.957929849624634
1,1,0.869740784168243
1,1,0.98075944185257
1,1,0.981926381587982
0,0,0.0554821975529194
1,1,0.745673656463623
1,1,0.968256115913391
0,0,0.0158842541277409
1,1,0.984552979469299
1,1,0.98885977268219
1,1,0.913928508758545
0,0,0.055519562214613
0,0,0.0262985024601221
0,0,0.0120671940967441
0,0,0.0272054150700569
1,1,0.961946249008179
1,1,0.983843266963959
0,0,0.296117901802063
1,1,0.771782338619232
0,0,0.0101163443177938
0,0,0.23930349946022
1,1,0.963409543037415
0,0,0.0077712289057672
0,0,0.0566722899675369
0,0,0.0121484342962503
0,0,0.0139280995354056
1,1,0.861218810081482
0,0,0.0271996334195137
0,0,0.0222075022757053
0,0,0.0105576450005174
0,0,0.0153798116371036
1,1,0.977769136428833
0,0,0.295441418886185
0,0,0.130434945225716
0,0,0.0321252644062042
1,1,0.982705593109131
1,1,0.983360528945923
1,1,0.813812494277954
0,0,0.0333494395017624
1,1,0.978796720504761
0,0,0.0448904000222683
1,1,0.984826683998108
0,0,0.0146520165726542
1,0,0.0469205342233181
0,0,0.0295078940689564
0,0,0.0272044595330954
1,1,0.954398989677429
0,0,0.0106396730989218
0,1,0.603870272636414
1,1,0.959881484508514
0,0,0.0505766086280346
1,1,0.964690387248993
0,0,0.0408899374306202
0,0,0.137110099196434
0,1,0.963198125362396
0,0,0.283003926277161
0,0,0.0269667450338602
1,1,0.982564628124237
1,1,0.934090197086334
1,1,0.827150583267212
1,1,0.97749388217926
1,1,0.982058584690094
1,1,0.939654350280762
0,1,0.77508008480072
1,1,0.918592393398285
1,1,0.790222465991974
1,1,0.9680535197258
1,1,0.976592242717743
0,0,0.0166472792625427
1,1,0.973249852657318
1,1,0.987441062927246
0,0,0.0124257104471326
0,0,0.169391542673111
0,0,0.122049778699875
1,1,0.946114420890808
0,0,0.458150327205658
0,0,0.121756739914417
1,1,0.913469791412354
1,1,0.95535671710968
1,1,0.933181047439575
0,0,0.0547351315617561
0,0,0.49595719575882
0,0,0.164004758000374
0,0,0.0498066768050194
1,1,0.958673596382141
0,0,0.0162309426814318
0,0,0.0360122546553612
0,0,0.0168061759322882
0,0,0.0206867158412933
1,1,0.975127577781677
1,1,0.98236495256424
1,1,0.978719770908356
1,1,0.959363579750061
0,0,0.0154343172907829
1,0,0.237117379903793
1,1,0.667470395565033
0,0,0.0168015751987696
0,0,0.0135789634659886
1,1,0.982116103172302
1,1,0.931614398956299
1,1,0.951883673667908
0,0,0.0374241508543491
1,1,0.981762290000916
0,0,0.0147916609421372
0,0,0.0159112140536308
0,0,0.024414736777544
1,1,0.825521349906921
0,0,0.0396569781005383
1,1,0.719855010509491
1,1,0.829479932785034
0,0,0.0283229779452085
0,0,0.0183254312723875
1,1,0.964515328407288
0,0,0.0259961877018213
1,1,0.984576642513275
0,0,0.0176244899630547
1,1,0.968644857406616
1,1,0.927773594856262
0,0,0.0233465116471052
0,1,0.736569106578827
1,1,0.795365750789642
0,0,0.0252818875014782
1,1,0.968294262886047
0,0,0.0121545707806945
1,1,0.905050754547119
1,1,0.946000337600708
0,0,0.0275693256407976
1,1,0.908666789531708
0,0,0.022971048951149
0,0,0.102945864200592
1,1,0.96098268032074
0,0,0.0148954372853041
0,0,0.0379840768873692
1,1,0.980457127094269
0,0,0.0155229978263378
1,1,0.9771488904953
0,0,0.0272772554308176
0,1,0.929276347160339
1,1,0.860509157180786
0,0,0.0244408436119556
0,0,0.0299948770552874
0,0,0.0223442781716585
1,1,0.945515632629395
1,1,0.737409651279449
0,0,0.0258732885122299
0,0,0.0245733000338078
1,0,0.384489804506302
1,1,0.975486218929291
0,0,0.0624252036213875
1,1,0.959906995296478
0,0,0.0584091432392597
0,0,0.0446203388273716
1,1,0.987773716449738
0,0,0.0339890606701374
1,1,0.967385649681091
1,1,0.889579057693481
0,0,0.00925330072641373
1,1,0.970629036426544
1,1,0.98515909910202
0,0,0.0157900210469961
1,1,0.86821460723877
1,1,0.966122090816498
0,0,0.0110389087349176
1,1,0.958031594753265
0,0,0.016526548191905
1,1,0.913237333297729
1,1,0.931683003902435
1,1,0.967541933059692
1,1,0.980281591415405
1,1,0.975455462932587
0,0,0.0117946714162827
0,0,0.035428237169981
0,0,0.0167141519486904
0,0,0.0834870263934135
0,0,0.106479451060295
1,0,0.322833925485611
1,1,0.960995018482208
1,0,0.494345545768738
0,0,0.0159846860915422
0,0,0.0233019329607487
0,0,0.0255234092473984
1,1,0.971492648124695
0,0,0.0416690856218338
0,0,0.0872102752327919
1,1,0.929677367210388
1,1,0.950655400753021
0,0,0.0355488434433937
1,1,0.974372625350952
0,0,0.02273153886199
1,1,0.960920810699463
1,1,0.971370697021484
1,0,0.459775924682617
0,0,0.0359122827649117
0,0,0.0330399796366692
1,1,0.965099453926086
1,1,0.946057856082916
1,1,0.84178751707077
0,0,0.175789803266525
0,0,0.233065620064735
0,0,0.0176721140742302
0,0,0.466118723154068
0,0,0.0163633599877357
1,1,0.984466671943665
1,1,0.964649140834808
1,1,0.933450400829315
1,1,0.981586039066315
0,0,0.0391890816390514
0,0,0.0263359844684601
1,1,0.969135582447052
1,1,0.980290770530701
0,0,0.0672939270734787
0,0,0.0162913873791695
1,1,0.986939191818237
0,0,0.0390865840017796
1,1,0.955972194671631
0,1,0.955089449882507
1,1,0.929530560970306
0,0,0.00899094622582197
1,0,0.152871042490005
1,1,0.576479554176331
0,0,0.0215754546225071
1,1,0.972329914569855
1,1,0.982718944549561
0,0,0.0517560318112373
1,1,0.978746116161346
0,0,0.0372203812003136
0,0,0.0368056334555149
0,0,0.00985429901629686
1,1,0.976360261440277
0,0,0.0259685292840004
1,1,0.96984326839447
1,1,0.978775024414062
1,1,0.928469717502594
0,0,0.0223038569092751
0,0,0.0415253788232803
1,1,0.96581906080246
1,1,0.968934655189514
1,1,0.982775747776031
1,1,0.560350179672241
0,0,0.0412860475480556
1,1,0.97161453962326
1,1,0.979167461395264
0,0,0.0245603229850531
0,0,0.0172573756426573
1,1,0.671493113040924
1,1,0.976726889610291
1,1,0.987933874130249
1,1,0.974962115287781
1,1,0.807667374610901
1,1,0.680806994438171
0,0,0.372360318899155
1,1,0.977867484092712
1,1,0.981688976287842
0,0,0.0237844679504633
1,1,0.969125986099243
0,1,0.857905864715576
0,1,0.881908118724823
1,1,0.96294754743576
0,0,0.02710229344666
1,1,0.977063477039337
1,1,0.96989107131958
0,0,0.0214724931865931
1,1,0.980877220630646
0,0,0.0393879525363445
0,0,0.0231092348694801
1,1,0.986291468143463
0,0,0.0331748053431511
1,1,0.690435588359833
1,1,0.98653107881546
0,0,0.0854929834604263
0,0,0.0211393311619759
0,1,0.619236826896667
0,0,0.0313294529914856
1,1,0.985871255397797
0,0,0.0569778196513653
0,0,0.160084202885628
0,0,0.0434905625879765
1,1,0.979338943958282
1,1,0.972433686256409
1,0,0.467230409383774
0,0,0.0488747879862785
1,1,0.94853001832962
1,1,0.974222362041473
1,1,0.977105021476746
0,0,0.160749867558479
1,1,0.949037492275238
1,1,0.968571424484253
0,0,0.0069041745737195
0,0,0.0183098372071981
1,1,0.975056409835815
1,0,0.210277736186981
1,1,0.963083207607269
0,0,0.0679357573390007
1,1,0.987318456172943
0,0,0.00561958365142345
0,0,0.04559475928545
0,0,0.0351430326700211
1,1,0.987509727478027
0,0,0.0125494403764606
1,1,0.972943603992462
0,0,0.271288871765137
0,1,0.957746684551239
1,1,0.968770623207092
1,0,0.0395722649991512
1,1,0.969665706157684
0,0,0.0313862003386021
1,1,0.979330837726593
0,0,0.0270670913159847
1,1,0.988119542598724
0,0,0.0123951798304915
0,0,0.057389609515667
0,0,0.0134918773546815
0,0,0.103919744491577
0,0,0.201500698924065
1,1,0.919982433319092
0,0,0.0334869399666786
1,1,0.945708751678467
0,0,0.0124478014186025
0,0,0.0103166708722711
0,0,0.0463333912193775
0,0,0.0252059046179056
1,1,0.941331326961517
0,0,0.0191105660051107
0,1,0.792241811752319
1,1,0.961985290050507
0,0,0.112726807594299
1,1,0.986944735050201
0,1,0.543082594871521
0,0,0.0160669013857841
0,1,0.888897716999054
1,1,0.969021201133728
1,1,0.983035802841187
1,1,0.985647797584534
0,0,0.0302324295043945
1,1,0.965916514396667
1,1,0.942957639694214
1,1,0.972744345664978
1,1,0.983176469802856
1,1,0.971013307571411
0,0,0.0386212691664696
0,0,0.128291234374046
1,1,0.958787381649017
0,0,0.115400165319443
0,0,0.0333808846771717
1,1,0.961027681827545
0,0,0.0472245402634144
1,1,0.760144829750061
0,0,0.0190219022333622
0,0,0.0863552987575531
1,1,0.978737115859985
0,0,0.0265211593359709
1,1,0.823217034339905
1,1,0.949297606945038
0,0,0.0269891396164894
0,0,0.00927242822945118
1,1,0.940396010875702
1,1,0.955269992351532
0,0,0.131720706820488
1,1,0.970366656780243
1,1,0.791937172412872
0,0,0.0467725172638893
1,1,0.98297393321991
1,1,0.96167266368866
1,1,0.828914761543274
1,1,0.977794408798218
1,1,0.982181191444397
0,0,0.0888648182153702
1,1,0.947249233722687
0,0,0.0222067218273878
0,0,0.0198176167905331
0,0,0.0544189773499966
0,0,0.0386704280972481
0,0,0.0651428773999214
0,0,0.341684818267822
1,1,0.923132240772247
0,1,0.806288361549377
0,0,0.0238897912204266
0,0,0.0126963453367352
0,0,0.131418108940125
1,1,0.945661246776581
1,1,0.694677829742432
0,0,0.0232179332524538
1,0,0.0257168132811785
1,1,0.980472385883331
1,1,0.977448761463165
1,1,0.98097425699234
1,1,0.877982497215271
0,1,0.701861619949341
1,1,0.97866827249527
0,0,0.0325381457805634
0,0,0.0141728268936276
0,0,0.0149472123011947
0,0,0.014117375947535
1,1,0.959875881671906
1,1,0.984046280384064
1,1,0.97027850151062
0,0,0.0233276765793562
0,0,0.0225790590047836
1,1,0.931307911872864
1,1,0.97328782081604
0,0,0.0166707765311003
1,1,0.983285009860992
1,1,0.978997647762299
0,0,0.00894839782267809
1,1,0.949449956417084
1,0,0.468210339546204
0,0,0.0137268379330635
1,1,0.94738382101059
1,1,0.983348846435547
0,0,0.0421388372778893
1,1,0.623690545558929
1,1,0.946265757083893
0,0,0.0166837871074677
0,0,0.0234294347465038
0,0,0.0266125313937664
0,0,0.0434226095676422
1,1,0.971674740314484
0,0,0.0237159486860037
0,0,0.387603789567947
0,0,0.0268959682434797
0,0,0.0279658306390047
1,1,0.977921962738037
0,0,0.0922756344079971
0,0,0.213519036769867
0,0,0.0261673908680677
1,1,0.980754613876343
0,0,0.0229382812976837
1,1,0.980842709541321
0,0,0.0243254825472832
0,1,0.918211340904236
0,0,0.0260666161775589
1,1,0.927255928516388
1,1,0.891087710857391
1,1,0.986446619033813
1,1,0.958343327045441
0,0,0.0215871203690767
0,0,0.0819887444376945
0,0,0.0696237236261368
1,1,0.933863401412964
1,1,0.788053870201111
1,1,0.959746539592743
0,0,0.0135757634416223
1,1,0.528501808643341
1,1,0.900382697582245
0,0,0.172429442405701
1,1,0.970967888832092
0,0,0.0235480759292841
0,0,0.0232314933091402
1,1,0.973717451095581
0,0,0.034557156264782
1,1,0.930288195610046
1,0,0.284890741109848
1,1,0.973082542419434
0,0,0.0441264063119888
1,1,0.986966371536255
1,1,0.981460332870483
0,0,0.017524590715766
0,0,0.031923670321703
1,1,0.962016403675079
0,0,0.0129491789266467
0,0,0.0391786694526672
0,0,0.0358137190341949
0,0,0.0341105982661247
1,1,0.666128575801849
1,1,0.985471248626709
1,1,0.913987040519714
1,1,0.974421441555023
0,0,0.0377337969839573
0,0,0.0123702557757497
0,0,0.0198893509805202
1,1,0.948483049869537
1,1,0.939895451068878
1,1,0.984370350837708
0,0,0.0192818734794855
1,1,0.979860782623291
0,0,0.0268672853708267
0,0,0.00805633049458265
1,1,0.981950640678406
1,1,0.633977055549622
1,1,0.975098669528961
1,1,0.906351625919342
0,0,0.0227456167340279
0,0,0.0178334303200245
0,0,0.0188329573720694
0,0,0.0343690067529678
1,1,0.971757709980011
1,1,0.948163688182831
1,1,0.87194561958313
1,1,0.939772665500641
1,1,0.972335636615753
0,0,0.123928293585777
1,1,0.962642133235931
1,1,0.964714348316193
0,0,0.228190138936043
1,1,0.946505963802338
1,1,0.977847695350647
1,1,0.973209798336029
1,1,0.969152927398682
1,1,0.586872637271881
1,1,0.954886913299561
0,0,0.22696341574192
0,0,0.0603781081736088
1,1,0.984927892684937
1,1,0.816936016082764
0,0,0.0502748116850853
1,1,0.97870135307312
0,0,0.0255153756588697
1,1,0.59748101234436
0,0,0.0113316839560866
1,1,0.944960832595825
0,0,0.314008206129074
1,1,0.986421823501587
1,1,0.966682732105255
1,1,0.982769370079041
1,1,0.9826899766922
0,0,0.0347002930939198
1,1,0.892380058765411
1,1,0.848648428916931
0,0,0.022356977686286
1,1,0.936374247074127
1,1,0.973399639129639
0,0,0.00906319636851549
0,0,0.0145370420068502
0,0,0.0160036645829678
0,0,0.0414821580052376
1,1,0.958300590515137
0,0,0.0486306995153427
0,0,0.0906227603554726
0,0,0.104330971837044
0,0,0.0354500263929367
1,1,0.674794793128967
0,0,0.0405386425554752
0,0,0.015321590937674
0,0,0.0313597396016121
0,0,0.0164728332310915
0,0,0.0302987229079008
0,0,0.0121294157579541
0,0,0.0168357007205486
0,0,0.012207368388772
1,1,0.963256180286407
1,1,0.980207502841949
0,0,0.0140109555795789
1,1,0.986519932746887
0,0,0.0136163579300046
1,1,0.973694086074829
1,1,0.932428896427155
0,0,0.0183145254850388
0,0,0.0144824935123324
0,0,0.193423226475716
1,1,0.861073732376099
1,1,0.960321605205536
1,1,0.942731082439423
0,0,0.174480140209198
0,0,0.0300381034612656
0,0,0.0107582435011864
0,0,0.0611591897904873
0,0,0.00904196221381426
0,0,0.0440855659544468
1,1,0.970726847648621
0,1,0.721103727817535
1,0,0.0265594869852066
0,0,0.0123408194631338
1,1,0.984977722167969
1,1,0.953807592391968
0,0,0.0252644214779139
0,0,0.014187197200954
1,1,0.944572865962982
0,0,0.0176880732178688
0,0,0.0361512154340744
1,1,0.977566301822662
0,0,0.0508572682738304
0,0,0.112363278865814
1,1,0.930229187011719
0,0,0.0163629595190287
0,0,0.0253323242068291
1,1,0.969852805137634
1,1,0.92512172460556
1,1,0.98689866065979
1,1,0.623134613037109
1,1,0.98450779914856
0,0,0.0421550720930099
1,1,0.578992128372192
1,1,0.948905110359192
1,1,0.909862339496613
0,0,0.10925529897213
1,1,0.976411938667297
1,1,0.801302075386047
1,1,0.976204037666321
1,1,0.964249491691589
0,0,0.0567122288048267
1,1,0.982917368412018
0,0,0.0299895573407412
1,1,0.8372802734375
0,0,0.0647661238908768
1,1,0.941352009773254
0,0,0.0532082468271255
1,1,0.968949675559998
1,1,0.982972204685211
0,0,0.0827629268169403
0,1,0.597229182720184
1,1,0.986457169055939
0,0,0.0183016415685415
1,1,0.983031630516052
0,0,0.0711400806903839
0,0,0.0926715806126595
0,1,0.812081277370453
1,0,0.283050715923309
0,0,0.0385055504739285
0,0,0.0931906551122665
1,1,0.93261593580246
0,0,0.0116667374968529
0,0,0.0157409068197012
1,1,0.951195657253265
1,1,0.97383987903595
1,1,0.902919411659241
1,1,0.93173348903656
1,0,0.113396905362606
1,1,0.92666220664978
0,0,0.00498142326250672
1,1,0.972059965133667
0,0,0.0343370363116264
1,1,0.712941288948059
1,1,0.943332433700562
1,1,0.975994944572449
0,0,0.0599521547555923
1,1,0.633340239524841
1,1,0.955550730228424
0,0,0.0207726955413818
1,1,0.966357886791229
0,0,0.0546924248337746
0,0,0.0438212640583515
1,0,0.34883126616478
1,1,0.939661502838135
0,0,0.0125972563400865
0,0,0.0187500882893801
1,1,0.961242973804474
1,1,0.954945802688599
1,1,0.986750781536102
0,0,0.0878098234534264
0,0,0.033041175454855
0,0,0.0292646754533052
0,0,0.030608830973506
0,0,0.0321518145501614
1,1,0.980721712112427
1,1,0.990730702877045
0,1,0.68679404258728
1,1,0.968441665172577
0,0,0.0398027859628201
1,1,0.979080140590668
1,1,0.955105245113373
1,1,0.976257085800171
0,0,0.0203285813331604
1,1,0.974799394607544
0,1,0.968148410320282
1,1,0.613088488578796
0,0,0.0144158806651831
1,1,0.941725671291351
1,1,0.968169093132019
1,1,0.923490405082703
1,1,0.974681854248047
0,0,0.0118412859737873
0,0,0.406786620616913
0,0,0.40057647228241
1,1,0.887717127799988
1,1,0.578075766563416
0,0,0.100723206996918
0,0,0.0393791124224663
1,1,0.979680597782135
0,0,0.0856610909104347
0,0,0.0300601031631231
1,1,0.938862442970276
1,1,0.949796140193939
1,1,0.8322594165802
1,1,0.956033170223236
1,1,0.958106219768524
0,0,0.0206191074103117
1,1,0.969399809837341
0,0,0.0101711992174387
1,1,0.937995910644531
0,0,0.0113894920796156
0,0,0.0268612708896399
0,0,0.00999687891453505
1,1,0.977064847946167
0,0,0.0274832807481289
1,1,0.968077778816223
0,0,0.0126625699922442
1,1,0.970696330070496
0,0,0.0230280943214893
0,0,0.0986452773213387
1,1,0.961128652095795
0,0,0.0164715964347124
0,0,0.0152607336640358
1,1,0.978131115436554
0,1,0.654953598976135
0,0,0.0170851983129978
0,0,0.0488877035677433
0,0,0.0457973964512348
1,1,0.965113043785095
1,1,0.93974894285202
0,1,0.723666548728943
1,0,0.44279819726944
1,1,0.985142529010773
1,1,0.944745302200317
0,0,0.016363114118576
0,0,0.0224975775927305
0,0,0.377764999866486
0,0,0.016327241435647
1,1,0.967008054256439
1,1,0.983496785163879
1,1,0.976406514644623
0,1,0.967590153217316
0,0,0.0155513258650899
0,0,0.0350988321006298
0,0,0.0191563758999109
1,1,0.742375135421753
0,0,0.0219720099121332
1,1,0.983609557151794
1,1,0.973467528820038
0,0,0.0208256132900715
0,0,0.0169605668634176
1,1,0.950745701789856
1,1,0.91906213760376
1,1,0.975897252559662
1,1,0.972470104694366
1,1,0.968027293682098
0,0,0.0272366963326931
0,0,0.0144250905141234
1,1,0.878658056259155
0,0,0.0239214301109314
0,0,0.00923411175608635
0,1,0.508562803268433
1,1,0.907418847084045
1,1,0.984193503856659
0,0,0.00507903657853603
0,0,0.0494177639484406
0,0,0.377715200185776
0,0,0.033887080848217
1,1,0.9864901304245
0,0,0.0346096865832806
1,1,0.970060527324677
1,1,0.983177125453949
1,1,0.97263777256012
1,1,0.964488744735718
1,1,0.962531805038452
0,0,0.110186584293842
0,0,0.0122087355703115
1,1,0.976632952690125
0,0,0.0158390272408724
0,0,0.0738063678145409
0,0,0.0150711070746183
0,0,0.013959726318717
0,0,0.0522487759590149
1,1,0.989030301570892
1,1,0.921802461147308
1,1,0.972342729568481
0,0,0.0499131083488464
1,1,0.948245584964752
1,0,0.0278684478253126
0,0,0.0516590848565102
0,0,0.0377237237989902
1,1,0.985632956027985
0,0,0.280837655067444
1,1,0.928799390792847
0,0,0.0203815940767527
0,0,0.0342705100774765
0,0,0.048428863286972
1,1,0.75420206785202
0,0,0.0382899530231953
1,1,0.969111740589142
1,1,0.907238721847534
1,1,0.973638653755188
1,1,0.977986872196198
1,1,0.925803959369659
0,0,0.0168774332851171
0,1,0.713123738765717
0,0,0.0177007298916578
0,0,0.0122170997783542
1,1,0.933379173278809
0,1,0.574444651603699
1,1,0.97678941488266
0,0,0.186011970043182
1,1,0.978069663047791
1,1,0.897680819034576
1,1,0.69301837682724
0,0,0.0324899032711983
0,0,0.0278735123574734
0,0,0.0220470428466797
1,1,0.922906398773193
1,1,0.966200828552246
0,0,0.0534057505428791
1,1,0.984009921550751
0,0,0.150142148137093
1,1,0.923357248306274
0,0,0.0109840724617243
1,1,0.939782023429871
1,1,0.979728162288666
0,0,0.0118378046900034
0,0,0.0566618405282497
0,0,0.082091748714447
1,1,0.958205461502075
1,1,0.979534924030304
0,0,0.0160925202071667
1,1,0.944957494735718
1,1,0.988016426563263
1,1,0.955544233322144
0,1,0.769432067871094
1,1,0.981433093547821
0,0,0.044791467487812
0,0,0.0339971296489239
1,1,0.986319303512573
0,0,0.299356698989868
0,0,0.0158712081611156
0,0,0.178847044706345
0,0,0.304927855730057
1,1,0.916018187999725
1,1,0.904331386089325
0,0,0.0310827996581793
0,1,0.722662448883057
0,0,0.0267914030700922
0,0,0.0834073573350906
1,1,0.982297778129578
0,0,0.0358150266110897
0,0,0.0355604961514473
1,1,0.992417931556702
0,0,0.217489019036293
1,1,0.94656366109848
0,0,0.0124771604314446
1,1,0.881661117076874
0,0,0.0352830477058887
1,1,0.881788551807404
1,1,0.924342513084412
1,1,0.965065181255341
0,0,0.0191953796893358
0,0,0.0196336898952723
0,0,0.0186567734926939
1,1,0.749281227588654
0,0,0.0201476961374283
1,1,0.791891694068909
0,0,0.0836515426635742
0,0,0.0114467879757285
1,1,0.991395056247711
1,1,0.991234362125397
0,0,0.0423927344381809
1,1,0.967288136482239
0,0,0.0218108892440796
0,0,0.0632616803050041
1,1,0.966498851776123
1,1,0.982673168182373
1,1,0.978095531463623
1,1,0.982855319976807
1,1,0.985299110412598
1,1,0.944725513458252
0,0,0.0305942296981812
0,0,0.0292236916720867
0,0,0.129412248730659
0,0,0.0256411116570234
0,0,0.0249142814427614
1,1,0.85957670211792
0,0,0.0220936760306358
1,1,0.970393359661102
0,0,0.0123437596485019
1,1,0.934041500091553
0,0,0.0153562463819981
0,0,0.0948689728975296
1,1,0.957553923130035
1,1,0.869649589061737
0,0,0.0568251088261604
1,1,0.785390198230743
1,0,0.495728701353073
1,0,0.0840211808681488
0,0,0.0200164951384068
0,0,0.0430148877203465
0,0,0.019062228500843
0,0,0.064547598361969
0,0,0.0205809213221073
0,0,0.0105273919180036
1,1,0.968976378440857
1,1,0.865012347698212
1,1,0.871937692165375
1,1,0.677119433879852
1,1,0.963304877281189
0,0,0.0173483397811651
0,0,0.338362663984299
1,1,0.95891010761261
0,0,0.0158984586596489
0,0,0.0964067578315735
1,1,0.983189582824707
0,0,0.106628008186817
0,0,0.231575563549995
1,1,0.969234585762024
0,0,0.04331299290061
0,0,0.0219229441136122
1,1,0.96053284406662
1,1,0.912543475627899
1,1,0.883683621883392
1,1,0.986697971820831
0,0,0.115148238837719
1,1,0.802213549613953
1,1,0.981189608573914
1,1,0.983303904533386
1,0,0.0651305690407753
0,0,0.0541173182427883
0,0,0.0228116046637297
0,0,0.0177952870726585
1,1,0.983821272850037
0,0,0.0896971151232719
1,1,0.92597484588623
1,1,0.976634204387665
1,1,0.954778969287872
0,0,0.411693155765533
1,1,0.984263360500336
1,1,0.988669991493225
0,0,0.0325758121907711
0,0,0.185855954885483
0,0,0.0406865812838078
0,0,0.0238274373114109
1,1,0.789253294467926
1,1,0.983832359313965
0,0,0.0238014683127403
1,1,0.938012778759003
0,0,0.0418944023549557
0,1,0.660447537899017
1,1,0.888230979442596
1,0,0.0354289188981056
0,0,0.033575925976038
1,1,0.964856505393982
1,1,0.968854308128357
0,0,0.0207203347235918
1,1,0.990547955036163
1,0,0.268336832523346
1,1,0.552558541297913
1,1,0.833039462566376
1,1,0.955863118171692
1,1,0.944029867649078
1,1,0.939557611942291
1,1,0.983233511447906
0,0,0.0118335103616118
1,1,0.961965203285217
0,0,0.0443329811096191
1,1,0.989078104496002
0,0,0.0249692238867283
0,0,0.0243253689259291
0,0,0.0148078184574842
1,1,0.980509519577026
1,1,0.96763002872467
0,0,0.00997952278703451
0,1,0.908759713172913
1,1,0.983601987361908
1,1,0.986826419830322
0,0,0.0261921100318432
1,1,0.989571928977966
0,0,0.0261813625693321
1,1,0.862722218036652
1,1,0.964902222156525
1,1,0.978437125682831
1,1,0.946249961853027
0,0,0.0401366055011749
1,1,0.982742011547089
0,0,0.0133466059342027
0,0,0.00974542833864689
1,1,0.888231575489044
1,1,0.977154672145844
1,1,0.970329463481903
1,1,0.756003558635712
1,1,0.987411737442017
1,1,0.961308836936951
1,1,0.986517488956451
0,0,0.0148122366517782
0,0,0.444632917642593
0,0,0.0179225895553827
1,1,0.714507699012756
1,1,0.979597270488739
1,1,0.980250597000122
1,1,0.982179701328278
0,0,0.0146088721230626
0,0,0.0125636765733361
1,1,0.974668264389038
0,0,0.0370190776884556
1,0,0.372090935707092
0,1,0.708127081394196
0,0,0.186708524823189
0,0,0.155218616127968
1,1,0.980437636375427
0,0,0.0103169828653336
0,0,0.0127296103164554
0,0,0.0170915089547634
1,1,0.908186197280884
0,0,0.0697332173585892
0,0,0.0276678595691919
1,1,0.745574593544006
0,0,0.0334756523370743
0,0,0.0345748886466026
0,0,0.0197057109326124
0,0,0.019383305683732
1,1,0.946742832660675
1,1,0.983585357666016
0,0,0.11931324750185
1,1,0.984571933746338
0,0,0.032885018736124
1,1,0.962400615215302
0,0,0.144429385662079
0,0,0.0208896677941084
0,0,0.0581434592604637
1,1,0.961552619934082
1,1,0.976436853408813
1,1,0.98155277967453
0,0,0.0189978051930666
0,0,0.0497110709547997
0,0,0.0547710098326206
0,0,0.0623844303190708
0,1,0.600696980953217
0,0,0.0145918866619468
1,1,0.907509028911591
1,1,0.938327252864838
0,0,0.0330391153693199
1,0,0.0804328396916389
0,0,0.0624765157699585
0,0,0.111153550446033
1,1,0.840811848640442
1,1,0.972954213619232
1,1,0.955367684364319
0,0,0.149390295147896
1,1,0.924291610717773
0,0,0.0214421581476927
0,0,0.0291875936090946
0,0,0.0107227321714163
0,1,0.925033986568451
1,1,0.959270775318146
1,1,0.97723126411438
0,0,0.0174607504159212
0,1,0.793422102928162
1,0,0.490779995918274
0,0,0.0265831239521503
0,0,0.041438240557909
0,0,0.0150847239419818
0,0,0.0468720570206642
1,1,0.984756171703339
0,0,0.0277345273643732
0,0,0.0446026958525181
0,0,0.0188545398414135
0,0,0.0387222692370415
1,1,0.976476311683655
0,0,0.0664812996983528
1,1,0.978191316127777
1,1,0.983919322490692
1,1,0.979061186313629
0,0,0.0273885671049356
1,1,0.973608374595642
0,0,0.0689322277903557
0,0,0.0674291476607323
0,0,0.0256632417440414
0,0,0.0935818552970886
1,1,0.977038264274597
1,1,0.961958944797516
0,0,0.0187961682677269
0,0,0.0260487347841263
0,0,0.0255712196230888
1,1,0.982549667358398
0,0,0.0124032320454717
0,0,0.0215289182960987
0,0,0.018897321075201
1,1,0.947216093540192
1,1,0.965018332004547
0,0,0.0372560247778893
0,0,0.0158524047583342
0,0,0.0916108042001724
1,1,0.945998132228851
0,0,0.0336323603987694
0,0,0.059026338160038
0,0,0.0929112806916237
0,1,0.573789834976196
0,0,0.0965804904699326
0,0,0.0119763957336545
0,0,0.0400318242609501
1,1,0.968777298927307
0,0,0.0193960536271334
0,0,0.0220429059118032
0,0,0.0411374643445015
1,0,0.0641348287463188
0,0,0.278373569250107
1,1,0.978503286838531
1,1,0.919040977954865
1,1,0.879617273807526
1,1,0.983418166637421
1,1,0.970816314220428
0,0,0.0843285247683525
0,0,0.0624777898192406
0,0,0.0347314029932022
0,0,0.0281444564461708
1,1,0.984088063240051
1,1,0.851396501064301
0,0,0.019857220351696
1,1,0.989906489849091
1,1,0.963602602481842
0,0,0.0291797090321779
0,0,0.179347947239876
0,0,0.0364038199186325
1,1,0.969826102256775
0,0,0.491849184036255
1,1,0.952760219573975
1,1,0.84634256362915
1,1,0.976265609264374
1,1,0.987960755825043
1,0,0.0950466394424438
1,1,0.967483222484589
1,1,0.969087243080139
0,0,0.0183753352612257
1,1,0.725826919078827
0,0,0.0197782050818205
0,0,0.0210908893495798
1,1,0.98335200548172
0,0,0.152166903018951
0,0,0.0179774202406406
1,1,0.975045621395111
1,1,0.981742739677429
0,0,0.011369600892067
1,1,0.954091250896454
1,1,0.989208996295929
1,1,0.988375544548035
0,1,0.560640633106232
1,1,0.963408052921295
0,0,0.0588581599295139
1,1,0.975953936576843
0,0,0.0218284912407398
0,0,0.0157128218561411
0,0,0.0588852092623711
0,0,0.0158597342669964
0,0,0.0416048541665077
1,1,0.967258989810944
1,1,0.934675931930542
1,1,0.814731359481812
1,0,0.467351406812668
0,0,0.0647246912121773
1,1,0.966210544109344
0,0,0.0211643241345882
1,1,0.987054586410522
1,1,0.9365394115448
1,1,0.970964729785919
0,1,0.907995581626892
1,1,0.933632135391235
1,1,0.954063475131989
0,0,0.0871613025665283
0,0,0.0335713066160679
1,1,0.948990345001221
1,1,0.96964418888092
0,0,0.175795406103134
1,1,0.920213043689728
0,0,0.0112813757732511
0,0,0.0302187018096447
1,1,0.97177267074585
0,0,0.349231332540512
1,1,0.981695175170898
0,0,0.0332095734775066
0,0,0.0195400882512331
1,1,0.985014617443085
1,1,0.765885889530182
1,1,0.97034227848053
0,0,0.0325964577496052
0,0,0.0188668835908175
0,0,0.0828058570623398
0,1,0.917624473571777
1,1,0.966582059860229
0,0,0.0103836245834827
0,0,0.0227097403258085
0,0,0.016592750325799
1,1,0.920772552490234
0,0,0.0343790240585804
0,0,0.169762775301933
0,0,0.0189111530780792
1,1,0.972017109394073
0,0,0.028708141297102
0,0,0.0289147458970547
0,0,0.0149597134441137
1,1,0.862285852432251
1,1,0.972873091697693
1,1,0.975326418876648
0,0,0.0438013672828674
0,0,0.0340574234724045
0,0,0.0330459959805012
1,1,0.961335718631744
1,1,0.976127326488495
1,1,0.975455462932587
0,1,0.645861387252808
0,0,0.0142844580113888
1,1,0.897783398628235
1,1,0.966178953647614
1,1,0.961246728897095
0,0,0.0480605997145176
1,1,0.972989916801453
1,1,0.975484430789948
1,1,0.938195943832397
1,1,0.927858054637909
1,1,0.88357537984848
1,1,0.814949989318848
0,0,0.0191411729902029
0,0,0.0490286089479923
0,0,0.0137053765356541
0,0,0.0151345515623689
0,0,0.384308159351349
0,0,0.0183957051485777
0,0,0.0326737649738789
0,0,0.029377955943346
0,0,0.0237966440618038
0,0,0.0233987402170897
1,1,0.975964844226837
1,1,0.96158367395401
1,1,0.837633013725281
0,0,0.0280683636665344
1,1,0.983396232128143
0,0,0.0455749481916428
0,0,0.101843819022179
0,0,0.0372787527740002
0,0,0.0140377916395664
0,1,0.527589619159698
0,0,0.0183221101760864
1,1,0.783160805702209
0,0,0.0282581355422735
0,0,0.0157036650925875
0,0,0.0234904829412699
1,1,0.986186861991882
0,0,0.0187206249684095
1,1,0.976407647132874
1,0,0.230916365981102
1,1,0.887643814086914
1,1,0.822150349617004
1,1,0.985734462738037
1,1,0.993300914764404
1,1,0.980781435966492
1,1,0.966583073139191
0,0,0.206175208091736
0,0,0.0288586970418692
0,0,0.101378984749317
0,0,0.0517291165888309
0,0,0.0529275462031364
0,0,0.0167320054024458
1,1,0.982933819293976
1,1,0.88544774055481
0,0,0.0125323813408613
0,0,0.0958388447761536
0,0,0.250253051519394
1,1,0.684304237365723
0,0,0.0666313916444778
0,0,0.0164765734225512
0,1,0.596598505973816
0,0,0.388550490140915
0,0,0.0153671950101852
0,0,0.0724994316697121
1,1,0.953382849693298
1,1,0.986035466194153
1,1,0.977698802947998
0,0,0.0185314156115055
1,1,0.986801028251648
1,1,0.982705354690552
1,1,0.981265842914581
0,0,0.14164325594902
1,1,0.981369376182556
0,0,0.201499000191689
1,1,0.955153405666351
1,1,0.969986140727997
0,0,0.0830040946602821
1,1,0.776535212993622
0,0,0.00938902795314789
0,0,0.136469185352325
0,0,0.0186059363186359
0,0,0.0247178319841623
1,1,0.959258377552032
0,0,0.0211947858333588
0,0,0.0208741836249828
1,1,0.979899287223816
0,0,0.0201818160712719
0,0,0.0596388764679432
1,1,0.98581063747406
1,1,0.895901501178741
1,1,0.978618919849396
1,1,0.51448255777359
0,0,0.025473315268755
0,0,0.193991675972939
0,0,0.0452808178961277
0,0,0.0214973147958517
0,0,0.0465320274233818
1,1,0.90836626291275
0,0,0.0164297334849834
0,0,0.201066210865974
0,0,0.0427363887429237
0,0,0.083739385008812
1,1,0.958626866340637
1,1,0.959738194942474
1,0,0.492821127176285
0,0,0.0136542152613401
0,0,0.0184785034507513
0,0,0.029127674177289
1,1,0.976230263710022
1,1,0.887180209159851
0,0,0.019835339859128
0,0,0.337267518043518
0,0,0.015566773712635
0,0,0.0689866319298744
0,0,0.0534031838178635
1,1,0.963129878044128
0,0,0.0323628000915051
0,0,0.0265309493988752
1,1,0.984564065933228
0,0,0.28427267074585
1,1,0.934131383895874
1,1,0.922101080417633
1,1,0.983648777008057
0,0,0.0431393794715405
0,0,0.0256179980933666
1,1,0.955594301223755
0,0,0.0339594259858131
1,1,0.92151153087616
1,1,0.988664746284485
0,0,0.0230754632502794
1,1,0.959902286529541
0,0,0.12312513589859
0,0,0.145024821162224
1,1,0.800217628479004
0,0,0.0361923351883888
0,0,0.0198604874312878
1,1,0.750875174999237
1,1,0.955173075199127
1,1,0.926949560642242
1,1,0.938824892044067
1,1,0.989179968833923
0,0,0.0144973378628492
0,0,0.450256526470184
0,0,0.0204452499747276
0,0,0.0225530602037907
1,1,0.966398417949677
0,1,0.882811784744263
1,1,0.981986165046692
0,0,0.0294585563242435
0,0,0.0242324080318213
1,1,0.977257668972015
0,0,0.163464173674583
0,0,0.0169920139014721
0,0,0.0103613631799817
0,0,0.122044377028942
0,0,0.0668976753950119
0,0,0.0357083156704903
0,0,0.0178222768008709
0,1,0.899169921875
0,0,0.209834471344948
0,0,0.0204995386302471
0,0,0.0906413048505783
0,0,0.0203143861144781
0,0,0.265808314085007
1,1,0.974098384380341
1,1,0.989291608333588
0,0,0.0098425904288888
1,1,0.780853986740112
1,1,0.970644533634186
0,0,0.0256803389638662
0,0,0.0135904066264629
1,1,0.979814887046814
0,0,0.0736292451620102
0,0,0.0226217489689589
0,0,0.046112272888422
0,0,0.123101070523262
1,1,0.78426206111908
1,1,0.958936989307404
1,1,0.991559028625488
0,0,0.0115001406520605
1,1,0.949506163597107
1,1,0.955717086791992
0,0,0.0301985871046782
0,0,0.249503403902054
1,1,0.951368808746338
1,1,0.986737310886383
0,0,0.0226665958762169
1,1,0.958393752574921
1,0,0.0349601358175278
1,1,0.84927624464035
0,0,0.0167475212365389
1,1,0.968331038951874
0,0,0.00895619112998247
1,1,0.94150310754776
0,1,0.961953282356262
1,1,0.918904840946198
1,1,0.977989494800568
1,1,0.985548675060272
0,0,0.0481910705566406
0,0,0.057771947234869
1,1,0.589443683624268
0,0,0.0197796672582626
1,1,0.928865969181061
1,1,0.974573016166687
0,0,0.316153079271317
1,1,0.756735861301422
1,1,0.915883183479309
1,1,0.875535666942596
0,0,0.0163040924817324
1,1,0.985784113407135
0,0,0.119796268641949
0,0,0.0124975303187966
0,0,0.0161508731544018
0,0,0.0141373127698898
1,1,0.962537884712219
0,0,0.0137356529012322
1,1,0.979052364826202
1,1,0.984254598617554
0,1,0.550148189067841
0,0,0.0102949449792504
1,1,0.967065095901489
1,1,0.983448266983032
0,0,0.0331488996744156
1,1,0.9889897108078
1,0,0.246736943721771
0,0,0.0193799491971731
1,1,0.787959396839142
0,0,0.0144171537831426
1,1,0.975025117397308
0,0,0.140686750411987
0,0,0.309439957141876
1,1,0.976920902729034
0,0,0.0277534388005733
0,0,0.0267361998558044
0,0,0.0134050464257598
1,1,0.984645545482635
0,0,0.0306705199182034
1,1,0.896766424179077
1,1,0.745041966438293
0,0,0.0152956638485193
1,1,0.980372130870819
1,1,0.971327066421509
1,1,0.967515051364899
0,0,0.0288141164928675
0,0,0.0116520337760448
1,1,0.984115123748779
1,1,0.990235209465027
0,0,0.0264640171080828
1,1,0.986930131912231
0,0,0.043757114559412
0,0,0.15748630464077
0,0,0.0324777662754059
1,1,0.963565647602081
0,0,0.0154928946867585
1,1,0.972616255283356
1,1,0.978383362293243
0,0,0.020591177046299
0,0,0.0334089733660221
0,0,0.0269638001918793
1,1,0.92540055513382
1,1,0.964737117290497
1,1,0.953185498714447
1,1,0.980814695358276
0,0,0.0129347844049335
0,0,0.0178838800638914
1,1,0.927390217781067
0,0,0.197154819965363
0,0,0.0306580774486065
0,0,0.0640260875225067
1,1,0.805216073989868
1,1,0.815645813941956
0,0,0.0199622847139835
1,1,0.981750428676605
1,0,0.367400527000427
0,0,0.111981600522995
1,1,0.980983555316925
0,0,0.0303596872836351
0,0,0.0739586278796196
1,1,0.980896830558777
0,0,0.015630716457963
0,0,0.0132090467959642
1,0,0.37591952085495
1,1,0.742430448532104
1,1,0.966762840747833
1,1,0.745154500007629
0,0,0.0658439099788666
0,0,0.0293845795094967
0,0,0.0533264167606831
0,0,0.0196780972182751
1,1,0.984143733978271
0,0,0.0398138500750065
0,0,0.0120897823944688
1,1,0.967984318733215
1,1,0.972190737724304
1,1,0.987116158008575
0,0,0.0240366067737341
1,1,0.984814643859863
0,0,0.261269479990005
1,1,0.978418529033661
1,1,0.707574307918549
1,1,0.978902816772461
1,1,0.962933301925659
1,1,0.974239349365234
1,1,0.976735413074493
0,0,0.0417898595333099
0,0,0.0237204041332006
1,1,0.887249827384949
0,0,0.0162297710776329
0,1,0.53230756521225
0,0,0.0287964548915625
1,1,0.985580205917358
0,0,0.0564941912889481
1,1,0.947753310203552
0,0,0.0474840812385082
1,1,0.956401705741882
0,0,0.0889350920915604
0,0,0.0193669889122248
1,1,0.985986649990082
0,0,0.0338108390569687
0,0,0.0218179803341627
1,0,0.427215903997421
1,1,0.958275735378265
0,0,0.0230701062828302
0,0,0.0229310318827629
1,1,0.969823658466339
0,0,0.00988113787025213
1,1,0.982067227363586
1,1,0.956372499465942
1,1,0.972496509552002
0,0,0.339745789766312
1,1,0.908841967582703
0,0,0.0171264540404081
0,0,0.110874213278294
0,0,0.0905284732580185
1,1,0.72602516412735
0,0,0.0691936388611794
0,0,0.0104683646932244
0,0,0.022752782329917
1,0,0.168208137154579
0,0,0.0155989723280072
0,0,0.0238780304789543
1,1,0.983246982097626
0,0,0.0251914970576763
1,0,0.258390694856644
0,0,0.0257428903132677
0,0,0.0183366928249598
1,1,0.979372322559357
0,1,0.78224903345108
1,1,0.783177316188812
1,1,0.973252594470978
1,1,0.93597537279129
1,1,0.863423585891724
1,1,0.958894848823547
1,1,0.972501575946808
0,1,0.599577724933624
0,0,0.0224162004888058
1,1,0.923423886299133
0,0,0.0514779463410378
0,0,0.0674510970711708
0,0,0.0108136991038918
1,1,0.97291487455368
0,0,0.0271235927939415
1,1,0.971172153949738
0,0,0.014377212151885
0,0,0.0335090644657612
1,1,0.925765752792358
1,1,0.983692646026611
0,0,0.0381111204624176
0,0,0.0230347644537687
0,0,0.0216296520084143
0,0,0.0477198883891106
1,1,0.593659341335297
0,0,0.0129190683364868
1,1,0.976597487926483
0,0,0.0102321160957217
1,1,0.968901336193085
1,1,0.967183828353882
0,0,0.0163726881146431
0,0,0.0153803983703256
1,1,0.949294090270996
1,1,0.960821986198425
1,1,0.77386087179184
0,0,0.0367853082716465
1,1,0.977741777896881
1,1,0.649507522583008
1,1,0.980792820453644
1,0,0.0999095216393471
0,0,0.0387625470757484
1,1,0.95904153585434
0,0,0.0255797114223242
1,1,0.971654713153839
1,1,0.964866578578949
0,0,0.0281814429908991
1,1,0.981474995613098
1,1,0.989698588848114
0,0,0.0649235993623734
1,1,0.969619512557983
1,1,0.947281002998352
1,1,0.968497037887573
0,0,0.41537082195282
0,0,0.0166387502104044
0,0,0.037790946662426
0,0,0.0959082916378975
1,1,0.967107892036438
0,0,0.370459973812103
1,1,0.985529899597168
0,0,0.0406108312308788
0,0,0.0256196744740009
1,1,0.85724949836731
1,1,0.964974343776703
1,1,0.985645949840546
1,1,0.924631357192993
0,0,0.342579245567322
1,1,0.827885985374451
0,0,0.019722193479538
0,0,0.0797111392021179
0,0,0.0351762101054192
0,0,0.0457594022154808
0,0,0.0403173938393593
1,1,0.950543999671936
0,0,0.136956661939621
1,1,0.93683910369873
1,0,0.400085151195526
1,1,0.962948143482208
1,1,0.96022242307663
1,1,0.957530438899994
0,0,0.157077267765999
1,1,0.977157950401306
1,1,0.943646848201752
0,0,0.0109411915764213
0,0,0.0177707243710756
1,1,0.951332449913025
0,0,0.0389428362250328
1,1,0.967736601829529
0,0,0.0294889528304338
1,1,0.63115257024765
1,1,0.959263861179352
0,0,0.0129944728687406
0,0,0.017348924651742
1,1,0.987396538257599
1,1,0.95527857542038
1,1,0.985112011432648
0,1,0.611664831638336
1,1,0.925789475440979
1,1,0.978954017162323
1,0,0.355836182832718
1,1,0.925694584846497
1,1,0.8830526471138
0,0,0.0150919239968061
1,1,0.970679342746735
0,0,0.0099999476224184
0,0,0.121806286275387
1,1,0.959419190883636
1,1,0.973710000514984
0,0,0.0167078357189894
1,1,0.879218518733978
1,1,0.938365161418915
1,1,0.734746217727661
0,0,0.0117310434579849
0,0,0.0179405100643635
0,1,0.603118360042572
1,1,0.977780401706696
1,1,0.962075531482697
0,0,0.0157373603433371
0,0,0.0127548575401306
1,1,0.971638143062592
0,0,0.0188469067215919
0,0,0.0203420147299767
1,1,0.983473122119904
1,1,0.867856919765472
1,0,0.0432186312973499
1,0,0.352740705013275
0,0,0.0214071869850159
1,1,0.967065632343292
1,1,0.972718298435211
1,1,0.811238467693329
1,1,0.960349321365356
0,0,0.0153410695493221
1,1,0.898070991039276
0,0,0.0106764426454902
1,1,0.824573755264282
1,1,0.965189874172211
0,0,0.0454669594764709
1,0,0.327629953622818
0,0,0.0176335982978344
0,0,0.16945093870163
1,1,0.930297613143921
1,0,0.409151464700699
0,0,0.405461639165878
1,1,0.976949512958527
1,1,0.955389976501465
0,0,0.0155555540695786
1,1,0.966047644615173
1,1,0.975955188274384
0,0,0.0370419397950172
0,0,0.0140116475522518
0,0,0.0480190925300121
1,1,0.977485299110413
1,1,0.727968871593475
0,0,0.030730189755559
1,1,0.97127377986908
0,0,0.0340158641338348
1,1,0.976858258247375
1,1,0.956268072128296
1,0,0.383015513420105
1,1,0.938870429992676
1,1,0.983091652393341
0,0,0.0916313230991364
0,0,0.077108770608902
1,0,0.03618523478508
1,1,0.971454620361328
1,1,0.979942202568054
0,0,0.020666066557169
0,0,0.075824461877346
0,0,0.025750519707799
0,0,0.0513576231896877
0,0,0.0204446874558926
1,1,0.975067257881165
1,1,0.964588344097137
1,1,0.962610244750977
1,1,0.954864978790283
1,1,0.982887208461761
1,1,0.907386243343353
1,1,0.891337990760803
0,0,0.310866057872772
1,1,0.971048355102539
0,0,0.0196936298161745
0,0,0.0584112629294395
1,1,0.819754362106323
1,1,0.961773633956909
0,0,0.00982072670012712
1,1,0.981081306934357
1,1,0.879806816577911
1,1,0.942701876163483
1,1,0.945201337337494
0,0,0.22177965939045
1,1,0.964710712432861
0,0,0.112997241318226
1,1,0.834399938583374
1,1,0.95581716299057
0,0,0.0130616836249828
0,0,0.182597264647484
0,0,0.0148302279412746
0,0,0.0357392206788063
1,1,0.988384008407593
0,0,0.0243724025785923
0,0,0.0221375022083521
1,1,0.971329569816589
1,1,0.980482697486877
0,0,0.0235848948359489
1,1,0.634515583515167
0,0,0.0212716795504093
0,0,0.0194469802081585
0,0,0.0228655636310577
1,1,0.972864985466003
1,1,0.957740306854248
0,0,0.0489876717329025
0,0,0.0178949628025293
1,1,0.98866218328476
1,1,0.970110654830933
1,1,0.954666197299957
0,0,0.0668754279613495
0,0,0.124141342937946
0,0,0.0158467665314674
0,0,0.0260908436030149
0,0,0.0166837014257908
1,1,0.958136558532715
1,1,0.971993267536163
1,1,0.9454305768013
1,1,0.940229594707489
1,1,0.97611528635025
1,1,0.978997111320496
1,1,0.964913547039032
0,0,0.0716767236590385
0,0,0.015030087903142
0,0,0.091493584215641
0,0,0.0462006777524948
1,1,0.821043729782104
0,0,0.0109194116666913
0,0,0.0109777646139264
1,1,0.968472898006439
1,1,0.964623272418976
1,1,0.962039113044739
1,1,0.985426902770996
0,0,0.0402538850903511
0,0,0.0181263796985149
1,1,0.983934581279755
1,1,0.940161287784576
0,0,0.0203992500901222
1,1,0.845178425312042
1,1,0.954348623752594
0,0,0.244755491614342
0,0,0.0165173914283514
1,1,0.9856938123703
0,0,0.0345634371042252
0,0,0.0656488686800003
1,1,0.976804435253143
1,1,0.976359665393829
0,0,0.0106306932866573
0,0,0.0208196621388197
1,1,0.976013898849487
0,0,0.0299961399286985
0,0,0.03823396936059
1,1,0.922694027423859
0,0,0.0129431458190084
1,1,0.976868152618408
0,0,0.0135452803224325
0,0,0.0736203193664551
0,0,0.0103657497093081
0,0,0.02855527959764
0,0,0.0421495027840137
0,0,0.235926285386086
0,0,0.0273225847631693
1,1,0.825126647949219
0,0,0.430235505104065
0,0,0.0349360778927803
1,1,0.912800073623657
0,0,0.0435417890548706
0,0,0.0853833556175232
1,1,0.838230550289154
0,0,0.0239901877939701
0,0,0.0151189938187599
0,0,0.0388541482388973
1,1,0.935730397701263
1,1,0.818491041660309
1,1,0.977189481258392
1,1,0.979251623153687
0,0,0.0237136576324701
0,0,0.0112232472747564
1,1,0.984345614910126
0,0,0.269166707992554
0,0,0.0326218567788601
1,1,0.98717474937439
1,1,0.970143556594849
0,0,0.0163136851042509
1,1,0.986126899719238
0,0,0.0395459607243538
1,1,0.880867600440979
0,0,0.00913440715521574
0,0,0.0264339186251163
0,0,0.0222724750638008
1,1,0.969169497489929
1,1,0.942297875881195
1,1,0.942920386791229
1,0,0.306240141391754
1,1,0.975444853305817
1,1,0.978014886379242
0,0,0.0139203742146492
1,1,0.862753450870514
1,1,0.75833660364151
1,1,0.976769983768463
0,0,0.0351974107325077
0,0,0.0223478861153126
1,1,0.963808000087738
1,1,0.93234246969223
0,0,0.335542112588882
1,1,0.97784423828125
0,0,0.030292933806777
1,1,0.959502696990967
0,0,0.0353101082146168
0,0,0.0101651521399617
0,0,0.0866960436105728
1,1,0.986837387084961
0,0,0.0553691349923611
0,0,0.0206023342907429
1,1,0.977990865707397
0,0,0.011723980307579
1,1,0.961884140968323
1,1,0.974178731441498
1,1,0.976624846458435
0,0,0.0146505981683731
1,1,0.870357751846313
1,1,0.978584229946136
0,0,0.0263758115470409
0,0,0.321828156709671
1,1,0.895037829875946
0,0,0.0881434679031372
1,1,0.987364709377289
0,0,0.0262609887868166
1,1,0.976761102676392
0,0,0.03650126978755
0,0,0.0119727291166782
1,1,0.98381096124649
1,1,0.97090357542038
0,0,0.0138113452121615
1,1,0.913308084011078
0,0,0.0662163719534874
1,1,0.869356691837311
1,1,0.988335847854614
1,1,0.982937276363373
1,1,0.969165682792664
1,1,0.94857531785965
1,1,0.974105298519135
0,0,0.0210657510906458
0,0,0.0284493491053581
1,1,0.978467583656311
1,1,0.984815239906311
1,1,0.972473859786987
1,1,0.984648108482361
1,1,0.984175622463226
0,0,0.0182094555348158
0,1,0.544568538665771
1,1,0.99079567193985
0,0,0.0196650717407465
0,1,0.849667727947235
0,0,0.0680406168103218
0,0,0.0140233589336276
0,0,0.0536513216793537
1,0,0.0143642863258719
1,1,0.967576324939728
0,0,0.016507301479578
0,0,0.0130988275632262
0,0,0.0327877886593342
1,1,0.984026670455933
1,1,0.971578776836395
0,0,0.0148616451770067
1,1,0.841971635818481
0,0,0.0164484083652496
0,0,0.0228613708168268
1,1,0.959593951702118
1,1,0.968535304069519
0,0,0.0171233396977186
0,0,0.0413184091448784
0,0,0.0578627735376358
0,0,0.133959382772446
0,0,0.0732153877615929
0,0,0.0427046976983547
1,1,0.987511873245239
1,1,0.98325514793396
0,0,0.0180412176996469
0,0,0.116135492920876
0,0,0.0247854795306921
1,1,0.967473089694977
0,0,0.045210313051939
0,0,0.0700400769710541
1,1,0.719480037689209
0,0,0.10879673063755
0,0,0.111196994781494
1,1,0.972824573516846
1,1,0.977251410484314
0,1,0.531196296215057
1,1,0.740060865879059
1,1,0.973976016044617
1,1,0.980230093002319
1,1,0.98669445514679
1,1,0.760113060474396
1,1,0.889901280403137
0,0,0.0215092804282904
1,1,0.914908647537231
1,1,0.96931266784668
0,0,0.0290648024529219
1,1,0.985974848270416
1,0,0.105669118463993
0,0,0.078906923532486
1,1,0.975031316280365
0,0,0.00727293407544494
0,0,0.0152211077511311
1,1,0.952462434768677
0,0,0.0235607419162989
1,1,0.99069756269455
1,1,0.939146637916565
1,1,0.978796601295471
1,1,0.866865932941437
0,0,0.0116276387125254
1,1,0.914427518844604
0,0,0.0141148343682289
1,1,0.953603625297546
0,0,0.0387394465506077
1,1,0.801635086536407
0,0,0.0140860453248024
0,0,0.0270585231482983
0,0,0.0541030056774616
0,0,0.0103450054302812
0,0,0.0236141700297594
0,0,0.127003043889999
1,1,0.565096080303192
0,0,0.0136842951178551
1,1,0.925262451171875
1,1,0.969936907291412
0,0,0.0110681410878897
0,0,0.020077046006918
1,1,0.954407930374146
0,0,0.01206776779145
0,0,0.0642761737108231
0,0,0.0194594860076904
0,0,0.0420830063521862
1,1,0.697368383407593
1,1,0.977343857288361
0,0,0.0793343633413315
1,1,0.94735461473465
0,0,0.0117231011390686
1,1,0.936249673366547
0,0,0.0243093650788069
1,1,0.915754020214081
0,0,0.0666859522461891
1,1,0.989580452442169
0,1,0.693827629089355
0,0,0.0218296553939581
1,1,0.969842910766602
1,1,0.917829751968384
0,0,0.0393992215394974
0,0,0.121930733323097
1,0,0.404688537120819
1,1,0.91657429933548
0,0,0.0195632334798574
1,1,0.896860420703888
0,0,0.0153467692434788
1,1,0.98820424079895
0,0,0.133590936660767
0,0,0.0236543379724026
0,0,0.0296762436628342
1,1,0.84334272146225
1,1,0.97851824760437
0,0,0.0558852292597294
0,0,0.0357228331267834
1,1,0.920728862285614
0,0,0.0266379863023758
0,0,0.038793109357357
0,0,0.400515407323837
0,0,0.0382096655666828
1,1,0.864961862564087
1,1,0.979598224163055
1,1,0.982702851295471
1,1,0.829606354236603
0,0,0.140901297330856
0,0,0.0527765117585659
1,1,0.95587283372879
0,0,0.0154491271823645
1,1,0.982571840286255
0,0,0.0599330253899097
0,0,0.0269601084291935
1,1,0.961958706378937
0,0,0.0376482643187046
0,0,0.0192430801689625
1,1,0.853643536567688
0,0,0.0135571425780654
0,0,0.0169952418655157
1,1,0.715088367462158
1,1,0.838684439659119
1,1,0.974058032035828
0,0,0.0303135421127081
1,1,0.892358005046844
0,0,0.197952747344971
0,0,0.0157942026853561
0,0,0.0529522113502026
1,1,0.916510820388794
0,0,0.0359302498400211
0,0,0.0548739098012447
1,1,0.981072425842285
1,1,0.975942671298981
1,0,0.139299273490906
1,1,0.98999559879303
0,0,0.0188627187162638
1,1,0.963906109333038
0,0,0.0210091676563025
1,1,0.952663958072662
0,0,0.0357473157346249
0,0,0.0209748465567827
0,0,0.0188095048069954
1,1,0.670284509658813
1,1,0.965973198413849
0,0,0.0184093918651342
0,0,0.050000723451376
1,1,0.937594056129456
1,1,0.949071645736694
0,0,0.0312453508377075
1,1,0.875681102275848
0,0,0.0280947424471378
0,0,0.0186085291206837
1,1,0.898018002510071
0,0,0.146788477897644
1,0,0.44656303524971
1,1,0.911467373371124
1,1,0.954020440578461
0,0,0.00892333965748549
0,0,0.0454552993178368
1,1,0.974909722805023
0,0,0.183987945318222
0,0,0.0267377458512783
0,0,0.147293776273727
0,0,0.0259936600923538
0,0,0.0155925676226616
1,1,0.984411656856537
0,0,0.0565065182745457
1,1,0.99169135093689
0,0,0.0199173260480165
1,1,0.655652463436127
1,1,0.977672934532166
1,1,0.949377119541168
1,0,0.491660594940186
1,1,0.924440920352936
1,0,0.239545926451683
1,0,0.0496669486165047
1,1,0.977671265602112
1,1,0.984986841678619
1,1,0.967272937297821
1,1,0.967901110649109
0,0,0.0294803585857153
0,0,0.0289001669734716
0,0,0.0218195617198944
1,1,0.984695017337799
0,0,0.0285551138222218
1,1,0.974159479141235
0,0,0.0256021600216627
0,0,0.011760151013732
0,0,0.0418604724109173
1,1,0.969416379928589
0,1,0.963025093078613
0,0,0.0708532184362411
0,0,0.28879451751709
0,0,0.020835917443037
1,1,0.820150077342987
1,1,0.976130068302155
0,0,0.20408733189106
1,1,0.983461618423462
0,0,0.0230594351887703
0,0,0.0690452083945274
0,0,0.0741517841815948
0,0,0.0250942260026932
0,0,0.0128502938896418
1,1,0.961087584495544
1,1,0.982305824756622
1,1,0.903219223022461
0,0,0.0122723504900932
0,0,0.0185294821858406
1,1,0.850184679031372
0,0,0.0238087326288223
1,1,0.973490238189697
0,0,0.0246384385973215
1,1,0.90175062417984
0,0,0.0377839878201485
0,0,0.0458344295620918
0,0,0.0467668920755386
1,1,0.972701072692871
0,0,0.0158325172960758
1,1,0.962676525115967
0,0,0.188201725482941
1,1,0.978815197944641
0,0,0.0160847529768944
0,0,0.0809562057256699
1,1,0.798397541046143
0,0,0.0171565320342779
1,1,0.906283676624298
1,1,0.978080570697784
1,1,0.978243231773376
0,0,0.0190467797219753
0,0,0.203051030635834
0,0,0.016861766576767
1,1,0.743875086307526
0,0,0.132589370012283
0,0,0.118608765304089
0,0,0.0294220801442862
0,0,0.0140448026359081
1,1,0.976705253124237
1,1,0.914123117923737
0,0,0.0157276652753353
0,0,0.0136495670303702
0,0,0.203176155686378
1,1,0.988008379936218
1,1,0.962916314601898
1,1,0.944387853145599
0,0,0.0377280674874783
0,0,0.0191952995955944
1,1,0.986970901489258
1,1,0.949571192264557
0,0,0.0234506707638502
0,0,0.0220892764627934
0,0,0.0255036931484938
1,1,0.967226445674896
1,1,0.983848035335541
0,0,0.477484047412872
1,1,0.980561912059784
1,1,0.962811529636383
0,0,0.00983847863972187
1,1,0.975635647773743
1,1,0.9688720703125
0,0,0.026546735316515
1,1,0.949145019054413
0,0,0.143039211630821
0,0,0.314427524805069
1,1,0.98632949590683
1,1,0.972994387149811
0,0,0.0362816192209721
1,1,0.977570176124573
0,0,0.00964095257222652
1,1,0.970148682594299
1,1,0.961343109607697
0,0,0.0155937159433961
0,0,0.0306484773755074
0,0,0.075487956404686
0,0,0.0239821188151836
0,0,0.02634022757411
0,0,0.0240458250045776
0,0,0.0152575308457017
1,1,0.975625872612
1,1,0.96226692199707
1,1,0.985274314880371
1,1,0.876111507415771
1,1,0.974177777767181
1,1,0.954084873199463
0,0,0.0308740474283695
0,0,0.317685216665268
0,0,0.0629345253109932
0,0,0.0252035371959209
0,0,0.00814699567854404
0,0,0.280816733837128
1,1,0.97989147901535
0,0,0.0241693165153265
1,1,0.977123498916626
0,0,0.0141624100506306
1,1,0.836639881134033
0,0,0.123793557286263
1,1,0.975105226039886
1,1,0.958345174789429
0,0,0.0402197241783142
1,1,0.972822070121765
1,1,0.938043713569641
0,0,0.0511642135679722
0,0,0.0373279340565205
0,1,0.836100935935974
1,1,0.987589955329895
1,1,0.968152284622192
0,0,0.0361989736557007
1,1,0.960197627544403
1,1,0.988121151924133
1,1,0.974345624446869
1,1,0.977997243404388
0,0,0.0265194606035948
1,1,0.876399636268616
0,0,0.0177934691309929
0,0,0.234561339020729
0,0,0.0263203121721745
1,1,0.981788039207458
1,1,0.93751460313797
0,0,0.0173884108662605
0,0,0.0243136584758759
0,0,0.344366937875748
1,1,0.964357376098633
0,0,0.0159153360873461
0,0,0.145529881119728
1,1,0.987440466880798
1,1,0.954329192638397
0,0,0.0207214523106813
1,1,0.90893542766571
0,0,0.0411855839192867
1,1,0.922946274280548
1,1,0.985638558864594
0,0,0.0220994520932436
0,0,0.149862006306648
0,0,0.027460278943181
1,1,0.802068769931793
1,0,0.277742326259613
0,0,0.0364875309169292
1,1,0.814233899116516
1,1,0.97954136133194
0,0,0.0210262518376112
1,1,0.958933651447296
0,0,0.0388690531253815
0,0,0.10338269174099
0,0,0.204487472772598
1,1,0.961980223655701
1,1,0.927167296409607
0,0,0.0557122565805912
0,0,0.00983853358775377
0,0,0.0286973137408495
0,0,0.0198891833424568
0,0,0.0207290798425674
0,0,0.0185457933694124
1,1,0.988651692867279
1,1,0.952712714672089
0,0,0.0257540382444859
0,0,0.0149114476516843
0,0,0.0613495670258999
1,1,0.801807105541229
1,1,0.953499495983124
0,0,0.0109750367701054
0,0,0.0148009676486254
0,0,0.0285385921597481
0,0,0.031854011118412
1,1,0.967646062374115
0,0,0.189735546708107
1,1,0.968286097049713
1,1,0.884805858135223
0,0,0.0578675717115402
0,0,0.0162833724170923
0,0,0.0563587211072445
1,1,0.899898111820221
0,0,0.47846919298172
1,1,0.953930377960205
0,0,0.00978169590234756
0,0,0.0310663338750601
1,1,0.985424339771271
1,1,0.958055555820465
0,0,0.0320773273706436
1,1,0.978968977928162
0,0,0.0393380969762802
0,0,0.0211723875254393
1,1,0.958017349243164
1,1,0.972237467765808
0,0,0.0184957273304462
1,1,0.974592506885529
1,1,0.980885922908783
1,1,0.778478741645813
0,0,0.05001250654459
1,1,0.968462467193604
0,0,0.292386740446091
1,0,0.174734935164452
1,1,0.867404103279114
0,0,0.0304796770215034
1,1,0.96108078956604
0,0,0.0520322173833847
1,1,0.78501284122467
0,0,0.0297580137848854
0,0,0.102367483079433
0,0,0.018851624801755
0,0,0.0132616087794304
1,1,0.897634029388428
1,1,0.980031490325928
1,0,0.0651174485683441
1,1,0.975191414356232
0,0,0.0146187888458371
1,1,0.973896503448486
1,1,0.872236311435699
1,1,0.972105205059052
1,1,0.755710959434509
0,0,0.0315742008388042
0,0,0.0432223416864872
0,0,0.0698301792144775
1,1,0.966108858585358
0,0,0.0930921584367752
1,1,0.915335834026337
0,0,0.0209170524030924
0,0,0.017936360090971
1,1,0.94400691986084
1,0,0.0300993993878365
1,1,0.96118438243866
1,1,0.739328980445862
0,0,0.0120438234880567
1,1,0.984536945819855
1,1,0.937997162342072
0,0,0.0489032156765461
0,0,0.0257712658494711
0,0,0.0103022120893002
1,1,0.96376371383667
1,1,0.962992250919342
1,1,0.710564196109772
1,1,0.92668342590332
1,1,0.974738359451294
1,1,0.810304939746857
1,1,0.978367269039154
0,0,0.0304307751357555
0,0,0.0235402528196573
1,1,0.944954633712769
0,0,0.0149805136024952
1,1,0.795730173587799
0,1,0.848727166652679
0,0,0.054891012609005
0,0,0.0359653271734715
1,1,0.664524376392365
1,1,0.971110939979553
1,1,0.99039101600647
0,1,0.60860937833786
1,1,0.988782942295074
0,0,0.0263284649699926
1,1,0.892530739307404
0,0,0.0113392667844892
0,0,0.0498332343995571
1,1,0.84664261341095
0,0,0.0258674062788486
1,1,0.944759249687195
0,0,0.0629099607467651
0,0,0.016267653554678
0,0,0.082150824368
0,0,0.0163440983742476
1,0,0.453544825315475
0,0,0.0459562242031097
0,0,0.0726248696446419
1,1,0.937991380691528
1,1,0.95233428478241
0,0,0.0131164435297251
1,1,0.979952394962311
1,1,0.989900290966034
0,0,0.0223373044282198
0,0,0.0155835431069136
1,0,0.260574758052826
1,1,0.938539743423462
0,0,0.0177120249718428
0,0,0.0265783797949553
0,0,0.24692502617836
1,1,0.965556502342224
0,0,0.0595627501606941
0,1,0.973688066005707
0,0,0.058846116065979
0,0,0.0808501467108727
1,1,0.672689855098724
0,0,0.0113693810999393
1,1,0.987117826938629
1,1,0.972280740737915
1,1,0.965169131755829
1,1,0.977088332176208
0,0,0.0355001427233219
0,0,0.11832170933485
1,1,0.892976045608521
0,0,0.059803381562233
1,1,0.965792179107666
0,0,0.0410467013716698
1,1,0.918339908123016
0,0,0.0390287041664124
0,0,0.0209937989711761
0,0,0.0154404332861304
0,0,0.044300489127636
1,1,0.975352168083191
1,1,0.980125606060028
0,0,0.012061595916748
0,0,0.037882674485445
0,0,0.0231600701808929
1,1,0.983766794204712
1,1,0.966627836227417
0,0,0.0394948199391365
1,1,0.971919596195221
1,0,0.366089105606079
1,1,0.861940920352936
0,0,0.0118893822655082
0,0,0.0477692745625973
1,0,0.260799467563629
1,1,0.98367440700531
1,1,0.981240093708038
1,1,0.981011867523193
1,1,0.930178344249725
1,1,0.959673285484314
0,0,0.0085682850331068
1,1,0.876907825469971
1,1,0.980208992958069
1,1,0.81898421049118
0,0,0.0402778089046478
0,0,0.0821049511432648
1,1,0.950449347496033
1,1,0.952672898769379
0,0,0.0481372401118279
1,1,0.967018842697144
1,1,0.899316132068634
0,0,0.392140626907349
1,1,0.791094124317169
1,1,0.965115666389465
1,1,0.990865767002106
1,1,0.945640563964844
0,0,0.0287337265908718
1,1,0.966158926486969
1,1,0.957004547119141
1,0,0.0533146560192108
0,0,0.0149044515565038
0,0,0.0470410101115704
0,0,0.0182259455323219
1,1,0.984759867191315
1,1,0.969538629055023
0,0,0.0466620028018951
0,1,0.71828430891037
1,1,0.954552710056305
1,1,0.935802638530731
0,0,0.0148391062393785
0,0,0.0466347672045231
0,0,0.0270437709987164
0,0,0.0245743151754141
1,1,0.984976351261139
0,0,0.0121064456179738
1,1,0.973088085651398
0,0,0.0392117314040661
0,0,0.0387895070016384
1,1,0.97338730096817
0,0,0.0283074509352446
1,1,0.965244174003601
0,0,0.0248016007244587
1,1,0.973560929298401
1,1,0.907697975635529
0,0,0.0084780054166913
1,1,0.988102197647095
0,0,0.0282501112669706
1,1,0.972805082798004
1,1,0.929598867893219
1,1,0.979951918125153
1,1,0.897686362266541
0,0,0.0277281496673822
1,1,0.990784168243408
1,1,0.981780886650085
0,0,0.0253749024122953
0,1,0.799783825874329
1,1,0.930255115032196
0,0,0.0337013192474842
1,1,0.952537894248962
1,1,0.955732882022858
0,0,0.0405896753072739
0,0,0.174052283167839
1,1,0.975670397281647
0,0,0.0435292832553387
1,1,0.957509756088257
1,1,0.96841037273407
1,1,0.968705296516418
0,0,0.0221586357802153
0,0,0.0155062675476074
0,0,0.0344630740582943
0,0,0.0410907790064812
1,1,0.981130540370941
0,0,0.29598531126976
0,0,0.0508094169199467
1,1,0.92231822013855
1,1,0.979866087436676
0,0,0.0243146810680628
0,0,0.0284180082380772
1,1,0.88378119468689
1,1,0.960964620113373
0,0,0.0318743325769901
1,0,0.162945285439491
0,0,0.0319650955498219
1,1,0.964651465415955
0,0,0.0117375738918781
0,0,0.0160668846219778
1,1,0.971716165542603
0,0,0.0279908049851656
1,1,0.984307050704956
0,0,0.0114460550248623
1,1,0.894509017467499
1,1,0.78083461523056
1,1,0.871002376079559
1,1,0.965744912624359
1,1,0.962421119213104
1,1,0.861391186714172
1,1,0.968157649040222
1,1,0.961806058883667
0,0,0.0612368956208229
1,0,0.30755802989006
0,0,0.0158042628318071
1,1,0.903677225112915
1,1,0.979522347450256
0,0,0.0177771430462599
1,1,0.980425953865051
0,0,0.0203684829175472
1,1,0.980829060077667
0,0,0.347543865442276
1,1,0.967296719551086
0,0,0.411971181631088
1,1,0.975580871105194
1,1,0.961723148822784
0,0,0.0364369116723537
1,1,0.88485449552536
1,1,0.970597684383392
1,1,0.952325105667114
0,0,0.019895501434803
0,0,0.0174377206712961
1,1,0.940836668014526
1,1,0.977694511413574
1,1,0.946639478206635
1,1,0.950791597366333
0,0,0.0153171885758638
0,0,0.0259711164981127
0,0,0.03946428373456
1,1,0.905936419963837
1,1,0.907999813556671
0,0,0.0197050962597132
1,1,0.989018321037292
1,1,0.981953501701355
1,1,0.746228098869324
1,1,0.970086336135864
0,0,0.0286861248314381
1,1,0.982041597366333
1,1,0.690264403820038
1,1,0.968949854373932
1,1,0.982997894287109
0,0,0.0119904316961765
1,1,0.959671974182129
0,1,0.900595128536224
1,1,0.955338418483734
0,0,0.0107856458052993
1,1,0.98741352558136
0,0,0.143543869256973
0,0,0.303679704666138
0,0,0.0341876074671745
1,1,0.86663830280304
1,1,0.978178203105927
0,1,0.538233637809753
1,1,0.98148638010025
1,1,0.94233238697052
0,0,0.0425677038729191
0,0,0.0342692732810974
0,0,0.0169798415154219
1,1,0.989462673664093
0,0,0.0372864790260792
0,0,0.0147039238363504
1,1,0.96410721540451
1,1,0.892947614192963
0,0,0.00757576804608107
1,1,0.786254703998566
0,0,0.0105202971026301
1,1,0.97251307964325
1,1,0.976427853107452
0,0,0.0155404889956117
1,1,0.978482186794281
0,0,0.0204806514084339
1,1,0.874083578586578
1,1,0.9860720038414
0,0,0.0380186624825001
0,0,0.0497635714709759
0,0,0.0792351216077805
1,1,0.94262421131134
1,1,0.97413557767868
0,0,0.0271694380789995
1,1,0.909716546535492
0,0,0.0906010121107101
0,0,0.0242272559553385
0,0,0.064115509390831
1,1,0.930556774139404
0,0,0.0321646519005299
0,0,0.0109450882300735
1,1,0.948830246925354
1,1,0.736817359924316
1,1,0.931539058685303
1,1,0.958445012569427
0,0,0.021467711776495
1,1,0.952435374259949
0,0,0.0388873107731342
1,1,0.946749746799469
1,1,0.971278071403503
1,1,0.977995991706848
0,0,0.0319971218705177
0,0,0.0176392737776041
0,1,0.559295952320099
0,0,0.0324519276618958
0,0,0.0168598853051662
1,1,0.979772806167603
0,0,0.0227229297161102
1,1,0.967139780521393
0,0,0.0497562661767006
0,0,0.0297074317932129
0,0,0.348091244697571
0,0,0.0223102252930403
0,0,0.029846902936697
1,1,0.987532556056976
0,0,0.285389006137848
0,0,0.0220708977431059
1,1,0.738847553730011
0,0,0.396929115056992
0,0,0.210437625646591
0,0,0.136833474040031
1,1,0.989531874656677
0,0,0.0267047341912985
1,1,0.983606696128845
0,1,0.801641643047333
1,1,0.934431254863739
0,0,0.308938682079315
0,0,0.0404757969081402
0,0,0.03615428134799
0,0,0.010291263461113
1,0,0.0243155807256699
0,0,0.0660945624113083
1,1,0.975914418697357
1,1,0.961760401725769
1,1,0.973388433456421
1,1,0.940545201301575
1,1,0.684306263923645
0,0,0.0655997470021248
1,1,0.950992941856384
1,1,0.93323826789856
1,1,0.515815734863281
0,1,0.5439093708992
0,0,0.0203274488449097
0,0,0.0851960703730583
0,0,0.133098438382149
1,1,0.778654217720032
1,1,0.610245525836945
1,1,0.91835355758667
0,0,0.0324115045368671
1,1,0.9742631316185
0,0,0.052432794123888
0,0,0.0365461818873882
0,0,0.0247947461903095
0,0,0.0418898947536945
0,0,0.0269403140991926
0,0,0.0150405373424292
0,1,0.927236318588257
1,1,0.985726237297058
0,0,0.0352256447076797
1,1,0.960739135742188
1,1,0.975810885429382
0,0,0.0843320786952972
0,0,0.22062574326992
0,0,0.094932846724987
0,0,0.0242070965468884
1,1,0.98438173532486
1,0,0.0395759530365467
0,0,0.0201613456010818
1,1,0.952516615390778
0,0,0.0734704434871674
1,1,0.961875081062317
0,0,0.0206203199923038
1,1,0.966604351997375
1,1,0.95427542924881
0,0,0.0325051993131638
0,0,0.0737620368599892
0,0,0.0261426847428083
0,0,0.0202025081962347
0,0,0.0222958754748106
1,1,0.987626373767853
1,1,0.978526473045349
0,0,0.0940175876021385
0,0,0.0252614039927721
0,0,0.0297006573528051
0,0,0.0561720356345177
0,0,0.0238511878997087
1,1,0.973257422447205
0,0,0.0145998895168304
1,1,0.982809782028198
1,1,0.523786246776581
1,1,0.784593820571899
0,0,0.07082549482584
0,0,0.415788352489471
1,1,0.966887414455414
1,1,0.981556415557861
1,1,0.959737122058868
1,1,0.949871420860291
0,0,0.475093454122543
0,0,0.023217748850584
1,1,0.983912527561188
1,1,0.985775470733643
1,1,0.990111649036407
0,1,0.780796408653259
1,1,0.957058072090149
0,0,0.019301725551486
0,0,0.25601464509964
0,0,0.0295851286500692
0,0,0.0249651037156582
0,0,0.084075354039669
1,1,0.969387233257294
1,1,0.93919712305069
0,0,0.02015002630651
0,0,0.394501268863678
0,0,0.0160034690052271
0,0,0.0223559159785509
0,0,0.187734916806221
0,0,0.0441102087497711
1,1,0.971586644649506
0,0,0.260177999734879
1,1,0.849488079547882
1,1,0.989890813827515
1,1,0.978657305240631
0,0,0.0210885386914015
0,1,0.511600911617279
1,1,0.976005792617798
1,1,0.941967725753784
0,0,0.0443378500640392
0,1,0.630476355552673
1,1,0.987058460712433
0,0,0.0566063895821571
1,1,0.976892352104187
1,1,0.878487706184387
1,1,0.978210508823395
1,1,0.987033367156982
0,0,0.0239244811236858
1,1,0.946089684963226
0,0,0.236066177487373
1,1,0.981533825397491
1,1,0.971420347690582
0,0,0.0165669620037079
1,1,0.942339658737183
0,0,0.0274954345077276
0,0,0.140124067664146
1,1,0.974919617176056
0,1,0.865484952926636
0,0,0.0180341191589832
0,0,0.0346022769808769
1,0,0.124383762478828
1,1,0.965559184551239
1,1,0.967033803462982
1,1,0.958013772964478
0,0,0.0733469575643539
1,1,0.934051036834717
0,0,0.0108805214986205
0,0,0.0353589318692684
0,0,0.00892385002225637
0,0,0.0349887013435364
1,1,0.957297325134277
0,0,0.0247438531368971
0,0,0.0169518087059259
1,1,0.622698128223419
1,1,0.983841896057129
1,1,0.977533638477325
0,0,0.031076118350029
1,1,0.965230822563171
1,1,0.903592467308044
0,0,0.0271097626537085
1,1,0.986003220081329
0,0,0.0114837493747473
0,0,0.026142904534936
0,0,0.0358236245810986
0,0,0.375835239887238
1,1,0.96992415189743
0,0,0.139244496822357
1,1,0.966861009597778
1,1,0.926187217235565
1,1,0.969744265079498
0,0,0.0288225747644901
1,1,0.975872159004211
1,1,0.978017210960388
1,1,0.877288579940796
1,1,0.984217286109924
0,0,0.0373023152351379
1,1,0.942296624183655
1,1,0.950604259967804
0,0,0.0190760493278503
1,1,0.916758418083191
0,1,0.794841527938843
0,1,0.696014046669006
1,1,0.988218367099762
0,0,0.0275091882795095
1,1,0.986362993717194
0,0,0.0202751364558935
0,0,0.0181982442736626
0,0,0.0138925444334745
1,1,0.942710757255554
0,0,0.0252401605248451
0,0,0.0226999148726463
0,0,0.0544244199991226
1,1,0.961709022521973
1,1,0.935085892677307
1,1,0.933121383190155
1,1,0.943668782711029
1,1,0.820371091365814
0,0,0.0345793701708317
0,0,0.0172551292926073
1,1,0.958072423934937
1,1,0.955271542072296
0,0,0.0483358949422836
1,1,0.986418008804321
1,1,0.955352246761322
0,0,0.0232936702668667
1,1,0.91028219461441
0,0,0.0700385123491287
1,1,0.985755741596222
0,0,0.0267980117350817
0,0,0.0486705340445042
0,0,0.0131993554532528
0,1,0.967417061328888
0,0,0.0292549151927233
1,1,0.934264004230499
1,1,0.969152629375458
0,0,0.139258474111557
1,0,0.2663913667202
1,1,0.984640121459961
1,1,0.953836977481842
0,0,0.459803253412247
0,0,0.0815235897898674
0,1,0.580593287944794
0,0,0.0404591150581837
1,1,0.942370474338531
1,1,0.904557228088379
1,1,0.942091524600983
0,0,0.120477207005024
0,0,0.0862648114562035
1,1,0.995173275470734
0,0,0.0115051232278347
1,1,0.862913191318512
1,1,0.807541251182556
1,1,0.72940868139267
1,1,0.962604999542236
1,0,0.242463991045952
0,0,0.090793214738369
1,1,0.979363858699799
1,1,0.977156460285187
0,0,0.0290876254439354
1,1,0.949128568172455
0,0,0.0169158335775137
1,1,0.955603241920471
0,0,0.0144304120913148
0,0,0.069535605609417
1,1,0.823896110057831
1,1,0.981611549854279
0,0,0.0662618800997734
1,1,0.977698028087616
1,1,0.952257990837097
1,1,0.987327516078949
1,1,0.981734931468964
1,1,0.955093801021576
1,1,0.983253419399261
1,1,0.987624406814575
1,1,0.891517460346222
1,1,0.97388881444931
0,0,0.0388399325311184
1,1,0.955251276493073
0,0,0.0189607236534357
1,1,0.98866194486618
0,0,0.0727693140506744
1,1,0.852032899856567
1,1,0.945886850357056
0,0,0.070359468460083
1,1,0.965836763381958
1,1,0.927708685398102
0,0,0.0972755029797554
0,0,0.00984639674425125
1,1,0.989845633506775
0,0,0.0249483715742826
0,0,0.0298565831035376
0,0,0.0125262858346105
1,1,0.958786368370056
0,0,0.0230078604072332
0,0,0.0132570657879114
1,1,0.98467618227005
1,1,0.970023810863495
1,1,0.989094078540802
0,0,0.0345779955387115
1,1,0.98080962896347
0,0,0.0202234778553247
1,1,0.974418044090271
0,0,0.0205551590770483
0,0,0.124876633286476
0,0,0.0124478489160538
1,1,0.79561859369278
0,0,0.00972236320376396
1,1,0.928729891777039
1,1,0.983169972896576
0,0,0.0220439955592155
1,1,0.964953243732452
1,1,0.98179030418396
0,0,0.0144954780116677
0,1,0.921247899532318
0,0,0.0248869564384222
0,0,0.0313613750040531
0,0,0.384414672851562
0,0,0.0220055561512709
0,0,0.0259983614087105
0,0,0.0109650678932667
0,1,0.934509038925171
0,1,0.9110347032547
1,1,0.984439194202423
1,0,0.091836154460907
1,1,0.941374003887177
1,1,0.984447479248047
1,1,0.842503130435944
1,1,0.963288486003876
0,0,0.0232413895428181
0,0,0.0184649564325809
0,0,0.0529127679765224
1,1,0.978523731231689
1,1,0.983751595020294
0,0,0.410499662160873
0,0,0.0250296350568533
0,0,0.151973590254784
0,0,0.361527413129807
1,1,0.964581370353699
1,1,0.986098170280457
1,1,0.98702746629715
1,1,0.97020435333252
1,0,0.092486247420311
1,1,0.962384700775146
1,1,0.834950745105743
0,0,0.0995951145887375
1,0,0.0480518080294132
0,0,0.0205594804137945
1,1,0.985720336437225
0,0,0.0318899489939213
1,1,0.982358157634735
0,0,0.0232018902897835
0,0,0.0277819484472275
0,1,0.932070136070251
0,0,0.247388482093811
1,1,0.980305194854736
0,0,0.0261273644864559
1,1,0.982763886451721
0,0,0.0336713679134846
1,0,0.0194709356874228
0,1,0.663833618164062
0,0,0.0115233417600393
0,0,0.0392370298504829
1,1,0.98331880569458
1,1,0.988853573799133
0,0,0.02894944883883
1,1,0.926056206226349
0,0,0.0554673038423061
0,0,0.0733153820037842
0,0,0.0263710767030716
0,0,0.0141696613281965
0,0,0.0234869010746479
1,1,0.970638036727905
0,1,0.970043122768402
1,1,0.976736664772034
1,1,0.98371547460556
0,0,0.0375160053372383
0,1,0.534306883811951
0,0,0.0244497358798981
1,1,0.975066363811493
1,1,0.936227023601532
0,1,0.683364629745483
0,0,0.437797218561172
1,1,0.906266927719116
1,1,0.953379273414612
0,0,0.0376491695642471
1,1,0.954306066036224
1,1,0.93444812297821
0,0,0.0275265760719776
0,0,0.0325796194374561
1,1,0.978532493114471
0,0,0.225182488560677
1,1,0.714710116386414
0,0,0.0454085320234299
0,0,0.0118954628705978
0,0,0.0133189866319299
1,1,0.985079705715179
0,0,0.0962629020214081
0,0,0.0660597011446953
0,0,0.0587961860001087
0,0,0.0952206179499626
1,1,0.980541408061981
0,0,0.0293746907263994
1,1,0.98011302947998
1,1,0.975659012794495
1,1,0.611940145492554
0,1,0.721495032310486
1,1,0.972058832645416
0,1,0.934913039207458
1,1,0.963311612606049
1,1,0.813475787639618
1,1,0.952029943466187
1,1,0.580281972885132
1,1,0.952881038188934
1,1,0.986623823642731
1,1,0.977030277252197
1,1,0.950283527374268
1,1,0.977119743824005
1,0,0.12023251503706
0,0,0.0383596159517765
0,0,0.0142312925308943
1,1,0.989308297634125
0,0,0.0230832677334547
1,1,0.967900216579437
1,1,0.974108457565308
1,1,0.978667914867401
1,1,0.977568507194519
0,0,0.00922800600528717
1,1,0.955790579319
0,0,0.0337991341948509
1,1,0.874852418899536
0,0,0.0386430770158768
0,0,0.0216897837817669
0,0,0.409311711788177
1,1,0.98087340593338
1,1,0.965400457382202
0,0,0.491815000772476
0,0,0.0150604015216231
1,1,0.979608356952667
1,1,0.864747524261475
1,1,0.906258821487427
1,1,0.945422470569611
0,0,0.0085938386619091
0,0,0.0268119499087334
0,0,0.0207287929952145
0,0,0.0548291765153408
0,0,0.027564849704504
1,1,0.973579943180084
1,1,0.980647623538971
0,0,0.0259159039705992
1,1,0.971847176551819
1,1,0.929157137870789
0,0,0.0259924586862326
1,1,0.986546516418457
1,1,0.98800665140152
1,1,0.982121706008911
0,0,0.0151793444529176
0,0,0.0542621314525604
0,0,0.11574624478817
1,1,0.986792922019958
0,0,0.0597342662513256
1,1,0.977944791316986
0,0,0.0251601859927177
0,0,0.0205135699361563
1,1,0.981129705905914
1,1,0.962767004966736
1,1,0.960915863513947
0,0,0.0336845107376575
0,0,0.013338865712285
1,1,0.945805490016937
0,0,0.011186208575964
1,1,0.974163293838501
0,0,0.032542459666729
1,1,0.781168818473816
0,0,0.0417998656630516
1,1,0.848101258277893
0,0,0.0158847160637379
0,0,0.0151465041562915
0,0,0.039980374276638
0,0,0.0183511041104794
0,0,0.021444259211421
1,1,0.868987917900085
0,0,0.0229983665049076
1,1,0.961572110652924
1,1,0.634559512138367
1,1,0.814758598804474
1,1,0.94738757610321
0,0,0.0921940505504608
1,1,0.938250839710236
0,0,0.0115011539310217
1,0,0.156957104802132
1,1,0.933475852012634
0,0,0.0343047901988029
0,0,0.00966963637620211
1,1,0.979335188865662
0,0,0.0544064715504646
1,1,0.960992693901062
1,1,0.977363467216492
1,1,0.984170615673065
1,1,0.956502914428711
1,1,0.978814303874969
0,0,0.0176435466855764
0,0,0.0226372424513102
0,0,0.0292446054518223
0,0,0.092512384057045
0,0,0.0289187859743834
0,0,0.0607356950640678
1,1,0.966610670089722
1,0,0.0561010390520096
0,0,0.0109512489289045
0,0,0.0108738420531154
0,0,0.0233286935836077
1,1,0.921589314937592
1,1,0.938888370990753
0,0,0.0632906779646873
0,0,0.0158649291843176
1,1,0.975567579269409
1,1,0.509763836860657
0,1,0.636354386806488
0,0,0.291600197553635
1,1,0.730209767818451
0,0,0.0602470599114895
1,1,0.75693678855896
0,0,0.0249050166457891
0,0,0.013279153034091
0,0,0.0164016559720039
1,1,0.70134311914444
0,0,0.022712342441082
1,1,0.980767548084259
0,0,0.476924061775208
0,1,0.706215620040894
1,1,0.982448041439056
0,0,0.0183182042092085
1,0,0.31728857755661
0,0,0.050547182559967
1,1,0.969162702560425
1,1,0.9771329164505
1,1,0.960018694400787
0,0,0.0401055552065372
1,1,0.953881859779358
1,1,0.900042474269867
0,0,0.0690018534660339
0,0,0.0194257460534573
0,0,0.0108094103634357
0,0,0.0271501187235117
1,1,0.95233690738678
0,0,0.0827687531709671
1,1,0.967020630836487
1,1,0.957385718822479
0,0,0.0424123890697956
0,0,0.0108498660847545
1,1,0.933352053165436
1,1,0.969664812088013
0,0,0.0714167356491089
1,0,0.376911133527756
0,0,0.0344898141920567
1,1,0.956184446811676
1,1,0.973719477653503
0,0,0.0267180055379868
1,1,0.979960083961487
1,1,0.94122588634491
0,0,0.00985198188573122
0,0,0.01931107416749
0,0,0.0266980733722448
1,1,0.952679932117462
1,1,0.977223873138428
1,1,0.954681932926178
1,1,0.984190821647644
0,0,0.0107929790392518
1,1,0.928598284721375
1,1,0.960943937301636
0,0,0.0375735387206078
1,1,0.982501089572906
1,1,0.986135959625244
0,0,0.0407526083290577
0,0,0.037405040115118
1,1,0.950841844081879
1,1,0.972868382930756
1,1,0.96849000453949
1,1,0.916612327098846
1,1,0.974766552448273
1,1,0.971744656562805
1,1,0.984482049942017
0,0,0.021294467151165
1,1,0.989522993564606
0,0,0.0823298320174217
0,0,0.180376380681992
1,1,0.923111498355865
0,0,0.0106315352022648
0,0,0.0254070274531841
0,0,0.0237191785126925
1,1,0.984170317649841
1,1,0.982139050960541
0,0,0.0202916227281094
0,0,0.00951188150793314
0,0,0.0294999815523624
0,0,0.0428672097623348
1,0,0.0454850159585476
0,0,0.0148552097380161
0,0,0.174975544214249
0,0,0.0191758088767529
0,0,0.0429972186684608
0,0,0.0189388766884804
0,0,0.0138231897726655
1,1,0.971056222915649
0,0,0.0299332495778799
1,1,0.983124732971191
0,0,0.123174108564854
1,1,0.966725409030914
0,0,0.0191050339490175
0,0,0.0150815220549703
1,1,0.954383254051208
1,1,0.921797275543213
0,0,0.167472422122955
1,1,0.833338916301727
1,1,0.971496820449829
1,1,0.953361213207245
0,0,0.129295542836189
0,0,0.235672041773796
0,0,0.0671441331505775
1,1,0.808153867721558
1,0,0.287604421377182
1,1,0.903906464576721
1,1,0.716877937316895
1,1,0.68662166595459
0,0,0.013096509501338
0,0,0.0104141309857368
1,1,0.9624063372612
0,0,0.022871620953083
1,1,0.761091709136963
0,0,0.0645421370863914
1,1,0.955163836479187
1,1,0.959291696548462
0,0,0.0138561464846134
0,0,0.0426754876971245
1,1,0.945875525474548
1,1,0.721199810504913
0,0,0.125585153698921
1,1,0.945572733879089
1,1,0.897727966308594
1,1,0.972171127796173
0,0,0.0133615462109447
1,1,0.984136700630188
1,1,0.881983458995819
0,0,0.0132202208042145
0,0,0.02399124763906
0,0,0.0386360734701157
0,0,0.011725902557373
1,1,0.844351530075073
0,1,0.612017333507538
0,0,0.0378860831260681
0,0,0.21953247487545
1,1,0.974087536334991
0,0,0.0206557922065258
1,1,0.968582570552826
1,1,0.911012232303619
1,1,0.984935402870178
1,1,0.974922776222229
1,1,0.955907106399536
0,0,0.0364886000752449
0,0,0.243631482124329
0,0,0.0252892337739468
0,0,0.0242878179997206
0,0,0.232962787151337
0,0,0.0305200386792421
1,1,0.980260670185089
1,1,0.907884120941162
0,0,0.0128224156796932
0,0,0.0228039007633924
1,1,0.674028813838959
0,0,0.186104029417038
0,0,0.0374363251030445
1,1,0.979090571403503
1,1,0.960724890232086
0,0,0.246003776788712
1,1,0.969195246696472
1,1,0.990625977516174
0,0,0.0188136789947748
1,1,0.973708391189575
1,1,0.976938009262085
0,0,0.0462302900850773
1,1,0.979940116405487
1,1,0.983380019664764
1,1,0.94005012512207
1,0,0.477351784706116
0,0,0.214616179466248
0,0,0.0258157793432474
1,1,0.967617511749268
1,1,0.54304575920105
0,0,0.0351198986172676
1,1,0.962357223033905
0,0,0.0185295473784208
0,0,0.161674931645393
1,1,0.981644868850708
1,1,0.972885310649872
0,0,0.0191288273781538
1,1,0.95175176858902
0,0,0.0223589111119509
0,0,0.0154794519767165
0,0,0.0417364165186882
0,0,0.294370293617249
1,1,0.983890473842621
0,0,0.0152485491707921
1,1,0.971121966838837
0,0,0.0503586530685425
1,1,0.959929525852203
0,0,0.0146935097873211
1,1,0.924872636795044
0,0,0.0303963683545589
1,1,0.964536786079407
0,0,0.0253483355045319
0,0,0.0409328229725361
0,0,0.30599656701088
1,1,0.947014629840851
0,0,0.017348924651742
0,0,0.00964404921978712
1,1,0.928050518035889
0,0,0.0126603478565812
0,0,0.021258307620883
1,1,0.938301503658295
1,1,0.988076210021973
1,1,0.97999769449234
0,0,0.0192634109407663
1,1,0.97348028421402
0,0,0.0498411506414413
0,0,0.012031614780426
0,1,0.50334107875824
1,0,0.383616924285889
0,0,0.0465173609554768
1,1,0.786424994468689
1,1,0.985181748867035
1,1,0.979040265083313
0,0,0.383614420890808
1,1,0.920322477817535
1,1,0.947154760360718
1,0,0.0249448288232088
0,0,0.432414770126343
0,0,0.0259614568203688
0,0,0.0197489224374294
0,0,0.0766928791999817
0,0,0.0149910300970078
1,1,0.983050048351288
0,0,0.0149202132597566
0,1,0.839754641056061
0,0,0.0447666868567467
0,0,0.0466172024607658
0,0,0.0153733091428876
0,0,0.21864627301693
0,0,0.010152637027204
1,1,0.537689030170441
0,0,0.0242426712065935
0,0,0.013540081679821
0,0,0.018796980381012
1,0,0.0294984448701143
1,1,0.954636871814728
0,0,0.0150680700317025
1,1,0.96241694688797
0,0,0.0372643135488033
1,1,0.952763795852661
1,1,0.78256219625473
0,0,0.0143616059795022
1,1,0.963891923427582
0,0,0.0213566850870848
0,0,0.0471384711563587
1,1,0.800543606281281
1,1,0.987410604953766
1,1,0.94369101524353
1,1,0.976058602333069
1,1,0.983766674995422
0,0,0.0164137985557318
1,1,0.959107041358948
1,1,0.962262392044067
1,1,0.687839925289154
1,1,0.919685542583466
1,1,0.983204364776611
0,0,0.0160425398498774
0,0,0.034350723028183
0,0,0.0157002676278353
1,1,0.983944952487946
1,1,0.965065598487854
0,0,0.0451591089367867
0,0,0.0263814479112625
0,0,0.0144312009215355
0,0,0.0858893692493439
0,0,0.0159153360873461
0,0,0.0232044346630573
1,1,0.933842241764069
0,0,0.151283115148544
1,1,0.962287545204163
1,1,0.982902526855469
1,1,0.941133677959442
0,0,0.0123773124068975
0,0,0.0370494648814201
0,0,0.0116112800315022
1,1,0.974387109279633
0,0,0.0173896085470915
0,0,0.00845086015760899
0,0,0.0424558781087399
1,1,0.933270871639252
1,1,0.969624698162079
1,1,0.918141305446625
0,1,0.516259133815765
1,1,0.968461930751801
1,1,0.949902832508087
1,1,0.991925179958344
1,1,0.967960596084595
0,0,0.00936170388013124
1,1,0.993656694889069
0,0,0.0378269627690315
1,1,0.980024397373199
0,0,0.0438302643597126
0,0,0.0155793093144894
0,0,0.0333010070025921
1,1,0.976101875305176
1,0,0.0134967705234885
0,0,0.0292515698820353
0,0,0.0228813625872135
0,0,0.0340792685747147
1,1,0.968716561794281
0,0,0.100728690624237
0,0,0.0208731219172478
1,1,0.834777653217316
1,0,0.034593041986227
1,1,0.976605117321014
1,1,0.822896182537079
0,0,0.0143463332206011
0,0,0.0181414242833853
0,0,0.0356623940169811
1,1,0.829917371273041
1,1,0.970126807689667
1,1,0.947673320770264
1,1,0.971000552177429
0,0,0.136661008000374
0,0,0.166999965906143
0,0,0.0245264880359173
1,1,0.802797019481659
0,0,0.012234196998179
0,0,0.0734685733914375
0,0,0.0176505632698536
1,1,0.904081046581268
1,1,0.508517622947693
0,0,0.0115097714588046
0,1,0.619193077087402
0,0,0.011319094337523
0,0,0.0974474623799324
0,0,0.0364538468420506
1,1,0.952369332313538
1,1,0.981696665287018
0,0,0.0214260555803776
1,1,0.8597731590271
1,1,0.988297283649445
1,1,0.890827298164368
1,1,0.814491748809814
0,0,0.0160672701895237
0,0,0.01655731536448
1,1,0.980344176292419
1,1,0.976913630962372
0,0,0.0164375808089972
0,0,0.0649678483605385
0,0,0.0444746240973473
1,1,0.979849934577942
1,0,0.450479805469513
0,0,0.00762569392099977
1,1,0.975704073905945
1,1,0.969783186912537
0,1,0.901915013790131
1,1,0.982239246368408
1,1,0.961671769618988
0,0,0.0155423358082771
1,1,0.725954174995422
0,0,0.0311686210334301
0,0,0.0165418554097414
1,1,0.952231168746948
1,1,0.983159422874451
0,0,0.0983553826808929
1,0,0.196491658687592
1,1,0.966603338718414
0,0,0.0758210644125938
1,1,0.959940373897552
1,1,0.983476519584656
0,0,0.0184616073966026
1,1,0.862537920475006
1,1,0.971598982810974
0,0,0.0292857456952333
1,1,0.943844735622406
0,0,0.0130836963653564
1,1,0.972751379013062
0,0,0.0137477442622185
1,1,0.987097382545471
0,0,0.0421949662268162
0,0,0.0350677110254765
0,0,0.173465743660927
0,1,0.960673987865448
1,1,0.983621895313263
0,0,0.06171615421772
0,0,0.0198075454682112
0,0,0.108415447175503
0,0,0.0262116733938456
0,0,0.0607775300741196
0,1,0.935397028923035
1,1,0.988768815994263
1,1,0.950533986091614
0,0,0.0143426107242703
1,1,0.941475391387939
0,0,0.0107384398579597
1,1,0.957265973091125
0,0,0.0318339206278324
1,1,0.972595930099487
0,0,0.0312969796359539
1,1,0.965587377548218
1,1,0.974737644195557
0,0,0.072191022336483
0,0,0.0186407826840878
0,0,0.0109115811064839
0,0,0.00844341143965721
1,1,0.649749994277954
0,0,0.0233118329197168
0,0,0.0725053623318672
0,0,0.0676271766424179
0,0,0.0333572141826153
0,0,0.0309595223516226
1,1,0.935343623161316
1,1,0.964864671230316
1,1,0.874899566173553
0,0,0.0307176150381565
1,1,0.968749463558197
1,1,0.966175615787506
1,1,0.956808686256409
1,0,0.436121106147766
1,1,0.977674126625061
1,1,0.969137728214264
1,1,0.975600123405457
1,1,0.988094925880432
1,1,0.919279873371124
1,1,0.977073192596436
0,0,0.0189434792846441
0,1,0.691166758537292
0,0,0.259869754314423
0,0,0.0103399008512497
1,1,0.747694492340088
0,0,0.217968925833702
0,0,0.0102747827768326
1,1,0.966643750667572
0,0,0.0395563095808029
1,1,0.945477604866028
1,1,0.981275260448456
0,0,0.144836604595184
1,1,0.978115856647491
0,0,0.0742324665188789
0,0,0.0259176567196846
0,0,0.0226611346006393
1,1,0.990543961524963
0,0,0.07259152084589
1,1,0.973401546478271
1,1,0.967964053153992
0,0,0.0320010297000408
1,1,0.586179912090302
0,0,0.0176839809864759
0,0,0.0534312017261982
0,0,0.0170683339238167
0,0,0.0404261462390423
1,1,0.928386688232422
0,0,0.0528696738183498
0,0,0.0828768759965897
0,0,0.468135595321655
0,0,0.0199179220944643
1,1,0.945231258869171
0,0,0.0130556682124734
1,1,0.964286744594574
1,1,0.973333775997162
1,1,0.934980928897858
1,1,0.960498869419098
1,1,0.956619083881378
1,1,0.978658318519592
1,1,0.967752456665039
0,0,0.0225968826562166
1,1,0.965304493904114
1,1,0.982152163982391
0,0,0.323160201311111
1,1,0.962546586990356
1,1,0.986319065093994
1,1,0.979419350624084
1,1,0.969010770320892
0,1,0.714473307132721
0,0,0.0178791489452124
0,0,0.026325361803174
0,0,0.0728986412286758
1,1,0.973390936851501
1,1,0.96494060754776
1,1,0.962879240512848
0,0,0.0175425391644239
0,0,0.0142757594585419
0,0,0.0786936730146408
1,1,0.962298393249512
0,0,0.017121309414506
1,1,0.982825100421906
1,1,0.892896592617035
1,1,0.825018882751465
1,1,0.922645807266235
0,0,0.0117874257266521
0,1,0.552449226379395
0,0,0.0381436981260777
1,1,0.973416209220886
0,0,0.382777184247971
0,0,0.0414994694292545
1,1,0.788438975811005
0,0,0.0407515801489353
1,1,0.960329413414001
1,1,0.969395756721497
0,0,0.0157774817198515
1,1,0.936964988708496
0,0,0.0141483228653669
0,0,0.0157096218317747
1,1,0.973503112792969
1,1,0.945350766181946
0,0,0.0236222743988037
1,1,0.982825815677643
1,1,0.969586551189423
0,0,0.0315457507967949
1,1,0.982519626617432
1,1,0.97223424911499
0,0,0.0185770280659199
1,1,0.981413662433624
1,1,0.986310243606567
1,1,0.950473248958588
0,0,0.0311689544469118
1,1,0.976603925228119
0,0,0.0406650975346565
0,0,0.0595202967524529
0,0,0.0125402426347136
1,1,0.957535862922668
1,1,0.924492239952087
0,0,0.0153340771794319
0,0,0.369763344526291
0,0,0.0218456070870161
0,1,0.681371986865997
0,0,0.26033627986908
0,0,0.0182435438036919
0,0,0.0190299786627293
1,1,0.93533855676651
1,1,0.975536048412323
1,1,0.910459995269775
0,0,0.0195552594959736
1,1,0.980850577354431
1,1,0.97187465429306
1,1,0.967761397361755
1,1,0.957633852958679
0,0,0.021212400868535
1,0,0.0256315171718597
0,0,0.0083365747705102
1,1,0.964573800563812
1,1,0.979804396629333
0,0,0.0174881592392921
0,0,0.0645854249596596
0,1,0.563169419765472
0,0,0.0185701753944159
0,0,0.0253110527992249
1,1,0.970152616500854
0,0,0.0522749349474907
1,1,0.969626784324646
1,1,0.955591320991516
1,1,0.854821681976318
0,0,0.0207800976932049
1,1,0.978228390216827
0,0,0.0439960397779942
1,1,0.97430157661438
0,0,0.0197796337306499
1,1,0.976810216903687
1,1,0.941646635532379
1,1,0.976416826248169
1,1,0.934583961963654
0,0,0.0157213341444731
1,1,0.923717677593231
0,0,0.0511912181973457
1,1,0.990605533123016
0,0,0.0355581305921078
0,0,0.0272841565310955
0,0,0.0990744531154633
1,1,0.964641571044922
0,0,0.0238154865801334
1,1,0.954993784427643
1,1,0.934816241264343
1,1,0.986753761768341
1,1,0.873879313468933
0,1,0.673382341861725
0,0,0.0467886440455914
1,1,0.984491050243378
1,1,0.617520451545715
1,1,0.960330188274384
0,0,0.0223251543939114
1,1,0.98403000831604
0,0,0.0806522145867348
1,1,0.986310839653015
1,1,0.987149834632874
1,1,0.87469470500946
1,1,0.598237037658691
0,0,0.0119213229045272
0,0,0.0556317642331123
1,1,0.968749344348907
1,1,0.962297379970551
0,0,0.0658075883984566
1,1,0.889229238033295
1,1,0.989719927310944
1,1,0.899869322776794
0,0,0.0254689212888479
0,0,0.0379473380744457
0,0,0.0144199058413506
0,0,0.044846810400486
0,0,0.0259845592081547
1,1,0.898928284645081
1,1,0.947315216064453
0,0,0.0539083369076252
0,0,0.0618741177022457
0,0,0.0215032156556845
1,1,0.939356625080109
1,1,0.938981711864471
1,1,0.968622744083405
0,0,0.0463864542543888
0,1,0.548443019390106
1,0,0.411489725112915
1,1,0.945139467716217
1,1,0.989092350006104
0,0,0.051591943949461
0,0,0.0473838225007057
0,0,0.0692570582032204
1,1,0.959404170513153
1,1,0.978616654872894
0,0,0.0293127745389938
1,1,0.967868030071259
1,1,0.944725394248962
0,0,0.0338323451578617
0,0,0.0310218650847673
1,1,0.978013873100281
0,0,0.0222721789032221
0,0,0.0443839989602566
1,1,0.865827322006226
1,1,0.942040324211121
0,0,0.463657647371292
0,0,0.0241090785712004
1,1,0.949276030063629
1,1,0.905397772789001
1,0,0.134736195206642
1,1,0.968900501728058
1,1,0.973028242588043
1,1,0.979308307170868
1,1,0.990549623966217
1,1,0.96813029050827
0,0,0.020456675440073
0,0,0.0494842529296875
1,1,0.950040400028229
1,1,0.97471809387207
1,1,0.774050533771515
0,0,0.0128397727385163
0,0,0.00895711313933134
1,0,0.185426533222198
1,1,0.721704959869385
1,1,0.884180724620819
1,1,0.98925918340683
1,1,0.9654820561409
0,0,0.0206234157085419
0,0,0.0214039459824562
1,1,0.971108019351959
1,1,0.95533299446106
0,0,0.0255044102668762
0,1,0.721203804016113
1,1,0.982333779335022
0,0,0.0425719283521175
0,0,0.0595590136945248
1,1,0.97101879119873
0,0,0.0102448202669621
1,1,0.98300164937973
1,1,0.969250500202179
0,0,0.0350626520812511
0,0,0.0267722699791193
1,1,0.980026125907898
1,1,0.982984066009521
1,1,0.965433120727539
1,1,0.982007801532745
1,1,0.971726059913635
1,1,0.958288788795471
0,0,0.0810028314590454
1,1,0.970182120800018
0,0,0.0207350384443998
1,1,0.986656546592712
0,0,0.0436440669000149
1,1,0.96197372674942
0,0,0.0151843558996916
0,1,0.721910357475281
1,1,0.953141927719116
1,1,0.976690351963043
0,0,0.0698384344577789
0,0,0.0127672143280506
1,1,0.970986425876617
1,1,0.859015822410583
1,1,0.972172021865845
0,0,0.0412229597568512
0,0,0.013917637988925
1,1,0.963837802410126
0,0,0.0705897659063339
0,0,0.0462237857282162
0,0,0.017421405762434
1,1,0.895299017429352
0,0,0.013255693949759
1,1,0.948407769203186
0,0,0.067043699324131
0,0,0.0561460368335247
1,1,0.947274386882782
1,1,0.952378809452057
0,0,0.00870788469910622
1,1,0.974524199962616
1,1,0.977871119976044
1,1,0.974045813083649
1,0,0.0175193306058645
0,0,0.0118916239589453
0,0,0.0146790621802211
1,1,0.968300938606262
0,0,0.0112889148294926
0,0,0.0976813733577728
0,0,0.0168039780110121
0,0,0.0140407690778375
0,0,0.0134569201618433
0,0,0.0274683255702257
0,1,0.956469774246216
0,0,0.0295980013906956
0,0,0.0335202142596245
1,1,0.952565491199493
0,0,0.064542643725872
0,0,0.129963099956512
0,0,0.0122401621192694
0,0,0.0391854383051395
0,0,0.0170866958796978
0,0,0.01609150134027
1,1,0.964709222316742
0,0,0.0173618867993355
0,0,0.0151442568749189
0,0,0.0618655122816563
0,0,0.0267607066780329
1,1,0.963789284229279
0,0,0.0115220434963703
1,1,0.960983335971832
1,1,0.978698074817657
1,1,0.940973162651062
1,1,0.97141021490097
0,0,0.0275845341384411
0,0,0.0299125593155622
1,0,0.0612342469394207
1,1,0.924330174922943
1,1,0.970961451530457
0,0,0.0400064177811146
1,0,0.197045117616653
0,0,0.0713739097118378
0,0,0.154609516263008
0,0,0.0191724915057421
1,1,0.979361951351166
0,0,0.0409917607903481
0,0,0.030113322660327
1,0,0.0936635062098503
0,0,0.13656821846962
0,0,0.114478886127472
0,0,0.0419440306723118
1,1,0.885568797588348
0,0,0.0172129310667515
0,0,0.02934680134058
0,0,0.0586198344826698
1,1,0.985100924968719
0,0,0.0574474297463894
0,0,0.0297652073204517
0,0,0.0795305669307709
0,0,0.0174336116760969
1,1,0.981892943382263
1,1,0.986058175563812
0,0,0.0162276551127434
0,0,0.0475417636334896
1,1,0.879004955291748
0,0,0.256177693605423
1,1,0.990743935108185
0,0,0.0373203754425049
0,0,0.0144172497093678
1,1,0.947651982307434
1,1,0.965107917785645
0,0,0.0159191004931927
0,0,0.0304330121725798
0,0,0.0316903404891491
0,0,0.47380343079567
0,0,0.0570505000650883
0,0,0.362998127937317
1,1,0.921766400337219
0,0,0.0183529555797577
0,0,0.0119442995637655
1,1,0.973362803459167
0,0,0.0264861825853586
0,0,0.137971639633179
0,0,0.011633425951004
1,1,0.972017347812653
1,0,0.0486746281385422
0,0,0.0691145285964012
0,0,0.0466722697019577
0,0,0.0328566171228886
1,0,0.441452980041504
0,1,0.796247363090515
0,1,0.969323515892029
1,1,0.983149230480194
1,1,0.98017418384552
1,1,0.991582214832306
0,0,0.0203888975083828
0,0,0.0327799580991268
0,0,0.150293856859207
1,1,0.928470551967621
1,1,0.911767184734344
1,1,0.975456833839417
0,0,0.0230531804263592
0,0,0.110214866697788
0,0,0.211953550577164
1,1,0.77754807472229
0,0,0.0221872590482235
1,1,0.955708622932434
0,0,0.0291490759700537
1,1,0.970041871070862
0,0,0.0264330096542835
0,0,0.0842508673667908
0,0,0.0300791841000319
0,0,0.0542211011052132
0,0,0.0102546885609627
1,1,0.971285343170166
0,0,0.0131114441901445
0,0,0.0228056162595749
0,1,0.895929276943207
1,1,0.940434098243713
0,0,0.0539844930171967
1,1,0.99121630191803
0,0,0.0154507299885154
0,0,0.226124078035355
0,0,0.129456579685211
0,0,0.0212212484329939
1,1,0.976529598236084
1,1,0.981620728969574
1,1,0.978703558444977
0,0,0.0338712073862553
1,1,0.795093595981598
0,0,0.0127234626561403
1,1,0.904275178909302
1,1,0.931979715824127
1,1,0.949308037757874
0,0,0.0184542257338762
1,1,0.97923880815506
1,1,0.932006061077118
1,0,0.142647907137871
0,0,0.101422317326069
0,0,0.0295411758124828
0,0,0.204134106636047
1,1,0.929295063018799
1,1,0.976829588413239
0,0,0.0223841033875942
1,1,0.934353530406952
0,0,0.0527033060789108
1,1,0.981767117977142
1,1,0.859966278076172
1,1,0.959766328334808
0,0,0.0320725776255131
0,0,0.0258580688387156
1,1,0.920786261558533
1,1,0.972311615943909
0,0,0.0311659313738346
0,0,0.185810849070549
0,0,0.0321673676371574
1,1,0.8348588347435
0,0,0.00640851398929954
1,1,0.974477469921112
1,0,0.0367782823741436
1,1,0.980394721031189
1,1,0.97887647151947
0,0,0.0166837256401777
1,1,0.977893471717834
0,0,0.0219584293663502
0,0,0.0345514118671417
1,1,0.838652729988098
1,1,0.977593302726746
0,0,0.0364989303052425
0,0,0.00991327129304409
0,1,0.663693428039551
0,0,0.449209779500961
1,1,0.726882219314575
1,1,0.954387843608856
0,1,0.919913470745087
0,0,0.0455935783684254
0,0,0.0503530986607075
0,1,0.539051115512848
1,1,0.96705561876297
0,1,0.633718967437744
1,1,0.85371994972229
1,1,0.990715384483337
0,1,0.966593623161316
0,0,0.0659503564238548
0,0,0.0329707935452461
0,0,0.0429332293570042
1,0,0.3016317486763
1,1,0.980894207954407
0,0,0.0100669758394361
1,1,0.988850772380829
0,0,0.0184048805385828
0,0,0.313664227724075
0,0,0.0244729649275541
0,1,0.684742569923401
1,1,0.937884330749512
1,1,0.687024354934692
0,0,0.0112494863569736
1,1,0.955754995346069
0,0,0.0479719191789627
1,1,0.969966530799866
1,1,0.972138226032257
1,1,0.985995471477509
1,1,0.941172540187836
0,0,0.0341884940862656
0,0,0.0408835783600807
0,0,0.0827532634139061
1,1,0.768674314022064
1,1,0.9648796916008
0,0,0.449068337678909
0,0,0.031319085508585
0,0,0.0390278473496437
0,0,0.0409574545919895
0,0,0.00789707526564598
0,0,0.477049112319946
1,0,0.166019022464752
0,0,0.0364595949649811
0,0,0.0097166309133172
0,0,0.0106729436665773
0,0,0.0215278435498476
1,0,0.116452105343342
1,1,0.975105464458466
1,1,0.939498901367188
0,0,0.00737906154245138
0,0,0.0636100471019745
0,0,0.0213843360543251
1,1,0.985268890857697
1,1,0.970269978046417
0,0,0.0112377870827913
1,1,0.973464369773865
0,0,0.0121260117739439
1,1,0.987741827964783
0,0,0.0557706020772457
1,1,0.985311031341553
0,0,0.117721125483513
1,1,0.987407803535461
1,1,0.916987717151642
1,1,0.968542337417603
1,1,0.957887947559357
1,1,0.963569283485413
1,1,0.639851689338684
1,1,0.956093847751617
0,0,0.0182140935212374
1,1,0.970758199691772
0,0,0.0526513159275055
1,1,0.953806817531586
1,1,0.801260471343994
0,0,0.00920179393142462
1,1,0.985621273517609
0,0,0.0202099047601223
1,1,0.693988263607025
1,1,0.987485349178314
0,0,0.0357530042529106
1,1,0.962095856666565
1,1,0.972355127334595
1,1,0.975921452045441
1,1,0.984035551548004
0,0,0.011449589394033
1,1,0.942580044269562
0,0,0.0120903570204973
0,0,0.0237802062183619
0,0,0.0238846614956856
0,0,0.326132893562317
0,0,0.0211815293878317
1,1,0.976632058620453
1,1,0.916559457778931
1,1,0.981090009212494
1,1,0.968889534473419
0,0,0.0258063897490501
0,0,0.0376304499804974
1,1,0.927331030368805
1,1,0.932594358921051
0,0,0.0159024894237518
0,0,0.0344820953905582
0,0,0.179243475198746
1,1,0.873585999011993
1,1,0.95097029209137
1,1,0.905453383922577
1,1,0.969355642795563
0,0,0.0206357222050428
1,1,0.766721904277802
0,0,0.0341728404164314
0,0,0.0232896842062473
0,0,0.098852626979351
1,1,0.642138004302979
1,1,0.949151456356049
1,1,0.875954210758209
0,0,0.0224553160369396
0,0,0.0168822519481182
1,1,0.944689571857452
1,1,0.970305919647217
1,1,0.976150631904602
1,1,0.974840879440308
1,1,0.977108657360077
0,0,0.0177598912268877
0,0,0.0191079787909985
0,0,0.0804498568177223
0,0,0.0301536731421947
1,1,0.920982837677002
0,0,0.108488850295544
1,0,0.0318361856043339
0,0,0.0602011121809483
1,1,0.933537781238556
1,1,0.975933611392975
0,0,0.0226459745317698
1,1,0.986142337322235
1,1,0.982147037982941
0,0,0.0197534970939159
1,1,0.965484142303467
0,0,0.0556459613144398
1,1,0.983567714691162
1,0,0.355121582746506
1,1,0.977232158184052
0,0,0.0161286257207394
0,1,0.780447125434875
0,0,0.0115674575790763
0,0,0.130329176783562
1,1,0.936516940593719
0,1,0.965100705623627
0,0,0.0274066515266895
1,0,0.0757420435547829
0,0,0.0267071388661861
1,1,0.966659605503082
1,1,0.975930750370026
1,1,0.962803244590759
1,1,0.967295467853546
0,0,0.304434359073639
1,1,0.990700721740723
1,1,0.532130599021912
0,0,0.0432245805859566
0,0,0.0415878929197788
0,0,0.050860196352005
1,1,0.947164416313171
1,1,0.971842586994171
0,0,0.0314166136085987
0,0,0.120533056557178
0,0,0.0373493917286396
1,1,0.93908703327179
0,0,0.0276507195085287
0,0,0.0309182945638895
0,0,0.024242265149951
1,1,0.848472356796265
1,1,0.933349251747131
0,0,0.361245959997177
1,0,0.453663378953934
0,0,0.0767824947834015
0,0,0.0913722440600395
0,0,0.0704751908779144
1,1,0.985065877437592
0,0,0.0279215909540653
1,1,0.97582995891571
1,1,0.950722634792328
1,1,0.969257175922394
1,1,0.939125895500183
0,0,0.0302450209856033
0,0,0.0525677986443043
1,1,0.951052904129028
0,0,0.0174736324697733
0,0,0.0545056611299515
1,1,0.962338089942932
0,0,0.0218547638505697
0,0,0.0595705732703209
1,1,0.866832256317139
0,0,0.0321177281439304
0,0,0.0101547064259648
0,0,0.0978244245052338
0,1,0.959401428699493
1,1,0.985773503780365
0,0,0.032831571996212
0,0,0.112539403140545
1,1,0.970491588115692
1,1,0.582797944545746
1,1,0.969137072563171
1,1,0.925584375858307
1,1,0.950185775756836
0,0,0.0226854123175144
0,0,0.341135680675507
1,1,0.956939160823822
0,0,0.0328337773680687
1,1,0.980162978172302
0,0,0.0132815903052688
1,1,0.951673626899719
1,1,0.928229451179504
0,0,0.0283188838511705
0,0,0.370008438825607
1,1,0.953649044036865
0,0,0.0176410507410765
1,1,0.973072826862335
1,1,0.99144321680069
0,0,0.0171253550797701
1,1,0.969623684883118
1,1,0.946329772472382
1,1,0.97654777765274
1,1,0.956504642963409
0,0,0.0105937039479613
1,1,0.972162425518036
0,0,0.045956663787365
1,1,0.92956680059433
1,1,0.958685994148254
1,1,0.982700407505035
0,0,0.275702327489853
0,0,0.030268607661128
1,1,0.812627971172333
1,1,0.739454448223114
1,1,0.980991125106812
0,0,0.0144054442644119
0,0,0.0129996407777071
0,0,0.0185657478868961
0,0,0.0853954181075096
1,1,0.956371963024139
0,0,0.0278051793575287
0,0,0.0157108828425407
0,0,0.0510941185057163
1,1,0.953013837337494
1,1,0.982971847057343
0,0,0.261567145586014
0,0,0.0167696550488472
0,0,0.0721070393919945
0,0,0.0198209509253502
0,1,0.697716593742371
0,0,0.0282486770302057
1,1,0.984531939029694
1,1,0.959391236305237
0,0,0.0178167838603258
1,1,0.93713766336441
1,1,0.84439617395401
0,1,0.964650571346283
1,1,0.965077936649323
1,1,0.96662425994873
0,0,0.0225405488163233
1,1,0.98284113407135
1,1,0.972597301006317
1,0,0.190262898802757
1,1,0.967865884304047
0,0,0.0117376232519746
1,1,0.967645168304443
1,1,0.525398969650269
1,1,0.917984545230865
1,1,0.636727571487427
1,1,0.971402227878571
1,1,0.982671320438385
0,0,0.0103064030408859
1,1,0.974004030227661
1,1,0.989573538303375
0,0,0.0238754581660032
0,0,0.0191400945186615
0,0,0.0223204400390387
1,1,0.904613733291626
1,1,0.84495222568512
1,1,0.960237741470337
0,0,0.0205440875142813
1,1,0.976961314678192
1,1,0.987606227397919
0,0,0.0326245725154877
0,0,0.0171063337475061
1,1,0.980672419071198
0,0,0.0221033245325089
1,1,0.972128093242645
1,1,0.674305140972137
1,1,0.826963424682617
1,1,0.978973567485809
1,1,0.984878838062286
1,1,0.86776727437973
0,0,0.0224986653774977
0,0,0.0249420162290335
0,0,0.0189177133142948
1,1,0.924099028110504
0,0,0.0316507592797279
0,0,0.114373326301575
1,1,0.94681715965271
0,1,0.81691837310791
1,1,0.977981746196747
0,0,0.0232188366353512
1,1,0.939630746841431
1,1,0.674136340618134
1,1,0.981418490409851
0,0,0.0471942313015461
0,0,0.0258922427892685
0,0,0.0314181372523308
0,0,0.0389340557157993
1,1,0.969001114368439
1,1,0.68401974439621
0,1,0.959892511367798
0,0,0.0419446229934692
1,1,0.951490640640259
0,0,0.0147224701941013
0,0,0.0866874530911446
0,0,0.0214847400784492
0,0,0.177132233977318
1,1,0.977384209632874
0,0,0.0995913669466972
1,1,0.967593610286713
0,0,0.0454208292067051
0,0,0.032345749437809
1,1,0.641205191612244
1,1,0.972343862056732
1,1,0.548596799373627
1,1,0.947197139263153
1,1,0.984142959117889
0,0,0.0170526057481766
0,0,0.343028217554092
0,0,0.0260908994823694
0,0,0.0152988685294986
1,1,0.982726216316223
1,1,0.976099729537964
0,0,0.0768952146172523
0,0,0.0233267433941364
1,1,0.963114202022552
1,1,0.974543213844299
1,1,0.780392229557037
0,0,0.0205066725611687
0,0,0.0213607978075743
1,1,0.98670482635498
0,0,0.0205721296370029
0,0,0.0104296961799264
0,0,0.0197499003261328
1,1,0.979140818119049
1,1,0.916187465190887
1,1,0.970773041248322
1,1,0.985593259334564
0,0,0.0191894248127937
1,0,0.491478562355042
1,1,0.929127275943756
1,1,0.983371913433075
1,1,0.973702073097229
1,1,0.960276067256927
0,0,0.0210279785096645
1,1,0.926386773586273
0,1,0.558653295040131
1,1,0.976059317588806
0,0,0.0173982232809067
1,1,0.990815401077271
0,0,0.0414901301264763
1,1,0.958254396915436
1,1,0.975170969963074
1,1,0.96294754743576
1,1,0.961774408817291
1,1,0.946468412876129
1,1,0.974037528038025
1,1,0.911111414432526
1,1,0.917180776596069
0,0,0.0144094116985798
0,0,0.18863108754158
1,1,0.977291643619537
1,1,0.975191175937653
1,1,0.88778167963028
1,1,0.975076079368591
0,0,0.0203293897211552
0,1,0.94874233007431
0,0,0.0348224639892578
1,1,0.971074342727661
1,1,0.974692046642303
1,1,0.940659761428833
0,0,0.0125258322805166
1,1,0.969786763191223
1,1,0.98011302947998
1,1,0.927408576011658
1,1,0.883336186408997
0,0,0.0369478426873684
0,0,0.0215187016874552
1,1,0.984178841114044
1,1,0.981320142745972
1,1,0.969822287559509
1,1,0.872721791267395
0,0,0.0128996856510639
0,0,0.0158648174256086
0,0,0.0438258498907089
0,1,0.746856331825256
1,1,0.857598900794983
0,1,0.954723358154297
0,0,0.0326180495321751
0,0,0.138777077198029
1,1,0.978954493999481
0,0,0.0528848990797997
1,1,0.94229531288147
0,0,0.0614931769669056
0,0,0.0623399540781975
0,0,0.0309741031378508
0,0,0.0421905890107155
1,1,0.969600915908813
0,0,0.0303306244313717
1,1,0.706006824970245
1,1,0.818980872631073
0,0,0.0137118240818381
0,0,0.0424125120043755
0,1,0.551828384399414
0,0,0.0138569083064795
0,0,0.0307962577790022
1,1,0.978068709373474
0,0,0.0202219188213348
0,0,0.0902255997061729
1,1,0.974496603012085
0,0,0.0133471144363284
0,1,0.921518206596375
1,1,0.988903701305389
0,0,0.044042494148016
1,1,0.983802199363708
1,1,0.972535312175751
1,1,0.982994675636292
1,1,0.975234270095825
1,1,0.941338300704956
0,0,0.0179844498634338
1,1,0.944396317005157
0,0,0.0298506859689951
1,1,0.938578903675079
0,0,0.285939931869507
0,0,0.0719912648200989
0,0,0.0902155563235283
1,1,0.960165500640869
1,1,0.962626874446869
0,0,0.0268836542963982
0,0,0.0226304065436125
0,0,0.0209504179656506
1,1,0.857317447662354
1,1,0.982892036437988
0,0,0.0159793011844158
0,0,0.014527733437717
0,0,0.0516790337860584
0,0,0.0591601878404617
0,0,0.016060471534729
1,0,0.0552361272275448
0,0,0.0265613123774529
1,1,0.984504103660583
1,1,0.977302312850952
1,0,0.41733330488205
0,1,0.923719108104706
0,0,0.0159829743206501
0,0,0.0130908153951168
0,0,0.0340405590832233
0,0,0.0283399894833565
1,1,0.8498375415802
0,0,0.312591403722763
1,1,0.826630711555481
0,0,0.0320556908845901
0,0,0.0283638369292021
0,0,0.0196121409535408
1,1,0.950967371463776
0,0,0.0379622764885426
0,1,0.939735889434814
0,0,0.0340465307235718
1,1,0.985491275787354
0,0,0.206505507230759
0,1,0.946549236774445
0,0,0.0443349406123161
0,0,0.0245835538953543
1,0,0.312376797199249
0,0,0.0126859555020928
0,0,0.0304826684296131
0,0,0.0266409367322922
0,1,0.923569202423096
1,1,0.532453000545502
1,1,0.984108090400696
1,1,0.963131964206696
0,0,0.0215139985084534
0,0,0.0294972360134125
1,1,0.873789966106415
1,1,0.989868760108948
0,0,0.0272667240351439
0,0,0.0725649073719978
0,1,0.82434493303299
1,1,0.980779409408569
0,0,0.0194735862314701
0,0,0.0487571060657501
1,1,0.984950184822083
0,0,0.0458491444587708
0,0,0.0175180081278086
0,0,0.40735188126564
1,1,0.975018620491028
1,1,0.983464062213898
1,1,0.982279241085052
0,0,0.0582313947379589
0,0,0.0101905735209584
1,1,0.891665697097778
0,0,0.00703086098656058
0,0,0.0114908311516047
0,0,0.0548234097659588
1,1,0.953065037727356
0,0,0.0128601212054491
0,0,0.0221957378089428
0,0,0.0194099303334951
1,1,0.973715424537659
1,1,0.944247722625732
0,0,0.0176347624510527
1,0,0.336040258407593
0,0,0.302590012550354
0,0,0.072981558740139
0,0,0.0166028365492821
0,0,0.0155852055177093
1,1,0.972569584846497
1,1,0.788187742233276
1,1,0.967438042163849
1,1,0.927778005599976
0,0,0.016483336687088
1,1,0.990724980831146
0,0,0.0572564452886581
1,1,0.991554081439972
0,0,0.0430741496384144
1,1,0.797181844711304
0,0,0.0870330408215523
1,1,0.979612052440643
1,1,0.972283720970154
1,0,0.444741666316986
0,0,0.034512247890234
0,0,0.0339517518877983
1,1,0.822961211204529
0,0,0.0853360146284103
0,0,0.0127128353342414
1,1,0.945279538631439
0,0,0.355471968650818
1,1,0.981359720230103
1,1,0.978182792663574
1,1,0.964812099933624
0,0,0.0450724400579929
1,1,0.979936122894287
0,0,0.319034278392792
1,1,0.87397038936615
0,0,0.0407323874533176
0,0,0.0203511826694012
1,1,0.973674178123474
1,1,0.988405823707581
1,1,0.897361516952515
1,1,0.973187446594238
0,1,0.675828397274017
1,1,0.989111363887787
0,0,0.0492868237197399
0,0,0.00986137799918652
0,1,0.935609579086304
1,1,0.978433787822723
1,1,0.974690198898315
1,1,0.95993983745575
1,1,0.915182113647461
1,1,0.979650259017944
1,1,0.931424379348755
0,0,0.0127593073993921
0,0,0.0158312991261482
1,1,0.609988391399384
0,0,0.0172320418059826
0,0,0.0146994339302182
0,0,0.0110104186460376
1,1,0.928585052490234
1,1,0.971717298030853
1,1,0.922519087791443
1,1,0.778250515460968
1,1,0.912610113620758
1,1,0.874902009963989
0,0,0.0550448969006538
0,0,0.0249189082533121
0,0,0.015131282620132
1,0,0.0339870154857635
0,0,0.0338024385273457
0,0,0.464983940124512
0,0,0.0288382768630981
1,1,0.948178052902222
1,1,0.959384202957153
1,1,0.948615729808807
1,1,0.827976703643799
0,0,0.195230454206467
0,0,0.109964609146118
1,1,0.962759256362915
1,1,0.984022080898285
1,1,0.978770792484283
0,0,0.017343120649457
1,1,0.96120685338974
0,0,0.0646894574165344
1,1,0.823201954364777
0,0,0.0157311204820871
1,1,0.973278999328613
1,1,0.97644978761673
1,1,0.897204458713531
0,0,0.0574253313243389
1,1,0.961381375789642
1,1,0.68308436870575
1,1,0.95158576965332
1,1,0.768142998218536
0,0,0.0252782944589853
1,1,0.9816774725914
0,0,0.0126124080270529
1,1,0.977179706096649
1,1,0.860021471977234
0,0,0.219022408127785
1,1,0.967100024223328
0,0,0.0807982012629509
0,0,0.0369721725583076
0,0,0.0195840746164322
1,1,0.985687077045441
0,0,0.015308590605855
1,1,0.674619138240814
0,0,0.0777468606829643
0,0,0.0253496076911688
0,0,0.0176159050315619
0,0,0.104287959635258
0,0,0.0187230203300714
0,0,0.188787639141083
1,1,0.991211712360382
0,0,0.0379615798592567
0,0,0.0313377715647221
0,0,0.0629138797521591
1,1,0.544794678688049
1,1,0.989076256752014
0,0,0.022039882838726
0,0,0.0165158025920391
1,1,0.965502381324768
1,1,0.965531826019287
1,1,0.911979258060455
0,0,0.0276666786521673
1,1,0.948108911514282
1,1,0.985363125801086
1,1,0.981300234794617
0,0,0.0430195778608322
0,0,0.25991079211235
0,0,0.0269508678466082
0,0,0.0184214171022177
0,1,0.619164943695068
0,0,0.0421425998210907
0,0,0.106362231075764
1,1,0.95079892873764
1,1,0.934726774692535
0,0,0.0132032074034214
0,1,0.54104208946228
0,0,0.0524081513285637
1,1,0.966581165790558
1,1,0.508286714553833
1,1,0.87781810760498
0,0,0.46991553902626
1,1,0.75107204914093
1,1,0.949942409992218
1,1,0.696788966655731
0,0,0.105284944176674
0,0,0.021890040487051
1,1,0.963349878787994
0,0,0.176133632659912
0,0,0.0376463122665882
1,1,0.926574945449829
1,1,0.984942317008972
0,0,0.0586502216756344
0,0,0.00949964765459299
0,0,0.0507771708071232
1,1,0.974357485771179
0,0,0.0417147502303123
1,1,0.962089240550995
0,0,0.0266359783709049
0,0,0.026322316378355
0,0,0.0232702009379864
1,1,0.767024517059326
0,0,0.3207788169384
1,1,0.90904301404953
0,0,0.0277698952704668
0,0,0.0535866394639015
0,0,0.0666484907269478
1,1,0.985247731208801
1,1,0.978800237178802
1,1,0.974386930465698
0,0,0.0180810745805502
0,0,0.0254419893026352
1,1,0.964404344558716
0,0,0.0637599527835846
0,0,0.0383142977952957
0,0,0.0328839346766472
1,1,0.760470330715179
0,0,0.0897855833172798
0,0,0.016362652182579
0,0,0.0190341006964445
0,0,0.0748380571603775
1,1,0.983753204345703
1,1,0.934825301170349
1,1,0.94608861207962
0,1,0.713726758956909
0,0,0.0190459713339806
1,1,0.885795593261719
1,1,0.92927086353302
0,0,0.0165459681302309
1,1,0.980796337127686
0,0,0.0557879768311977
0,0,0.0200594440102577
1,1,0.964701056480408
0,0,0.0131980450823903
0,0,0.0227399095892906
1,1,0.972510933876038
0,0,0.0885408669710159
0,0,0.0165201798081398
1,1,0.982011914253235
1,1,0.718579769134521
0,0,0.0127108851447701
1,0,0.0385254770517349
1,1,0.966861128807068
0,0,0.0187261700630188
1,1,0.986709117889404
1,1,0.985700845718384
1,1,0.967483162879944
0,0,0.025604335591197
0,0,0.129534125328064
0,0,0.0321567729115486
1,1,0.950431048870087
1,1,0.939322173595428
0,0,0.167553722858429
0,0,0.0271695535629988
0,0,0.0597006157040596
0,0,0.0289880707859993
1,1,0.980758965015411
0,0,0.0284598134458065
1,1,0.866776168346405
0,0,0.0126300919800997
0,0,0.070832334458828
1,1,0.983520984649658
0,0,0.221064746379852
1,1,0.963608741760254
1,1,0.976481258869171
0,0,0.0150742214173079
1,1,0.972592771053314
0,0,0.0336330272257328
0,0,0.0224299151450396
0,0,0.0125039992853999
1,1,0.969402611255646
0,0,0.33281809091568
0,0,0.0298241544514894
1,1,0.973019123077393
0,0,0.0166535954922438
1,1,0.959386706352234
0,0,0.0638650953769684
1,1,0.932387232780457
0,0,0.0185968223959208
1,1,0.954284906387329
0,0,0.0439325794577599
0,0,0.0352827645838261
0,0,0.0717639029026031
1,1,0.885395407676697
1,1,0.950879573822021
0,1,0.531254589557648
0,0,0.328014433383942
0,0,0.0114774061366916
0,0,0.0140493521466851
0,0,0.0352909043431282
1,1,0.949149489402771
0,0,0.0160069838166237
1,1,0.967519283294678
0,0,0.0374528951942921
1,1,0.906609535217285
1,1,0.913884520530701
0,0,0.0280196350067854
1,1,0.983405828475952
1,1,0.852347731590271
0,0,0.0332291275262833
0,0,0.0181675273925066
0,0,0.10161804407835
1,1,0.855888366699219
1,1,0.902495980262756
0,0,0.00488847121596336
1,1,0.947964906692505
0,0,0.0162786822766066
1,1,0.976759314537048
1,1,0.951329410076141
1,1,0.884605705738068
0,0,0.0138776125386357
1,1,0.990662157535553
1,1,0.98093169927597
0,0,0.0271563120186329
0,0,0.0173300672322512
0,0,0.0659713298082352
0,0,0.0218547526746988
1,1,0.877755165100098
1,1,0.962425887584686
0,0,0.172120571136475
0,0,0.0312970094382763
0,0,0.0136422486975789
1,1,0.964951395988464
0,0,0.014519065618515
1,1,0.909545183181763
0,0,0.0224705711007118
1,1,0.976051926612854
1,1,0.971783459186554
1,1,0.969474077224731
1,1,0.988962471485138
0,0,0.0223478097468615
0,0,0.031830120831728
0,0,0.0147583009675145
1,1,0.968440353870392
1,1,0.976444661617279
0,0,0.031584233045578
0,0,0.0231735650449991
0,0,0.0947606414556503
0,0,0.0187817942351103
1,1,0.967060446739197
0,1,0.876867234706879
0,0,0.02187280356884
1,0,0.452308177947998
1,1,0.983334362506866
0,0,0.0277094580233097
1,1,0.973118662834167
0,0,0.0286289509385824
0,0,0.0116930035874248
0,1,0.532682955265045
0,1,0.951399266719818
0,0,0.0172858256846666
1,1,0.976708233356476
1,1,0.832294344902039
0,0,0.0299188196659088
1,1,0.979982137680054
1,1,0.969444394111633
0,0,0.0290817283093929
1,1,0.959382772445679
1,1,0.931556463241577
0,0,0.0138954510912299
1,1,0.941125690937042
1,0,0.341729760169983
0,0,0.0174284912645817
1,1,0.978276014328003
0,0,0.0251779817044735
1,1,0.949032485485077
0,0,0.0586360208690166
1,1,0.969857633113861
0,0,0.0288401450961828
0,0,0.4037846326828
1,1,0.969274878501892
0,0,0.0155562190338969
0,0,0.0225841999053955
0,0,0.0790454596281052
1,1,0.986659407615662
1,1,0.973361432552338
1,1,0.95590353012085
0,0,0.0532238036394119
1,1,0.908454775810242
0,0,0.0143991969525814
1,1,0.964665651321411
0,0,0.104173876345158
0,0,0.0189779866486788
1,1,0.842132925987244
1,1,0.605743527412415
0,0,0.0830190628767014
0,0,0.0598259009420872
1,1,0.735214352607727
1,0,0.443291068077087
0,0,0.0627072229981422
0,0,0.0102440854534507
0,0,0.0115543529391289
1,1,0.977624416351318
0,0,0.0437328107655048
1,1,0.910044074058533
1,1,0.924404442310333
1,1,0.892030477523804
0,0,0.0611181296408176
0,0,0.0360437370836735
0,0,0.0293407011777163
0,0,0.0485838353633881
0,0,0.0133987227454782
0,0,0.0406010411679745
0,0,0.0276427660137415
0,0,0.033622320741415
0,0,0.0150952050462365
0,0,0.049662921577692
0,0,0.0687092319130898
1,1,0.967835664749146
0,0,0.0193360280245543
0,0,0.0252718683332205
0,0,0.031231377273798
1,1,0.959581196308136
0,0,0.095460556447506
0,0,0.0195092167705297
0,0,0.0446180105209351
0,0,0.0409271493554115
0,0,0.010400871746242
0,0,0.0858797654509544
1,1,0.988149106502533
1,1,0.976940035820007
1,1,0.779943704605103
1,1,0.971438109874725
0,0,0.0094591872766614
0,0,0.0695968121290207
1,1,0.955527365207672
0,0,0.0323326997458935
1,0,0.0263772271573544
0,0,0.023849343881011
1,1,0.960663497447968
0,0,0.0581282638013363
1,1,0.854343235492706
0,0,0.021168677136302
1,1,0.980903148651123
0,0,0.0287131685763597
1,1,0.970779180526733
1,1,0.901016056537628
1,1,0.982832372188568
1,1,0.98298716545105
0,0,0.0599402189254761
1,1,0.693039000034332
1,1,0.965106785297394
1,1,0.965119481086731
0,0,0.0637987181544304
0,0,0.0115435691550374
0,0,0.0334733985364437
1,1,0.990335941314697
0,0,0.0240061096847057
1,1,0.968851149082184
0,0,0.0199692063033581
1,1,0.966125845909119
0,0,0.0510568916797638
0,0,0.0179891064763069
0,0,0.0901429802179337
0,0,0.0383932441473007
0,0,0.00532109662890434
0,0,0.0131205674260855
0,0,0.0280394069850445
1,1,0.933030843734741
0,0,0.169957473874092
1,1,0.96294093132019
0,0,0.0569047927856445
1,1,0.9780513048172
1,1,0.879846692085266
0,0,0.0357915721833706
0,0,0.276642143726349
1,1,0.968329250812531
0,0,0.0226663798093796
0,0,0.0291156619787216
0,0,0.0112681295722723
0,0,0.060070913285017
1,1,0.966592073440552
0,0,0.0390691719949245
0,0,0.0159698184579611
1,1,0.69736248254776
1,1,0.82609236240387
0,0,0.0347870215773582
0,0,0.105009622871876
0,0,0.116213954985142
0,0,0.0527510941028595
1,1,0.984879791736603
0,1,0.809699654579163
0,0,0.0193501487374306
0,0,0.0513190478086472
1,1,0.83086234331131
0,0,0.0841009765863419
1,1,0.939303398132324
0,0,0.0293217487633228
0,0,0.019755732268095
1,1,0.975306332111359
0,0,0.0748000666499138
0,0,0.265388667583466
0,0,0.00909925252199173
1,1,0.97654801607132
1,1,0.984007060527802
0,0,0.0112648569047451
0,0,0.0196490045636892
1,1,0.98470151424408
0,0,0.0241770818829536
1,1,0.930846691131592
1,1,0.972339391708374
0,0,0.0342626385390759
0,0,0.305749744176865
0,0,0.0986452773213387
1,1,0.956598579883575
0,0,0.0212612710893154
1,1,0.970408976078033
0,0,0.00656756805256009
0,0,0.0188622679561377
1,1,0.899120986461639
1,1,0.895575702190399
1,1,0.984455704689026
1,1,0.968095541000366
0,0,0.0192231852561235
0,0,0.0172291845083237
1,1,0.976877331733704
1,1,0.702226281166077
1,1,0.982244908809662
1,1,0.942619323730469
0,0,0.252486914396286
0,1,0.563172996044159
1,1,0.952941000461578
0,0,0.0103884171694517
0,0,0.451615512371063
1,1,0.532718539237976
0,0,0.0260089654475451
0,0,0.022887296974659
1,1,0.974648535251617
1,1,0.943517029285431
1,1,0.990349531173706
0,0,0.0365402288734913
1,0,0.120701059699059
0,1,0.603142023086548
1,1,0.984006226062775
1,0,0.0478198044002056
1,1,0.975404679775238
1,1,0.869513869285583
1,1,0.971612274646759
1,1,0.947981119155884
0,0,0.036944754421711
1,1,0.980616092681885
1,1,0.950060844421387
1,1,0.870103895664215
1,0,0.0891789123415947
1,1,0.891238629817963
1,1,0.923882067203522
1,1,0.958387315273285
0,0,0.0270509980618954
0,0,0.0211273357272148
0,0,0.0413331352174282
1,1,0.92171049118042
0,0,0.0222759265452623
1,1,0.976309239864349
1,1,0.935153365135193
1,1,0.923529326915741
1,1,0.977518558502197
0,0,0.0237936098128557
0,0,0.0227121617645025
1,1,0.680177092552185
1,1,0.960226535797119
1,1,0.956314921379089
1,1,0.951549589633942
1,1,0.979685246944427
0,0,0.0252450369298458
1,1,0.908749163150787
0,0,0.310517191886902
0,0,0.0216678120195866
0,0,0.0426516309380531
0,0,0.191449478268623
0,0,0.0263026896864176
0,0,0.157549470663071
1,1,0.68319845199585
0,0,0.0132900485768914
1,1,0.93490332365036
1,1,0.980785012245178
1,1,0.971831679344177
1,1,0.973042726516724
0,0,0.231844633817673
0,0,0.0831446424126625
1,1,0.87321138381958
0,0,0.0313728787004948
1,1,0.974367797374725
1,1,0.971680283546448
1,1,0.978986799716949
0,0,0.0232297275215387
1,1,0.982311964035034
1,1,0.9831622838974
1,1,0.958079278469086
1,1,0.941447198390961
1,1,0.867126882076263
0,0,0.0146675826981664
0,0,0.0475624836981297
0,0,0.015055569820106
1,1,0.619831740856171
0,0,0.0567730814218521
0,0,0.0186360944062471
1,1,0.984736979007721
1,1,0.701998889446259
0,0,0.0286078713834286
1,1,0.975927352905273
0,0,0.021047281101346
1,1,0.986531555652618
0,0,0.0342380665242672
0,0,0.0132768237963319
0,0,0.041136559098959
1,1,0.953209638595581
0,0,0.0208334121853113
0,0,0.0162338204681873
0,0,0.0168504193425179
0,0,0.0512835420668125
0,0,0.0491922162473202
0,0,0.00697912881150842
0,0,0.0296706203371286
1,1,0.947312414646149
0,0,0.0266141556203365
1,1,0.769902467727661
1,1,0.978913545608521
0,0,0.0309522710740566
0,0,0.0315420106053352
0,0,0.0713885650038719
1,1,0.965382695198059
0,0,0.0228211786597967
0,0,0.0308595057576895
0,0,0.0296979118138552
0,0,0.493159770965576
0,0,0.10947884619236
0,0,0.0202644970268011
1,1,0.989805459976196
1,1,0.985513627529144
1,1,0.946930348873138
0,0,0.178902104496956
1,1,0.976044535636902
0,0,0.0292187239974737
1,1,0.940079569816589
1,1,0.987136840820312
0,0,0.0138967121019959
1,1,0.970871448516846
1,1,0.947495937347412
1,1,0.795278370380402
0,0,0.0417351424694061
0,0,0.0660988166928291
1,1,0.973261177539825
0,0,0.0280370879918337
1,1,0.983750641345978
1,1,0.975088000297546
0,0,0.0115971975028515
0,0,0.423522979021072
0,0,0.00624676281586289
1,1,0.927940368652344
1,1,0.984160244464874
1,1,0.984447240829468
0,0,0.026868799701333
1,1,0.892319321632385
0,0,0.018421359360218
1,1,0.973752737045288
1,1,0.638860106468201
0,0,0.0494929552078247
1,1,0.95270699262619
1,1,0.977866947650909
1,1,0.897723436355591
0,0,0.019679868593812
0,0,0.0540737509727478
1,1,0.935304880142212
1,1,0.968675196170807
0,1,0.607121527194977
0,0,0.00902666244655848
1,1,0.949815511703491
0,0,0.0147756868973374
0,0,0.0160786267369986
0,0,0.0169094502925873
0,1,0.857675909996033
1,1,0.985725045204163
0,0,0.0270444490015507
1,1,0.97412109375
0,0,0.0227911695837975
0,1,0.604090392589569
0,1,0.533640623092651
0,0,0.46649706363678
0,0,0.0174168180674314
0,0,0.0340936034917831
1,1,0.988052606582642
0,0,0.0128504633903503
1,1,0.985743939876556
1,1,0.778174519538879
1,1,0.992068290710449
0,0,0.0591717511415482
0,0,0.0403244234621525
1,1,0.890211403369904
1,1,0.964009463787079
1,1,0.982632279396057
0,0,0.0443261563777924
0,0,0.0341221205890179
0,0,0.0160599816590548
1,1,0.952281296253204
1,1,0.936225235462189
0,0,0.0195036400109529
0,0,0.0600763782858849
0,0,0.0213674418628216
0,0,0.0221827290952206
1,1,0.984972536563873
0,0,0.0672043263912201
0,0,0.0369731821119785
1,1,0.977157950401306
0,0,0.0205060597509146
0,0,0.0298148561269045
0,0,0.00793546717613935
1,1,0.92379891872406
1,1,0.983933448791504
1,1,0.967901170253754
0,0,0.112413376569748
1,1,0.925614178180695
0,0,0.0577050037682056
0,0,0.044026106595993
0,0,0.014603279531002
0,0,0.0384298600256443
0,0,0.0107706328853965
0,0,0.0209889225661755
0,0,0.0101626329123974
0,0,0.0288654044270515
1,1,0.985673308372498
1,1,0.974864661693573
1,1,0.981490612030029
0,0,0.0740935802459717
1,1,0.986382007598877
1,1,0.872841656208038
1,1,0.951593518257141
1,1,0.958407163619995
1,1,0.667369723320007
1,1,0.946969509124756
1,0,0.279082357883453
1,1,0.971207976341248
0,0,0.161197796463966
1,1,0.693113446235657
0,0,0.0384209640324116
0,0,0.0320330485701561
0,0,0.294416397809982
1,1,0.972480177879333
1,1,0.933100998401642
0,0,0.0699755400419235
1,1,0.954479277133942
1,1,0.982499837875366
1,1,0.977203965187073
0,0,0.131361126899719
1,1,0.852436602115631
1,1,0.977381110191345
1,1,0.974101662635803
0,0,0.0116389598697424
0,0,0.0111870998516679
0,0,0.0597629733383656
0,0,0.0221171136945486
1,1,0.967356860637665
0,0,0.0779478475451469
1,1,0.974452197551727
1,1,0.98824942111969
1,1,0.942584156990051
1,1,0.964422106742859
1,1,0.968766570091248
0,0,0.0383479632437229
1,1,0.988844573497772
1,1,0.988249897956848
1,1,0.967317044734955
1,1,0.951471865177155
0,0,0.0148587143048644
0,0,0.0429032221436501
0,0,0.0278518255800009
0,0,0.435488283634186
0,0,0.022257262840867
0,0,0.0123571315780282
1,1,0.990024328231812
1,1,0.9851114153862
0,0,0.133176162838936
0,0,0.102552227675915
1,1,0.542271912097931
1,1,0.961550831794739
1,1,0.976287961006165
1,1,0.92671799659729
1,1,0.979804754257202
1,1,0.971813321113586
1,1,0.873084783554077
0,0,0.0174437593668699
0,0,0.0316768251359463
1,1,0.948503196239471
1,1,0.942250549793243
0,0,0.0217126924544573
1,1,0.973859429359436
0,0,0.0234524700790644
1,1,0.958611190319061
0,1,0.954301059246063
0,0,0.0381522662937641
1,1,0.90086305141449
1,1,0.964290142059326
1,1,0.914213955402374
1,1,0.985991060733795
0,0,0.083037868142128
1,1,0.828809261322021
1,1,0.872411370277405
0,0,0.0362336002290249
0,1,0.744384467601776
0,0,0.0142951514571905
0,0,0.0258951727300882
0,0,0.0121523607522249
1,0,0.324750363826752
1,1,0.750669181346893
0,0,0.0289156474173069
1,1,0.976408302783966
1,1,0.987421631813049
1,0,0.0853207930922508
0,0,0.0620768815279007
1,1,0.962470471858978
1,1,0.921527028083801
1,1,0.789468169212341
1,1,0.989682137966156
1,0,0.204937249422073
1,1,0.968842566013336
0,0,0.0147191500291228
1,1,0.906223058700562
0,0,0.227653816342354
1,1,0.883874118328094
1,1,0.965537250041962
0,0,0.0359216183423996
0,0,0.0397272408008575
1,1,0.855960309505463
1,1,0.987334966659546
0,0,0.0151993585750461
0,0,0.0422351062297821
1,0,0.0253684632480145
0,0,0.00991865526884794
0,0,0.0719398334622383
1,1,0.971024632453918
1,1,0.954614400863647
0,0,0.0386133119463921
0,0,0.114158973097801
0,1,0.734226822853088
1,1,0.969744503498077
1,1,0.961662709712982
1,1,0.843998670578003
1,1,0.740409731864929
0,0,0.0302477739751339
0,0,0.0483032427728176
0,0,0.0288415569812059
1,1,0.737643837928772
1,1,0.974982619285583
1,1,0.942531645298004
1,1,0.736635506153107
0,0,0.0128841940313578
1,1,0.971560418605804
1,1,0.943873405456543
1,1,0.985150516033173
1,0,0.422964870929718
0,0,0.162348404526711
0,0,0.0186697337776423
1,1,0.963563680648804
0,0,0.0261786319315434
1,1,0.892003417015076
0,0,0.0184590090066195
0,0,0.0179797764867544
0,0,0.0353109091520309
0,0,0.16022963821888
1,1,0.883446753025055
1,1,0.972565948963165
1,1,0.949286758899689
1,1,0.976784765720367
0,0,0.0362812019884586
0,0,0.141420185565948
1,1,0.972440481185913
0,0,0.0065141343511641
1,1,0.887582123279572
1,1,0.969599545001984
0,1,0.728857338428497
1,1,0.97383052110672
0,0,0.0235251933336258
1,1,0.880460262298584
1,1,0.965304911136627
1,1,0.977184057235718
1,1,0.682736575603485
1,1,0.984690487384796
1,1,0.949968218803406
1,1,0.988925158977509
1,1,0.836036026477814
1,1,0.985206663608551
0,0,0.00825406890362501
1,1,0.97007554769516
0,0,0.0199427027255297
1,1,0.978091776371002
0,0,0.0316038578748703
1,1,0.986522018909454
1,1,0.958267092704773
0,0,0.0950723513960838
0,0,0.0357502400875092
0,0,0.0892430320382118
0,0,0.0424135811626911
1,1,0.987888872623444
1,1,0.95176488161087
1,1,0.985558271408081
0,0,0.027065459638834
1,1,0.893496811389923
1,1,0.986992955207825
0,0,0.0331760533154011
1,1,0.943480312824249
0,0,0.0478230752050877
0,0,0.0520848780870438
1,1,0.973747491836548
0,0,0.0243784058839083
0,0,0.0197736211121082
1,1,0.967442989349365
1,1,0.89351212978363
1,1,0.980931580066681
0,0,0.024700628593564
0,0,0.0279523506760597
1,1,0.968424499034882
1,1,0.895809352397919
0,0,0.0203567631542683
0,0,0.238846823573112
1,1,0.973141729831696
1,1,0.979056596755981
1,1,0.97527152299881
0,0,0.118508741259575
0,0,0.198666289448738
0,0,0.0286146849393845
0,0,0.00980936363339424
0,0,0.0266598053276539
0,0,0.0174055695533752
0,0,0.0598977357149124
0,0,0.0964251831173897
1,1,0.963626086711884
1,1,0.65415346622467
0,0,0.0553930178284645
1,1,0.98583048582077
0,0,0.036992933601141
1,1,0.635220408439636
0,0,0.0276637095957994
0,0,0.0388141982257366
0,1,0.858162939548492
1,1,0.98529052734375
1,1,0.886813342571259
0,0,0.0463477000594139
1,1,0.876671075820923
0,0,0.0430227108299732
0,0,0.0261713825166225
1,1,0.900101244449615
1,1,0.968623518943787
1,1,0.956450700759888
0,0,0.0169829931110144
1,1,0.892750144004822
1,1,0.953070044517517
0,0,0.0429618321359158
1,1,0.85686194896698
1,0,0.0826593339443207
0,1,0.975804507732391
0,0,0.0157902222126722
0,0,0.0350183956325054
0,0,0.096809059381485
0,0,0.0380396731197834
1,1,0.953057885169983
0,0,0.0535301901400089
1,1,0.954369485378265
0,0,0.0481775030493736
0,0,0.0544485710561275
0,0,0.0284148883074522
0,0,0.0719028115272522
0,0,0.0382675155997276
0,0,0.0427406802773476
0,0,0.00977465976029634
0,0,0.0213559977710247
1,1,0.962290227413177
0,0,0.0343483537435532
1,1,0.726913630962372
1,1,0.975435316562653
1,1,0.930594623088837
0,0,0.0127924708649516
0,0,0.0646396353840828
1,1,0.605533242225647
1,1,0.910544335842133
1,0,0.319624274969101
1,1,0.968514561653137
0,0,0.096349410712719
0,0,0.0212685782462358
1,1,0.957631230354309
1,1,0.973672688007355
1,1,0.955684781074524
0,0,0.0443123988807201
0,0,0.304850161075592
1,1,0.974816381931305
0,0,0.0245720595121384
1,1,0.989193916320801
0,0,0.0153069226071239
0,0,0.0116269970312715
1,1,0.980509281158447
1,1,0.967630982398987
1,1,0.89902663230896
0,1,0.972536504268646
1,1,0.973739624023438
1,1,0.967419624328613
1,0,0.0186789780855179
1,1,0.973920285701752
0,0,0.0120401196181774
0,0,0.0453773103654385
1,1,0.9129878282547
1,1,0.972661793231964
0,0,0.0752854645252228
0,0,0.0406082309782505
1,1,0.977733254432678
1,1,0.961463451385498
1,1,0.984138429164886
0,0,0.337517321109772
0,0,0.0216881539672613
1,1,0.959966421127319
1,1,0.966616451740265
1,1,0.710311830043793
0,0,0.0410494543612003
0,1,0.687897920608521
0,1,0.592996120452881
0,0,0.0249177105724812
0,0,0.0357464924454689
1,0,0.0570010356605053
1,1,0.71465128660202
1,1,0.87879204750061
0,0,0.0383083671331406
1,1,0.934273660182953
1,1,0.928577661514282
0,0,0.0251743961125612
1,1,0.953807473182678
1,1,0.952610731124878
1,1,0.715760767459869
0,0,0.0228444151580334
0,0,0.0350311845541
0,0,0.473309904336929
0,0,0.230412513017654
1,1,0.92099940776825
0,0,0.311970859766006
1,1,0.907473206520081
1,1,0.987469434738159
1,1,0.984706699848175
1,1,0.952864348888397
1,1,0.983769237995148
1,1,0.979913949966431
1,1,0.989153146743774
0,0,0.0326889976859093
1,1,0.978150844573975
1,1,0.969793260097504
1,1,0.975351929664612
1,1,0.942434430122375
1,1,0.974791467189789
0,0,0.156458631157875
1,1,0.958869993686676
1,1,0.987037539482117
0,0,0.0561355911195278
1,1,0.965836763381958
1,1,0.966641843318939
1,1,0.897575616836548
0,0,0.0261398330330849
1,1,0.972300052642822
0,0,0.0139139015227556
0,0,0.0523067526519299
0,0,0.214274451136589
1,1,0.98469352722168
1,1,0.983135104179382
1,1,0.945550918579102
1,1,0.987385630607605
0,0,0.0164724625647068
1,1,0.925439655780792
1,1,0.972246706485748
0,0,0.113240845501423
0,0,0.0622573345899582
1,1,0.930665969848633
1,1,0.93522697687149
0,0,0.0356167703866959
0,0,0.0160193722695112
1,1,0.819552004337311
1,1,0.863364934921265
0,0,0.0258356165140867
0,0,0.0177260581403971
1,1,0.94692063331604
1,1,0.964667558670044
0,0,0.0538296513259411
0,0,0.0437818132340908
0,0,0.013862045481801
1,1,0.9876389503479
0,0,0.0545912645757198
0,0,0.0146709457039833
0,0,0.0172609109431505
0,0,0.111812561750412
0,0,0.0112775629386306
0,0,0.0204625595360994
0,0,0.0159420128911734
0,0,0.0639127939939499
0,0,0.101769275963306
1,1,0.972230494022369
0,0,0.104797102510929
0,0,0.0404193550348282
0,0,0.0175930205732584
1,1,0.952546119689941
1,1,0.876901149749756
1,1,0.964629352092743
1,1,0.975354313850403
0,0,0.0241493433713913
1,1,0.949217140674591
1,1,0.984315454959869
1,1,0.949756264686584
0,0,0.0156682748347521
1,1,0.939208149909973
1,1,0.958487868309021
0,0,0.0108552100136876
0,0,0.0125924535095692
0,0,0.0183141324669123
1,1,0.980395257472992
1,1,0.975280821323395
0,0,0.0351470522582531
0,0,0.0296526681631804
1,1,0.982053875923157
1,1,0.919870257377625
1,1,0.880994141101837
0,0,0.0227359682321548
0,0,0.0250100586563349
0,0,0.0477040968835354
1,1,0.985032796859741
1,1,0.918261468410492
0,0,0.430726379156113
0,0,0.0206058081239462
1,1,0.983339428901672
1,1,0.942651331424713
0,0,0.0361558087170124
0,0,0.425288319587708
1,0,0.0224174447357655
0,0,0.0426635965704918
0,1,0.955411791801453
1,1,0.943003118038177
1,1,0.974806904792786
1,1,0.985825955867767
0,0,0.0163044426590204
0,0,0.0813310146331787
1,1,0.982812464237213
1,1,0.861878275871277
0,0,0.0897320508956909
0,0,0.0152695802971721
0,0,0.0117366118356586
0,0,0.0392885282635689
1,1,0.956975817680359
1,1,0.970860123634338
1,1,0.972884714603424
1,1,0.945818901062012
0,0,0.0181193239986897
1,1,0.930064499378204
0,0,0.0251542385667562
0,0,0.0205158740282059
1,1,0.963859736919403
0,0,0.0176868475973606
0,0,0.0545055158436298
0,0,0.0280976984649897
1,1,0.912064075469971
1,1,0.877148985862732
1,1,0.975429952144623
0,0,0.0251528546214104
0,0,0.0319016315042973
1,1,0.93516218662262
0,0,0.0374327339231968
1,1,0.885567307472229
1,1,0.955244123935699
0,0,0.0149450721219182
1,1,0.957219898700714
0,0,0.0679975897073746
1,1,0.962640583515167
0,0,0.0399621985852718
1,1,0.972923398017883
1,1,0.97607034444809
0,0,0.0135984560474753
1,0,0.0713126435875893
0,0,0.0790935158729553
1,1,0.963910639286041
1,1,0.976292729377747
1,1,0.972766280174255
0,0,0.025783397257328
0,0,0.0268878899514675
1,1,0.938880383968353
0,0,0.0802990794181824
0,1,0.852770864963531
1,1,0.963656961917877
0,0,0.0221087113022804
0,0,0.0220600888133049
0,0,0.0184080917388201
0,0,0.146191269159317
0,0,0.0276945289224386
1,1,0.922549724578857
1,1,0.697876513004303
0,1,0.914294481277466
1,1,0.982639968395233
0,0,0.151514425873756
0,0,0.168466746807098
1,1,0.970819115638733
0,0,0.0199550744146109
1,1,0.917754590511322
1,1,0.981763303279877
1,1,0.974834501743317
0,0,0.0498574674129486
1,1,0.979757487773895
0,0,0.0275595020502806
1,1,0.881845653057098
1,1,0.94041919708252
1,1,0.711148083209991
1,1,0.977260649204254
1,1,0.913473904132843
0,0,0.17481841146946
0,0,0.336269050836563
0,0,0.0927224159240723
0,0,0.0154300928115845
1,1,0.982649683952332
0,0,0.0364514365792274
0,0,0.233702674508095
0,0,0.0146043160930276
0,0,0.013544331304729
0,0,0.371145099401474
1,1,0.770386815071106
1,1,0.738229513168335
0,0,0.439520955085754
0,0,0.0137709341943264
0,0,0.0284034200012684
0,0,0.0302518513053656
1,1,0.858322024345398
1,1,0.968326091766357
0,0,0.0348702855408192
1,1,0.983487129211426
1,1,0.965180635452271
1,0,0.279504507780075
1,1,0.825784206390381
0,0,0.0265890955924988
1,1,0.913614094257355
0,0,0.0177110712975264
0,0,0.0918431878089905
1,1,0.979627370834351
0,0,0.351540744304657
1,1,0.973639249801636
0,0,0.232946902513504
1,1,0.959610641002655
1,1,0.943696737289429
0,1,0.95369166135788
0,0,0.0488686375319958
0,0,0.0161066744476557
0,0,0.0156523380428553
1,1,0.838924705982208
1,1,0.970970213413239
0,0,0.0291021876037121
1,1,0.900580644607544
0,0,0.019518107175827
1,1,0.90659761428833
0,0,0.0349242053925991
0,0,0.0123158637434244
1,1,0.818018019199371
0,0,0.0124148484319448
0,0,0.0184883661568165
0,0,0.0346674434840679
1,1,0.957997143268585
0,0,0.323040992021561
1,1,0.972967565059662
0,0,0.0220783203840256
1,1,0.988371014595032
1,1,0.973898768424988
0,1,0.675435483455658
0,0,0.0133470883592963
0,0,0.0266430079936981
1,0,0.0163333155214787
0,0,0.0133581012487411
0,0,0.221645355224609
1,1,0.97881954908371
0,0,0.0402620993554592
0,0,0.012878306210041
0,0,0.0262219738215208
0,0,0.0236570928245783
0,0,0.0209164060652256
1,1,0.944990813732147
1,1,0.9903244972229
0,0,0.00962430704385042
1,1,0.956557035446167
0,0,0.0351018272340298
0,0,0.0226662270724773
0,0,0.0298952739685774
1,1,0.984640955924988
0,0,0.0454008318483829
1,1,0.980839908123016
1,1,0.986266493797302
0,0,0.0137796672061086
0,0,0.0147870751097798
1,1,0.899203181266785
1,1,0.966923296451569
0,0,0.0603428333997726
0,0,0.0295707378536463
0,0,0.011946820653975
1,1,0.773092150688171
1,1,0.989998877048492
0,0,0.0247977524995804
0,0,0.010997761040926
1,1,0.981287062168121
1,1,0.924749374389648
1,1,0.869037508964539
1,1,0.984701633453369
0,0,0.0316857136785984
0,0,0.0773869082331657
0,0,0.0267957504838705
1,1,0.966185390949249
1,1,0.690917432308197
0,0,0.0343139991164207
0,0,0.362841784954071
0,0,0.0364617481827736
0,0,0.0175579972565174
0,0,0.0188426747918129
1,1,0.918149411678314
1,1,0.956791698932648
0,1,0.740536093711853
0,0,0.0600422397255898
1,1,0.981012344360352
0,0,0.0122529212385416
0,0,0.0392978079617023
0,0,0.11179132014513
1,1,0.961482405662537
1,1,0.965715885162354
0,0,0.0213760044425726
1,1,0.74950909614563
1,1,0.975380063056946
1,1,0.990693271160126
1,1,0.986856639385223
0,0,0.0197280794382095
1,1,0.913449645042419
0,0,0.102992415428162
1,1,0.961371123790741
0,0,0.037881787866354
1,1,0.980693280696869
1,1,0.966457188129425
0,1,0.580947756767273
0,0,0.0157546177506447
1,1,0.978070914745331
0,0,0.0888843536376953
1,1,0.838779747486115
1,1,0.569456040859222
0,0,0.0144167691469193
1,1,0.610697567462921
1,1,0.9469034075737
0,0,0.0810183137655258
0,0,0.0698891431093216
0,0,0.0147458408027887
1,1,0.784695982933044
1,1,0.984948456287384
0,0,0.0164596810936928
1,1,0.977787137031555
0,1,0.584672570228577
1,1,0.959485292434692
1,1,0.91266280412674
0,0,0.0145423831418157
1,1,0.966762542724609
1,1,0.914656281471252
0,0,0.0456467494368553
0,0,0.0685172826051712
0,0,0.0108982706442475
0,0,0.0137032819911838
0,0,0.0201784688979387
1,1,0.961606740951538
1,1,0.963026404380798
1,1,0.964412987232208
1,1,0.95376855134964
0,1,0.697482526302338
1,1,0.955129027366638
1,1,0.784916520118713
1,1,0.977522790431976
1,1,0.96299797296524
0,0,0.116011053323746
0,0,0.045334056019783
1,1,0.963361144065857
1,1,0.974427342414856
0,0,0.0273399837315083
1,1,0.984411895275116
0,0,0.0387331508100033
1,1,0.948318243026733
1,1,0.971574246883392
0,0,0.0525019913911819
0,0,0.0910285264253616
0,0,0.0363062769174576
0,0,0.0161756817251444
0,0,0.119938440620899
1,1,0.98242712020874
0,0,0.0253456961363554
1,1,0.975246489048004
0,0,0.019435977563262
1,1,0.955330193042755
0,0,0.020483860746026
0,0,0.013025589287281
0,1,0.758512198925018
0,0,0.0240042041987181
0,0,0.049483485519886
0,0,0.0119589623063803
0,1,0.892818748950958
0,0,0.0920486375689507
0,0,0.0113578205928206
1,1,0.976950526237488
0,0,0.0790416225790977
1,1,0.951187491416931
1,1,0.983102798461914
1,1,0.927227318286896
0,0,0.0223178137093782
0,0,0.0337775349617004
1,1,0.983022272586823
1,1,0.982997417449951
0,0,0.0189652312546968
1,1,0.97589784860611
1,1,0.966561913490295
0,0,0.210572689771652
0,0,0.031698115170002
0,0,0.0278981812298298
0,0,0.244911879301071
0,1,0.558919250965118
1,1,0.988452732563019
1,1,0.929530024528503
1,1,0.912158608436584
0,0,0.0146465711295605
0,0,0.241617307066917
0,0,0.0168138053268194
0,0,0.0101899141445756
0,1,0.639424979686737
1,1,0.977747738361359
1,1,0.990090250968933
0,0,0.0235942136496305
0,0,0.0254529155790806
1,1,0.965333700180054
1,1,0.978255689144135
1,1,0.955808579921722
0,0,0.0230189152061939
1,0,0.0731651782989502
0,0,0.018061151728034
1,1,0.955943822860718
0,0,0.0124163338914514
1,1,0.977539300918579
0,0,0.00952666904777288
1,0,0.495296895503998
0,0,0.0199552793055773
0,0,0.372115671634674
1,1,0.953604936599731
0,0,0.0147398840636015
1,1,0.974553287029266
0,0,0.030955420807004
1,1,0.970420718193054
0,0,0.0248408280313015
1,1,0.602546453475952
1,1,0.955610811710358
0,1,0.632182121276855
1,1,0.737524747848511
0,0,0.0333323441445827
1,0,0.478663593530655
0,0,0.0460043102502823
0,0,0.0336502119898796
1,1,0.967898070812225
1,1,0.971177279949188
0,0,0.0436856895685196
1,1,0.984873294830322
0,0,0.0245410185307264
1,1,0.978823661804199
0,0,0.172473907470703
1,1,0.98552531003952
0,0,0.0282312091439962
1,1,0.974794328212738
0,1,0.823398053646088
0,0,0.0121594201773405
0,0,0.0268230587244034
0,0,0.066565677523613
0,0,0.125743612647057
0,0,0.120985724031925
1,1,0.895384430885315
0,0,0.0278399493545294
0,0,0.175631836056709
1,1,0.98775976896286
0,0,0.0238506216555834
1,1,0.544759154319763
1,1,0.845098733901978
1,0,0.48089736700058
0,1,0.810160458087921
0,0,0.041135311126709
0,0,0.0745058804750443
0,0,0.0411457940936089
1,1,0.979142308235168
0,0,0.0218478590250015
1,1,0.982239723205566
0,0,0.03458371758461
0,0,0.0209698006510735
1,1,0.983502924442291
1,1,0.978896796703339
1,1,0.909630000591278
0,0,0.0232845228165388
1,0,0.0502471886575222
0,0,0.042539194226265
0,0,0.121246680617332
0,0,0.0131617952138186
0,0,0.0286476388573647
0,0,0.0757979825139046
1,1,0.677481949329376
1,1,0.968887627124786
1,1,0.9627406001091
1,1,0.983165144920349
0,0,0.024037791416049
1,1,0.964982450008392
1,1,0.976472198963165
0,0,0.0349833890795708
1,1,0.987417578697205
0,0,0.131270125508308
1,1,0.947263240814209
0,0,0.0265916511416435
0,0,0.017231073230505
1,1,0.95043009519577
0,0,0.212846875190735
0,0,0.0226407404989004
0,0,0.0802518352866173
1,1,0.982178151607513
0,0,0.0194055065512657
1,1,0.763793408870697
0,0,0.041687298566103
0,0,0.0896961912512779
1,1,0.961440205574036
0,1,0.880620062351227
1,1,0.601508736610413
1,1,0.968520045280457
0,0,0.0355982817709446
0,1,0.859431385993958
1,1,0.91593611240387
0,0,0.0335221067070961
1,1,0.980242908000946
0,0,0.0581289157271385
0,0,0.0188906081020832
1,1,0.808337092399597
0,0,0.325532376766205
1,1,0.945715248584747
0,0,0.0148785002529621
1,1,0.965288579463959
1,1,0.938884377479553
0,0,0.27147513628006
0,0,0.0228382851928473
0,0,0.0379449352622032
0,0,0.0235828515142202
1,1,0.985480487346649
1,1,0.954158246517181
1,0,0.0199995823204517
1,1,0.861966848373413
0,0,0.0129761500284076
1,1,0.921933352947235
1,1,0.773562014102936
1,1,0.549594759941101
1,1,0.835167467594147
1,1,0.971991658210754
1,1,0.982886850833893
1,1,0.914135992527008
0,1,0.965637981891632
0,0,0.243528500199318
1,1,0.793279647827148
1,1,0.976056456565857
0,0,0.0156965237110853
0,0,0.0722180753946304
1,0,0.0508840829133987
0,0,0.0100447461009026
0,0,0.018561951816082
1,1,0.975414335727692
0,0,0.0179268196225166
0,0,0.0157057642936707
1,0,0.0412286594510078
1,1,0.987967967987061
0,0,0.465558081865311
0,0,0.0254454873502254
0,0,0.0299428272992373
1,1,0.976257741451263
0,0,0.0158263444900513
1,1,0.863838970661163
1,1,0.934626460075378
0,0,0.0177280530333519
0,0,0.016887690871954
0,0,0.0247703548520803
0,0,0.0295088347047567
0,0,0.0295644924044609
1,1,0.961862742900848
1,1,0.738843679428101
0,0,0.0259322561323643
0,0,0.025526974350214
0,0,0.0071259243413806
0,0,0.0263251475989819
0,0,0.021332984790206
1,1,0.97057318687439
0,0,0.0589706897735596
1,1,0.981231510639191
1,1,0.972043037414551
1,1,0.946521878242493
1,1,0.798783600330353
1,1,0.965086400508881
0,0,0.0498103909194469
0,0,0.0310542117804289
1,1,0.979770958423615
0,0,0.436649233102798
1,1,0.981099963188171
1,1,0.975367367267609
1,1,0.745964765548706
0,0,0.246103703975677
0,0,0.112972140312195
1,0,0.303870797157288
1,1,0.959075570106506
1,1,0.985020041465759
1,1,0.847067892551422
0,0,0.0259922705590725
0,0,0.0734847709536552
0,0,0.0268690567463636
0,0,0.0213120169937611
0,0,0.0281545519828796
0,0,0.0349884927272797
1,1,0.970444679260254
0,0,0.0119755268096924
0,0,0.00700224656611681
1,1,0.939834535121918
1,1,0.98655241727829
0,0,0.0919774323701859
0,0,0.0123280566185713
0,0,0.0297993719577789
0,0,0.0305109098553658
1,1,0.969858407974243
0,0,0.0723258703947067
0,0,0.0721176490187645
0,0,0.00937269907444715
0,0,0.0899070203304291
1,1,0.969339609146118
0,0,0.015435547567904
1,1,0.956269681453705
1,1,0.894996523857117
0,0,0.069253608584404
1,1,0.971548497676849
1,1,0.975521504878998
1,1,0.910450637340546
0,0,0.0310132876038551
0,0,0.0192024763673544
1,1,0.97440105676651
1,1,0.976670682430267
1,1,0.963575601577759
1,0,0.070356696844101
1,1,0.989854753017426
1,1,0.978797078132629
0,0,0.018241660669446
0,0,0.0213682949542999
0,0,0.107963979244232
1,1,0.975683450698853
0,0,0.0646757110953331
0,0,0.0323389023542404
0,0,0.0493007451295853
0,0,0.120952047407627
0,0,0.0311331581324339
1,1,0.95290333032608
1,1,0.97495836019516
1,1,0.912211954593658
1,1,0.942547023296356
0,0,0.017427634447813
1,1,0.926728785037994
1,1,0.955977857112885
1,1,0.983020901679993
1,1,0.949641168117523
0,0,0.0605260208249092
1,1,0.979072153568268
1,1,0.906643748283386
0,0,0.0286281015723944
1,1,0.986738443374634
1,1,0.989748656749725
1,1,0.935192763805389
0,0,0.0160724651068449
1,1,0.984683215618134
0,0,0.0132582327350974
1,1,0.940269112586975
0,0,0.0308633856475353
1,1,0.692980110645294
0,0,0.0249580703675747
1,1,0.961642861366272
0,0,0.154449731111526
0,0,0.107001885771751
1,1,0.989990472793579
0,0,0.0327899307012558
0,0,0.0348697230219841
1,1,0.872195065021515
1,1,0.985248982906342
0,1,0.548769593238831
0,0,0.0157731715589762
1,1,0.868646681308746
0,1,0.932775557041168
1,1,0.905514180660248
1,1,0.982047915458679
1,1,0.966974377632141
1,1,0.980731904506683
1,1,0.808978974819183
0,0,0.0296212155371904
1,1,0.957258343696594
0,0,0.0518062636256218
0,0,0.0175505448132753
1,1,0.952698230743408
0,0,0.0633944496512413
1,1,0.984550178050995
0,0,0.0183531399816275
1,1,0.772002935409546
1,1,0.9888716340065
1,1,0.981428027153015
0,0,0.0211114939302206
1,1,0.976573467254639
1,1,0.987443625926971
0,0,0.0153850195929408
0,0,0.066782645881176
0,0,0.0573809407651424
1,1,0.947378158569336
0,0,0.0876284390687943
0,0,0.0506473407149315
1,1,0.939353585243225
1,1,0.597137749195099
0,0,0.101827837526798
0,0,0.0351010859012604
0,0,0.0152794774621725
0,0,0.0136842951178551
0,0,0.0103731043636799
0,1,0.959738194942474
0,0,0.0152303306385875
1,1,0.923777461051941
0,0,0.0261786319315434
1,1,0.789202153682709
1,1,0.914262413978577
1,1,0.966598093509674
1,1,0.983308076858521
0,0,0.0367647297680378
0,0,0.0307087916880846
1,1,0.982428908348083
1,1,0.969097077846527
1,1,0.971516311168671
0,0,0.439782559871674
1,1,0.979824423789978
0,0,0.0127548100426793
0,0,0.0277495607733727
1,1,0.833621084690094
1,1,0.986111998558044
1,1,0.939119100570679
0,0,0.018401151522994
0,0,0.476364105939865
0,0,0.0147586138918996
0,0,0.016389736905694
0,0,0.0462743975222111
1,1,0.964174211025238
1,1,0.936339676380157
1,1,0.98193883895874
0,0,0.0418015867471695
1,1,0.942733407020569
0,0,0.0262928996235132
0,0,0.0443899258971214
1,1,0.980332016944885
1,1,0.936290740966797
1,1,0.957591950893402
1,0,0.4527308344841
0,0,0.015747919678688
0,0,0.1105120703578
0,0,0.0390726141631603
0,0,0.0603317096829414
1,0,0.432664781808853
1,1,0.965664505958557
1,1,0.872352600097656
0,0,0.106885462999344
0,0,0.222084760665894
0,0,0.0190631598234177
1,1,0.97880083322525
1,1,0.967714607715607
1,1,0.986381113529205
1,1,0.978594601154327
0,1,0.968264400959015
0,0,0.289977818727493
1,1,0.951356828212738
0,0,0.0222339332103729
0,0,0.0300826020538807
0,0,0.0776101425290108
0,0,0.0356267616152763
1,1,0.86571216583252
1,1,0.985311627388
0,0,0.0164146684110165
0,0,0.0103807775303721
0,0,0.0269508790224791
0,0,0.015706030651927
0,0,0.0449826829135418
0,0,0.018885862082243
0,1,0.800030469894409
1,1,0.928487837314606
0,0,0.0106119066476822
0,0,0.0258405487984419
1,1,0.907518267631531
0,0,0.025811180472374
0,0,0.014595877379179
1,1,0.972098231315613
0,0,0.023649163544178
1,1,0.989094316959381
0,0,0.0294727701693773
1,1,0.860688090324402
0,0,0.213529869914055
0,0,0.198182165622711
1,1,0.980245053768158
1,1,0.956408560276031
0,0,0.0250772312283516
1,1,0.983322560787201
1,1,0.882483899593353
1,1,0.832845330238342
0,0,0.0582933872938156
0,1,0.674887657165527
0,0,0.0267100390046835
1,1,0.690402328968048
0,0,0.0645435526967049
1,1,0.9714435338974
0,0,0.48308327794075
0,0,0.019316665828228
0,0,0.0164884775876999
0,0,0.0117832720279694
1,1,0.947024762630463
1,1,0.939913213253021
1,1,0.968000054359436
1,1,0.748003125190735
1,0,0.0166406705975533
0,0,0.0177816301584244
1,1,0.95601761341095
1,1,0.974019467830658
1,1,0.972369134426117
1,1,0.943513214588165
0,0,0.0138130933046341
1,1,0.97262054681778
1,1,0.872942686080933
1,1,0.975257158279419
1,1,0.8856480717659
0,0,0.0120870899409056
0,0,0.0265272781252861
1,1,0.981775283813477
1,0,0.0536425821483135
1,1,0.966664135456085
1,1,0.937643647193909
1,1,0.975416243076324
1,1,0.599983811378479
0,0,0.0309603344649076
1,1,0.860156357288361
1,1,0.928785145282745
1,1,0.972648143768311
1,1,0.860548794269562
1,1,0.985208988189697
0,0,0.281686544418335
0,0,0.0466276332736015
1,1,0.95948189496994
1,1,0.957581341266632
0,0,0.364096611738205
1,1,0.968872308731079
0,0,0.0123081468045712
0,0,0.0216988045722246
0,1,0.684419214725494
1,1,0.981294989585876
0,0,0.0526940710842609
1,1,0.983503103256226
1,1,0.8719202876091
0,0,0.0989021509885788
0,0,0.0137932300567627
1,1,0.982162535190582
0,0,0.114079155027866
0,0,0.0550837144255638
1,1,0.961125135421753
0,0,0.0231058597564697
0,0,0.0641519352793694
1,1,0.939401030540466
1,1,0.948967814445496
0,0,0.0260072629898787
1,1,0.98379123210907
1,1,0.53921502828598
0,0,0.0194617155939341
0,0,0.0206145476549864
1,1,0.966959655284882
0,0,0.0255039073526859
0,0,0.0696887522935867
1,1,0.974768579006195
0,0,0.0225757081061602
0,0,0.0413499735295773
1,1,0.630140364170074
0,0,0.0509418249130249
0,0,0.0334273800253868
0,0,0.0134194577112794
1,1,0.983273267745972
1,1,0.978007733821869
1,1,0.976688325405121
0,0,0.0427438206970692
0,0,0.0131552312523127
0,0,0.0877356231212616
1,1,0.947016179561615
1,1,0.955401957035065
1,1,0.975796937942505
0,0,0.062564879655838
1,1,0.878917455673218
1,0,0.0950705707073212
1,1,0.840459585189819
1,1,0.975865602493286
0,0,0.0483119674026966
1,1,0.955242693424225
0,0,0.110571794211864
1,1,0.869181513786316
1,1,0.944111585617065
1,1,0.979156136512756
0,0,0.0200643241405487
0,0,0.0260573141276836
0,0,0.124298982322216
0,0,0.110528685152531
0,0,0.0145052829757333
1,1,0.986065268516541
1,0,0.443037003278732
0,0,0.0695787817239761
0,0,0.0315082408487797
1,1,0.968714237213135
0,1,0.959926545619965
0,0,0.00854757893830538
1,1,0.981855928897858
1,1,0.991018652915955
0,0,0.080106645822525
1,1,0.937386691570282
1,1,0.965880692005157
1,1,0.917283296585083
0,0,0.0345460921525955
0,0,0.0557763502001762
1,1,0.881147801876068
0,0,0.035261232405901
1,1,0.535642981529236
0,0,0.350072741508484
1,1,0.88738602399826
1,1,0.799583256244659
1,1,0.958040475845337
1,1,0.984661161899567
0,0,0.0197313074022532
1,0,0.0479790307581425
0,0,0.0453541576862335
1,1,0.980103969573975
0,0,0.140110448002815
1,1,0.930635929107666
0,0,0.0173210073262453
1,1,0.987967550754547
0,0,0.0427518300712109
1,1,0.957501888275146
1,1,0.983169794082642
0,0,0.0184193216264248
1,1,0.960711240768433
1,1,0.963065505027771
0,0,0.0427441596984863
1,1,0.972415924072266
1,1,0.966321706771851
0,0,0.219664096832275
0,0,0.0265478324145079
1,1,0.984988033771515
0,0,0.020033510401845
1,1,0.98472648859024
0,1,0.886078894138336
1,1,0.970797538757324
1,1,0.94479638338089
0,1,0.946027874946594
0,0,0.0161916110664606
1,1,0.938569962978363
0,0,0.0317305997014046
1,1,0.925364851951599
0,0,0.0183688048273325
1,1,0.931166291236877
1,1,0.937645494937897
0,0,0.0742836073040962
1,1,0.921629309654236
0,0,0.0136605352163315
1,1,0.983146369457245
0,0,0.0995339378714561
0,0,0.0595935955643654
0,0,0.0359940342605114
0,0,0.0174782071262598
1,1,0.932180047035217
0,1,0.747240304946899
0,0,0.0406746864318848
1,1,0.977586150169373
1,1,0.979450225830078
1,1,0.784452140331268
0,0,0.0148531924933195
1,1,0.951973021030426
0,0,0.0398360006511211
1,0,0.479224532842636
1,1,0.941449224948883
0,0,0.0350430235266685
0,0,0.0849381387233734
1,1,0.988158524036407
1,1,0.965930044651031
0,0,0.0532012917101383
0,0,0.0143731795251369
1,1,0.989121854305267
0,0,0.0271312147378922
0,0,0.232212170958519
0,0,0.0219576843082905
1,1,0.973413527011871
1,1,0.626541674137115
1,1,0.951790869235992
1,1,0.988935768604279
0,0,0.0580635033547878
0,1,0.900194764137268
0,0,0.0360928773880005
1,1,0.674186587333679
1,1,0.912758827209473
1,1,0.981630861759186
0,0,0.0996529385447502
1,1,0.975062251091003
1,1,0.987144291400909
0,0,0.00978989247232676
0,0,0.0414537936449051
0,0,0.0227463748306036
0,0,0.0245870985090733
1,1,0.887962102890015
1,1,0.952422857284546
0,0,0.0311298128217459
1,1,0.91841048002243
0,0,0.0351724959909916
0,0,0.0131877828389406
0,0,0.0687552392482758
1,1,0.979017972946167
1,1,0.975478649139404
0,0,0.0163144879043102
1,1,0.808878660202026
0,0,0.125538393855095
1,1,0.969555199146271
0,0,0.0107278227806091
0,0,0.0173674747347832
0,0,0.0615840442478657
1,1,0.978213489055634
1,1,0.9485102891922
0,0,0.0672915875911713
0,1,0.75264847278595
0,0,0.0255123879760504
1,1,0.972849607467651
0,0,0.0409395731985569
0,0,0.0598352439701557
0,0,0.0909992754459381
1,1,0.971224963665009
0,0,0.0254956670105457
0,0,0.0202604588121176
0,0,0.0340194292366505
0,0,0.0689728632569313
0,0,0.030646875500679
0,0,0.0219167582690716
0,0,0.0258396249264479
1,1,0.977261424064636
0,0,0.0448034666478634
1,1,0.937161028385162
0,0,0.0180791057646275
1,1,0.97582733631134
1,1,0.962891757488251
1,1,0.621589541435242
0,0,0.0290958695113659
1,1,0.919540345668793
1,1,0.965707302093506
0,0,0.0122409285977483
1,1,0.945321798324585
1,1,0.960361540317535
0,0,0.0237561743706465
0,0,0.0230212416499853
0,0,0.0272057056427002
0,0,0.0659003779292107
1,1,0.977144539356232
1,1,0.988131284713745
1,0,0.273496598005295
1,1,0.956250488758087
0,0,0.0154408169910312
0,0,0.0656455680727959
0,0,0.0114815076813102
0,0,0.0402688272297382
0,0,0.0397978089749813
1,1,0.72462397813797
0,0,0.137555211782455
1,1,0.983543813228607
0,0,0.0102920262143016
0,0,0.0366840735077858
1,1,0.950325429439545
1,1,0.674483597278595
0,0,0.0794463902711868
0,0,0.0191473513841629
1,1,0.952385544776917
0,0,0.0126157160848379
1,1,0.97736382484436
0,0,0.0157123040407896
1,1,0.64410811662674
0,0,0.0271542072296143
0,0,0.0209331698715687
0,0,0.021146297454834
0,0,0.0134612703695893
1,1,0.913882195949554
1,1,0.923153758049011
0,0,0.247311815619469
1,1,0.936822235584259
0,0,0.0407059378921986
0,0,0.0263646971434355
1,1,0.972804725170135
1,1,0.957534432411194
1,1,0.980325043201447
1,1,0.982690989971161
1,1,0.966092050075531
0,0,0.0204890463501215
1,1,0.976880788803101
1,1,0.984870970249176
0,0,0.0649735555052757
1,1,0.969971895217896
0,0,0.0470770113170147
0,0,0.013670670799911
0,0,0.0585629977285862
1,1,0.960713267326355
1,1,0.846076488494873
1,1,0.979962229728699
0,0,0.0352381393313408
1,1,0.92140406370163
1,1,0.962409973144531
0,0,0.0379894338548183
0,0,0.018782589584589
1,1,0.956331372261047
0,0,0.0153649235144258
0,0,0.0378562323749065
1,1,0.970987558364868
0,0,0.176754489541054
0,0,0.0114811882376671
1,1,0.924932718276978
1,1,0.776977062225342
0,0,0.0129960989579558
0,0,0.0563007108867168
1,1,0.964450836181641
1,1,0.98080712556839
0,0,0.0244314931333065
1,1,0.952105164527893
0,0,0.0604666359722614
1,1,0.971821308135986
1,1,0.953640282154083
0,0,0.0240537766367197
1,1,0.971284449100494
0,0,0.0169146526604891
1,1,0.984218537807465
1,0,0.0316397547721863
0,0,0.129304513335228
0,0,0.0642733797430992
0,0,0.0119266426190734
1,1,0.978108167648315
1,1,0.931084454059601
1,1,0.721461057662964
1,1,0.951011836528778
1,1,0.963087856769562
1,1,0.970093846321106
1,1,0.732518792152405
1,1,0.895249128341675
1,1,0.971016228199005
1,1,0.927982866764069
0,1,0.588835716247559
1,1,0.935719549655914
0,0,0.0345978103578091
1,1,0.770162880420685
0,0,0.0603832826018333
0,0,0.0153973549604416
0,0,0.0195436663925648
0,0,0.0243793427944183
0,0,0.0226157419383526
0,0,0.37666979432106
1,1,0.985683739185333
0,0,0.040620893239975
0,0,0.00718143302947283
0,0,0.0286007467657328
0,0,0.0261979606002569
1,1,0.979154765605927
1,1,0.966528236865997
0,0,0.0860127508640289
1,0,0.0428064912557602
1,1,0.753241539001465
1,1,0.979413747787476
1,1,0.982301115989685
0,0,0.0807352364063263
0,0,0.0180260445922613
0,0,0.401733011007309
0,0,0.0100062033161521
1,1,0.922210872173309
0,0,0.0311937015503645
0,0,0.0175694823265076
0,0,0.120689056813717
1,1,0.967698633670807
0,0,0.0207507610321045
1,1,0.973759174346924
0,0,0.121665507555008
1,1,0.741073071956635
0,0,0.0172757841646671
1,1,0.966691792011261
0,0,0.013786843046546
0,0,0.0255918726325035
1,1,0.95856636762619
0,0,0.0242210179567337
1,1,0.9826819896698
1,1,0.988170385360718
0,0,0.0256519876420498
0,0,0.0280601158738136
0,0,0.0604360178112984
1,1,0.985858976840973
1,1,0.962259292602539
1,1,0.983199596405029
0,0,0.0150393294170499
1,1,0.975439250469208
0,0,0.0311674568802118
1,1,0.885594129562378
0,0,0.0331822037696838
0,0,0.0618085637688637
0,0,0.0238163135945797
0,0,0.0748107433319092
0,0,0.0165677610784769
0,1,0.966928780078888
0,0,0.0174263026565313
0,0,0.0298425946384668
1,1,0.972940564155579
1,1,0.949695408344269
1,1,0.984299182891846
0,0,0.0177708752453327
1,1,0.980236053466797
0,0,0.246995866298676
0,0,0.0196873024106026
1,1,0.922004580497742
0,0,0.0236159022897482
0,0,0.0334248244762421
0,0,0.0164924748241901
1,1,0.93797093629837
1,1,0.994458079338074
0,0,0.110643446445465
0,0,0.040880523622036
0,0,0.0134837115183473
0,0,0.232217848300934
0,0,0.0296100545674562
0,0,0.173121973872185
1,1,0.846090495586395
0,0,0.0186376422643661
1,1,0.848784267902374
1,1,0.842168271541595
1,1,0.973920822143555
1,1,0.959914982318878
1,1,0.980762958526611
0,0,0.0393557623028755
1,1,0.938058316707611
0,0,0.0258847530931234
1,1,0.976366519927979
0,0,0.0330066010355949
0,0,0.0246077124029398
1,1,0.975391089916229
1,1,0.958957135677338
1,1,0.970599830150604
1,1,0.968876659870148
1,1,0.983838200569153
0,0,0.0161651000380516
0,0,0.0157147832214832
1,1,0.984949052333832
1,1,0.935576200485229
1,0,0.366494506597519
0,0,0.105623356997967
1,1,0.978944540023804
0,1,0.970408260822296
1,1,0.954146206378937
0,0,0.0782323107123375
1,1,0.989380121231079
1,1,0.974849939346313
0,0,0.0460478216409683
1,1,0.990479290485382
1,1,0.715139031410217
1,1,0.971635341644287
1,1,0.849211692810059
1,1,0.969103693962097
1,1,0.93361508846283
1,1,0.961411893367767
0,0,0.0964916720986366
1,1,0.94433468580246
1,1,0.970969915390015
1,1,0.974524199962616
1,1,0.98507833480835
0,0,0.0160932000726461
1,1,0.985316336154938
0,0,0.0370492450892925
1,1,0.974946796894073
1,1,0.97527551651001
0,0,0.0333863794803619
1,1,0.975971162319183
1,0,0.0314153209328651
1,1,0.962171792984009
0,0,0.0321360900998116
1,1,0.979506015777588
0,0,0.0309053640812635
0,0,0.0439905561506748
1,1,0.9889315366745
1,1,0.667420148849487
1,1,0.970684766769409
1,1,0.971812725067139
1,0,0.132311373949051
0,0,0.0125391213223338
0,0,0.0233642570674419
0,0,0.0333860479295254
1,1,0.956204295158386
1,1,0.964774906635284
0,0,0.0167655609548092
1,0,0.180608913302422
0,0,0.0153545448556542
0,0,0.0535042248666286
1,1,0.892814636230469
1,1,0.828617930412292
1,1,0.808180928230286
0,0,0.0277456697076559
1,1,0.95831823348999
1,1,0.970744252204895
0,0,0.0129244448617101
1,1,0.963161945343018
1,1,0.951412439346313
0,0,0.0315745584666729
0,0,0.0422080047428608
1,1,0.921801745891571
0,0,0.0108041493222117
0,0,0.0366146266460419
1,1,0.799585342407227
1,1,0.969314634799957
1,1,0.964677274227142
1,1,0.688078701496124
0,0,0.0129729202017188
0,0,0.0426196902990341
1,1,0.985824704170227
1,1,0.950066149234772
1,1,0.898424446582794
1,1,0.91059422492981
1,1,0.894166588783264
0,0,0.0541398413479328
0,0,0.0109073575586081
0,0,0.0127900075167418
1,1,0.957800567150116
1,0,0.308765411376953
1,1,0.973294019699097
0,0,0.0174906272441149
0,0,0.0304420106112957
1,1,0.959276139736176
0,0,0.0127588156610727
1,1,0.922480642795563
1,1,0.987419426441193
1,1,0.970146656036377
0,0,0.0489454381167889
0,0,0.0359736494719982
0,0,0.0172655060887337
0,0,0.019021587446332
0,0,0.0595874302089214
1,1,0.971562206745148
0,0,0.0502182058990002
0,0,0.0310691352933645
1,1,0.975378155708313
1,1,0.986855804920197
0,0,0.0138391703367233
0,0,0.0140737202018499
0,0,0.0111484499648213
1,1,0.937690258026123
1,1,0.931224048137665
0,0,0.0725088715553284
0,0,0.00947517715394497
1,1,0.972646832466125
1,1,0.936363577842712
0,0,0.0292943697422743
1,1,0.911019265651703
1,1,0.987156271934509
1,1,0.975721657276154
1,0,0.144464537501335
0,0,0.017014043405652
1,1,0.911164343357086
1,1,0.94345885515213
0,0,0.0356198474764824
0,0,0.0101974196732044
0,0,0.0542609468102455
1,1,0.969060122966766
0,0,0.0271535944193602
1,1,0.989950716495514
1,1,0.93765777349472
1,1,0.750676214694977
0,1,0.627894043922424
0,0,0.0328775942325592
1,1,0.761793255805969
1,1,0.983913540840149
1,1,0.983762085437775
1,1,0.981134533882141
0,0,0.010007606819272
1,1,0.825093269348145
1,0,0.288292706012726
0,0,0.0347780734300613
1,1,0.970901906490326
0,0,0.210803240537643
1,1,0.964678764343262
0,0,0.0591557286679745
0,0,0.0265136137604713
1,1,0.911622524261475
0,0,0.0613301023840904
0,0,0.0157979819923639
1,1,0.855220854282379
0,0,0.0290443226695061
0,0,0.223376929759979
1,1,0.983233869075775
0,0,0.0232252329587936
1,1,0.975936651229858
0,0,0.0384254194796085
1,1,0.962907910346985
1,1,0.983914732933044
1,1,0.971253752708435
1,1,0.936282157897949
1,1,0.927027404308319
0,0,0.17663936316967
0,0,0.0171962007880211
0,0,0.0199516750872135
0,0,0.0651206970214844
1,1,0.972764909267426
1,1,0.977977156639099
0,0,0.00906258448958397
0,0,0.057829987257719
0,0,0.0230859182775021
1,1,0.945132851600647
1,1,0.947536289691925
1,1,0.985087037086487
1,1,0.910287499427795
0,0,0.0153497029095888
0,0,0.038084514439106
1,1,0.951726973056793
0,1,0.796314060688019
0,0,0.0201430190354586
1,1,0.989085912704468
0,0,0.0162433888763189
1,1,0.975626707077026
0,0,0.0176349282264709
1,1,0.963615477085114
1,1,0.984103918075562
0,0,0.0395353212952614
1,1,0.944904625415802
1,1,0.980728566646576
1,1,0.975588083267212
0,0,0.0159077346324921
1,1,0.971496284008026
1,1,0.968783497810364
0,0,0.0497522763907909
0,0,0.0176709480583668
1,1,0.92226654291153
0,0,0.0279350355267525
1,1,0.823184907436371
0,0,0.138309046626091
0,0,0.0130218081176281
0,0,0.0189563240855932
0,0,0.0936364755034447
0,0,0.350601971149445
1,1,0.970021843910217
1,1,0.957132935523987
1,1,0.917896568775177
1,1,0.944750308990479
1,1,0.977129399776459
1,1,0.974431276321411
1,1,0.879616022109985
1,1,0.988150358200073
0,0,0.0439481101930141
0,0,0.29960224032402
1,1,0.973678350448608
1,1,0.921727120876312
0,0,0.0576458424329758
1,0,0.0177537780255079
1,1,0.974021673202515
0,0,0.0225346460938454
0,1,0.967258036136627
0,0,0.0373852215707302
0,0,0.0175698939710855
1,1,0.979110300540924
1,1,0.961404740810394
1,1,0.970719575881958
0,0,0.0496013313531876
0,0,0.0321929268538952
1,1,0.861802220344543
1,1,0.944358825683594
1,1,0.810012698173523
1,1,0.982598543167114
1,1,0.82169371843338
0,0,0.016158564016223
1,0,0.421108424663544
1,1,0.970516085624695
1,1,0.986526191234589
0,0,0.0408610254526138
1,1,0.970481336116791
1,1,0.984173059463501
0,0,0.0250285807996988
0,0,0.20343816280365
1,1,0.961415708065033
1,1,0.978744626045227
0,0,0.0153319537639618
1,1,0.96856302022934
1,1,0.972898006439209
1,1,0.972190141677856
1,1,0.932791173458099
1,1,0.985666692256927
1,0,0.473305851221085
1,1,0.981303691864014
0,0,0.261031955480576
1,1,0.931355595588684
1,1,0.950648188591003
1,1,0.968114018440247
0,0,0.0198924243450165
1,1,0.949998795986176
1,1,0.986823439598083
1,1,0.989271521568298
0,0,0.0543202422559261
1,1,0.962637484073639
0,1,0.700539529323578
1,1,0.98325103521347
0,0,0.390319555997849
0,0,0.0355729497969151
0,0,0.02338439039886
1,1,0.98005872964859
0,0,0.00996943656355143
0,1,0.635553419589996
1,1,0.703603804111481
0,0,0.014140423387289
0,0,0.0868483707308769
0,0,0.0173189286142588
0,0,0.0542501471936703
0,0,0.017827820032835
1,1,0.955629348754883
1,1,0.965823173522949
1,1,0.986552298069
0,0,0.261425316333771
0,0,0.0238378364592791
1,1,0.970647096633911
0,0,0.0268673412501812
1,1,0.98338919878006
0,0,0.0583019703626633
1,1,0.97527277469635
0,0,0.038693793118
0,0,0.0158622711896896
1,1,0.962738156318665
1,1,0.963537454605103
0,0,0.0477731674909592
0,0,0.0152217503637075
1,1,0.806703269481659
0,0,0.0129077574238181
1,1,0.961650907993317
1,1,0.839721620082855
0,0,0.0155618777498603
0,0,0.176161929965019
1,1,0.894816160202026
0,0,0.0123749179765582
0,0,0.0326109565794468
1,1,0.949577867984772
1,1,0.947249233722687
1,1,0.931864500045776
1,1,0.942908406257629
0,0,0.0256348624825478
0,0,0.0193020645529032
0,0,0.0252597536891699
0,0,0.0177481826394796
0,0,0.0133985271677375
1,1,0.97010213136673
1,1,0.97034752368927
1,1,0.847009301185608
0,0,0.022647799924016
1,1,0.974134385585785
0,0,0.013182726688683
0,0,0.017524590715766
1,1,0.973763108253479
1,1,0.952350616455078
0,0,0.018342113122344
1,1,0.978649437427521
1,1,0.974956870079041
0,0,0.0202833190560341
0,0,0.0405875854194164
1,1,0.985093235969543
1,1,0.95884907245636
0,0,0.0219069737941027
0,0,0.0169882252812386
0,0,0.0434404276311398
0,0,0.0949052572250366
0,0,0.0184756591916084
0,0,0.228958576917648
1,1,0.890543937683105
0,0,0.490717172622681
1,1,0.96821117401123
0,0,0.0192525815218687
1,1,0.99046128988266
0,0,0.155005589127541
0,0,0.115606740117073
1,1,0.970419704914093
0,0,0.0228086300194263
1,1,0.987192392349243
0,0,0.0145069733262062
0,0,0.124216727912426
1,1,0.920890092849731
0,0,0.0300526190549135
0,0,0.0725813657045364
1,1,0.975866615772247
1,1,0.946411550045013
1,1,0.963971018791199
1,1,0.979193985462189
1,1,0.930156826972961
1,1,0.9809929728508
1,1,0.978768050670624
0,0,0.0419919416308403
1,1,0.9650017619133
1,1,0.847735941410065
0,0,0.0156666710972786
0,1,0.935195684432983
0,0,0.0372804664075375
1,1,0.958999037742615
0,0,0.0368859693408012
1,1,0.921883225440979
1,1,0.971323728561401
1,1,0.96585601568222
1,1,0.962068915367126
0,0,0.0137644540518522
0,0,0.0178674384951591
0,0,0.0306459777057171
0,1,0.966372132301331
0,0,0.0246573481708765
1,1,0.980425179004669
1,1,0.973605334758759
1,1,0.796692192554474
0,0,0.022761806845665
0,0,0.0298851858824492
0,0,0.0287722665816545
0,0,0.0140725430101156
1,1,0.93809586763382
1,1,0.911305487155914
0,0,0.0223390758037567
0,0,0.0129276569932699
1,1,0.988183319568634
0,0,0.00882161781191826
1,1,0.979493200778961
0,0,0.0258898735046387
1,1,0.803939521312714
0,0,0.0331565104424953
1,1,0.955650806427002
0,0,0.014579770155251
1,1,0.969364285469055
1,1,0.98150223493576
0,0,0.212689146399498
1,1,0.976123154163361
1,1,0.920436918735504
1,1,0.976936638355255
0,0,0.105352871119976
1,1,0.544289350509644
0,0,0.0253725498914719
0,0,0.0102954553440213
1,1,0.970775306224823
0,0,0.0940719321370125
1,1,0.985010087490082
1,1,0.962019145488739
1,1,0.965350687503815
0,0,0.0120617039501667
1,1,0.983444094657898
0,0,0.0376110337674618
1,1,0.961179673671722
0,0,0.024746673181653
0,0,0.017737852409482
0,0,0.0222209468483925
0,0,0.0243872422724962
1,1,0.9666668176651
1,1,0.983717978000641
0,1,0.946998059749603
0,0,0.110224604606628
0,0,0.0127539746463299
0,0,0.0195207800716162
1,1,0.985318183898926
0,0,0.0265604294836521
0,0,0.0276504941284657
0,0,0.020170871168375
0,0,0.0668746083974838
1,1,0.971020936965942
1,1,0.962140321731567
1,1,0.950639486312866
0,0,0.0781869664788246
0,0,0.0372990034520626
0,0,0.0114420680329204
1,1,0.968280911445618
1,1,0.95559948682785
1,1,0.977611064910889
1,1,0.972190976142883
0,0,0.139026135206223
1,1,0.950004816055298
0,0,0.018222950398922
1,1,0.953756153583527
0,0,0.0141386957839131
0,0,0.0394965521991253
0,0,0.0371319949626923
0,0,0.0322094447910786
0,0,0.0139758437871933
1,1,0.691479086875916
1,1,0.926350235939026
1,1,0.985562026500702
1,1,0.502920567989349
0,0,0.494715631008148
0,0,0.0296245198696852
1,1,0.986980378627777
1,1,0.943787217140198
0,0,0.0308139268308878
1,1,0.844053983688354
0,0,0.253825396299362
1,1,0.965129017829895
1,1,0.673207521438599
1,1,0.97411185503006
1,1,0.968384206295013
0,0,0.0240277033299208
1,1,0.958982884883881
1,1,0.988847613334656
1,1,0.942774832248688
1,1,0.978572249412537
0,0,0.00858025159686804
1,1,0.983621656894684
1,1,0.97473418712616
1,1,0.987194955348969
1,1,0.891500115394592
1,1,0.953554332256317
0,0,0.0267059803009033
0,0,0.0577221214771271
0,1,0.519082844257355
1,1,0.654824554920197
0,0,0.0194392893463373
0,0,0.0212582629173994
1,1,0.533350884914398
1,1,0.958378672599792
1,1,0.848742127418518
1,1,0.957146048545837
1,1,0.97708398103714
1,1,0.970011949539185
0,0,0.0196604356169701
1,1,0.961281538009644
1,1,0.98198789358139
0,0,0.0230654645711184
1,1,0.954205989837646
0,0,0.0140955839306116
1,1,0.966979026794434
1,1,0.989123821258545
0,0,0.0174036845564842
1,1,0.967779278755188
1,1,0.889908730983734
1,1,0.964770019054413
1,1,0.922212302684784
0,0,0.0177625194191933
1,1,0.9735968708992
1,1,0.963917553424835
0,0,0.0168870482593775
1,0,0.308485239744186
0,0,0.0154037969186902
0,0,0.0257069300860167
1,0,0.224592238664627
1,1,0.96903270483017
0,0,0.0161376856267452
0,0,0.0122377583757043
0,0,0.0227913334965706
0,0,0.0240593980997801
1,1,0.976149141788483
1,1,0.961987376213074
0,0,0.0232155919075012
1,1,0.968960046768188
0,0,0.0223728995770216
1,0,0.0367888994514942
0,0,0.1149807497859
1,1,0.971868395805359
1,1,0.971476256847382
0,0,0.0379650965332985
0,0,0.030607471242547
0,0,0.00987816229462624
1,1,0.984164893627167
0,0,0.0126677351072431
0,1,0.842571377754211
0,0,0.0182788874953985
0,0,0.0287789814174175
0,0,0.017589783295989
0,0,0.382699221372604
0,0,0.245132878422737
0,1,0.782356679439545
1,1,0.987201690673828
1,1,0.895796477794647
1,1,0.972075700759888
1,1,0.863308727741241
1,1,0.837228119373322
0,1,0.892696857452393
1,1,0.937620162963867
1,1,0.940839111804962
1,1,0.973602414131165
1,1,0.969904959201813
1,1,0.909230530261993
1,1,0.983958899974823
0,0,0.0148505223914981
1,1,0.975036919116974
1,1,0.986150205135345
0,0,0.0117792636156082
0,0,0.0217432156205177
0,0,0.0972805917263031
0,0,0.0484100095927715
1,1,0.974389731884003
0,0,0.015789020806551
0,0,0.0187260657548904
1,1,0.87782233953476
0,0,0.015800392255187
0,0,0.0553472153842449
1,1,0.981140494346619
0,0,0.0263940263539553
0,0,0.0119561124593019
1,1,0.835738658905029
1,1,0.932744741439819
1,1,0.804246604442596
1,1,0.926641583442688
0,0,0.0306762773543596
0,0,0.0836282223463058
1,1,0.959829688072205
0,0,0.104884542524815
0,0,0.0351939611136913
1,1,0.984834551811218
0,0,0.0227873288094997
1,1,0.949098467826843
0,1,0.930464386940002
0,0,0.0304996706545353
1,1,0.975486576557159
0,0,0.0172884501516819
0,0,0.0340591296553612
1,1,0.987823367118835
1,1,0.964403033256531
1,1,0.961987614631653
1,0,0.397030800580978
0,0,0.0185163449496031
1,1,0.969370424747467
0,0,0.0199144221842289
0,0,0.0373767390847206
0,0,0.40147590637207
1,1,0.889082014560699
1,1,0.989244341850281
1,1,0.938252627849579
1,1,0.934567391872406
0,0,0.0213067028671503
0,0,0.0305912345647812
0,0,0.0337894111871719
0,0,0.0240579750388861
0,0,0.0155945867300034
1,1,0.927569329738617
1,1,0.979385018348694
1,1,0.646377980709076
1,1,0.923673331737518
0,0,0.0345899499952793
1,1,0.963451683521271
1,1,0.979934871196747
1,1,0.972740411758423
0,0,0.0193397458642721
0,1,0.956500709056854
0,0,0.0532214380800724
0,0,0.0081099197268486
1,1,0.986523687839508
0,0,0.0162182413041592
1,1,0.972752630710602
1,1,0.952179193496704
1,1,0.982060194015503
1,1,0.776974678039551
0,0,0.0144665092229843
1,1,0.975275039672852
0,0,0.0186905805021524
0,0,0.182044923305511
1,1,0.916492283344269
0,0,0.150603711605072
0,0,0.159612402319908
0,0,0.0166617967188358
0,0,0.401148498058319
0,0,0.0118248099461198
0,0,0.0127798663452268
1,1,0.970487415790558
1,1,0.978853285312653
1,1,0.973359405994415
1,1,0.685144603252411
0,0,0.0296864397823811
1,1,0.983369171619415
0,0,0.0275232046842575
0,0,0.0163817591965199
0,0,0.1022879332304
1,1,0.927048921585083
1,1,0.970952808856964
1,1,0.934381902217865
0,0,0.0454532615840435
1,1,0.988122761249542
1,1,0.98197329044342
1,1,0.968778431415558
0,0,0.014320052228868
1,1,0.95325243473053
1,1,0.981151163578033
1,1,0.90127569437027
0,0,0.0852895453572273
0,0,0.26259970664978
1,1,0.984283089637756
1,1,0.934729039669037
0,0,0.0344028882682323
1,1,0.820477902889252
0,1,0.885871171951294
1,1,0.886950433254242
1,1,0.953260362148285
0,0,0.216428145766258
1,1,0.949489653110504
1,1,0.65123850107193
0,0,0.0992646962404251
0,0,0.0207550246268511
0,0,0.0344459898769855
1,1,0.541014909744263
1,1,0.978849291801453
0,0,0.0270059239119291
1,1,0.971881210803986
0,0,0.427596509456635
1,1,0.922219276428223
1,1,0.873114943504333
1,1,0.974263906478882
1,1,0.977064430713654
0,0,0.0243276041001081
0,0,0.0500223636627197
1,1,0.988195061683655
0,0,0.0460770465433598
1,1,0.948427617549896
1,1,0.948056519031525
1,1,0.965344369411469
0,0,0.0286113061010838
1,1,0.965968430042267
0,0,0.0170963890850544
1,1,0.980852782726288
1,1,0.975986182689667
0,0,0.166864722967148
0,0,0.027118694037199
0,0,0.233116820454597
1,1,0.953692734241486
0,0,0.0200242977589369
0,0,0.0193489082157612
0,0,0.023775851354003
0,0,0.0648369863629341
0,0,0.044705156236887
0,0,0.132791191339493
1,1,0.975649833679199
1,1,0.971549034118652
1,1,0.957056105136871
0,0,0.0236894935369492
0,0,0.0125562492758036
0,0,0.0238509606570005
1,1,0.955677151679993
0,0,0.0189803708344698
1,1,0.972595512866974
0,0,0.0322890765964985
1,1,0.968155801296234
0,0,0.0421146228909492
1,1,0.975874245166779
1,1,0.977060317993164
1,1,0.920199513435364
0,0,0.0120900506153703
1,1,0.899898290634155
1,1,0.976722657680511
0,0,0.0857455506920815
1,1,0.97765052318573
0,0,0.0357262380421162
0,0,0.0188095048069954
1,1,0.829538524150848
1,1,0.976493120193481
0,0,0.0551903061568737
0,0,0.0838986709713936
1,1,0.608299791812897
1,1,0.685661256313324
1,1,0.725184500217438
0,0,0.0203457735478878
1,1,0.79608017206192
0,0,0.142885386943817
1,1,0.976471960544586
0,1,0.968951463699341
1,1,0.96751594543457
0,0,0.0352791510522366
0,0,0.159304812550545
0,1,0.755005359649658
0,0,0.014078002423048
1,1,0.982528686523438
0,0,0.0116629051044583
1,1,0.985122323036194
1,1,0.971261620521545
1,1,0.883952379226685
0,0,0.0121254809200764
1,1,0.967687010765076
1,1,0.991753041744232
0,0,0.0300369150936604
1,1,0.848029851913452
0,0,0.0376323722302914
0,0,0.0232564676553011
1,1,0.974573373794556
1,1,0.982634007930756
1,1,0.804243445396423
0,0,0.0252260211855173
1,1,0.987812697887421
0,0,0.0250638443976641
1,1,0.963978469371796
0,0,0.0134322857484221
0,0,0.13286317884922
0,0,0.0675000697374344
1,1,0.966315746307373
0,0,0.0246938429772854
1,1,0.960131347179413
1,1,0.97648149728775
1,1,0.947965025901794
0,0,0.0274187959730625
1,1,0.977604150772095
0,0,0.0195296909660101
0,0,0.0337872877717018
0,0,0.367277890443802
1,1,0.949537217617035
1,1,0.98141348361969
1,1,0.906778812408447
0,0,0.0167721174657345
0,0,0.148431926965714
0,0,0.120838157832623
1,1,0.689939975738525
0,0,0.024171806871891
0,0,0.0403627417981625
1,0,0.239242568612099
0,0,0.0145071996375918
1,1,0.797947883605957
1,1,0.969483256340027
1,1,0.928528606891632
0,1,0.531783103942871
1,1,0.592628359794617
0,0,0.0165868606418371
0,0,0.0181231759488583
1,1,0.958947360515594
0,0,0.0636939331889153
0,1,0.941130340099335
0,0,0.0444603823125362
0,0,0.0222947578877211
0,1,0.725298464298248
1,1,0.883756518363953
0,0,0.0187491457909346
0,0,0.0142614208161831
0,0,0.0160300265997648
0,0,0.223490074276924
0,0,0.0306526198983192
0,0,0.0104305716231465
1,1,0.873796761035919
0,0,0.138641685247421
1,1,0.916354894638062
1,1,0.956353068351746
0,0,0.044339157640934
0,0,0.0487360917031765
1,1,0.989293217658997
1,1,0.981630265712738
0,0,0.0996071919798851
1,1,0.971037805080414
0,0,0.0147233977913857
0,0,0.209633216261864
1,1,0.979788720607758
0,0,0.0143641177564859
1,1,0.947742462158203
1,1,0.952321827411652
1,1,0.949591517448425
1,1,0.90435254573822
0,0,0.0139729650691152
1,0,0.0554694756865501
0,0,0.0178071837872267
0,0,0.281373769044876
0,0,0.0337059311568737
0,0,0.0509885177016258
0,0,0.0689133405685425
0,0,0.0166438072919846
0,0,0.0152242034673691
0,0,0.0553654544055462
0,0,0.0735800489783287
0,0,0.0168524645268917
1,1,0.967244267463684
1,1,0.954974293708801
0,0,0.0367329120635986
0,0,0.0206523854285479
1,1,0.980063796043396
1,1,0.74396139383316
1,1,0.980846345424652
1,1,0.976686298847198
0,0,0.223069429397583
0,0,0.0218748729676008
0,0,0.0249903742223978
0,0,0.0560036785900593
1,1,0.616310358047485
0,0,0.0104119097813964
0,0,0.0140464929863811
1,0,0.236489310860634
1,1,0.990094125270844
1,1,0.91256982088089
0,0,0.0152984075248241
0,0,0.0538693517446518
0,0,0.0306064859032631
0,0,0.113896124064922
1,1,0.971659421920776
1,1,0.964609622955322
0,1,0.947924554347992
0,0,0.0430147610604763
1,1,0.978220641613007
0,0,0.260196536779404
1,1,0.979088842868805
1,1,0.987557053565979
1,1,0.841086328029633
0,0,0.112344473600388
0,0,0.0722883343696594
0,0,0.0120746772736311
1,1,0.989943027496338
1,1,0.994755148887634
0,0,0.460211485624313
1,1,0.965434610843658
0,0,0.00858145207166672
0,0,0.0231840815395117
0,0,0.0212393365800381
1,1,0.970792472362518
0,0,0.133151143789291
0,0,0.0211419723927975
1,1,0.977098107337952
0,0,0.0305409748107195
1,1,0.954896807670593
1,1,0.93499219417572
1,1,0.918800055980682
0,0,0.0248620677739382
1,1,0.977966904640198
1,1,0.846011281013489
1,1,0.985328257083893
0,0,0.0261863227933645
0,0,0.129195883870125
0,0,0.0344585552811623
0,0,0.0683520510792732
1,1,0.972120404243469
0,0,0.013933097012341
0,1,0.539867639541626
0,0,0.0677831843495369
0,0,0.0764565095305443
1,1,0.977587640285492
0,0,0.0668494254350662
1,1,0.951779246330261
0,0,0.0977192670106888
0,0,0.0214403867721558
0,0,0.0198595225811005
0,0,0.0116010019555688
0,1,0.937115252017975
0,0,0.0480232089757919
1,1,0.979262828826904
0,0,0.0595805533230305
1,1,0.862324118614197
0,0,0.00991620216518641
0,0,0.0242602787911892
1,1,0.969505786895752
0,0,0.387173861265182
0,0,0.0376548729836941
1,1,0.987766146659851
1,0,0.140618279576302
0,0,0.03919667750597
1,1,0.868984043598175
1,1,0.916788756847382
1,1,0.931270897388458
1,1,0.954221189022064
1,1,0.95436555147171
1,1,0.96799623966217
1,1,0.926408052444458
0,0,0.0235777348279953
1,1,0.992781758308411
1,1,0.975578665733337
1,1,0.943711400032043
1,1,0.779460191726685
1,1,0.978595852851868
0,0,0.0161914974451065
1,1,0.978371798992157
1,1,0.945469796657562
1,1,0.849441468715668
0,0,0.0139727024361491
1,1,0.756706714630127
0,0,0.0230455622076988
1,1,0.974548578262329
0,0,0.0209836177527905
1,1,0.88397741317749
1,1,0.794241786003113
1,1,0.892381012439728
1,1,0.934552550315857
1,1,0.959340333938599
1,1,0.980191230773926
0,0,0.0354726500809193
1,1,0.980634093284607
1,1,0.795340120792389
1,1,0.936310052871704
1,1,0.901340484619141
0,0,0.0117190144956112
0,0,0.162278026342392
0,0,0.0248665977269411
0,0,0.0710000172257423
1,1,0.970503389835358
1,1,0.97030633687973
0,0,0.0223061069846153
1,1,0.973897635936737
0,0,0.0166308414191008
1,1,0.985098004341125
0,0,0.0182291753590107
0,0,0.0086699677631259
0,0,0.0624594651162624
1,1,0.973376929759979
0,0,0.0440225005149841
0,0,0.0243235565721989
1,1,0.915938079357147
0,0,0.018628653138876
1,0,0.417892903089523
0,0,0.0140201216563582
0,0,0.0262536499649286
1,1,0.927078306674957
0,0,0.079560324549675
1,1,0.983954906463623
0,0,0.00830136332660913
1,1,0.94353985786438
1,1,0.944987237453461
1,1,0.988638579845428
0,0,0.0557226724922657
0,0,0.0125736016780138
0,0,0.0191987063735723
1,1,0.965119361877441
1,1,0.888911128044128
1,1,0.973480582237244
1,1,0.953900873661041
0,0,0.0152755826711655
0,0,0.0797440409660339
0,0,0.011275271885097
1,1,0.954702258110046
1,1,0.98252409696579
1,1,0.981053292751312
1,1,0.807092666625977
0,0,0.125380054116249
0,0,0.0347707569599152
1,1,0.960619509220123
1,1,0.966687977313995
0,0,0.116759113967419
1,1,0.967630803585052
1,1,0.980162382125854
0,0,0.0277071073651314
0,0,0.0489036589860916
1,1,0.898200213909149
1,1,0.97378796339035
1,1,0.727391242980957
1,1,0.790509164333344
1,1,0.969793856143951
1,1,0.976730823516846
1,1,0.989010274410248
1,1,0.520857155323029
1,1,0.972855806350708
1,1,0.96573680639267
1,1,0.98434317111969
0,0,0.0169871654361486
0,0,0.0247368067502975
0,0,0.0420953892171383
0,0,0.0171950310468674
1,1,0.742231845855713
1,1,0.948157370090485
1,1,0.967513918876648
1,1,0.84937584400177
1,1,0.93726259469986
0,0,0.0583322197198868
1,1,0.98426753282547
0,0,0.0214454159140587
0,0,0.0274695064872503
1,1,0.972893178462982
1,1,0.974853694438934
1,1,0.968113541603088
0,0,0.0180573351681232
1,0,0.330810099840164
1,1,0.990772128105164
1,1,0.957689225673676
1,1,0.962263405323029
1,1,0.92530745267868
1,1,0.900562763214111
1,1,0.918378710746765
1,1,0.91491961479187
0,0,0.0119909914210439
0,0,0.0280686728656292
0,1,0.726613521575928
0,0,0.0331805124878883
0,0,0.0302053093910217
1,0,0.491250425577164
0,0,0.00873902905732393
1,1,0.963303089141846
0,0,0.0497184246778488
0,0,0.0393720529973507
0,0,0.0138550531119108
1,1,0.706838846206665
0,0,0.0359563715755939
0,0,0.0481712371110916
1,1,0.909058392047882
1,1,0.968011081218719
0,0,0.0252714566886425
1,1,0.982931971549988
0,0,0.0850153639912605
0,1,0.524311125278473
1,1,0.755176723003387
1,1,0.943602561950684
0,0,0.434162318706512
1,1,0.981696546077728
0,0,0.394882947206497
1,1,0.866077125072479
1,1,0.970892369747162
0,0,0.168134033679962
1,1,0.959138929843903
1,1,0.969748556613922
0,0,0.449737966060638
0,0,0.15096552670002
0,0,0.0903460085391998
0,0,0.0869079157710075
1,1,0.948902904987335
1,1,0.970347225666046
0,0,0.0341632589697838
1,1,0.868179202079773
1,1,0.985667705535889
0,0,0.0473621487617493
1,1,0.978038728237152
1,1,0.961938500404358
1,1,0.661632299423218
1,1,0.976870894432068
1,1,0.978396713733673
1,1,0.792338728904724
0,0,0.034177403897047
1,1,0.936472713947296
1,1,0.960221767425537
0,0,0.0106109557673335
0,0,0.114874303340912
0,0,0.0236634407192469
1,1,0.953433573246002
0,0,0.034456055611372
1,1,0.983528733253479
1,1,0.931712031364441
1,1,0.978225886821747
0,0,0.0909300148487091
0,0,0.0884013399481773
0,1,0.617420196533203
0,1,0.523626983165741
1,1,0.973025441169739
0,0,0.0251253396272659
0,0,0.0177889857441187
1,1,0.958540976047516
0,0,0.0295512601733208
1,0,0.291386514902115
1,1,0.939944088459015
1,1,0.965351343154907
1,1,0.978789329528809
0,0,0.0163311250507832
1,1,0.964987695217133
1,1,0.657884061336517
1,1,0.971970081329346
1,1,0.82588928937912
1,1,0.681371986865997
1,1,0.966706931591034
1,1,0.815229177474976
0,0,0.0370992235839367
0,0,0.260795056819916
1,1,0.959326386451721
0,0,0.0151640260592103
1,1,0.838617265224457
0,0,0.0282763298600912
1,1,0.953625619411469
1,1,0.977575063705444
0,0,0.0582349523901939
1,1,0.898281097412109
1,1,0.670708417892456
0,0,0.0221366304904222
0,0,0.0129379555583
1,1,0.988435864448547
0,0,0.00932377949357033
1,1,0.979612529277802
0,0,0.032546691596508
0,0,0.0520087704062462
1,0,0.0178144983947277
1,1,0.97199821472168
0,0,0.0544533953070641
1,1,0.988979458808899
1,1,0.775856256484985
0,0,0.0397818423807621
1,1,0.862783074378967
0,0,0.0119744837284088
0,0,0.0322632864117622
0,0,0.0255416035652161
1,1,0.957412302494049
0,0,0.424865543842316
1,1,0.959076523780823
0,0,0.00981879327446222
1,1,0.879971206188202
0,0,0.054060060530901
0,0,0.0306460130959749
0,0,0.0274028852581978
1,1,0.983227610588074
0,0,0.121662527322769
1,1,0.98466944694519
1,1,0.933332145214081
1,1,0.981508195400238
0,0,0.012582840397954
0,1,0.5529545545578
1,1,0.981354534626007
1,1,0.946817815303802
1,1,0.987793266773224
0,0,0.0420725047588348
1,1,0.967872142791748
0,0,0.0296062380075455
1,1,0.92668217420578
1,1,0.983723878860474
1,1,0.980464279651642
1,0,0.0363602451980114
0,0,0.0147627042606473
1,1,0.981262981891632
0,1,0.846449494361877
0,0,0.0142080066725612
1,1,0.781381130218506
1,1,0.975275635719299
0,0,0.0547481440007687
0,0,0.0212959554046392
1,1,0.964527189731598
0,0,0.0284425858408213
1,1,0.875367105007172
1,1,0.95785391330719
0,0,0.0214061997830868
0,0,0.0158491618931293
0,0,0.0266919024288654
0,0,0.0238403715193272
0,0,0.0632777810096741
1,1,0.975980818271637
0,0,0.0379919447004795
1,1,0.604211270809174
1,1,0.971138596534729
0,0,0.124854914844036
0,0,0.0872274488210678
1,1,0.942894279956818
0,0,0.0295659210532904
1,1,0.966221988201141
1,0,0.0742736682295799
0,0,0.0233060624450445
1,1,0.975330054759979
1,1,0.880097389221191
1,1,0.957801342010498
1,1,0.912049114704132
1,1,0.932835578918457
1,1,0.669266939163208
1,1,0.95654022693634
1,1,0.964768946170807
1,1,0.977378249168396
0,0,0.0251237824559212
1,1,0.958361804485321
1,1,0.619014084339142
1,1,0.954600691795349
1,1,0.984728336334229
0,0,0.00716001866385341
0,0,0.0258781388401985
0,0,0.0134200509637594
1,1,0.993563055992126
0,0,0.0164139829576015
0,0,0.0782257094979286
1,1,0.971893131732941
0,0,0.0130106471478939
0,0,0.0593299865722656
1,1,0.563142001628876
1,1,0.8144411444664
0,0,0.0257456116378307
1,1,0.956547498703003
0,0,0.0224995967000723
0,0,0.0563106946647167
0,0,0.0194149482995272
1,1,0.979612290859222
1,1,0.990334808826447
1,1,0.971638083457947
0,0,0.045845203101635
1,1,0.971627712249756
0,0,0.0285725276917219
0,0,0.0174083337187767
0,0,0.0123473424464464
0,0,0.0357623808085918
0,1,0.713971674442291
0,0,0.0219758413732052
0,1,0.968509674072266
0,0,0.0191041845828295
0,0,0.0241733081638813
0,1,0.790430188179016
1,0,0.412160456180573
1,1,0.981132447719574
1,1,0.979405343532562
1,1,0.980746805667877
1,1,0.987779319286346
1,1,0.982025921344757
0,0,0.0284335389733315
1,1,0.880980014801025
0,0,0.0330339223146439
0,0,0.0287514738738537
0,0,0.0121577829122543
0,0,0.0236853417009115
0,0,0.0149814840406179
0,0,0.0315884873270988
1,1,0.989146590232849
0,0,0.020104194059968
0,0,0.168808117508888
1,1,0.959048688411713
1,1,0.983177602291107
0,0,0.0207740105688572
0,0,0.0643856599926949
1,1,0.957978963851929
0,0,0.0229272078722715
0,0,0.0417561121284962
1,1,0.947891891002655
0,0,0.00880285445600748
0,0,0.0934444442391396
0,0,0.0182157177478075
0,0,0.0124387126415968
1,1,0.922559261322021
1,0,0.0801581218838692
0,0,0.11822933703661
0,0,0.0106195546686649
1,1,0.969679355621338
0,0,0.013586743734777
1,0,0.482634127140045
0,0,0.159076571464539
1,1,0.958997786045074
1,1,0.929064929485321
0,0,0.0345105566084385
0,0,0.17798313498497
1,1,0.9881631731987
0,0,0.0321743190288544
0,0,0.0441096574068069
1,1,0.987788021564484
0,0,0.0480587035417557
0,0,0.0476713292300701
1,1,0.846243321895599
0,0,0.0501594692468643
1,1,0.975044965744019
1,1,0.968632102012634
1,1,0.898276567459106
1,1,0.978285551071167
1,1,0.90456885099411
0,0,0.190947949886322
0,0,0.0170464515686035
1,1,0.941919207572937
1,1,0.829048812389374
1,1,0.985188245773315
0,0,0.0196651462465525
1,1,0.986544072628021
0,0,0.0277669411152601
1,1,0.942250967025757
1,1,0.777264773845673
1,1,0.979407906532288
0,0,0.0557183548808098
1,1,0.823325932025909
1,1,0.863650500774384
1,1,0.98198676109314
1,1,0.969518423080444
0,0,0.0721710622310638
1,1,0.959853291511536
0,0,0.0147582311183214
1,1,0.980821013450623
1,1,0.873166978359222
0,0,0.0158078987151384
0,0,0.0969108790159225
1,1,0.983533024787903
1,1,0.970276832580566
0,0,0.0327450148761272
0,0,0.0184675101190805
0,0,0.0663264021277428
1,1,0.968288898468018
0,0,0.103675909340382
1,1,0.963641822338104
0,0,0.0658150985836983
0,0,0.314589530229568
1,1,0.929223299026489
1,1,0.966936469078064
1,1,0.920762121677399
0,0,0.0184650644659996
0,1,0.962190628051758
0,0,0.0459541864693165
0,0,0.0292364973574877
0,0,0.0130651639774442
0,0,0.0289020929485559
0,0,0.039171364158392
1,1,0.920252919197083
1,1,0.990412890911102
0,0,0.0314906239509583
0,1,0.91939240694046
0,0,0.025966502726078
0,0,0.0260480884462595
0,0,0.0190443322062492
1,1,0.979160368442535
1,1,0.926831483840942
0,0,0.0232421737164259
0,0,0.0605376772582531
0,0,0.148160010576248
0,0,0.0158005859702826
1,1,0.978813946247101
1,1,0.969041228294373
1,1,0.931605279445648
0,0,0.0159902516752481
1,1,0.968418300151825
0,0,0.0272069722414017
1,1,0.892272889614105
0,0,0.0150411315262318
0,0,0.0166803933680058
0,0,0.0315483100712299
0,0,0.0457439869642258
1,1,0.974366068840027
0,0,0.038959302008152
1,1,0.96137410402298
1,1,0.961884617805481
1,1,0.98537802696228
0,0,0.0331364013254642
0,0,0.100608259439468
1,1,0.928593575954437
1,1,0.962892413139343
0,0,0.00933077745139599
1,1,0.94337922334671
0,0,0.12107015401125
0,0,0.046435285359621
1,1,0.986299693584442
1,1,0.959679543972015
1,0,0.0219299234449863
1,1,0.989389836788177
0,0,0.0288738552480936
0,0,0.0669921189546585
1,1,0.761020839214325
0,0,0.0252251252532005
1,0,0.420829325914383
1,1,0.981235504150391
1,1,0.972289562225342
1,1,0.877051472663879
0,0,0.0297795757651329
1,1,0.950134456157684
1,1,0.940578758716583
1,1,0.957424163818359
1,1,0.869905114173889
1,1,0.977502644062042
0,0,0.0531431660056114
0,0,0.493891090154648
1,1,0.962985575199127
1,1,0.921821892261505
1,1,0.561933934688568
1,1,0.973610639572144
1,1,0.516573309898376
1,1,0.978451132774353
1,1,0.853438556194305
1,1,0.959114789962769
1,1,0.890203356742859
0,0,0.0219215378165245
1,1,0.977753162384033
1,0,0.39798030257225
0,0,0.0579784139990807
1,1,0.965113997459412
1,1,0.985325753688812
0,0,0.0144961262121797
0,0,0.0186086166650057
0,0,0.0536532700061798
1,1,0.96800696849823
0,0,0.0264619924128056
0,0,0.0123829804360867
0,0,0.0293160993605852
0,0,0.0253054238855839
0,0,0.0478929206728935
1,1,0.867058753967285
0,0,0.16815023124218
0,0,0.0441928580403328
1,1,0.954790592193604
1,1,0.846539676189423
1,1,0.85675060749054
0,0,0.160092890262604
0,0,0.234308242797852
0,0,0.0135472230613232
0,0,0.0413671024143696
0,0,0.0620815716683865
1,1,0.620745778083801
1,1,0.912238359451294
1,1,0.969224631786346
0,0,0.0391269810497761
1,1,0.983054220676422
0,0,0.0455124750733376
1,1,0.965467154979706
1,1,0.97183233499527
0,0,0.0117319216951728
1,1,0.951808571815491
1,1,0.951335489749908
0,0,0.0596708357334137
1,1,0.581697940826416
1,1,0.976636826992035
1,1,0.864845335483551
1,1,0.956312417984009
1,1,0.958366274833679
1,1,0.987685441970825
0,0,0.0307076033204794
0,0,0.0136441998183727
0,0,0.0284772235900164
0,0,0.251169592142105
1,1,0.894404768943787
0,0,0.0382484197616577
0,0,0.0510761141777039
1,1,0.984592378139496
1,1,0.980873286724091
0,0,0.0720947906374931
1,1,0.814097344875336
1,1,0.804292142391205
0,0,0.0188087373971939
1,1,0.968597233295441
0,0,0.0759805887937546
1,1,0.947611451148987
1,1,0.958679437637329
1,0,0.0410318039357662
1,1,0.980230391025543
1,1,0.947683990001678
0,0,0.0615417845547199
1,1,0.763170719146729
0,0,0.157533645629883
1,1,0.940037488937378
1,1,0.554929494857788
1,1,0.974915206432343
0,0,0.0225690752267838
0,1,0.969727098941803
1,1,0.830437242984772
1,1,0.96372652053833
1,1,0.954847157001495
0,0,0.0165037102997303
0,0,0.0117589719593525
0,0,0.0236951243132353
0,1,0.956667065620422
1,1,0.957890152931213
0,0,0.0246301684528589
1,1,0.91141539812088
1,0,0.049337062984705
0,0,0.0628534257411957
1,1,0.979767858982086
0,0,0.0124478247016668
0,0,0.0570944063365459
0,1,0.56001752614975
0,0,0.0128483343869448
1,1,0.97521835565567
1,1,0.983955323696136
0,0,0.0152819892391562
1,1,0.931396424770355
0,0,0.0476182773709297
1,1,0.962316811084747
1,1,0.950344026088715
0,0,0.0303743425756693
1,1,0.961490213871002
1,1,0.849399030208588
1,1,0.964941084384918
0,0,0.0536701679229736
0,0,0.0236013662070036
1,1,0.966279983520508
1,1,0.952125430107117
1,1,0.961687207221985
0,0,0.0108496872708201
0,0,0.0171008445322514
0,1,0.695746004581451
1,1,0.977957248687744
0,0,0.0317765735089779
1,1,0.946774780750275
1,1,0.984621405601501
1,1,0.981379449367523
0,0,0.0217353664338589
1,1,0.981649816036224
0,0,0.0143935736268759
0,0,0.0379650965332985
0,0,0.029561648145318
1,1,0.990129053592682
0,0,0.0169715490192175
0,0,0.0458064116537571
1,1,0.708217144012451
1,1,0.959486901760101
0,0,0.0126914279535413
1,1,0.973220944404602
0,0,0.0256734266877174
0,0,0.0388397686183453
0,0,0.0264916103333235
1,1,0.99097615480423
1,1,0.96143513917923
1,1,0.963499784469604
0,0,0.0142320021986961
0,0,0.0227741412818432
0,0,0.0442513152956963
1,1,0.98265552520752
0,0,0.0399001054465771
0,0,0.123865619301796
1,0,0.110376700758934
1,1,0.932522237300873
0,0,0.0219359900802374
1,1,0.950583755970001
1,1,0.97705203294754
1,1,0.984170854091644
1,1,0.957049548625946
1,1,0.951368510723114
1,1,0.959328711032867
1,1,0.970227599143982
0,0,0.039626270532608
0,0,0.00981366634368896
1,1,0.842839479446411
1,1,0.979300081729889
0,0,0.242794379591942
0,0,0.0309781637042761
0,0,0.0325087681412697
1,1,0.966655671596527
0,0,0.0143913011997938
1,1,0.958090662956238
0,0,0.262675017118454
1,1,0.953202068805695
0,0,0.0329810567200184
1,1,0.989822387695312
0,0,0.0302783865481615
1,1,0.979088842868805
0,0,0.0125874262303114
1,1,0.988805055618286
1,1,0.857195794582367
1,1,0.75793993473053
1,1,0.974861919879913
1,1,0.975356340408325
0,0,0.0808879733085632
0,0,0.0192076656967402
1,1,0.965105473995209
1,0,0.315665245056152
0,0,0.0938126742839813
1,1,0.986919581890106
1,1,0.977671384811401
0,0,0.0129714058712125
0,0,0.0642605572938919
0,0,0.00968099944293499
0,0,0.0125179309397936
0,0,0.193478539586067
1,1,0.875612616539001
0,0,0.0159100349992514
1,1,0.985986351966858
0,0,0.0234342850744724
0,0,0.0986359491944313
0,1,0.51363867521286
1,1,0.905237257480621
0,0,0.0294324532151222
0,0,0.0382480770349503
1,1,0.995382845401764
1,1,0.974026024341583
0,0,0.0810643509030342
0,0,0.0287978928536177
1,1,0.973395884037018
1,1,0.991925776004791
1,1,0.738302111625671
0,0,0.0168074052780867
0,0,0.0277868285775185
0,0,0.0331253372132778
1,1,0.987650215625763
0,0,0.0109062362462282
1,1,0.945937395095825
0,0,0.00843033846467733
1,1,0.970438897609711
0,0,0.0212436784058809
0,0,0.0152247175574303
1,1,0.843217194080353
0,0,0.0371997617185116
1,1,0.794979989528656
1,1,0.66335117816925
1,1,0.988541603088379
1,1,0.975316762924194
0,0,0.0308510791510344
1,1,0.976916015148163
0,0,0.0275914538651705
0,0,0.0210866183042526
0,0,0.0401455573737621
0,1,0.932076334953308
1,1,0.965033769607544
0,0,0.0272282585501671
1,1,0.963798046112061
1,1,0.994161427021027
0,0,0.0159219689667225
0,0,0.0213381461799145
1,1,0.908948838710785
0,0,0.0193282309919596
0,0,0.149903789162636
0,0,0.0481652244925499
0,0,0.0191629622131586
1,1,0.953218758106232
0,0,0.0752959325909615
1,1,0.985304057598114
0,0,0.0235316082835197
0,0,0.077528603374958
1,1,0.987169504165649
1,1,0.96189671754837
1,1,0.648966312408447
1,1,0.945624887943268
0,0,0.0223532523959875
0,0,0.144644543528557
0,0,0.0441450849175453
1,1,0.92059326171875
0,0,0.0158961992710829
1,1,0.934368908405304
1,1,0.925908088684082
0,0,0.0172876063734293
1,1,0.940902411937714
1,1,0.972068071365356
0,0,0.0213379636406898
1,1,0.966643512248993
1,1,0.956012904644012
1,1,0.963285803794861
1,1,0.880174398422241
1,1,0.972237288951874
1,1,0.966736435890198
1,1,0.989487171173096
1,1,0.966002345085144
0,0,0.130926132202148
0,0,0.169332146644592
0,0,0.0183392371982336
1,1,0.961754441261292
0,0,0.0187282171100378
0,0,0.0207644384354353
0,0,0.241975411772728
1,0,0.293915122747421
0,1,0.66125363111496
1,1,0.952396154403687
0,1,0.601759016513824
1,1,0.960630536079407
1,1,0.930257201194763
0,0,0.0391880869865417
1,1,0.989722073078156
0,0,0.315630435943604
1,1,0.976570844650269
1,1,0.932840764522552
0,0,0.06387560069561
0,0,0.0258839931339025
0,0,0.03483871743083
1,1,0.97284197807312
0,1,0.851337134838104
0,0,0.041019469499588
0,0,0.0225284285843372
0,0,0.0123654333874583
0,1,0.504471719264984
0,1,0.518332481384277
0,0,0.0196467321366072
0,0,0.0604455880820751
1,1,0.986729145050049
1,1,0.986028850078583
1,1,0.923247754573822
0,0,0.0167655609548092
1,1,0.894707083702087
0,0,0.0137049714103341
0,0,0.060838621109724
1,1,0.99436753988266
1,1,0.977200746536255
1,1,0.976241290569305
1,1,0.900173127651215
1,1,0.982524573802948
0,0,0.0169485416263342
0,0,0.024181904271245
1,1,0.963222205638885
1,1,0.967729568481445
0,0,0.107005171477795
1,1,0.975288212299347
1,1,0.970079123973846
0,0,0.0373769961297512
1,1,0.978144943714142
0,0,0.0254808273166418
0,0,0.0432682521641254
1,1,0.974043309688568
0,0,0.0181301645934582
1,1,0.749346673488617
1,1,0.947833716869354
0,0,0.0307408981025219
1,1,0.938998818397522
0,0,0.0379591509699821
0,0,0.0288216080516577
0,0,0.0415308736264706
1,1,0.989549517631531
1,1,0.944628298282623
0,1,0.866963684558868
1,1,0.974385201931
0,0,0.0161037817597389
1,1,0.97343522310257
1,1,0.980604767799377
0,0,0.0133583275601268
1,1,0.972608923912048
0,0,0.0360714234411716
1,1,0.963863015174866
0,0,0.0290698148310184
0,0,0.0142382988706231
0,1,0.589837610721588
0,0,0.0143750300630927
0,0,0.0330481603741646
1,1,0.971772789955139
1,1,0.985903143882751
1,1,0.985712647438049
1,1,0.977160811424255
0,0,0.0195459965616465
0,0,0.0751900747418404
0,0,0.0129323061555624
0,0,0.0808490738272667
1,1,0.962399959564209
1,1,0.988909661769867
0,0,0.0341625437140465
1,1,0.913414537906647
1,1,0.887328624725342
0,0,0.227073460817337
0,0,0.0997685566544533
0,0,0.0179990921169519
1,1,0.957840025424957
0,0,0.0240878295153379
0,0,0.0168168470263481
1,1,0.977078080177307
0,0,0.0186412390321493
0,0,0.131369203329086
1,1,0.968278348445892
1,1,0.969050168991089
0,0,0.0556535273790359
1,1,0.971586763858795
0,1,0.91008996963501
0,0,0.022431269288063
1,1,0.987203061580658
1,1,0.98055362701416
1,1,0.957596123218536
0,0,0.0381743088364601
0,1,0.957802653312683
0,0,0.125578224658966
1,1,0.952181100845337
1,1,0.994246065616608
0,0,0.0561215355992317
1,1,0.969989538192749
1,1,0.96972668170929
1,1,0.99221134185791
1,1,0.928884863853455
0,0,0.0102855926379561
0,0,0.102234356105328
0,0,0.0641111359000206
1,1,0.974224746227264
0,0,0.0205427017062902
1,1,0.911042392253876
0,1,0.957454800605774
0,0,0.0139136537909508
0,1,0.800027668476105
0,0,0.0418219417333603
0,0,0.0290210004895926
1,1,0.953603625297546
0,0,0.0261000599712133
1,1,0.964750051498413
1,1,0.92778354883194
1,1,0.971828520298004
0,0,0.0992564186453819
0,0,0.0225524567067623
0,0,0.0217831786721945
0,0,0.0413983203470707
1,1,0.981408774852753
0,0,0.263088464736938
1,1,0.97929322719574
1,1,0.853650033473969
1,1,0.816090226173401
0,0,0.100411124527454
1,1,0.762681305408478
0,1,0.726693868637085
1,1,0.952034890651703
0,0,0.490513563156128
1,1,0.979258894920349
1,1,0.984025061130524
0,0,0.017539432272315
1,1,0.957585513591766
1,1,0.977036535739899
1,0,0.360830008983612
1,1,0.986340045928955
0,0,0.0233555268496275
0,0,0.0234641321003437
1,1,0.943326711654663
1,1,0.982734501361847
0,0,0.0129954144358635
1,1,0.988434433937073
0,0,0.0247928965836763
1,1,0.976626574993134
1,0,0.0208339095115662
0,0,0.0158551353961229
0,0,0.0263792164623737
1,1,0.840568244457245
1,1,0.987707078456879
1,1,0.982705175876617
1,1,0.980837047100067
0,0,0.0372730009257793
1,1,0.986761689186096
0,0,0.0423995293676853
1,1,0.991096377372742
0,0,0.0238227788358927
1,1,0.891239583492279
1,1,0.843436539173126
0,0,0.0128126414492726
0,1,0.763477504253387
1,1,0.98771858215332
1,1,0.975471377372742
1,1,0.983392357826233
1,1,0.989656448364258
0,0,0.0150909945368767
0,0,0.0144284935668111
1,1,0.982433795928955
0,0,0.476543694734573
0,0,0.0278889108449221
0,0,0.14946149289608
1,1,0.975767076015472
1,1,0.847583770751953
0,0,0.0338033102452755
0,0,0.17440789937973
0,0,0.0537573881447315
1,1,0.941449224948883
0,1,0.963111281394958
0,0,0.0144871631637216
0,0,0.0106943733990192
0,0,0.0482176765799522
0,0,0.0289115440100431
0,0,0.0136711010709405
1,1,0.941048502922058
0,0,0.025614557787776
0,0,0.202400013804436
0,0,0.0658815056085587
1,1,0.981365919113159
1,1,0.989852368831635
0,0,0.00922360457479954
0,0,0.0308291874825954
1,1,0.968316256999969
1,1,0.971072494983673
1,1,0.833577394485474
0,0,0.0242710001766682
0,0,0.139374852180481
1,0,0.0381571166217327
0,0,0.0209475718438625
1,1,0.954755544662476
0,0,0.023846697062254
0,0,0.155643120408058
1,1,0.966426014900208
1,1,0.837321579456329
1,0,0.0133259128779173
0,0,0.0438157096505165
1,1,0.907206058502197
1,1,0.973427295684814
0,0,0.0223581250756979
0,0,0.0360749885439873
1,1,0.991783857345581
1,1,0.966956734657288
1,1,0.88766086101532
1,1,0.962688744068146
1,1,0.896796345710754
1,1,0.975177645683289
1,1,0.955828249454498
0,0,0.14198112487793
0,0,0.465484142303467
0,0,0.039440993219614
0,0,0.254360616207123
1,0,0.0257479380816221
0,0,0.0400530323386192
0,0,0.0389504507184029
0,0,0.262539654970169
0,0,0.0166182201355696
1,1,0.973088324069977
1,0,0.441906690597534
0,0,0.00936553440988064
0,0,0.0160431563854218
1,1,0.9669429063797
0,0,0.0326915755867958
0,0,0.054712139070034
1,1,0.914688289165497
1,1,0.981109499931335
0,0,0.023403275758028
0,0,0.0118080116808414
1,1,0.941059708595276
1,0,0.0333642959594727
0,0,0.0405491031706333
0,0,0.0180221069604158
0,0,0.0117032080888748
0,0,0.0311443079262972
1,1,0.969926834106445
1,1,0.982553541660309
0,0,0.4278284907341
1,1,0.966280460357666
1,1,0.944676041603088
0,0,0.468788266181946
1,1,0.960427403450012
1,1,0.973218262195587
1,1,0.970306038856506
1,1,0.969998061656952
0,0,0.0114221069961786
1,1,0.977378606796265
1,1,0.942297875881195
0,0,0.0779478475451469
1,1,0.74569034576416
0,0,0.0539883300662041
1,1,0.9681476354599
1,1,0.925073206424713
1,1,0.867156982421875
0,0,0.0232017375528812
1,1,0.955862283706665
0,0,0.0285734739154577
0,0,0.0155701851472259
0,0,0.0585465766489506
0,0,0.0131399752572179
0,0,0.0227328483015299
1,1,0.976036369800568
0,0,0.0218710619956255
0,0,0.0397396683692932
0,0,0.01780940964818
1,1,0.974137663841248
0,0,0.0446004010736942
1,1,0.981932699680328
0,0,0.0772061124444008
1,1,0.959497213363647
1,1,0.907602548599243
1,1,0.944775402545929
0,0,0.0908712297677994
1,1,0.978318095207214
0,1,0.506800830364227
1,1,0.970196723937988
0,0,0.0462567545473576
1,1,0.958782732486725
0,1,0.947772026062012
1,1,0.982518792152405
1,1,0.88627415895462
0,0,0.122841469943523
0,0,0.0219102334231138
0,0,0.0734636411070824
1,1,0.792294681072235
1,1,0.843967497348785
0,0,0.174604400992393
0,0,0.0504899322986603
1,1,0.923015117645264
0,0,0.0316259078681469
0,0,0.0276192091405392
1,1,0.983584642410278
1,1,0.972676932811737
1,1,0.956118285655975
0,0,0.0179010573774576
0,0,0.0114283980801702
0,0,0.425960540771484
0,0,0.0543223358690739
0,0,0.0380693376064301
1,1,0.955255508422852
1,1,0.831229031085968
0,0,0.0270048044621944
1,1,0.696201860904694
1,1,0.957802295684814
1,0,0.285586446523666
0,0,0.0225488394498825
1,1,0.982891321182251
1,1,0.945976555347443
1,0,0.0389154255390167
1,1,0.977362453937531
0,1,0.941064417362213
0,1,0.822940945625305
0,0,0.0430122762918472
0,0,0.483822256326675
1,1,0.974999010562897
0,0,0.0178127624094486
1,1,0.898281097412109
1,1,0.654917299747467
0,0,0.0473489612340927
0,0,0.051192544400692
0,1,0.6525639295578
1,1,0.967982411384583
0,0,0.0528516285121441
0,0,0.0247240625321865
1,1,0.970839560031891
0,0,0.096872016787529
1,1,0.960951745510101
0,0,0.024639580398798
0,0,0.0281484164297581
0,0,0.0250201467424631
0,0,0.219955310225487
1,1,0.952918350696564
0,0,0.0942125245928764
1,1,0.980937063694
1,1,0.969484508037567
1,1,0.91970157623291
1,1,0.972847819328308
0,0,0.0343810208141804
0,0,0.0236934199929237
1,1,0.981787085533142
0,0,0.0585003532469273
0,0,0.02643115632236
1,1,0.979952156543732
0,0,0.0128245586529374
1,0,0.40484032034874
1,1,0.982153654098511
1,1,0.968659996986389
0,0,0.0350659377872944
0,0,0.0167779754847288
1,1,0.964562177658081
1,1,0.978036463260651
0,0,0.089408740401268
1,1,0.971600711345673
0,0,0.0206081513315439
0,0,0.0502512939274311
1,1,0.917527675628662
0,0,0.0214387718588114
0,0,0.478303909301758
0,1,0.953576624393463
0,0,0.0199896022677422
1,1,0.985167980194092
0,0,0.031159833073616
1,1,0.966545164585114
0,0,0.0287453290075064
0,0,0.0102276653051376
0,0,0.0315290056169033
1,1,0.982731521129608
0,0,0.0614120289683342
1,1,0.98348593711853
0,0,0.0140735153108835
1,1,0.964569807052612
1,1,0.978483080863953
1,1,0.971535444259644
0,0,0.0136024039238691
1,1,0.974904537200928
0,0,0.0241107139736414
0,0,0.0253396295011044
0,0,0.0202771238982677
1,1,0.953426659107208
1,1,0.981982171535492
1,1,0.970643043518066
1,1,0.949743628501892
1,1,0.969161212444305
1,1,0.974294364452362
0,0,0.0174965932965279
0,0,0.0165684446692467
0,0,0.0307390540838242
1,1,0.947860896587372
1,1,0.873418629169464
0,0,0.0281212963163853
1,1,0.972812056541443
1,1,0.859252035617828
1,1,0.986114740371704
0,0,0.0316313691437244
0,0,0.0323039069771767
1,1,0.960507571697235
0,0,0.0656345412135124
0,1,0.947567105293274
0,0,0.0114287054166198
0,0,0.0297923851758242
1,1,0.969560027122498
0,1,0.871977806091309
1,1,0.975795328617096
0,0,0.0197089314460754
1,1,0.983955800533295
0,0,0.0476107820868492
1,1,0.975370645523071
0,0,0.0146576892584562
0,0,0.0145671823993325
0,0,0.0799844339489937
1,1,0.975868761539459
1,1,0.918793141841888
1,1,0.973252594470978
1,1,0.981173098087311
0,0,0.0232137590646744
1,1,0.92682409286499
0,0,0.015778835862875
1,1,0.967254757881165
0,0,0.28185173869133
1,1,0.973239839076996
0,0,0.031437311321497
0,0,0.0595108605921268
0,0,0.0383824519813061
1,1,0.9810830950737
0,0,0.0266336724162102
1,1,0.978125393390656
0,0,0.0377326719462872
0,0,0.0457032844424248
1,1,0.635433614253998
1,1,0.973468720912933
0,0,0.0244939960539341
0,0,0.0167153980582952
0,0,0.0136935021728277
1,1,0.974506199359894
0,0,0.0163421891629696
1,1,0.964432299137115
0,0,0.0854713320732117
1,1,0.978416323661804
0,0,0.0107560260221362
0,0,0.0143665736541152
0,0,0.0340468846261501
0,0,0.0330236665904522
1,0,0.0352719239890575
0,1,0.537459313869476
1,1,0.928340673446655
0,0,0.0388247780501842
1,1,0.891198456287384
0,0,0.0255835726857185
0,0,0.167802318930626
0,0,0.0210892260074615
1,1,0.811787784099579
0,0,0.0232728216797113
1,1,0.91581779718399
1,1,0.943257629871368
1,1,0.970400989055634
1,1,0.9519122838974
1,1,0.838255405426025
0,0,0.0138399386778474
0,0,0.0788051784038544
1,1,0.978121995925903
0,0,0.044517308473587
0,1,0.529361844062805
0,0,0.0199252776801586
0,0,0.0113374926149845
1,1,0.98652309179306
0,0,0.0225774701684713
0,0,0.0693514049053192
1,1,0.955256283283234
1,1,0.966902494430542
1,1,0.940228343009949
1,1,0.971542418003082
1,1,0.964363753795624
0,0,0.0656725838780403
1,1,0.976380705833435
0,0,0.045508936047554
1,1,0.980515360832214
0,0,0.437423467636108
0,0,0.0583011880517006
1,1,0.987316906452179
0,0,0.0314432755112648
1,1,0.979980230331421
0,0,0.0350447483360767
0,0,0.0433014743030071
1,1,0.961720585823059
1,1,0.978603780269623
0,0,0.185118809342384
1,1,0.912140130996704
0,0,0.0341073535382748
1,1,0.98057895898819
1,1,0.983181178569794
0,0,0.0401532649993896
1,1,0.991107821464539
1,1,0.878904104232788
0,0,0.199158236384392
1,1,0.958303570747375
1,0,0.236296534538269
0,0,0.0151186101138592
0,0,0.0228898879140615
0,0,0.0276977494359016
0,0,0.049282368272543
0,0,0.038754541426897
1,1,0.962043881416321
1,1,0.962076306343079
0,0,0.0110473930835724
1,1,0.964601874351501
1,1,0.984233677387238
0,0,0.120839491486549
0,0,0.0159589052200317
0,0,0.016273932531476
1,1,0.936928331851959
1,1,0.947917580604553
0,0,0.0118588516488671
1,1,0.867462337017059
1,1,0.962039589881897
0,0,0.0143581368029118
1,1,0.960417568683624
1,1,0.967578232288361
1,1,0.576275765895844
0,0,0.0190738942474127
1,0,0.0275383591651917
0,0,0.0197777897119522
1,1,0.972135424613953
1,1,0.941695749759674
0,0,0.0315141268074512
1,1,0.913108170032501
1,1,0.976107716560364
0,0,0.0151610719040036
1,1,0.960803031921387
0,0,0.0115909250453115
1,1,0.953959107398987
1,1,0.948846220970154
1,1,0.966666579246521
0,0,0.0334153138101101
0,0,0.0187244489789009
0,0,0.289684504270554
0,0,0.45487704873085
0,0,0.0118215838447213
1,1,0.975133657455444
0,0,0.0109591167420149
0,0,0.396645426750183
1,1,0.923508286476135
0,0,0.0441088937222958
1,1,0.93654066324234
1,1,0.98136579990387
1,1,0.981221973896027
1,1,0.936650991439819
0,0,0.0645788162946701
0,0,0.0666647031903267
0,0,0.0134645951911807
0,0,0.0278433654457331
0,0,0.0127741228789091
0,0,0.0347899049520493
0,0,0.0286142006516457
0,0,0.0483727157115936
0,1,0.896028757095337
1,1,0.971584379673004
1,1,0.971086800098419
1,1,0.617720544338226
0,0,0.0402409806847572
0,0,0.0202045477926731
0,0,0.0114844255149364
1,1,0.975403904914856
0,0,0.174401178956032
1,1,0.962602496147156
0,1,0.897448360919952
0,0,0.0123628070577979
1,1,0.947924017906189
0,0,0.0293184164911509
1,1,0.863955974578857
0,1,0.765896320343018
1,0,0.0182805862277746
0,0,0.142091453075409
0,0,0.0296498350799084
1,1,0.986668586730957
0,0,0.0196519121527672
0,1,0.886042177677155
1,1,0.939248859882355
0,0,0.0101374909281731
0,0,0.0320439003407955
0,0,0.0570541322231293
0,0,0.0137920174747705
0,0,0.0750149935483932
1,1,0.944221675395966
1,1,0.978081285953522
1,0,0.0398049168288708
1,1,0.976920247077942
1,1,0.97118729352951
0,0,0.0118728624656796
0,0,0.0955756977200508
0,0,0.0933533757925034
1,1,0.97544926404953
0,0,0.0137401884421706
1,1,0.959145188331604
0,1,0.781322658061981
0,0,0.0245071742683649
0,1,0.503568589687347
1,1,0.975508689880371
1,1,0.965458929538727
0,0,0.0305143147706985
1,1,0.982930243015289
0,0,0.129128843545914
1,1,0.981328964233398
1,1,0.831404983997345
1,1,0.941205620765686
1,1,0.71497517824173
0,0,0.165964439511299
1,1,0.916544854640961
1,1,0.991061925888062
1,1,0.990666806697845
0,0,0.0362079329788685
1,1,0.742507874965668
1,1,0.858562469482422
1,1,0.951344549655914
1,1,0.977219760417938
1,1,0.941343009471893
1,1,0.839083254337311
1,1,0.967528223991394
0,0,0.0204880572855473
1,1,0.979659855365753
1,1,0.976031959056854
1,1,0.931985855102539
0,0,0.0792410224676132
1,1,0.978904545307159
0,0,0.19974958896637
0,0,0.0207467563450336
0,0,0.0147269330918789
1,0,0.410931646823883
0,0,0.078922837972641
1,1,0.990820467472076
0,0,0.0245517864823341
0,0,0.131063997745514
0,0,0.0250606518238783
0,0,0.0288479272276163
1,1,0.968947410583496
1,1,0.97671115398407
1,1,0.975793302059174
0,0,0.0128428442403674
1,1,0.925787925720215
1,1,0.988491296768188
1,1,0.989537119865417
0,0,0.11633825302124
0,0,0.0332789085805416
1,1,0.978048801422119
0,0,0.0164929237216711
1,1,0.991462886333466
1,1,0.847850739955902
0,0,0.0185171198099852
1,1,0.97130686044693
0,1,0.606719553470612
0,0,0.0268532279878855
1,1,0.97512686252594
0,0,0.04356599599123
0,0,0.0236297994852066
1,1,0.984410524368286
0,0,0.0382438749074936
0,0,0.252829730510712
1,1,0.901797115802765
1,1,0.987045466899872
0,0,0.0210084486752748
1,0,0.376497566699982
0,0,0.0651699751615524
0,0,0.0412724502384663
1,1,0.989651739597321
0,0,0.0422949902713299
1,1,0.978006958961487
0,1,0.629702389240265
0,0,0.0257018487900496
1,1,0.962084591388702
1,1,0.97717958688736
0,0,0.0225772224366665
0,0,0.0263026896864176
0,0,0.196406573057175
0,0,0.0271546095609665
0,0,0.01209681853652
1,1,0.879615604877472
1,1,0.984032690525055
0,0,0.032987717539072
0,1,0.638492703437805
1,1,0.923052728176117
1,1,0.97877162694931
0,0,0.015599200502038
1,1,0.975278794765472
0,0,0.0203105490654707
0,0,0.0111368531361222
1,1,0.818011581897736
0,0,0.157242015004158
0,0,0.0369420386850834
0,1,0.58399361371994
1,1,0.97230464220047
1,1,0.681304931640625
0,0,0.0214675348252058
1,1,0.964196503162384
0,0,0.00681389216333628
0,0,0.247659921646118
0,0,0.0253602545708418
0,0,0.0201356504112482
0,0,0.251806616783142
1,1,0.983857154846191
0,0,0.0191796626895666
0,0,0.0735231041908264
0,0,0.0429111905395985
0,0,0.0781900659203529
0,1,0.841594636440277
0,0,0.0164421983063221
1,1,0.674374282360077
1,1,0.949954807758331
1,1,0.94462913274765
0,0,0.0829065293073654
1,1,0.980333745479584
1,0,0.0181033406406641
1,1,0.973411500453949
1,1,0.968631684780121
0,0,0.0139242615550756
1,1,0.82170033454895
1,1,0.502031087875366
1,1,0.945151627063751
1,1,0.970231413841248
0,0,0.133894056081772
0,0,0.245167151093483
1,1,0.97936350107193
0,0,0.00938576459884644
1,1,0.914921522140503
1,1,0.969142854213715
0,0,0.034121211618185
1,1,0.874250292778015
1,0,0.239201992750168
1,1,0.678107261657715
0,0,0.280263960361481
1,1,0.866807699203491
0,0,0.0117243668064475
0,0,0.431025117635727
0,0,0.0293089672923088
0,1,0.816806614398956
1,1,0.961157739162445
0,0,0.0150257954373956
1,1,0.966963410377502
0,0,0.0307339150458574
1,1,0.982194304466248
0,0,0.0109441801905632
1,1,0.987584829330444
0,0,0.0172522179782391
1,1,0.96989518404007
1,0,0.143012002110481
1,1,0.973971486091614
1,1,0.925702929496765
0,0,0.0409437641501427
1,1,0.956010937690735
1,1,0.984147310256958
0,0,0.0210747737437487
1,1,0.524069786071777
1,1,0.984094560146332
0,0,0.0164717137813568
1,1,0.943551123142242
0,0,0.0348506979644299
1,1,0.974524796009064
0,0,0.223900362849236
1,0,0.41582578420639
0,0,0.0350340306758881
0,0,0.0338796488940716
1,1,0.947627365589142
0,0,0.0245513059198856
1,1,0.981620967388153
0,0,0.0201343558728695
1,1,0.896760702133179
0,0,0.0135724553838372
1,1,0.76009464263916
0,1,0.900406181812286
1,1,0.982426524162292
0,0,0.0268307607620955
1,1,0.960016310214996
0,0,0.0267471093684435
0,0,0.0190677046775818
0,0,0.0543032847344875
0,0,0.0291100107133389
1,1,0.977944433689117
1,1,0.940394937992096
0,0,0.0306939780712128
1,1,0.96577125787735
0,0,0.185498893260956
0,0,0.268151253461838
1,1,0.973792731761932
0,0,0.0142648732289672
0,0,0.0223874263465405
1,1,0.957951486110687
0,1,0.706936895847321
1,1,0.976420938968658
1,1,0.97784149646759
1,1,0.977624177932739
0,0,0.0369867756962776
1,1,0.51579749584198
1,1,0.95758181810379
1,1,0.976074993610382
1,1,0.98953652381897
1,1,0.963557779788971
0,0,0.0403704717755318
1,1,0.780690610408783
1,1,0.891178607940674
0,0,0.0125288348644972
1,1,0.959335148334503
0,0,0.359205037355423
0,0,0.0335905663669109
0,0,0.0160180740058422
0,0,0.0139813767746091
1,1,0.961095869541168
0,0,0.0218411535024643
0,0,0.0303729344159365
1,1,0.988417685031891
0,0,0.010152637027204
0,0,0.0300305597484112
0,0,0.0437109284102917
0,0,0.0351825952529907
1,1,0.67420893907547
1,1,0.926619648933411
1,1,0.962845981121063
0,0,0.0104914419353008
0,1,0.92161762714386
0,0,0.0168141201138496
0,0,0.0198233556002378
0,0,0.0229807682335377
1,0,0.185093194246292
0,0,0.0152722829952836
1,1,0.960534512996674
0,0,0.030712878331542
0,0,0.0166525803506374
1,1,0.976121187210083
1,1,0.96952098608017
1,1,0.97177517414093
0,0,0.0371228568255901
0,0,0.0125316372141242
0,0,0.0513657666742802
1,1,0.936296582221985
0,0,0.025508239865303
1,1,0.97904509305954
1,1,0.953589200973511
0,0,0.0783661231398582
0,0,0.0135336006060243
1,1,0.990710556507111
1,1,0.917554378509521
0,0,0.134691178798676
1,1,0.946592152118683
0,0,0.0265309493988752
1,1,0.911744475364685
0,0,0.198951631784439
1,1,0.974880635738373
0,0,0.00909315422177315
1,1,0.983805537223816
1,1,0.979944825172424
0,0,0.0294669270515442
0,0,0.0148054603487253
0,1,0.565003514289856
0,0,0.0138807119801641
1,1,0.946856617927551
0,0,0.0259337015450001
0,0,0.360903531312943
1,1,0.975547611713409
0,1,0.531842470169067
0,0,0.0176283195614815
0,1,0.774331212043762
0,0,0.306296944618225
1,1,0.90681654214859
0,0,0.0291052237153053
0,0,0.0118153477087617
0,0,0.0108608584851027
0,0,0.0205980278551579
1,1,0.695044100284576
0,0,0.0320663303136826
1,1,0.977169215679169
1,1,0.972340047359467
1,1,0.979816854000092
1,1,0.967011392116547
0,0,0.00571075174957514
1,1,0.987618207931519
1,1,0.965714991092682
1,1,0.615682065486908
1,1,0.940804064273834
1,1,0.954086899757385
1,1,0.867100596427917
1,1,0.984152257442474
1,1,0.983527362346649
0,0,0.0150473993271589
1,1,0.981981098651886
0,0,0.0517765693366528
0,0,0.0488092824816704
1,1,0.987851560115814
0,0,0.100855097174644
1,1,0.855626881122589
1,1,0.964363217353821
0,0,0.00671683996915817
1,1,0.964697122573853
1,1,0.981748402118683
0,0,0.0260394178330898
1,1,0.962881565093994
0,0,0.00747979525476694
0,0,0.049428965896368
1,1,0.990095973014832
0,0,0.0130657907575369
1,1,0.980333507061005
0,1,0.786463916301727
0,0,0.0195573717355728
0,0,0.0181156564503908
1,1,0.975187301635742
1,1,0.991010427474976
0,0,0.0530514493584633
0,0,0.0285097546875477
0,0,0.0218284912407398
0,0,0.110035315155983
0,0,0.151649877429008
0,0,0.0539541803300381
0,0,0.0242931470274925
1,1,0.926198422908783
1,1,0.965704679489136
0,0,0.226304709911346
1,1,0.966116189956665
0,0,0.0212974827736616
1,1,0.98048210144043
0,0,0.0358453951776028
0,0,0.074161060154438
1,1,0.958167314529419
0,0,0.0904421955347061
1,1,0.977410137653351
1,1,0.830922901630402
1,1,0.988835632801056
1,1,0.936537861824036
0,0,0.0279848054051399
0,0,0.0123127149417996
1,1,0.980300843715668
1,1,0.871124088764191
1,1,0.99057275056839
1,1,0.9297776222229
1,1,0.945103704929352
1,1,0.965983033180237
1,1,0.940664410591125
0,0,0.0345830880105495
1,1,0.973360300064087
0,0,0.00964808091521263
0,0,0.0406566448509693
1,1,0.965706765651703
1,1,0.562396228313446
0,0,0.0427845753729343
0,0,0.00817469228059053
1,1,0.980356991291046
0,0,0.418129354715347
0,0,0.0096456790342927
1,1,0.980762660503387
1,1,0.78221595287323
1,1,0.971145808696747
0,0,0.0199967119842768
0,0,0.0364895090460777
0,0,0.0186682660132647
0,0,0.0176574196666479
0,0,0.0181463379412889
1,1,0.97201806306839
1,1,0.922927916049957
0,0,0.193717464804649
0,0,0.02284786850214
1,1,0.985019147396088
1,1,0.967149615287781
0,0,0.0573969595134258
1,1,0.933209359645844
1,1,0.95853853225708
1,0,0.252966225147247
0,0,0.0204798858612776
1,1,0.803322434425354
0,0,0.0254461206495762
0,0,0.0148624544963241
1,1,0.741446912288666
0,0,0.277069449424744
1,1,0.985213458538055
1,1,0.986016690731049
1,1,0.934496819972992
0,0,0.0595027096569538
1,1,0.924169301986694
0,0,0.141317918896675
0,0,0.0165370777249336
1,1,0.961686313152313
0,0,0.0399832017719746
0,0,0.0292557869106531
1,1,0.979689598083496
0,0,0.0115240756422281
0,0,0.0662261769175529
0,0,0.0422149077057838
1,1,0.975171983242035
0,0,0.0136709678918123
1,1,0.979370355606079
1,1,0.881573081016541
0,0,0.0140183959156275
1,1,0.927029073238373
0,0,0.0324745140969753
0,0,0.168276652693748
0,0,0.0247410628944635
1,1,0.980433404445648
0,0,0.0122524369508028
1,1,0.97878235578537
1,1,0.980986773967743
1,1,0.954918086528778
0,0,0.168618634343147
0,0,0.0130334636196494
0,0,0.042458038777113
0,0,0.0561998374760151
1,1,0.947558581829071
0,0,0.0435634218156338
0,0,0.0401518605649471
1,1,0.928507149219513
0,1,0.958028972148895
0,0,0.0143498321995139
0,0,0.0236585084348917
0,0,0.0269084963947535
1,1,0.606319844722748
1,0,0.202053517103195
0,0,0.0724773108959198
1,1,0.821353316307068
0,0,0.0220528375357389
1,1,0.989247500896454
0,0,0.21521683037281
1,1,0.933115124702454
0,0,0.0504413470625877
0,0,0.0526505745947361
1,1,0.975441336631775
1,1,0.982954204082489
0,0,0.283594638109207
0,0,0.185958981513977
0,0,0.133170604705811
1,1,0.986741960048676
0,0,0.0259141456335783
0,0,0.0525405332446098
0,0,0.0118543095886707
0,0,0.0133079495280981
1,1,0.95706570148468
0,0,0.0441759191453457
0,0,0.0660959705710411
1,1,0.982621371746063
0,0,0.025749821215868
0,0,0.197887375950813
0,0,0.298793882131577
0,0,0.0252555981278419
1,1,0.97775012254715
1,1,0.960745275020599
1,1,0.983273863792419
1,1,0.755467653274536
0,0,0.0774470865726471
0,0,0.0540673136711121
0,0,0.0997484102845192
0,0,0.0343047827482224
0,0,0.0518407076597214
1,1,0.961036860942841
0,0,0.0223919097334146
0,0,0.0265983659774065
0,1,0.580863296985626
1,1,0.980076611042023
1,1,0.989976108074188
1,1,0.982267796993256
0,0,0.0321415849030018
1,1,0.94825404882431
1,1,0.966316521167755
0,0,0.0385765805840492
0,0,0.0382504537701607
0,0,0.0137126753106713
0,0,0.0328291803598404
0,0,0.0190730877220631
0,0,0.37711575627327
1,1,0.901377081871033
1,1,0.954729557037354
0,0,0.0738889947533607
1,1,0.947344422340393
0,0,0.0151834711432457
1,1,0.980564296245575
0,0,0.0455283038318157
1,1,0.942309439182281
0,0,0.0357409380376339
1,1,0.949974358081818
1,1,0.928690314292908
0,0,0.0218336824327707
0,0,0.0494608134031296
0,0,0.0299906376749277
0,0,0.0149469869211316
1,1,0.98743861913681
1,1,0.898495852947235
0,0,0.0282371751964092
1,1,0.972431540489197
1,1,0.968905806541443
0,0,0.0150216538459063
0,0,0.013331575319171
0,0,0.0250293593853712
0,0,0.0231329295784235
1,1,0.986123323440552
1,1,0.95313435792923
0,0,0.0202015563845634
0,0,0.0281932502985001
1,1,0.971509993076324
1,1,0.980008840560913
0,1,0.864777326583862
1,1,0.955731987953186
0,0,0.0283679254353046
1,1,0.793412864208221
0,0,0.0950889736413956
0,0,0.010278832167387
1,1,0.983322560787201
1,1,0.968688488006592
1,1,0.981562495231628
1,1,0.961475789546967
1,1,0.979012489318848
0,0,0.0474682413041592
1,1,0.982070326805115
1,1,0.98493492603302
0,0,0.0949496850371361
1,1,0.962124407291412
0,0,0.031866792589426
1,1,0.928132176399231
0,0,0.029798636212945
1,1,0.976282835006714
0,0,0.0128487162292004
0,0,0.00906758289784193
0,0,0.0231418311595917
0,0,0.0704059898853302
0,0,0.042363990098238
1,1,0.977610766887665
0,0,0.0249565523117781
0,0,0.133330434560776
0,0,0.0561730489134789
1,1,0.967598855495453
1,1,0.965387165546417
1,1,0.955957353115082
0,0,0.0387976877391338
1,1,0.982950210571289
1,1,0.974408626556396
1,1,0.993813633918762
0,0,0.0280107911676168
0,0,0.455217152833939
1,1,0.977012634277344
0,0,0.0267842914909124
1,1,0.890208959579468
0,0,0.0176507961004972
1,1,0.964667081832886
1,1,0.927152931690216
1,1,0.969017505645752
0,0,0.0117528820410371
1,1,0.98715078830719
1,1,0.975749790668488
0,0,0.0201243590563536
1,1,0.989669144153595
1,1,0.983729779720306
1,1,0.970078349113464
1,1,0.917927920818329
0,0,0.0237514041364193
0,0,0.203405126929283
1,0,0.120406582951546
1,1,0.983233869075775
0,0,0.0293340273201466
1,1,0.957938730716705
0,0,0.0178685188293457
1,1,0.976412534713745
0,0,0.0201441459357738
0,0,0.0138164712116122
1,1,0.978114247322083
0,0,0.42126476764679
0,0,0.482624024152756
1,1,0.952950835227966
0,0,0.014814518392086
1,1,0.988972842693329
0,0,0.0216548480093479
1,1,0.955074429512024
0,0,0.0288524553179741
0,0,0.0554027780890465
0,0,0.0558303520083427
1,1,0.961955070495605
1,1,0.980025112628937
0,0,0.0269442033022642
0,0,0.0267327018082142
1,1,0.972507774829865
0,0,0.033905241638422
0,0,0.0340935476124287
1,1,0.964524209499359
1,1,0.986402690410614
1,1,0.986672639846802
1,1,0.957902371883392
1,1,0.977156579494476
0,0,0.0458726808428764
1,1,0.986771285533905
0,0,0.0234762579202652
0,0,0.0186096839606762
1,1,0.976129472255707
1,1,0.524033784866333
1,1,0.975124597549438
0,1,0.53716105222702
1,1,0.977521002292633
1,1,0.642293632030487
1,1,0.973937451839447
0,0,0.0260254889726639
1,1,0.982038021087646
0,0,0.0136978961527348
1,1,0.816121697425842
1,1,0.796694457530975
0,0,0.0273403059691191
1,1,0.976665139198303
0,0,0.0154004506766796
1,1,0.969939708709717
1,1,0.977868497371674
0,0,0.224915623664856
1,1,0.930863976478577
0,0,0.0187401827424765
1,1,0.968218445777893
1,1,0.981917977333069
1,1,0.972225069999695
0,0,0.0311127249151468
0,0,0.0198896992951632
1,1,0.976600110530853
0,0,0.0276387203484774
0,0,0.0174293257296085
0,0,0.053003191947937
0,0,0.0411117859184742
1,1,0.869863986968994
0,0,0.126066908240318
1,1,0.589124977588654
0,0,0.300789386034012
0,0,0.0161146409809589
0,0,0.0198831204324961
0,0,0.0318142473697662
1,1,0.953432619571686
0,0,0.102933719754219
0,0,0.0677273273468018
0,0,0.0452777370810509
1,1,0.979001343250275
0,0,0.0437173545360565
0,0,0.0200726371258497
0,0,0.0269439145922661
1,1,0.837067127227783
1,1,0.966869235038757
0,1,0.943378686904907
1,1,0.821309089660645
0,0,0.033042524009943
1,1,0.97165322303772
0,0,0.00988233275711536
0,0,0.017555832862854
0,0,0.0331828445196152
1,1,0.971121549606323
1,1,0.947315216064453
0,0,0.0249908901751041
1,1,0.964038372039795
1,1,0.936157405376434
1,1,0.743224740028381
1,1,0.519317984580994
0,0,0.0490396991372108
1,1,0.950933456420898
1,1,0.779202938079834
0,0,0.0278091821819544
1,1,0.977783620357513
1,1,0.976630449295044
1,1,0.934278666973114
0,0,0.0289727542549372
0,0,0.0362688340246677
0,0,0.0519778877496719
1,1,0.945314049720764
1,1,0.972805619239807
1,1,0.980938017368317
0,1,0.891230881214142
0,0,0.0181160662323236
1,1,0.973458588123322
1,1,0.864861190319061
0,0,0.114037483930588
0,0,0.100068747997284
1,1,0.985303521156311
1,1,0.82649153470993
0,1,0.629264712333679
0,0,0.0221980009227991
1,1,0.969839811325073
1,0,0.0789273381233215
0,0,0.0587205998599529
1,1,0.96907502412796
1,1,0.900356113910675
1,1,0.989177405834198
0,0,0.0221699681133032
1,1,0.981452822685242
0,0,0.0160582941025496
1,1,0.751068770885468
0,0,0.0417723655700684
0,0,0.0496766716241837
0,1,0.710690855979919
1,1,0.945287942886353
0,0,0.0251412875950336
1,1,0.971727430820465
0,0,0.147963762283325
1,1,0.976893484592438
0,0,0.0204097833484411
0,0,0.0113076055422425
0,0,0.150262981653214
1,1,0.899226486682892
1,1,0.976504147052765
1,1,0.967890560626984
1,1,0.986895501613617
0,0,0.0149057684466243
1,1,0.96866101026535
0,0,0.126988351345062
1,1,0.961459696292877
0,0,0.0332370400428772
0,0,0.0820095241069794
0,0,0.0588640943169594
1,1,0.860553979873657
0,0,0.0275926496833563
0,0,0.0816234648227692
0,0,0.0264935549348593
1,1,0.819990575313568
0,0,0.014569784514606
0,0,0.0376041457056999
0,0,0.0337522104382515
0,0,0.0225911810994148
1,1,0.990728855133057
1,1,0.968952775001526
1,1,0.970398426055908
0,0,0.0589246265590191
1,1,0.959960460662842
0,1,0.926730811595917
0,1,0.620507001876831
1,1,0.989450871944427
0,0,0.057112842798233
1,1,0.975798070430756
1,1,0.871633350849152
0,0,0.0163169149309397
1,1,0.979400217533112
0,0,0.013175955042243
0,0,0.0196290537714958
1,0,0.0176579896360636
0,0,0.0344883948564529
0,0,0.0401053093373775
1,1,0.966596186161041
0,0,0.0656466633081436
0,0,0.0404503047466278
1,1,0.981681883335114
0,0,0.011262770742178
1,1,0.947545170783997
1,1,0.985969841480255
1,0,0.0754934474825859
0,0,0.0751461386680603
1,1,0.975862979888916
1,1,0.982627689838409
1,1,0.812580168247223
1,1,0.983748435974121
1,1,0.970097422599792
1,1,0.938461065292358
0,0,0.0216554030776024
1,1,0.983405590057373
0,0,0.0743021294474602
1,1,0.970798313617706
0,0,0.100529067218304
1,1,0.966669142246246
1,0,0.479038387537003
0,0,0.0923609212040901
1,1,0.868878543376923
0,0,0.023517444729805
1,1,0.986058533191681
1,0,0.0568008571863174
1,1,0.980963110923767
0,0,0.0335332155227661
1,1,0.855152666568756
0,0,0.0239349287003279
1,1,0.925223350524902
0,0,0.0128592923283577
0,0,0.0190826673060656
1,1,0.790861666202545
0,0,0.0285700652748346
0,0,0.0591844506561756
0,0,0.0345968790352345
0,0,0.041343092918396
1,1,0.902878880500793
0,0,0.0629540532827377
1,1,0.979001760482788
0,0,0.0134294740855694
1,1,0.97528064250946
1,1,0.967571973800659
0,0,0.0137975504621863
1,1,0.97804182767868
0,0,0.043566420674324
0,0,0.0293819103389978
1,1,0.964575886726379
1,1,0.985464870929718
1,1,0.952354490756989
1,1,0.976739585399628
1,1,0.969292819499969
0,1,0.967257261276245
1,1,0.973901152610779
1,1,0.973684430122375
0,0,0.0165400244295597
0,0,0.00507903657853603
0,0,0.00991398375481367
0,1,0.953543066978455
1,1,0.985280334949493
0,0,0.0253715422004461
1,1,0.990054249763489
0,0,0.0268583912402391
1,1,0.985681533813477
0,0,0.126840695738792
1,1,0.972532451152802
0,0,0.0207984000444412
1,1,0.970109641551971
0,0,0.0180189292877913
0,0,0.0313519239425659
1,1,0.987879574298859
0,0,0.0176277104765177
0,1,0.567870318889618
1,1,0.789913654327393
0,0,0.0139294099062681
0,0,0.0129520976915956
0,0,0.00587118836119771
1,1,0.770283341407776
0,0,0.0945755317807198
1,1,0.963205635547638
1,1,0.974662125110626
1,1,0.972210586071014
0,0,0.012281209230423
0,0,0.0521133840084076
1,0,0.0662924498319626
0,0,0.0207986868917942
0,0,0.0427682064473629
1,1,0.979537487030029
1,1,0.946779429912567
1,1,0.984655976295471
1,1,0.967771887779236
1,1,0.982380867004395
1,1,0.991390824317932
1,1,0.9733966588974
0,0,0.0123326852917671
0,0,0.0394979864358902
0,0,0.0163655616343021
1,1,0.69711172580719
0,1,0.506738185882568
1,1,0.975248277187347
1,1,0.927712440490723
1,1,0.799426972866058
1,1,0.973604679107666
0,0,0.0227383896708488
0,0,0.122762441635132
1,1,0.954501748085022
1,1,0.840019464492798
1,1,0.93260669708252
1,1,0.957704126834869
1,1,0.982680380344391
0,0,0.0523142330348492
0,0,0.162890329957008
1,1,0.958865404129028
1,1,0.988211810588837
1,1,0.941249966621399
0,0,0.0201559141278267
1,1,0.989353656768799
1,0,0.211146309971809
1,1,0.982883751392365
0,0,0.0206526611000299
0,0,0.127280220389366
0,0,0.0201771724969149
1,1,0.71736866235733
0,0,0.0154098803177476
0,0,0.0163992252200842
0,0,0.036489550024271
0,0,0.0161623172461987
0,0,0.0331955999135971
1,1,0.977027297019958
1,1,0.667888283729553
1,1,0.971299409866333
0,0,0.102448232471943
1,1,0.873247981071472
0,0,0.0637985020875931
1,1,0.980272769927979
0,0,0.0647849887609482
0,0,0.067943349480629
1,1,0.894245088100433
1,0,0.478085458278656
1,1,0.963519275188446
0,0,0.0151254069060087
0,0,0.0103863682597876
0,0,0.0140689974650741
1,1,0.859572112560272
1,1,0.969732642173767
0,0,0.0215892698615789
0,0,0.0803031474351883
1,0,0.214540094137192
0,0,0.0676165074110031
1,1,0.683021366596222
0,0,0.0226989462971687
1,1,0.903573751449585
0,0,0.0286301057785749
1,0,0.385709315538406
0,0,0.0190491806715727
0,0,0.0277717243880033
0,0,0.0566445104777813
1,1,0.598798036575317
0,0,0.0377894677221775
0,0,0.0276914779096842
1,1,0.979443788528442
1,1,0.981875121593475
0,0,0.0733868554234505
1,1,0.947301089763641
1,1,0.979849278926849
0,0,0.0281143058091402
0,0,0.009517602622509
0,0,0.0186721459031105
1,1,0.846719026565552
0,0,0.0254804287105799
0,0,0.0408541038632393
0,0,0.0859086886048317
0,0,0.0168387796729803
1,1,0.983912169933319
0,0,0.0197322480380535
1,1,0.971058368682861
1,1,0.927466094493866
1,1,0.977037668228149
0,1,0.839377701282501
1,1,0.802850902080536
1,1,0.935709953308105
1,1,0.977092742919922
0,0,0.018689626827836
0,0,0.122119285166264
1,0,0.224551782011986
0,0,0.0257218852639198
1,1,0.953038215637207
1,1,0.926697552204132
1,1,0.94583523273468
1,1,0.975384950637817
0,0,0.0142382588237524
0,0,0.0152883045375347
0,0,0.0121109532192349
1,1,0.940989792346954
0,0,0.110782407224178
1,1,0.986147344112396
0,0,0.171415880322456
1,1,0.980309903621674
1,1,0.917983055114746
1,1,0.948127806186676
0,0,0.0342454127967358
1,1,0.983273148536682
1,1,0.95014363527298
0,0,0.0230798982083797
0,0,0.0172573756426573
0,0,0.00778009835630655
0,1,0.948227882385254
1,1,0.985415101051331
1,1,0.947172105312347
0,0,0.0216515995562077
0,0,0.0249741934239864
1,1,0.97723376750946
1,1,0.985405921936035
1,1,0.811769127845764
0,0,0.0115418387576938
0,0,0.0573121830821037
1,1,0.948173761367798
1,1,0.894140779972076
1,1,0.89198511838913
1,1,0.986445128917694
0,0,0.0206857286393642
1,1,0.960863649845123
1,1,0.982459306716919
0,0,0.0303125828504562
1,1,0.920379221439362
0,0,0.0210654959082603
0,0,0.0129787335172296
0,0,0.400289207696915
1,0,0.495365351438522
1,1,0.976920485496521
1,1,0.948376476764679
0,0,0.0493794195353985
0,0,0.369291543960571
1,1,0.971560537815094
0,0,0.206534281373024
0,1,0.891113579273224
1,1,0.95743465423584
0,0,0.0277883317321539
0,0,0.0134050464257598
0,0,0.0198439992964268
1,1,0.989281535148621
1,1,0.962362706661224
0,0,0.0108934920281172
1,1,0.986168801784515
0,0,0.0162539537996054
0,0,0.0527379550039768
0,0,0.0408257208764553
0,0,0.429346859455109
0,0,0.0215621218085289
0,0,0.0331830382347107
0,0,0.0208172425627708
0,0,0.0249593462795019
1,1,0.967464864253998
1,1,0.922059714794159
0,0,0.0159711148589849
1,1,0.931058287620544
1,1,0.990929305553436
1,1,0.961193442344666
0,0,0.439864844083786
0,0,0.0384209640324116
0,0,0.0183949042111635
0,0,0.0122281424701214
0,0,0.0143308257684112
1,0,0.0236106030642986
0,0,0.0102370632812381
1,1,0.654607176780701
0,0,0.0278290677815676
1,1,0.960141777992249
0,0,0.0347041562199593
0,0,0.0338044464588165
1,1,0.900171875953674
0,0,0.0178041812032461
0,0,0.0245174821466208
1,1,0.923656046390533
0,0,0.271573215723038
1,0,0.373813062906265
1,1,0.973883867263794
0,0,0.0122635569423437
1,1,0.984269857406616
0,0,0.0658353716135025
1,1,0.964862704277039
0,0,0.0254479702562094
0,0,0.0642756596207619
0,0,0.0273002963513136
0,0,0.0287383385002613
1,1,0.610498011112213
1,1,0.985440075397491
0,0,0.0669626444578171
1,1,0.987415730953217
0,0,0.268287569284439
1,1,0.980279088020325
1,1,0.792974293231964
1,1,0.969865262508392
0,0,0.0220396220684052
1,1,0.953626096248627
1,1,0.930323004722595
0,0,0.149272888898849
1,1,0.963576078414917
1,1,0.917554378509521
1,1,0.969569563865662
0,0,0.069560818374157
0,0,0.182534754276276
0,0,0.0889450758695602
0,0,0.0773508921265602
0,0,0.0111311683431268
1,0,0.302007526159286
1,1,0.990066289901733
1,1,0.97552627325058
1,1,0.982201039791107
0,0,0.0471561998128891
0,0,0.0209991298615932
1,1,0.965772449970245
1,1,0.982979118824005
1,1,0.923738420009613
1,1,0.962660133838654
1,1,0.941347539424896
0,1,0.777315139770508
1,1,0.953767478466034
0,0,0.0328858382999897
0,0,0.0637980476021767
0,1,0.529423892498016
0,0,0.0621604844927788
1,1,0.980689346790314
1,1,0.974985539913177
0,0,0.0247979070991278
1,1,0.978677749633789
1,1,0.526518881320953
1,1,0.967547297477722
0,0,0.0631365031003952
0,0,0.0204245746135712
1,1,0.940186679363251
1,0,0.14061114192009
0,0,0.0247160866856575
0,0,0.0193196590989828
0,0,0.0463636256754398
1,1,0.537738144397736
0,0,0.0991281121969223
1,1,0.978183031082153
1,1,0.98626846075058
0,1,0.649075269699097
1,1,0.936626732349396
0,1,0.875819325447083
1,1,0.976814448833466
0,0,0.0104862507432699
0,0,0.0408659353852272
1,1,0.946079850196838
0,0,0.0376501306891441
1,1,0.989363014698029
1,1,0.906512081623077
0,0,0.0316396467387676
0,0,0.0265689492225647
1,1,0.977922439575195
1,1,0.856086790561676
1,1,0.941117107868195
1,1,0.960338890552521
0,0,0.0182571243494749
0,0,0.0247588735073805
0,0,0.0308028757572174
0,0,0.0218012910336256
0,0,0.029029218479991
0,0,0.0427522398531437
0,0,0.0157804880291224
0,0,0.0577063523232937
1,1,0.983380019664764
1,1,0.95171982049942
1,1,0.983482480049133
1,1,0.972972869873047
1,1,0.972150504589081
1,1,0.977023124694824
1,1,0.977415978908539
1,1,0.989122807979584
0,0,0.11934282630682
1,1,0.988809764385223
0,0,0.122746303677559
1,1,0.982556998729706
0,0,0.182654932141304
1,1,0.99052631855011
0,0,0.0289998184889555
0,0,0.0165209863334894
1,1,0.982749223709106
0,0,0.0377358123660088
0,1,0.908883035182953
0,0,0.0160708893090487
0,0,0.0452418550848961
0,0,0.0218928791582584
1,1,0.977719128131866
1,1,0.960887372493744
1,1,0.975381076335907
0,0,0.0297385696321726
0,0,0.493068158626556
1,1,0.703613817691803
0,0,0.026468588039279
1,1,0.793666839599609
0,0,0.17995198071003
1,1,0.984285891056061
0,0,0.0320520363748074
1,0,0.0853708013892174
1,1,0.979046881198883
0,0,0.0156020037829876
1,1,0.928922533988953
1,1,0.812155842781067
0,0,0.024132153019309
0,0,0.0383080765604973
0,0,0.0601671487092972
0,0,0.0299187991768122
0,0,0.123370550572872
1,1,0.970985174179077
1,1,0.966697335243225
0,0,0.344311833381653
0,0,0.01469511911273
0,0,0.0114021757617593
0,0,0.0219333451241255
0,0,0.029246723279357
1,1,0.949767112731934
0,1,0.924698829650879
0,0,0.16417895257473
1,1,0.981480777263641
0,0,0.0323907621204853
1,1,0.983175754547119
0,0,0.0162227526307106
1,1,0.970573902130127
1,1,0.964149415493011
1,1,0.981447100639343
0,0,0.153256699442863
0,0,0.0395830161869526
1,1,0.963400900363922
0,0,0.235264211893082
0,0,0.337126195430756
1,1,0.933651328086853
1,1,0.876034438610077
0,0,0.0292864087969065
0,0,0.0190313626080751
1,1,0.976663172245026
0,0,0.0209601353853941
1,1,0.865521430969238
1,1,0.97954386472702
0,0,0.0433769971132278
0,0,0.0284320265054703
0,0,0.0233902260661125
0,0,0.0346886329352856
1,1,0.978582203388214
0,0,0.0220886934548616
0,0,0.0551029518246651
1,1,0.978675007820129
0,0,0.0198047645390034
0,0,0.141837924718857
1,1,0.742095232009888
1,1,0.972074270248413
0,0,0.050492849200964
0,0,0.0846565365791321
0,0,0.0517104081809521
0,0,0.0177355110645294
1,1,0.953179121017456
0,0,0.0826255679130554
0,0,0.419870346784592
0,0,0.0160391610115767
1,1,0.991869926452637
0,0,0.0565234608948231
1,1,0.984042167663574
0,1,0.88189023733139
1,1,0.979674756526947
1,1,0.8446284532547
1,1,0.966819226741791
1,1,0.942656099796295
1,1,0.891170740127563
1,1,0.980723559856415
0,0,0.0117572974413633
1,1,0.971440017223358
0,0,0.0277879443019629
1,1,0.954461753368378
0,0,0.0312109775841236
0,0,0.0130210900679231
1,1,0.986879050731659
1,1,0.99075973033905
1,1,0.980738461017609
1,1,0.957727611064911
0,0,0.0249079503118992
0,0,0.108561232686043
0,1,0.973666250705719
0,0,0.12158989906311
0,0,0.0300604104995728
0,0,0.027474282309413
0,0,0.0532285384833813
0,0,0.0319700613617897
0,0,0.0187391899526119
1,1,0.961343109607697
1,1,0.932831764221191
1,1,0.980169475078583
0,0,0.177381291985512
0,0,0.0183541625738144
1,0,0.182885363698006
1,1,0.9704270362854
0,0,0.0279908049851656
1,1,0.988715946674347
0,0,0.0160968545824289
0,0,0.0245278738439083
1,0,0.0396706722676754
1,1,0.957181215286255
1,1,0.887438118457794
1,0,0.0828399732708931
0,0,0.0213978812098503
0,0,0.133466333150864
1,1,0.951499581336975
1,1,0.629140377044678
1,0,0.25245800614357
1,1,0.986481547355652
0,0,0.0203085504472256
1,1,0.952228546142578
1,1,0.940896093845367
0,0,0.0250497944653034
0,0,0.0155071262270212
1,1,0.975935518741608
1,1,0.826827347278595
1,1,0.968148529529572
0,0,0.0118785202503204
0,0,0.0148457856848836
1,1,0.576162576675415
1,1,0.959816157817841
1,1,0.985852241516113
0,0,0.0624598376452923
0,0,0.0207942835986614
1,1,0.985389173030853
0,0,0.0139310015365481
1,0,0.0815776288509369
0,0,0.0254820045083761
1,1,0.984945774078369
1,1,0.964816331863403
1,1,0.983779013156891
0,0,0.0175734255462885
1,1,0.913585901260376
0,0,0.0322586670517921
0,0,0.0335286185145378
1,1,0.975984930992126
0,1,0.95332145690918
0,0,0.0903438478708267
1,1,0.98697167634964
1,1,0.985069990158081
1,1,0.978700935840607
1,1,0.884885370731354
0,0,0.0190450008958578
0,1,0.912732064723969
1,1,0.988166749477386
0,0,0.0388502329587936
1,1,0.981495797634125
0,0,0.117758050560951
1,1,0.857649147510529
0,1,0.611384272575378
1,1,0.965707421302795
1,1,0.98779559135437
0,0,0.0117634441703558
0,0,0.0171922277659178
0,0,0.0173094198107719
0,0,0.0281934924423695
1,1,0.980706572532654
0,0,0.0148472152650356
0,0,0.0324774719774723
1,1,0.869642317295074
0,0,0.0141990128904581
0,0,0.0366022512316704
0,1,0.975391089916229
0,0,0.066875085234642
1,1,0.964805424213409
1,1,0.958713531494141
0,0,0.0484887212514877
0,0,0.0326573513448238
1,1,0.834395110607147
0,0,0.0162656605243683
0,0,0.0169758703559637
1,1,0.981873273849487
1,1,0.625679969787598
1,1,0.922853291034698
0,0,0.195321887731552
1,1,0.954238533973694
0,0,0.0180529430508614
1,1,0.95841372013092
0,0,0.0122827356681228
1,1,0.882244825363159
0,0,0.171187877655029
1,0,0.447096467018127
1,1,0.9728102684021
1,1,0.974211275577545
1,1,0.930563569068909
0,0,0.0541931428015232
1,1,0.976279199123383
0,0,0.0275032632052898
0,1,0.543679714202881
1,1,0.92255824804306
1,1,0.518474280834198
1,1,0.957025170326233
1,1,0.972097814083099
1,1,0.928377568721771
1,1,0.966895461082458
1,1,0.987290918827057
0,0,0.0136460866779089
1,1,0.981226086616516
0,0,0.0410358160734177
1,1,0.980051875114441
0,0,0.125295385718346
0,0,0.0224846322089434
1,1,0.962490260601044
1,1,0.977564632892609
1,1,0.976992130279541
0,0,0.0195515025407076
0,0,0.0208283755928278
0,0,0.0203470475971699
0,0,0.0220877639949322
1,1,0.875502049922943
1,1,0.550038039684296
1,1,0.683084845542908
0,0,0.0314498357474804
1,1,0.975135743618011
1,1,0.981932938098907
0,0,0.0253256075084209
0,0,0.0348191075026989
1,0,0.0794116854667664
1,1,0.955956399440765
0,0,0.00935328751802444
0,0,0.00882646348327398
1,1,0.802619874477386
1,1,0.977401256561279
0,0,0.0379385203123093
0,0,0.0143687361851335
0,0,0.0216666497290134
0,0,0.0213263146579266
1,1,0.922958970069885
0,0,0.0187178608030081
0,0,0.0435850918292999
1,1,0.72095113992691
1,1,0.983251571655273
1,1,0.851562559604645
1,1,0.976632237434387
1,0,0.0282843746244907
1,1,0.91149491071701
0,0,0.0474113896489143
0,0,0.3260817527771
0,0,0.022607346996665
1,1,0.958398818969727
0,1,0.771819412708282
1,1,0.992424249649048
0,0,0.0346252620220184
0,0,0.00778731284663081
0,0,0.0223934445530176
0,1,0.686426043510437
1,1,0.942746579647064
0,0,0.0225080661475658
1,1,0.941018521785736
0,0,0.0223284382373095
0,0,0.0249257907271385
0,0,0.0103056589141488
0,0,0.29304501414299
0,0,0.0435909777879715
0,0,0.013398545794189
1,1,0.889813184738159
1,1,0.896923720836639
1,1,0.91747373342514
0,0,0.0118801705539227
1,1,0.987463116645813
0,0,0.0186880137771368
1,1,0.857103765010834
1,1,0.972607553005219
1,1,0.962976396083832
0,0,0.0180148649960756
1,1,0.958771049976349
0,0,0.0134366853162646
0,0,0.0180423799902201
1,1,0.981141746044159
0,0,0.0703581795096397
0,0,0.06419987231493
0,0,0.020197257399559
0,0,0.0608123317360878
0,0,0.110464476048946
1,1,0.951515913009644
1,1,0.809436023235321
1,1,0.976935625076294
1,1,0.902711570262909
1,1,0.987630188465118
0,0,0.0174005124717951
0,0,0.0310528464615345
0,0,0.132638484239578
0,0,0.0262931250035763
1,1,0.969411075115204
0,0,0.027289068326354
0,0,0.0589967630803585
1,1,0.971108615398407
1,1,0.984390556812286
1,1,0.952878773212433
0,0,0.0730087459087372
1,1,0.90091210603714
0,0,0.030815476551652
1,1,0.972264647483826
0,0,0.0819777026772499
0,0,0.0252150036394596
0,0,0.00818038173019886
0,0,0.318364948034286
0,0,0.0170173533260822
1,1,0.990839898586273
0,0,0.0514764748513699
1,1,0.985073506832123
1,1,0.985339283943176
0,0,0.239351645112038
0,0,0.036607563495636
1,1,0.992664396762848
1,1,0.969159781932831
0,0,0.225537195801735
1,1,0.981839537620544
1,1,0.963438153266907
1,1,0.879370033740997
1,1,0.975070118904114
1,1,0.966445624828339
0,1,0.923204004764557
0,0,0.0120930578559637
1,1,0.784483850002289
1,1,0.958468556404114
0,0,0.0256894044578075
1,1,0.957027673721313
1,1,0.967717826366425
0,0,0.0246542990207672
1,1,0.975569844245911
0,0,0.0904010087251663
1,1,0.972153425216675
1,1,0.951873958110809
1,1,0.972558975219727
0,0,0.0569985397160053
1,1,0.930290579795837
0,0,0.0359076336026192
0,0,0.0258149337023497
1,1,0.944859504699707
1,1,0.937005162239075
1,1,0.982936501502991
0,0,0.0114528005942702
0,0,0.0215882882475853
1,1,0.9728724360466
1,1,0.955321252346039
1,1,0.938201606273651
0,0,0.0230222698301077
0,0,0.0188534799963236
0,0,0.0374728813767433
0,0,0.0537065006792545
0,0,0.0177194178104401
0,0,0.0156395006924868
0,0,0.0130660068243742
0,0,0.0178930703550577
1,1,0.574523985385895
0,0,0.0171812176704407
0,0,0.022096699103713
0,0,0.0232650153338909
0,0,0.0156095195561647
0,0,0.012658272869885
1,1,0.96235454082489
0,0,0.329498171806335
0,0,0.0191762931644917
0,0,0.0175027512013912
0,0,0.0633922964334488
0,0,0.0203408412635326
1,1,0.935440540313721
1,1,0.897686362266541
0,0,0.00851357262581587
1,1,0.931276679039001
1,1,0.962980091571808
1,1,0.941519916057587
0,0,0.0231598075479269
1,1,0.981778502464294
0,0,0.0518880039453506
1,1,0.971110880374908
1,1,0.983362019062042
0,0,0.0120675973594189
0,0,0.0700959265232086
0,0,0.0355028919875622
0,0,0.0162856411188841
1,1,0.952897608280182
0,0,0.163770139217377
0,0,0.0733600556850433
0,0,0.0265381541103125
1,1,0.979026675224304
0,0,0.0530574731528759
0,0,0.0134241105988622
0,0,0.0624635592103004
0,0,0.0212610755115747
0,0,0.040344201028347
0,0,0.017585976049304
1,1,0.866892635822296
1,1,0.972216308116913
1,1,0.961767256259918
1,1,0.984474062919617
1,1,0.969923436641693
1,1,0.958317995071411
1,1,0.958871960639954
0,0,0.0349122583866119
1,1,0.976071238517761
1,1,0.75959438085556
0,0,0.0142397982999682
0,0,0.298580825328827
0,1,0.85940682888031
0,0,0.0414480715990067
1,1,0.957081079483032
1,1,0.975154638290405
1,1,0.974674046039581
0,0,0.0809734463691711
1,1,0.919534921646118
1,1,0.986469507217407
1,1,0.963293552398682
1,1,0.936252176761627
0,0,0.0558063462376595
1,1,0.863893866539001
0,0,0.392507344484329
1,1,0.905939280986786
1,1,0.973844289779663
1,1,0.954140961170197
1,1,0.98580002784729
0,0,0.0290559958666563
1,1,0.751423478126526
0,0,0.0657192468643188
1,1,0.967052042484283
0,0,0.0567109100520611
0,0,0.0228611789643764
0,0,0.0136317182332277
1,1,0.976375460624695
0,0,0.0090289581567049
1,1,0.969496369361877
0,0,0.0131474835798144
1,0,0.222009092569351
1,1,0.987036168575287
0,0,0.0119350301101804
0,0,0.0245316568762064
1,1,0.960582554340363
0,0,0.0446047410368919
1,1,0.941560447216034
0,0,0.0108611453324556
1,1,0.976425051689148
1,1,0.865061640739441
1,1,0.983402907848358
1,1,0.974967896938324
1,1,0.959551095962524
1,1,0.976317763328552
1,1,0.96723735332489
0,0,0.0436325743794441
1,1,0.517864048480988
0,0,0.0165069438517094
0,0,0.0560290068387985
0,0,0.023621778935194
0,0,0.0443049296736717
1,1,0.97053986787796
0,0,0.0302142817527056
1,1,0.969833493232727
1,1,0.964595079421997
1,1,0.888544023036957
1,1,0.975688755512238
1,1,0.965445160865784
1,1,0.978295743465424
0,1,0.58992338180542
1,1,0.951659560203552
0,0,0.0169746913015842
0,0,0.016068059951067
0,1,0.799333274364471
0,0,0.0261357724666595
0,0,0.0290249045938253
1,1,0.963500559329987
1,0,0.0857190117239952
0,0,0.0145380441099405
0,0,0.035627581179142
1,1,0.831575393676758
0,0,0.0204431861639023
0,0,0.0507433414459229
0,0,0.0106725404039025
0,0,0.0199581608176231
1,1,0.97091817855835
1,1,0.980551362037659
0,1,0.658019185066223
1,1,0.984233915805817
1,1,0.968984007835388
0,0,0.0142840621992946
1,1,0.98633736371994
0,0,0.0286966115236282
1,1,0.942816495895386
1,1,0.969715356826782
0,0,0.073091596364975
0,0,0.0224439036101103
0,0,0.0194459017366171
1,1,0.928149521350861
0,0,0.0134976087138057
1,1,0.848007917404175
1,1,0.985509693622589
1,1,0.948675036430359
1,1,0.980047285556793
1,1,0.966281414031982
0,0,0.021370105445385
1,1,0.973843276500702
0,0,0.0481780581176281
1,1,0.8322594165802
0,0,0.0267241504043341
0,0,0.0528705604374409
1,1,0.97385036945343
1,1,0.928418576717377
1,1,0.936168193817139
0,0,0.020310927182436
1,1,0.888954997062683
0,0,0.0376491695642471
1,1,0.984230220317841
0,0,0.0161967687308788
0,0,0.017807275056839
0,0,0.0333805084228516
0,0,0.0443117022514343
0,0,0.137134775519371
0,0,0.177938193082809
1,1,0.970826983451843
1,1,0.975969910621643
1,1,0.943321049213409
1,1,0.962394773960114
0,0,0.187661081552505
0,0,0.0119413174688816
1,1,0.98229318857193
1,1,0.961187720298767
1,1,0.965263187885284
0,0,0.0283063612878323
0,0,0.029045969247818
0,0,0.0722361132502556
0,0,0.0235119313001633
1,1,0.973334431648254
0,0,0.0317111499607563
1,1,0.984177708625793
1,1,0.973767399787903
1,1,0.792754828929901
0,0,0.021954569965601
0,0,0.0240013897418976
0,0,0.0125816846266389
1,1,0.984492897987366
1,1,0.982253611087799
0,0,0.00933206826448441
0,0,0.0150535758584738
0,0,0.0966790094971657
1,1,0.960487306118011
1,1,0.903021454811096
0,0,0.0180671587586403
1,1,0.94349867105484
1,1,0.912049174308777
0,0,0.0292800106108189
0,1,0.698274433612823
1,1,0.98627382516861
1,1,0.93190062046051
0,0,0.0390073023736477
1,1,0.989150881767273
0,0,0.0104283075779676
0,0,0.173738092184067
0,0,0.0364824905991554
1,1,0.971018135547638
1,1,0.972900092601776
1,1,0.980066180229187
1,1,0.964459657669067
1,1,0.967271864414215
0,0,0.0198259279131889
1,1,0.966716408729553
1,1,0.970480442047119
1,1,0.972637116909027
1,1,0.915761709213257
0,0,0.0289454814046621
0,0,0.0332992598414421
1,1,0.987468838691711
1,1,0.98915022611618
0,0,0.0282376985996962
1,1,0.955413103103638
0,0,0.0910558924078941
1,1,0.965214550495148
0,1,0.73054313659668
0,0,0.050178375095129
0,0,0.0130393272265792
0,1,0.831572234630585
1,1,0.877624213695526
0,0,0.098639577627182
0,0,0.0560294725000858
1,1,0.980962634086609
0,0,0.365918189287186
1,1,0.933778047561646
1,1,0.964182436466217
1,1,0.983970701694489
0,0,0.109354361891747
1,1,0.771827161312103
0,0,0.0227684956043959
0,1,0.587631464004517
0,0,0.0273699890822172
0,0,0.011369600892067
0,0,0.0288102049380541
0,0,0.0251395534723997
1,1,0.991730749607086
0,0,0.0123365484178066
1,1,0.980222165584564
0,0,0.0342363864183426
1,1,0.978943943977356
1,1,0.984323084354401
0,0,0.0204100124537945
1,1,0.977779030799866
0,0,0.0215883981436491
1,1,0.979161858558655
1,1,0.969324827194214
1,1,0.96270489692688
1,1,0.937845408916473
1,1,0.863046884536743
1,1,0.796773612499237
1,1,0.906969308853149
0,0,0.0376759171485901
1,1,0.969060599803925
0,0,0.0138765098527074
1,1,0.966230571269989
0,0,0.0266372822225094
1,1,0.859878361225128
1,1,0.964756309986115
0,1,0.972339689731598
1,0,0.272123754024506
1,1,0.979300200939178
0,0,0.0275176297873259
1,1,0.980218410491943
0,0,0.027020925655961
0,0,0.288651704788208
1,1,0.978480339050293
0,0,0.0147871375083923
1,1,0.947363018989563
0,0,0.0216403193771839
0,0,0.0869079157710075
1,1,0.979582071304321
0,0,0.0186522919684649
0,0,0.0217089802026749
0,0,0.0138686876744032
1,1,0.976733326911926
1,1,0.957794427871704
0,1,0.52033919095993
1,1,0.934383034706116
1,1,0.932491540908813
0,0,0.0542336478829384
1,1,0.607948660850525
0,0,0.272034347057343
0,0,0.48268786072731
1,1,0.990173578262329
1,0,0.320901066064835
0,0,0.0314282774925232
0,0,0.0253804940730333
1,1,0.949783027172089
0,0,0.183186635375023
1,1,0.914654970169067
1,1,0.967763066291809
1,1,0.895263493061066
0,0,0.0227790009230375
0,0,0.116991721093655
0,0,0.107277564704418
0,0,0.206100076436996
1,0,0.403189450502396
0,0,0.0602551400661469
1,1,0.796981871128082
1,1,0.96403694152832
1,1,0.954948306083679
0,0,0.0506440736353397
1,1,0.986367046833038
1,1,0.975357711315155
0,0,0.0953758135437965
1,1,0.979213058948517
1,1,0.867857754230499
0,0,0.0719820111989975
1,1,0.856375277042389
0,0,0.0529669858515263
1,1,0.968092560768127
1,1,0.964876115322113
0,0,0.0182057004421949
0,1,0.631106317043304
0,0,0.260453313589096
0,0,0.0497811175882816
0,0,0.148817524313927
1,1,0.970177292823792
1,1,0.956447303295135
1,1,0.98482620716095
0,0,0.023063050583005
0,0,0.0502228140830994
0,0,0.0498031564056873
0,0,0.0596026070415974
0,0,0.0639689788222313
1,1,0.947656393051147
1,1,0.975253403186798
0,0,0.0539660379290581
1,1,0.935125231742859
0,1,0.501494228839874
1,1,0.852452576160431
1,1,0.96773099899292
1,1,0.936127424240112
0,0,0.48768675327301
1,1,0.586551666259766
1,1,0.976659893989563
0,0,0.0357879176735878
1,1,0.985945045948029
1,1,0.962291061878204
1,1,0.941680014133453
1,1,0.986670553684235
1,0,0.475787311792374
1,1,0.974455952644348
1,1,0.981667757034302
0,0,0.0471925064921379
0,0,0.0337720587849617
0,0,0.0460462719202042
0,0,0.0291578136384487
0,0,0.0867627412080765
0,0,0.0639438107609749
0,0,0.0119370426982641
1,1,0.740422487258911
0,1,0.578149318695068
0,0,0.0320645160973072
1,1,0.984030723571777
0,0,0.0822974368929863
1,0,0.427330374717712
0,0,0.0302705056965351
1,1,0.983749032020569
0,0,0.0162607468664646
1,1,0.987397909164429
1,1,0.972657978534698
0,0,0.020201800391078
0,0,0.0188756864517927
1,1,0.962999761104584
0,0,0.0471299514174461
0,0,0.482209116220474
0,0,0.151860401034355
0,0,0.0195127185434103
1,1,0.728226959705353
0,0,0.0162734612822533
0,0,0.484056383371353
0,0,0.0233607552945614
0,0,0.0552600584924221
0,0,0.0544132180511951
1,1,0.976268529891968
0,0,0.012426839210093
1,1,0.887437343597412
0,0,0.00840574875473976
0,0,0.0773758292198181
1,1,0.983361661434174
0,1,0.860032677650452
1,1,0.983465433120728
1,1,0.984666228294373
1,1,0.976487398147583
1,1,0.937305092811584
0,0,0.0325625352561474
1,1,0.941307842731476
1,1,0.828419864177704
0,0,0.0170328188687563
1,0,0.11664567142725
1,1,0.981047689914703
0,0,0.024412639439106
1,1,0.977327823638916
1,1,0.948505997657776
1,1,0.981382131576538
0,0,0.0203964449465275
0,1,0.976594030857086
0,0,0.0258364211767912
1,1,0.986595153808594
1,1,0.969132661819458
0,0,0.0315420180559158
1,1,0.961902141571045
0,0,0.024255583062768
1,1,0.939421355724335
1,1,0.955548346042633
1,1,0.923713684082031
0,0,0.0159847363829613
0,0,0.0118986181914806
0,0,0.0178604871034622
1,1,0.937208950519562
0,0,0.0753467306494713
1,1,0.953215897083282
0,0,0.0500693246722221
0,0,0.0171162635087967
0,0,0.0261366404592991
1,1,0.976011514663696
0,1,0.650900959968567
0,0,0.26123982667923
1,1,0.977401733398438
1,1,0.94472724199295
1,1,0.885942339897156
0,0,0.0197487883269787
0,0,0.0538584887981415
1,1,0.969373881816864
0,0,0.0175534803420305
1,0,0.446848303079605
1,1,0.854398190975189
1,1,0.984141409397125
1,1,0.971251606941223
1,1,0.980236232280731
0,0,0.018580224364996
1,1,0.973079860210419
0,0,0.0134619921445847
1,1,0.957232117652893
1,1,0.955306649208069
1,1,0.982012808322906
1,1,0.984415709972382
0,0,0.0124530773609877
1,1,0.95193874835968
1,1,0.97490531206131
1,1,0.982691705226898
1,1,0.98612368106842
1,1,0.967106699943542
1,1,0.944722652435303
0,0,0.0650027468800545
1,1,0.743751645088196
1,1,0.962419927120209
1,1,0.954472005367279
1,1,0.983764469623566
1,1,0.974267065525055
1,1,0.92273074388504
1,1,0.976411402225494
0,0,0.0200621075928211
1,1,0.618492007255554
0,0,0.037774819880724
0,0,0.193555384874344
0,0,0.0854708105325699
0,0,0.014567949809134
1,1,0.990012288093567
1,1,0.968903541564941
1,0,0.0669148936867714
0,0,0.0132297743111849
1,1,0.948033928871155
0,0,0.0191629622131586
0,0,0.0137612503021955
1,1,0.900635182857513
0,0,0.0371767394244671
1,1,0.97032243013382
0,0,0.0324106179177761
0,0,0.0170268788933754
0,0,0.0286926347762346
1,1,0.945746600627899
0,0,0.0376159362494946
1,1,0.937452793121338
1,1,0.95570981502533
0,0,0.0107709532603621
1,1,0.937899649143219
0,0,0.03926757350564
1,1,0.989565491676331
1,1,0.921986639499664
0,0,0.013744905591011
1,1,0.923818588256836
0,0,0.0238434243947268
0,0,0.0166289545595646
1,1,0.722660839557648
1,1,0.990452885627747
1,1,0.953073084354401
1,0,0.0748522058129311
1,1,0.989674746990204
0,0,0.0668715015053749
1,1,0.985014498233795
1,1,0.990369856357574
0,0,0.0172664280980825
1,1,0.980645477771759
1,1,0.898887395858765
1,1,0.979430615901947
0,0,0.0665237680077553
1,1,0.967840433120728
0,0,0.0370811969041824
1,1,0.950792372226715
0,0,0.0221852157264948
1,1,0.978225350379944
0,0,0.0189863778650761
0,0,0.0102951740846038
0,0,0.031904187053442
1,1,0.959311366081238
0,0,0.0165845341980457
0,0,0.0301930494606495
1,1,0.947289884090424
0,0,0.0207493379712105
0,0,0.0334261581301689
0,0,0.0153907416388392
0,0,0.0637011155486107
1,1,0.987129628658295
1,1,0.939141511917114
0,1,0.528920590877533
0,0,0.030857540667057
0,0,0.0266781970858574
0,0,0.184983491897583
0,0,0.010126993060112
0,0,0.0346351191401482
1,0,0.0236131437122822
0,0,0.0179480891674757
1,1,0.975853443145752
1,1,0.734366297721863
1,1,0.96163284778595
0,0,0.0363938435912132
0,0,0.0468749441206455
0,0,0.259333908557892
0,0,0.0147457225248218
1,1,0.973770260810852
1,1,0.98693174123764
0,0,0.0213042423129082
0,0,0.0358380787074566
1,1,0.978446006774902
0,0,0.0272382963448763
0,1,0.969136595726013
0,0,0.0337520465254784
0,0,0.0444683134555817
0,0,0.0800679326057434
0,0,0.023665739223361
1,1,0.519666016101837
1,1,0.796865522861481
1,1,0.974351048469543
1,1,0.88263338804245
0,0,0.0231435727328062
1,1,0.942858278751373
1,1,0.987369239330292
1,1,0.82952755689621
0,0,0.0208932422101498
0,0,0.0150565104559064
1,1,0.975027799606323
1,1,0.969272971153259
1,1,0.822781682014465
1,1,0.973540723323822
1,1,0.983027160167694
1,1,0.932262718677521
1,1,0.899024605751038
0,0,0.441515684127808
0,0,0.0110279098153114
1,1,0.98418527841568
1,1,0.935730934143066
0,0,0.0218131467700005
0,0,0.107277862727642
0,0,0.0134391179308295
0,1,0.616992354393005
0,0,0.161433666944504
1,1,0.968968212604523
1,1,0.951297700405121
0,0,0.0388758964836597
1,1,0.984277784824371
0,0,0.0398872680962086
1,1,0.981175243854523
1,1,0.981385350227356
1,0,0.0419742129743099
0,0,0.0197056196630001
0,0,0.0718857571482658
0,0,0.0171256437897682
0,0,0.048279020935297
0,0,0.272057324647903
0,0,0.0121595077216625
1,1,0.947389900684357
1,1,0.645077049732208
0,0,0.0141991395503283
1,1,0.968818724155426
0,0,0.0319270454347134
0,0,0.123009383678436
0,0,0.0385922454297543
0,0,0.0234683658927679
1,1,0.929610788822174
0,0,0.031927153468132
1,1,0.965349674224854
1,0,0.165264680981636
0,1,0.592942357063293
1,1,0.985274791717529
1,0,0.48646667599678
1,1,0.97467041015625
1,1,0.976630806922913
1,1,0.933506429195404
1,1,0.898100972175598
0,0,0.0160909034311771
0,0,0.0226330813020468
1,1,0.977771997451782
0,0,0.101923912763596
1,1,0.948576927185059
1,1,0.972174406051636
0,0,0.0141549417749047
1,1,0.963924288749695
0,0,0.039589885622263
1,1,0.973022937774658
1,1,0.685854315757751
0,0,0.267562657594681
1,1,0.96886795759201
1,1,0.989122331142426
1,1,0.976054310798645
0,0,0.073892667889595
0,0,0.318737506866455
1,1,0.93604189157486
0,0,0.0432298816740513
0,0,0.306987285614014
1,1,0.989042460918427
1,1,0.989248991012573
1,1,0.580160081386566
1,1,0.972352087497711
0,0,0.0160811077803373
1,1,0.970913231372833
1,1,0.890913367271423
0,0,0.0205990914255381
1,1,0.561079025268555
0,0,0.0720676779747009
0,0,0.0114475274458528
0,0,0.227009460330009
0,0,0.025898864492774
1,1,0.974249958992004
0,0,0.0137093346565962
1,1,0.973479151725769
0,0,0.161140561103821
0,0,0.0323325879871845
1,0,0.420916497707367
0,0,0.018204890191555
1,1,0.979081392288208
1,1,0.971966326236725
1,0,0.130215778946877
0,0,0.0116179324686527
1,1,0.982032358646393
0,0,0.0601058565080166
0,1,0.964857816696167
0,0,0.0377338752150536
0,0,0.0281354710459709
1,1,0.970621645450592
0,0,0.0386048182845116
0,0,0.0182176753878593
1,1,0.777643740177155
1,1,0.853597104549408
0,0,0.0726605579257011
0,0,0.0131906373426318
1,1,0.96966290473938
1,1,0.953399121761322
1,1,0.985458374023438
0,0,0.362885504961014
0,0,0.020955404266715
1,1,0.973150312900543
1,1,0.979338705539703
0,0,0.0533601157367229
1,1,0.963028907775879
0,0,0.0134758939966559
1,1,0.987843751907349
1,1,0.91837340593338
0,0,0.0389520637691021
0,0,0.019909368827939
1,1,0.959173381328583
1,1,0.971661031246185
0,0,0.00891016703099012
1,1,0.953440845012665
1,1,0.991978049278259
1,1,0.985831260681152
1,1,0.98856121301651
1,1,0.828603982925415
1,1,0.891605019569397
1,1,0.950722754001617
0,0,0.0949519351124763
0,0,0.100749999284744
0,0,0.0459968745708466
0,0,0.018451539799571
1,1,0.852557241916656
0,0,0.0206926763057709
1,1,0.984154224395752
1,1,0.953822016716003
1,1,0.967963635921478
0,0,0.0223388355225325
0,0,0.0240170937031507
0,0,0.0243941452354193
1,1,0.96001785993576
0,0,0.0231277421116829
1,1,0.982793807983398
1,1,0.83514803647995
1,1,0.985568702220917
0,0,0.0250810422003269
1,1,0.966833472251892
1,1,0.908383369445801
1,1,0.982650697231293
0,0,0.0308291111141443
0,0,0.0236738827079535
1,1,0.742817997932434
0,0,0.28299418091774
0,0,0.0146631095558405
1,1,0.969709396362305
0,0,0.018099332228303
1,1,0.638219892978668
0,0,0.0579982250928879
1,1,0.979398965835571
0,0,0.0162417739629745
1,1,0.976274132728577
0,0,0.013815782032907
0,0,0.00913739856332541
1,1,0.948063492774963
1,1,0.97522246837616
1,1,0.949343919754028
1,1,0.977534890174866
0,0,0.0287035424262285
1,1,0.960036396980286
0,0,0.378389716148376
1,1,0.949043750762939
1,1,0.948073029518127
1,1,0.971018671989441
0,0,0.0960006713867188
1,1,0.983365476131439
1,1,0.91448974609375
1,0,0.0778626799583435
1,1,0.963791847229004
0,0,0.0158559530973434
1,1,0.980540573596954
0,0,0.015845874324441
1,1,0.984404385089874
0,0,0.0349822454154491
1,1,0.92698734998703
0,0,0.092849887907505
1,1,0.979240298271179
0,0,0.0443468205630779
0,0,0.0292343031615019
1,1,0.979624629020691
1,1,0.840010762214661
0,0,0.0221519879996777
1,1,0.982670247554779
0,0,0.0190341491252184
1,1,0.9835165143013
0,0,0.116171829402447
1,1,0.972359418869019
0,0,0.168478533625603
1,1,0.955842435359955
0,0,0.0234603136777878
0,0,0.0245704408735037
0,0,0.0914421826601028
0,0,0.0159856751561165
0,0,0.0612803995609283
0,0,0.0155138848349452
0,0,0.037717130035162
0,0,0.0284922476857901
1,1,0.979887247085571
0,0,0.0304930359125137
1,1,0.887866616249084
1,1,0.979097068309784
1,1,0.964220225811005
1,1,0.96778929233551
1,1,0.985540211200714
1,1,0.990137100219727
1,1,0.934146761894226
1,1,0.916624963283539
1,1,0.967796564102173
0,0,0.0607816241681576
0,0,0.00978938397020102
0,0,0.296791046857834
1,1,0.968829929828644
0,0,0.0512324459850788
1,1,0.985304653644562
0,0,0.0122918337583542
0,0,0.0161420162767172
0,0,0.434456884860992
0,0,0.0270865987986326
1,1,0.727859437465668
0,0,0.021818621084094
0,0,0.0136787686496973
1,1,0.951097309589386
0,0,0.0364347212016582
0,0,0.0204669907689095
0,0,0.0571751445531845
1,1,0.957501471042633
1,1,0.975461959838867
1,1,0.940814197063446
0,0,0.0181786138564348
0,0,0.0169329140335321
0,0,0.0490989983081818
1,1,0.964896202087402
1,1,0.972578942775726
1,1,0.968014895915985
0,0,0.0592898987233639
0,0,0.0138054620474577
1,1,0.575028836727142
0,0,0.0305250100791454
0,0,0.0376197509467602
1,1,0.984688401222229
0,0,0.0114609505981207
0,0,0.0391670912504196
0,0,0.150390729308128
1,1,0.989634454250336
0,0,0.0574906058609486
1,1,0.977260291576385
0,0,0.01650027371943
0,0,0.0154300928115845
1,1,0.983954310417175
1,0,0.365446805953979
0,0,0.0161211602389812
1,1,0.850238859653473
0,0,0.0177648812532425
0,0,0.0386501848697662
0,0,0.10922235250473
0,0,0.0134561667218804
1,1,0.87899249792099
1,1,0.809235513210297
0,0,0.0350419767200947
0,0,0.111092679202557
1,1,0.976300716400146
1,1,0.961671531200409
0,0,0.0430335588753223
1,0,0.265986859798431
1,1,0.962372362613678
1,1,0.912571012973785
0,0,0.122333645820618
0,0,0.017582293599844
1,1,0.968620300292969
0,0,0.0142280561849475
0,0,0.0281597450375557
1,0,0.0361169725656509
0,0,0.0215391926467419
0,0,0.0225527603179216
1,1,0.95537281036377
1,1,0.941484689712524
1,1,0.956794440746307
1,1,0.95804089307785
0,1,0.537012934684753
1,1,0.619119644165039
1,1,0.96502411365509
0,0,0.031650859862566
1,1,0.994790434837341
1,1,0.964137017726898
0,0,0.0896944180130959
0,0,0.0375440828502178
1,1,0.934737920761108
1,1,0.841799914836884
1,1,0.968540072441101
0,0,0.0188304260373116
0,0,0.0537548176944256
1,1,0.965989589691162
1,1,0.770471096038818
0,0,0.0180873610079288
1,1,0.82873123884201
1,1,0.987672209739685
1,1,0.957232534885406
0,0,0.0214401409029961
1,1,0.773863971233368
1,1,0.978804290294647
0,0,0.0270149726420641
0,0,0.0422096513211727
0,0,0.0255441628396511
0,0,0.0123798493295908
0,1,0.661811470985413
1,1,0.977668404579163
1,1,0.9860879778862
1,1,0.975212693214417
1,1,0.932347655296326
0,0,0.0951109305024147
0,0,0.0790199935436249
1,1,0.975999593734741
0,0,0.0188651233911514
0,1,0.651647210121155
1,1,0.932424068450928
0,0,0.0218921899795532
1,1,0.980988681316376
1,1,0.975979387760162
0,0,0.251573145389557
0,0,0.0455558784306049
1,1,0.967823028564453
0,0,0.0127649065107107
1,0,0.38234269618988
0,0,0.0133220376446843
1,1,0.878301560878754
1,1,0.978561758995056
1,1,0.955382525920868
0,0,0.0277160611003637
1,1,0.640083193778992
1,1,0.947945952415466
1,1,0.955367505550385
0,0,0.0240267589688301
1,1,0.984915137290955
0,0,0.00936808250844479
1,1,0.980315983295441
1,1,0.953542053699493
1,1,0.948851704597473
1,1,0.951242685317993
1,1,0.982525944709778
1,1,0.979807257652283
0,0,0.010772192850709
1,1,0.961581349372864
1,1,0.988198339939117
1,1,0.981013834476471
1,1,0.963090837001801
0,0,0.050774347037077
1,1,0.984167158603668
0,0,0.0394274666905403
0,0,0.0178776662796736
1,1,0.829297244548798
1,1,0.971059679985046
1,1,0.864620983600616
0,0,0.127811074256897
1,1,0.987243950366974
0,0,0.0482866764068604
1,1,0.622473120689392
1,1,0.759285986423492
1,1,0.9871746301651
1,1,0.939668238162994
1,0,0.0606772191822529
0,0,0.392159670591354
0,0,0.0192181915044785
1,1,0.982626974582672
1,1,0.959277808666229
1,0,0.0946607813239098
0,0,0.0324399098753929
1,1,0.977486670017242
0,0,0.174767166376114
0,0,0.0637347921729088
1,1,0.933531641960144
1,1,0.977096617221832
0,0,0.0452848337590694
1,1,0.97447407245636
0,0,0.0151618402451277
1,1,0.64135479927063
0,0,0.0179102569818497
1,1,0.893005967140198
0,0,0.0722203776240349
1,1,0.895069181919098
0,0,0.0348193794488907
0,0,0.0204406138509512
1,1,0.98140287399292
0,0,0.320788741111755
0,0,0.0143898949027061
0,0,0.0279373284429312
1,1,0.938239097595215
0,0,0.151346668601036
0,0,0.0151436515152454
0,0,0.0162999164313078
1,1,0.864720523357391
1,1,0.980426788330078
0,0,0.0263083893805742
1,1,0.914543390274048
0,0,0.040586095303297
0,0,0.0531255677342415
0,0,0.0426727011799812
1,1,0.789318799972534
0,0,0.0244503952562809
0,0,0.0184363722801208
1,1,0.959931135177612
1,1,0.981130957603455
0,0,0.0477781258523464
1,1,0.77833890914917
0,0,0.0171991735696793
1,1,0.989782989025116
1,1,0.903410077095032
0,0,0.019697418436408
1,1,0.790218114852905
1,1,0.981690466403961
0,0,0.0183351822197437
1,1,0.941867768764496
1,1,0.95137894153595
1,1,0.850370228290558
0,0,0.0597270242869854
1,1,0.980997979640961
0,0,0.0133765023201704
0,0,0.0178895425051451
0,1,0.501881301403046
0,0,0.390940934419632
1,1,0.983641147613525
1,0,0.447229415178299
1,0,0.345528364181519
1,1,0.986719787120819
1,0,0.114764630794525
1,1,0.966708600521088
1,1,0.971796095371246
1,1,0.981873393058777
0,0,0.0206544362008572
1,1,0.990439295768738
0,0,0.0329755619168282
1,1,0.932610154151917
0,0,0.0276045985519886
0,0,0.0431625843048096
1,1,0.986969590187073
1,1,0.981356859207153
0,0,0.0683429390192032
0,0,0.00983718689531088
1,1,0.979719817638397
1,1,0.990262627601624
0,0,0.0291675347834826
0,0,0.0440335236489773
0,0,0.062200415879488
0,0,0.0172927845269442
0,0,0.380848497152328
0,0,0.293663442134857
0,0,0.0373459793627262
1,1,0.956947684288025
0,0,0.00998471584171057
1,1,0.988800764083862
0,0,0.320174098014832
0,0,0.0266612730920315
1,1,0.972985506057739
1,1,0.805256247520447
1,1,0.976680815219879
1,0,0.0935036838054657
1,1,0.888780474662781
1,1,0.89347767829895
1,1,0.990190863609314
0,0,0.0134670464321971
0,0,0.0143994875252247
0,0,0.0174541100859642
1,1,0.973318994045258
0,0,0.222451716661453
0,0,0.00503691425547004
1,1,0.716821908950806
0,0,0.200978443026543
0,0,0.286006599664688
1,1,0.973857283592224
1,1,0.962225437164307
0,0,0.0509615167975426
0,1,0.771800637245178
1,1,0.973245322704315
0,0,0.0114751774817705
1,1,0.979991555213928
0,0,0.0253987349569798
1,1,0.983047962188721
0,0,0.0343607217073441
1,1,0.934265971183777
1,1,0.888616681098938
1,1,0.973492383956909
1,1,0.988709986209869
0,0,0.0258757900446653
1,1,0.94805383682251
1,1,0.978821396827698
1,1,0.989663898944855
1,0,0.467572391033173
1,1,0.813063144683838
0,0,0.469906270503998
0,0,0.0631352514028549
0,0,0.0303415767848492
0,0,0.0304123014211655
0,0,0.0310731250792742
1,0,0.187218427658081
0,0,0.0986042618751526
1,1,0.980417609214783
0,0,0.0227652806788683
0,0,0.0455860905349255
1,1,0.994271278381348
0,1,0.762162148952484
0,0,0.00720609910786152
1,1,0.987604260444641
0,0,0.0572953633964062
1,1,0.863472700119019
1,1,0.984998643398285
0,0,0.099581390619278
1,1,0.972789168357849
0,0,0.0947488024830818
0,0,0.123909942805767
1,1,0.958363652229309
0,0,0.0141992997378111
1,1,0.973697423934937
0,0,0.0269756242632866
0,0,0.0409118123352528
0,0,0.0108255129307508
0,0,0.0263670459389687
1,1,0.966888427734375
0,0,0.0554855093359947
1,1,0.972320675849915
0,0,0.188131436705589
1,1,0.97178328037262
1,1,0.955976665019989
0,0,0.027519203722477
0,0,0.0264669377356768
0,0,0.0275375545024872
1,1,0.983202755451202
0,0,0.0287808198481798
1,1,0.94258439540863
1,1,0.978839695453644
1,1,0.570037961006165
1,1,0.967880666255951
0,0,0.0165794268250465
0,0,0.0673105046153069
1,1,0.979479253292084
0,0,0.0121702793985605
0,0,0.0152427293360233
1,1,0.971616983413696
1,1,0.964750051498413
0,1,0.965355932712555
1,1,0.975590169429779
0,0,0.31061515212059
1,1,0.983419179916382
0,0,0.0308900251984596
0,0,0.0383646711707115
1,1,0.932134985923767
0,0,0.0645168423652649
0,0,0.0292893014848232
1,1,0.93699848651886
1,1,0.968253016471863
0,0,0.0377408601343632
0,0,0.0292978920042515
0,0,0.012174435891211
1,1,0.9343141913414
1,1,0.919031023979187
1,1,0.931908071041107
0,0,0.0723793283104897
0,0,0.0334490649402142
0,1,0.83557391166687
0,0,0.0126421572640538
0,0,0.0638453289866447
1,1,0.977499902248383
0,0,0.0292048510164022
0,0,0.0452235490083694
1,1,0.981032848358154
0,1,0.573521316051483
0,1,0.574416995048523
1,0,0.345953375101089
0,0,0.0127924885600805
1,1,0.967310905456543
0,0,0.02161362208426
1,1,0.979652523994446
0,1,0.595072567462921
0,0,0.0565704219043255
1,1,0.981288075447083
1,1,0.982304453849792
1,1,0.972341299057007
0,0,0.0223372057080269
1,1,0.961912631988525
0,0,0.0389564745128155
1,0,0.177746430039406
1,1,0.917535126209259
0,0,0.0150018911808729
1,1,0.985514521598816
1,1,0.951744258403778
1,1,0.981392443180084
1,1,0.961677253246307
1,1,0.758220076560974
1,1,0.966790795326233
0,0,0.0191010665148497
0,0,0.103137992322445
0,0,0.0392774529755116
0,0,0.0710761249065399
0,0,0.0114839756861329
1,1,0.979122340679169
1,1,0.827064216136932
1,1,0.986842334270477
1,1,0.576251447200775
0,0,0.00910727959126234
1,1,0.956295311450958
1,1,0.819571018218994
1,1,0.96431165933609
1,1,0.958827495574951
1,1,0.981692910194397
1,1,0.698552250862122
0,0,0.0433771759271622
0,0,0.0953111574053764
0,0,0.0225263219326735
1,1,0.952321529388428
0,0,0.0212635919451714
0,0,0.0119752734899521
1,1,0.974271357059479
0,1,0.524506211280823
0,0,0.37239733338356
1,1,0.516762316226959
1,1,0.931509256362915
0,0,0.0233247075229883
0,0,0.0392792783677578
0,0,0.0150731801986694
0,0,0.150198057293892
0,1,0.585199952125549
1,1,0.977408230304718
1,1,0.984801232814789
0,0,0.014431606978178
0,0,0.174635648727417
1,1,0.973840773105621
0,0,0.0167878661304712
1,1,0.897215783596039
0,0,0.289422571659088
0,1,0.920430421829224
0,0,0.0131689943373203
1,1,0.968222796916962
0,0,0.0181934516876936
0,0,0.334210723638535
0,0,0.0734738782048225
1,1,0.963015973567963
0,0,0.0119607383385301
1,1,0.910310745239258
1,1,0.976119816303253
1,1,0.982834219932556
0,0,0.0247748270630836
1,1,0.920227527618408
1,1,0.969484686851501
1,1,0.657200396060944
0,0,0.294752061367035
0,0,0.195207312703133
1,1,0.979232609272003
1,1,0.910990655422211
0,0,0.0571083761751652
1,1,0.679213583469391
0,1,0.756670534610748
1,1,0.867303252220154
0,0,0.167838156223297
0,0,0.0635042637586594
1,1,0.907920718193054
1,1,0.991206109523773
0,0,0.021174905821681
1,1,0.965842664241791
0,0,0.0182417072355747
1,1,0.9809530377388
0,1,0.878104984760284
0,0,0.0197931323200464
1,1,0.987189710140228
1,1,0.933771669864655
0,0,0.0124069759622216
0,0,0.00864499527961016
1,1,0.813378155231476
1,1,0.958242893218994
1,0,0.0368574894964695
1,1,0.907693386077881
0,0,0.0156333204358816
1,1,0.957896292209625
1,1,0.971226871013641
1,1,0.972884714603424
1,1,0.937747359275818
1,1,0.662077903747559
1,1,0.988012194633484
0,0,0.0183895155787468
1,1,0.978521466255188
1,1,0.981653034687042
0,0,0.0292869657278061
1,1,0.987620770931244
0,0,0.0267622824758291
1,1,0.971840798854828
0,0,0.0155220786109567
0,0,0.0140651809051633
1,1,0.766914844512939
1,1,0.975621223449707
0,0,0.0220586843788624
1,1,0.975052416324615
1,1,0.799634099006653
0,0,0.0252892579883337
0,0,0.0617583431303501
1,1,0.954721808433533
1,1,0.930413782596588
0,0,0.0376929342746735
1,1,0.541652798652649
0,0,0.0535469725728035
1,1,0.971794486045837
0,0,0.0194846820086241
0,0,0.0182329304516315
1,1,0.955479025840759
1,1,0.924378752708435
1,1,0.980651199817657
0,0,0.0160250030457973
1,1,0.957473576068878
0,0,0.0599877052009106
0,0,0.0607562586665154
1,1,0.977070331573486
1,1,0.98795086145401
1,1,0.980220675468445
1,1,0.971163928508759
1,0,0.450174927711487
0,0,0.0253097526729107
0,0,0.0138285746797919
0,0,0.0257685482501984
1,1,0.988903105258942
0,0,0.0337509587407112
1,1,0.9771928191185
0,0,0.0729082375764847
0,0,0.0145791666582227
0,1,0.721423149108887
0,0,0.0299932975322008
0,0,0.0648927763104439
0,0,0.0257731024175882
1,1,0.974319458007812
0,0,0.0209956541657448
0,0,0.0166535954922438
1,1,0.756889402866364
1,1,0.784643054008484
0,0,0.295940905809402
1,1,0.982237040996552
1,1,0.76639711856842
0,0,0.0154642360284925
1,1,0.967194795608521
0,0,0.0144339883700013
1,1,0.964654684066772
1,1,0.960083425045013
1,1,0.976935923099518
0,0,0.0179097540676594
1,1,0.732023656368256
0,0,0.152644485235214
1,1,0.939570963382721
1,1,0.963516652584076
1,1,0.975177645683289
1,1,0.960664391517639
0,0,0.0256924405694008
1,1,0.967734575271606
1,1,0.911644220352173
0,0,0.0122726336121559
1,0,0.027055473998189
1,1,0.931461691856384
0,0,0.0143554303795099
0,0,0.0110775344073772
0,0,0.013350473716855
0,0,0.285291284322739
0,0,0.0398411080241203
0,0,0.0117348749190569
1,1,0.993909239768982
1,1,0.962419390678406
1,1,0.982056736946106
1,1,0.985558748245239
1,1,0.982593238353729
1,1,0.91652500629425
0,0,0.0177549999207258
1,1,0.973003327846527
0,0,0.0158942230045795
0,0,0.0126619804650545
1,1,0.988319873809814
1,1,0.843678534030914
0,1,0.973549842834473
0,0,0.014875641092658
1,1,0.960717558860779
0,0,0.0141755575314164
0,0,0.0371684245765209
0,0,0.0630529448390007
1,1,0.976355671882629
0,1,0.609873354434967
0,0,0.0323434136807919
0,0,0.0354286171495914
1,1,0.915467977523804
1,1,0.673382341861725
0,0,0.0246026627719402
0,0,0.0250295177102089
1,0,0.206979751586914
1,1,0.812754392623901
0,0,0.0354871824383736
0,0,0.0238172393292189
0,1,0.731196284294128
1,1,0.961339592933655
1,1,0.950638055801392
0,0,0.0480767451226711
0,0,0.0329199843108654
1,1,0.918874859809875
0,0,0.0466740727424622
0,0,0.00975224003195763
0,0,0.0342558845877647
0,0,0.0143909091129899
0,0,0.0175611227750778
0,0,0.0752358138561249
0,0,0.0142218042165041
0,0,0.0189166478812695
0,0,0.041779026389122
1,1,0.961437106132507
1,1,0.961499810218811
0,0,0.0662150606513023
0,0,0.0084780054166913
0,0,0.0203126110136509
1,1,0.954551935195923
0,0,0.324664235115051
1,1,0.965157449245453
1,1,0.965342700481415
0,0,0.00972400233149529
0,0,0.0161378383636475
1,1,0.957053244113922
1,1,0.956826746463776
1,1,0.954042017459869
1,1,0.966437935829163
0,0,0.246488004922867
0,0,0.0481095351278782
0,1,0.879124522209167
1,1,0.9557865858078
0,0,0.0165808107703924
0,0,0.0175742730498314
1,1,0.92584639787674
1,0,0.0259102825075388
1,1,0.984160602092743
0,0,0.129827529191971
1,1,0.976216375827789
0,0,0.0409744195640087
0,0,0.0716481879353523
1,1,0.965953171253204
0,0,0.149145364761353
1,1,0.974929451942444
1,1,0.989626526832581
1,1,0.931068420410156
0,1,0.92057067155838
1,1,0.982527434825897
0,0,0.0387549325823784
0,0,0.0272115338593721
1,1,0.985437870025635
0,0,0.457660019397736
1,0,0.430269151926041
0,0,0.0217575579881668
0,0,0.024684289470315
0,0,0.0290821976959705
1,1,0.967805802822113
1,1,0.97611141204834
1,1,0.945469260215759
1,1,0.983053863048553
0,0,0.0386684611439705
1,1,0.986758649349213
1,1,0.936969339847565
1,1,0.983283758163452
1,1,0.968296706676483
1,1,0.97896546125412
0,0,0.0184922255575657
1,1,0.869552552700043
0,0,0.0165778249502182
1,1,0.983132064342499
0,1,0.895705997943878
1,1,0.963705897331238
0,0,0.0162182413041592
1,1,0.971852481365204
0,0,0.0330573357641697
1,1,0.911780834197998
0,0,0.0347611159086227
0,0,0.0501089692115784
0,0,0.0869138389825821
0,0,0.0175081714987755
0,0,0.0664804726839066
1,1,0.987407922744751
1,1,0.788133800029755
1,1,0.942655682563782
0,0,0.0305960904806852
0,0,0.03155367821455
1,1,0.965307056903839
0,0,0.00847298465669155
1,1,0.992290318012238
0,0,0.0206320621073246
0,0,0.0483358949422836
1,1,0.92373126745224
1,1,0.92442113161087
1,1,0.973452925682068
1,1,0.943491578102112
1,1,0.975505530834198
0,0,0.0204111766070127
0,0,0.0428914166986942
0,0,0.0168433990329504
1,1,0.911458194255829
0,0,0.0276832953095436
0,0,0.0214678067713976
0,1,0.62760990858078
1,1,0.947507083415985
1,1,0.896965801715851
1,1,0.978453993797302
0,0,0.0207680985331535
0,0,0.0210887733846903
1,1,0.80291360616684
1,1,0.944508492946625
0,0,0.0109450733289123
0,0,0.0249599628150463
0,0,0.0654370039701462
0,0,0.0366343706846237
1,1,0.990499556064606
0,0,0.0147021412849426
1,1,0.789675176143646
0,0,0.0504796579480171
1,1,0.926421105861664
0,0,0.0289968252182007
0,0,0.0249322783201933
0,0,0.0472021475434303
0,0,0.281770765781403
0,0,0.0487675368785858
0,0,0.0454100519418716
1,1,0.90961766242981
0,0,0.0288083851337433
1,1,0.962937712669373
1,1,0.957879185676575
1,1,0.866983652114868
1,1,0.886392414569855
1,1,0.982186436653137
1,1,0.828447043895721
0,0,0.0420243926346302
1,1,0.925710499286652
0,0,0.0295615382492542
1,1,0.979368448257446
0,0,0.244772493839264
0,0,0.0161585044115782
1,1,0.824718177318573
1,1,0.882804393768311
0,0,0.0327216200530529
0,0,0.0604628920555115
1,1,0.97009688615799
0,0,0.0619775354862213
0,0,0.0387762971222401
0,1,0.927226185798645
0,0,0.22930796444416
1,1,0.979312896728516
0,0,0.0229968186467886
0,0,0.0206151530146599
0,0,0.0136979734525084
0,0,0.0113900508731604
0,0,0.383527755737305
1,1,0.950534105300903
1,0,0.0357117690145969
0,0,0.0179909393191338
0,0,0.0148710375651717
0,0,0.0706330612301826
1,1,0.911248385906219
1,1,0.966690003871918
1,1,0.851086854934692
1,1,0.938331961631775
1,1,0.958508193492889
1,1,0.533607661724091
1,1,0.97856217622757
1,1,0.910371601581573
0,0,0.178180932998657
0,0,0.0342518016695976
0,0,0.0275566838681698
1,1,0.952345669269562
1,1,0.50681471824646
0,0,0.0308349281549454
0,0,0.0409380234777927
0,0,0.116995222866535
1,1,0.975355207920074
1,1,0.986037075519562
0,0,0.0494781136512756
0,0,0.0431580916047096
1,1,0.68560004234314
1,1,0.877273082733154
1,1,0.956251263618469
0,0,0.028854900971055
0,0,0.0195360463112593
1,1,0.981929361820221
1,1,0.966949939727783
1,1,0.978222131729126
0,0,0.0139023596420884
1,1,0.973617434501648
1,1,0.961535394191742
1,1,0.972121775150299
0,0,0.0736244320869446
1,1,0.974493086338043
1,1,0.986365675926208
0,0,0.0268983654677868
0,1,0.911990284919739
1,1,0.954785048961639
1,1,0.929802477359772
0,0,0.021716445684433
0,0,0.011604524217546
1,1,0.952658414840698
1,1,0.969553172588348
0,0,0.0301410779356956
0,0,0.0423078574240208
0,0,0.0336876176297665
1,1,0.959688246250153
1,1,0.988850772380829
0,0,0.0226705782115459
0,0,0.0632667019963264
1,1,0.976952314376831
0,0,0.0173196848481894
0,0,0.0643781051039696
0,0,0.0594012141227722
1,1,0.97590297460556
1,1,0.935409903526306
1,1,0.974879622459412
0,0,0.00780824897810817
1,1,0.979918479919434
1,1,0.678970456123352
1,1,0.758804619312286
1,0,0.431407481431961
1,1,0.984307706356049
0,0,0.0294482447206974
1,1,0.980217695236206
1,1,0.79228413105011
0,0,0.0199972130358219
1,1,0.979442894458771
0,0,0.023631701245904
0,0,0.0276780892163515
1,1,0.751004755496979
1,1,0.97724437713623
1,1,0.727408468723297
0,1,0.756348311901093
0,0,0.0114668784663081
1,1,0.978636205196381
1,1,0.983645439147949
0,0,0.100238800048828
1,1,0.987310528755188
0,0,0.0139054711908102
1,1,0.745196461677551
1,1,0.982069730758667
1,1,0.98257714509964
0,0,0.0132625000551343
1,1,0.885737359523773
1,1,0.884273290634155
0,0,0.043301347643137
1,1,0.919999003410339
0,0,0.026947021484375
0,0,0.0264956895262003
0,0,0.159047901630402
0,0,0.0330992676317692
0,0,0.0368918068706989
1,1,0.950741052627563
1,1,0.967871367931366
1,1,0.888497352600098
1,1,0.967343926429749
0,0,0.0218195617198944
0,0,0.018193393945694
1,0,0.174183338880539
1,1,0.941073715686798
1,1,0.897215783596039
0,0,0.0142102828249335
1,1,0.984035015106201
0,0,0.0124488500878215
1,1,0.622658669948578
1,1,0.907472252845764
1,1,0.963652968406677
0,0,0.0322102606296539
0,0,0.0275434218347073
0,0,0.0793673545122147
1,1,0.886106610298157
1,1,0.708434522151947
1,1,0.987070083618164
1,1,0.988038063049316
1,1,0.894188165664673
0,0,0.0383600816130638
0,0,0.0149758420884609
0,0,0.0570938289165497
1,1,0.942208766937256
0,0,0.138151243329048
1,1,0.980256617069244
1,1,0.972955584526062
0,0,0.0175830759108067
1,1,0.989412605762482
1,1,0.978765070438385
1,1,0.958335340023041
1,1,0.97367787361145
0,0,0.0306832455098629
0,0,0.022359162569046
0,0,0.023698465898633
1,1,0.983760118484497
1,1,0.980180561542511
0,0,0.0535507649183273
0,1,0.944706559181213
0,0,0.163260236382484
0,0,0.0236344747245312
1,1,0.969261705875397
0,0,0.0273525640368462
1,1,0.878763496875763
0,0,0.0252231098711491
0,0,0.226223319768906
0,0,0.367831587791443
0,0,0.0445342175662518
1,1,0.97184282541275
0,0,0.0145462034270167
0,0,0.0637336745858192
1,1,0.961497724056244
0,0,0.0230375379323959
0,0,0.00856001861393452
0,0,0.0781239792704582
1,1,0.952427089214325
1,1,0.973861694335938
1,1,0.949721097946167
0,0,0.0158755648881197
0,0,0.0491663664579391
0,0,0.035329345613718
1,1,0.982311606407166
0,1,0.907091915607452
0,0,0.0181473456323147
0,0,0.0650255605578423
1,1,0.96794331073761
0,0,0.0151462908834219
0,0,0.160731673240662
1,1,0.956092596054077
0,0,0.0312172286212444
0,0,0.0539691559970379
1,1,0.755260944366455
0,0,0.0608774460852146
1,1,0.952510416507721
1,1,0.978076934814453
0,0,0.0289873722940683
1,1,0.873899638652802
0,0,0.0192590579390526
0,0,0.0153227644041181
1,1,0.966408014297485
1,1,0.954766809940338
0,0,0.195991411805153
0,0,0.0129163330420852
1,1,0.960659146308899
0,0,0.0153195336461067
1,1,0.959424138069153
1,1,0.97440505027771
1,1,0.971295833587646
1,1,0.97729629278183
1,1,0.919068157672882
1,1,0.966369271278381
1,1,0.979049742221832
0,0,0.0479295775294304
1,1,0.986955344676971
0,0,0.0569842532277107
1,1,0.975009024143219
0,0,0.0156009197235107
0,0,0.0102803418412805
1,1,0.980858147144318
1,1,0.918966233730316
0,0,0.0305604226887226
0,0,0.0619377419352531
1,0,0.168147087097168
0,0,0.0105885481461883
0,0,0.04240333288908
0,0,0.013417974114418
1,1,0.975372791290283
1,1,0.971883356571198
1,1,0.99204695224762
0,0,0.0192459244281054
0,0,0.0238720998167992
1,1,0.976725399494171
1,1,0.981403589248657
1,1,0.972899377346039
1,1,0.943695783615112
1,1,0.964248180389404
1,1,0.967097103595734
0,0,0.0182115659117699
0,0,0.0535047687590122
1,1,0.986051678657532
1,1,0.980167746543884
0,0,0.108083546161652
1,1,0.782879650592804
0,0,0.184563636779785
0,0,0.0211214255541563
0,1,0.763734221458435
1,1,0.962636947631836
0,0,0.00971845723688602
1,1,0.970710098743439
1,1,0.932533204555511
1,1,0.975172221660614
1,1,0.976722002029419
1,1,0.951415657997131
0,0,0.0208403747528791
0,0,0.0431443527340889
0,0,0.0291406232863665
1,0,0.499719649553299
0,0,0.0190374217927456
1,0,0.084479458630085
0,0,0.0413072295486927
0,0,0.116692535579205
0,0,0.101443976163864
1,1,0.930170655250549
0,0,0.0104276575148106
0,0,0.0248896535485983
1,0,0.0331390611827374
1,1,0.915165543556213
1,1,0.987342715263367
1,1,0.974562466144562
1,1,0.965932071208954
1,1,0.961998343467712
1,1,0.953509569168091
1,1,0.950168788433075
0,0,0.0255385357886553
1,1,0.976052522659302
0,0,0.0229079350829124
1,1,0.961066246032715
1,1,0.972785890102386
1,1,0.533895134925842
1,1,0.951200187206268
0,0,0.0182791221886873
0,0,0.455630958080292
1,1,0.96601539850235
0,0,0.306144267320633
1,1,0.928684651851654
1,1,0.92789489030838
0,0,0.0985976830124855
1,1,0.978133618831635
0,0,0.0341558791697025
1,1,0.95311564207077
0,0,0.0132252788171172
0,0,0.0223313700407743
0,0,0.049346100538969
1,1,0.977342188358307
0,0,0.029889652505517
0,0,0.0449881628155708
0,0,0.0137932300567627
1,1,0.919999718666077
0,0,0.0181923322379589
1,1,0.966883063316345
0,0,0.0184866283088923
1,1,0.937410056591034
1,1,0.938338994979858
0,0,0.0292382221668959
0,0,0.270410984754562
0,0,0.0153612950816751
0,1,0.956718266010284
1,1,0.976990580558777
0,0,0.00998867116868496
1,1,0.962610244750977
1,1,0.952454328536987
1,1,0.964089691638947
0,0,0.0169527921825647
1,1,0.960819661617279
1,1,0.933583676815033
0,0,0.0463434830307961
0,0,0.0191257260739803
0,1,0.570676445960999
0,0,0.02099784091115
1,1,0.949757933616638
1,1,0.949119210243225
0,0,0.0504109971225262
1,1,0.968368232250214
1,1,0.986917793750763
1,1,0.964594304561615
1,1,0.983639776706696
0,0,0.0321815572679043
1,1,0.71616667509079
0,0,0.0106673305854201
1,1,0.972799181938171
1,0,0.412035763263702
0,0,0.00997836887836456
1,1,0.950743198394775
0,0,0.0276141278445721
1,1,0.982380867004395
0,0,0.0486788600683212
0,0,0.00766702089458704
0,0,0.0111846420913935
1,1,0.979337930679321
0,0,0.0166895538568497
1,1,0.948287785053253
1,1,0.774912118911743
1,1,0.976647734642029
1,1,0.949314296245575
1,1,0.869563162326813
1,1,0.981306672096252
1,1,0.961845338344574
1,1,0.971321105957031
1,1,0.976480960845947
0,0,0.0440463982522488
0,0,0.0572394356131554
0,0,0.0896277502179146
0,0,0.0779346972703934
0,0,0.0205450225621462
1,1,0.925538003444672
0,0,0.0153308669105172
0,0,0.0202052835375071
1,1,0.913573682308197
1,1,0.96329391002655
0,0,0.118495225906372
0,0,0.0595542602241039
0,0,0.010035190731287
0,0,0.0141074974089861
0,0,0.0169289857149124
0,0,0.022519750520587
1,1,0.979772329330444
1,1,0.975004136562347
1,1,0.839090824127197
0,0,0.028939850628376
1,1,0.967690050601959
1,1,0.984716773033142
0,0,0.0294298864901066
0,1,0.573114097118378
1,1,0.796326458454132
1,1,0.936442017555237
1,0,0.261791914701462
1,1,0.979057312011719
1,1,0.908715665340424
0,0,0.0221500881016254
1,1,0.976205289363861
0,0,0.023799192160368
1,1,0.953886091709137
1,1,0.947072744369507
1,1,0.991694509983063
0,0,0.0227260962128639
1,1,0.974576771259308
1,1,0.870395958423615
1,1,0.979375660419464
0,0,0.0655223354697227
1,1,0.954164326190948
1,1,0.952773630619049
1,1,0.968438804149628
1,1,0.94935542345047
1,1,0.953050792217255
0,0,0.0185072645545006
1,0,0.337016820907593
1,1,0.94682914018631
1,0,0.0869043245911598
0,0,0.037611473351717
0,0,0.0269181821495295
1,1,0.973651111125946
0,0,0.0183845069259405
0,0,0.02010902389884
0,0,0.0271690860390663
1,1,0.943482995033264
1,1,0.882360637187958
0,0,0.0291753727942705
0,0,0.022226246073842
1,1,0.958309888839722
0,0,0.0426178500056267
1,1,0.982849895954132
1,1,0.976968944072723
0,0,0.0289461966603994
0,0,0.0141039956361055
1,1,0.98175573348999
0,0,0.0263991020619869
1,0,0.152676194906235
1,1,0.931942999362946
0,0,0.0336353220045567
0,0,0.0258344151079655
1,1,0.969661116600037
0,0,0.134143367409706
1,1,0.968815684318542
0,0,0.0171921718865633
1,1,0.976617693901062
1,1,0.975660622119904
0,0,0.0144852222874761
0,0,0.0249994620680809
1,1,0.945291996002197
1,1,0.96821653842926
1,1,0.979705989360809
1,1,0.949401080608368
0,0,0.0125897442921996
0,0,0.0563719682395458
1,1,0.970100581645966
0,0,0.13359822332859
1,1,0.987253367900848
0,0,0.014875641092658
1,1,0.979032874107361
1,1,0.959626853466034
0,0,0.0175943486392498
1,1,0.951586186885834
1,1,0.971759080886841
1,1,0.86683851480484
0,0,0.0132060088217258
1,1,0.961503207683563
1,1,0.958366870880127
1,1,0.986779451370239
0,1,0.681874394416809
0,0,0.0648807138204575
1,1,0.898444652557373
1,1,0.968027055263519
0,0,0.0348064750432968
0,1,0.954628944396973
1,1,0.933420479297638
1,1,0.949390351772308
1,1,0.973532557487488
0,0,0.022964384406805
0,0,0.0201322678476572
0,0,0.02848638035357
0,0,0.0258474871516228
1,1,0.893738985061646
0,0,0.0558020435273647
1,0,0.0410968065261841
0,0,0.0134825697168708
0,0,0.211589708924294
1,1,0.987333297729492
1,1,0.977523028850555
1,1,0.976970434188843
0,0,0.0294441822916269
0,0,0.0565926879644394
0,0,0.0568762570619583
0,0,0.0152492159977555
0,0,0.125149980187416
0,0,0.0341861732304096
0,0,0.234388262033463
0,0,0.417959779500961
0,0,0.0631498172879219
0,0,0.0131060350686312
0,0,0.0171025581657887
0,0,0.0154807884246111
1,1,0.764718174934387
0,0,0.021525027230382
0,0,0.0300228521227837
1,1,0.983634829521179
1,1,0.981918811798096
1,1,0.983783781528473
1,1,0.92718243598938
0,0,0.355506479740143
1,1,0.976610660552979
0,0,0.0635195970535278
1,1,0.979926407337189
0,0,0.0347598381340504
0,0,0.00917138624936342
0,0,0.0227827858179808
0,0,0.00507903657853603
0,0,0.0394617281854153
0,0,0.0224044341593981
1,1,0.570766985416412
1,1,0.976062595844269
1,1,0.969950675964355
1,1,0.985031962394714
1,1,0.978323101997375
0,0,0.132851853966713
0,0,0.0245196595788002
1,1,0.980115056037903
0,0,0.0157148949801922
1,1,0.970209300518036
1,0,0.0730654001235962
1,0,0.462265133857727
1,1,0.985206067562103
0,0,0.035551730543375
0,0,0.0133395809680223
0,0,0.0236991010606289
0,0,0.0217694342136383
1,1,0.860731840133667
1,1,0.979153096675873
1,1,0.948488116264343
1,1,0.904115796089172
1,1,0.975494742393494
0,0,0.0150812808424234
0,0,0.0222824495285749
0,0,0.0172544494271278
0,0,0.0204973220825195
1,1,0.708366215229034
1,1,0.776160657405853
0,0,0.0950632840394974
1,1,0.978628635406494
1,1,0.948906123638153
1,1,0.95743727684021
0,0,0.0232034139335155
1,1,0.986048579216003
0,1,0.799994587898254
0,0,0.118412025272846
0,0,0.01899528875947
1,1,0.989689350128174
0,0,0.0432960912585258
0,0,0.119824439287186
0,0,0.0288713630288839
1,1,0.921624302864075
0,0,0.0305517744272947
0,0,0.0303121134638786
0,0,0.0178835038095713
1,1,0.973536968231201
0,0,0.151032716035843
1,1,0.991051971912384
1,1,0.98410427570343
0,0,0.0234258454293013
1,1,0.979521572589874
1,1,0.898875892162323
0,0,0.0281858686357737
1,1,0.977679789066315
0,0,0.048338208347559
0,0,0.0321251414716244
0,0,0.054890088737011
1,1,0.961742997169495
1,1,0.955803990364075
1,1,0.944887042045593
1,1,0.986864745616913
1,1,0.930673003196716
0,0,0.195257917046547
1,1,0.899993121623993
1,1,0.909956336021423
0,0,0.0336506925523281
0,0,0.0149461943656206
0,0,0.0130399474874139
0,0,0.0150225358083844
1,1,0.891571283340454
0,0,0.014556385576725
0,0,0.0415961407124996
1,1,0.976441740989685
1,1,0.898596227169037
1,1,0.973104000091553
0,0,0.0233895182609558
1,0,0.148004159331322
1,1,0.965618848800659
1,1,0.984355747699738
0,0,0.0394225977361202
0,0,0.0144968470558524
1,1,0.919317245483398
0,0,0.0303948577493429
1,1,0.969057440757751
1,1,0.975737571716309
1,0,0.0435812547802925
1,1,0.940878033638
0,0,0.0180870816111565
0,0,0.0137758711352944
1,1,0.908379077911377
0,0,0.0880409255623817
1,1,0.969325065612793
0,0,0.02986697293818
1,0,0.130097195506096
1,1,0.98806494474411
1,1,0.907528221607208
1,1,0.884222269058228
0,0,0.0514824949204922
0,0,0.0182804651558399
1,1,0.970920979976654
0,0,0.0196347124874592
1,1,0.973387181758881
1,1,0.978542447090149
1,0,0.283294260501862
1,0,0.0890379101037979
1,1,0.913502871990204
0,0,0.0340060405433178
1,1,0.959914922714233
1,1,0.965051710605621
1,1,0.967875063419342
1,1,0.96237587928772
1,1,0.987760782241821
1,0,0.0220855958759785
1,1,0.988685071468353
0,0,0.0361271984875202
1,1,0.954032361507416
0,0,0.206532046198845
1,1,0.736179411411285
0,0,0.0427252873778343
0,0,0.226045817136765
0,1,0.809288918972015
0,0,0.0210487861186266
0,0,0.0330166406929493
0,0,0.0473719611763954
0,0,0.152374491095543
1,1,0.978929817676544
1,1,0.973604202270508
1,1,0.958562076091766
0,0,0.0125598730519414
1,1,0.977489650249481
0,0,0.020260302349925
0,0,0.0183192025870085
1,1,0.973543882369995
1,1,0.973058044910431
1,1,0.881167232990265
0,0,0.0112163126468658
1,1,0.968101143836975
0,0,0.015289711765945
1,0,0.237077921628952
1,1,0.981746435165405
1,1,0.969297051429749
0,0,0.0374150350689888
0,0,0.14216236770153
1,1,0.949785709381104
0,0,0.289397269487381
1,1,0.731996178627014
1,1,0.963156223297119
1,1,0.977978527545929
0,0,0.0192801523953676
0,0,0.0157180149108171
1,1,0.930623412132263
1,1,0.681904137134552
0,0,0.0306452065706253
1,1,0.813272297382355
1,1,0.909140229225159
1,1,0.954827547073364
0,0,0.022827809676528
0,0,0.0319336615502834
1,1,0.782579720020294
0,0,0.0175429992377758
1,1,0.976402282714844
1,1,0.80524080991745
1,1,0.977855503559113
1,1,0.972750902175903
0,0,0.0983979180455208
0,0,0.00966923497617245
0,0,0.0106185078620911
1,1,0.971115708351135
0,0,0.327679187059402
1,0,0.0501651056110859
1,1,0.978949308395386
0,0,0.155226439237595
0,0,0.0299023799598217
1,1,0.978711545467377
0,0,0.0739182978868484
1,1,0.931660950183868
0,0,0.0101646622642875
0,0,0.0175105426460505
1,1,0.908243119716644
0,0,0.0510141775012016
1,1,0.97887772321701
1,1,0.977415502071381
0,0,0.0783601328730583
0,0,0.00776036363095045
0,0,0.0221646875143051
1,1,0.984144866466522
1,1,0.928713738918304
0,0,0.0159569196403027
1,1,0.984836518764496
1,1,0.5961794257164
0,0,0.0111316926777363
1,1,0.987652063369751
0,0,0.171814858913422
0,0,0.029822088778019
1,1,0.938092529773712
0,0,0.00929104629904032
0,0,0.0508425198495388
0,0,0.031683262437582
1,1,0.97326648235321
1,1,0.986698865890503
0,0,0.0253191348165274
0,0,0.014559805393219
0,0,0.0236203949898481
0,0,0.0304570831358433
0,0,0.0198255274444818
0,0,0.020749619230628
1,1,0.955444276332855
0,0,0.016654821112752
0,0,0.0149771720170975
1,1,0.878092408180237
0,0,0.0170896667987108
1,1,0.984021961688995
1,1,0.967954039573669
0,0,0.00932375341653824
1,1,0.964927077293396
1,1,0.979696929454803
0,0,0.118812121450901
1,1,0.873103141784668
1,1,0.950653493404388
0,0,0.0140376733615994
0,0,0.0359407141804695
0,0,0.0122601427137852
1,1,0.953417658805847
0,0,0.297891616821289
1,1,0.966693103313446
0,0,0.0173368807882071
1,1,0.984667718410492
1,1,0.616791188716888
0,0,0.0371628627181053
0,0,0.0102619063109159
0,0,0.0264671985059977
0,0,0.308776408433914
0,0,0.00723132258281112
1,1,0.974804818630219
1,1,0.959815919399261
0,0,0.123745873570442
0,0,0.0244173016399145
0,0,0.0125744240358472
1,1,0.983758151531219
0,0,0.0126826763153076
0,0,0.0186689291149378
0,0,0.048069141805172
0,1,0.540698945522308
0,0,0.0297362003475428
1,1,0.965927183628082
1,1,0.942993402481079
0,0,0.021675419062376
0,0,0.146250337362289
1,1,0.973370611667633
0,0,0.052386786788702
0,0,0.0386444702744484
1,1,0.884886980056763
0,0,0.0944902077317238
1,1,0.895747482776642
0,0,0.166174992918968
1,1,0.959242463111877
1,1,0.968929171562195
1,1,0.895430624485016
1,1,0.976341724395752
1,0,0.0490846075117588
0,0,0.0178894754499197
0,0,0.0418312251567841
1,1,0.829918026924133
1,1,0.980675637722015
1,1,0.805789709091187
1,1,0.933135449886322
0,0,0.1251330524683
0,0,0.133807763457298
1,1,0.973632216453552
1,1,0.988724887371063
0,0,0.0233211237937212
0,0,0.0235823150724173
0,0,0.0189752858132124
0,0,0.151384681463242
1,1,0.982504665851593
1,1,0.648450434207916
0,0,0.0258258301764727
1,1,0.96417897939682
1,1,0.949497401714325
1,1,0.936279237270355
0,0,0.474638223648071
0,0,0.0162270832806826
0,0,0.309828132390976
0,0,0.0219005234539509
1,1,0.983027815818787
0,0,0.0148954167962074
1,1,0.972479343414307
1,1,0.980464935302734
0,0,0.353203535079956
0,0,0.0284833125770092
0,0,0.0235138088464737
0,0,0.0378141738474369
0,0,0.0279418453574181
0,0,0.0310139656066895
1,1,0.975143194198608
0,0,0.041409570723772
1,1,0.873685657978058
0,0,0.0150386244058609
1,1,0.985674917697906
1,1,0.970863044261932
0,0,0.0170149132609367
1,1,0.977975368499756
0,0,0.0341418124735355
0,0,0.0160811077803373
1,1,0.981765985488892
1,1,0.981984436511993
1,1,0.862014174461365
0,1,0.742386341094971
1,1,0.967103779315948
0,0,0.0653746426105499
1,1,0.71712851524353
1,1,0.989953875541687
1,1,0.985700130462646
0,0,0.0199436862021685
1,1,0.969006419181824
0,0,0.0448486767709255
1,1,0.95368093252182
0,0,0.0530145838856697
1,1,0.925913393497467
0,0,0.0385827533900738
1,1,0.975600481033325
1,1,0.974506199359894
0,0,0.0505516901612282
0,0,0.0213415827602148
1,1,0.989026010036469
0,0,0.0168191734701395
0,0,0.0473621487617493
1,1,0.936742544174194
0,0,0.0214453656226397
0,0,0.0382612273097038
1,1,0.977315783500671
1,1,0.984640955924988
0,0,0.0223426409065723
0,0,0.0139529155567288
0,0,0.0487866885960102
0,0,0.080565445125103
1,1,0.983651697635651
1,1,0.962785422801971
1,1,0.989601910114288
0,0,0.274371713399887
0,0,0.0115046501159668
1,1,0.98501068353653
1,0,0.33808633685112
1,1,0.878547072410583
1,1,0.974628508090973
0,0,0.0120007786899805
0,0,0.0308866184204817
0,0,0.186899751424789
0,0,0.0195062663406134
0,0,0.0296505820006132
0,1,0.872040629386902
0,0,0.0579019710421562
0,0,0.0275782812386751
1,1,0.990176975727081
0,0,0.0144881783053279
0,0,0.0186748411506414
1,1,0.659168362617493
1,1,0.90017831325531
0,0,0.0576704517006874
1,1,0.947253048419952
0,0,0.0139696868136525
1,1,0.959696233272552
0,0,0.0171205140650272
1,1,0.829253792762756
0,0,0.0458007529377937
1,1,0.706815719604492
0,0,0.0221958886831999
0,0,0.0101042231544852
1,1,0.937981605529785
1,1,0.95264607667923
1,1,0.98388284444809
0,1,0.691979765892029
0,0,0.0251695849001408
1,1,0.963259518146515
1,1,0.973697423934937
1,1,0.981901109218597
0,0,0.0140597205609083
0,0,0.134312883019447
1,1,0.932253360748291
1,1,0.971350371837616
0,0,0.0398804806172848
0,0,0.037270974367857
0,0,0.0189094226807356
0,0,0.0237015560269356
0,0,0.0375344753265381
0,0,0.108957521617413
1,1,0.951319217681885
1,1,0.843016266822815
1,1,0.979217886924744
1,1,0.98328959941864
1,1,0.980263769626617
1,1,0.962461471557617
0,0,0.0151239428669214
1,1,0.956274569034576
1,1,0.973732590675354
0,0,0.0121864844113588
0,0,0.0235237628221512
1,1,0.954448401927948
0,0,0.0225346460938454
0,0,0.0124093545600772
0,0,0.0960657298564911
0,0,0.0253397263586521
1,1,0.978928089141846
1,1,0.939630329608917
0,0,0.0301759354770184
1,1,0.969975829124451
1,1,0.975614190101624
1,1,0.908242523670197
0,0,0.0319513417780399
0,0,0.0525275841355324
0,0,0.0134260002523661
0,0,0.00896953232586384
1,1,0.968525648117065
0,0,0.0526954494416714
1,1,0.934830367565155
0,0,0.017697561532259
0,0,0.308850318193436
0,0,0.0185561403632164
0,0,0.0100198974832892
0,0,0.0183356832712889
0,0,0.0335305966436863
1,1,0.899049639701843
1,1,0.970367968082428
0,0,0.0188861880451441
0,0,0.0270231813192368
0,0,0.0343873538076878
0,0,0.0408838614821434
1,1,0.957288682460785
0,0,0.0542515888810158
0,0,0.0172410570085049
0,0,0.0166754815727472
1,1,0.747932553291321
1,1,0.971520364284515
1,1,0.966458439826965
1,1,0.93003922700882
0,0,0.0249671414494514
0,0,0.0267322976142168
1,1,0.951748251914978
0,0,0.045203972607851
1,1,0.961154520511627
0,0,0.344105452299118
1,1,0.98429661989212
0,1,0.62812614440918
0,0,0.0257298983633518
1,1,0.910313367843628
1,0,0.120474576950073
0,0,0.37539666891098
0,0,0.0513691455125809
1,1,0.976280808448792
0,0,0.0245284494012594
1,1,0.977987408638
1,1,0.957601249217987
0,0,0.117655135691166
0,0,0.0149326575919986
0,0,0.0204361062496901
1,1,0.951305150985718
1,1,0.970752894878387
1,1,0.95774120092392
1,1,0.981592953205109
1,1,0.937250673770905
1,1,0.967586576938629
0,0,0.0184000711888075
0,0,0.0187753941863775
1,1,0.979536771774292
0,0,0.0150629822164774
1,1,0.983247876167297
0,0,0.0234372410923243
0,0,0.0370313599705696
1,1,0.983694672584534
0,0,0.0220369901508093
1,1,0.971532642841339
0,0,0.0252486690878868
1,1,0.970106065273285
1,1,0.961645185947418
1,1,0.767037987709045
0,0,0.035902064293623
0,0,0.0388265550136566
1,1,0.980653584003448
0,0,0.0282720122486353
0,0,0.0236068218946457
0,0,0.092527262866497
1,1,0.988922715187073
0,0,0.163026973605156
0,0,0.0274267680943012
0,0,0.0100526725873351
0,0,0.0231680981814861
1,1,0.959570229053497
1,1,0.960830330848694
1,1,0.966663360595703
1,1,0.973954319953918
1,1,0.963387489318848
0,0,0.376040726900101
0,0,0.0507410317659378
1,1,0.950220704078674
0,0,0.0418922007083893
0,0,0.0205255020409822
0,0,0.0184818003326654
1,1,0.985163807868958
0,0,0.0214530006051064
0,0,0.0277677904814482
1,1,0.967271864414215
0,0,0.017625454813242
0,0,0.0215926896780729
0,1,0.848687946796417
1,1,0.965369164943695
1,0,0.47236356139183
0,0,0.0969471782445908
0,0,0.00944156385958195
0,0,0.02809620462358
0,0,0.0170612223446369
0,0,0.0224135369062424
1,1,0.836767435073853
0,0,0.0478039011359215
0,0,0.0283618606626987
1,1,0.984044909477234
0,0,0.0557668842375278
1,1,0.948640525341034
0,0,0.0166289154440165
1,1,0.977156579494476
1,1,0.950524210929871
1,1,0.98124748468399
1,1,0.98729681968689
1,1,0.979016721248627
0,0,0.263991802930832
1,1,0.973119139671326
1,1,0.982055366039276
0,0,0.0380719490349293
1,1,0.895109832286835
0,0,0.0251259300857782
0,0,0.0549840517342091
0,0,0.0373938009142876
1,1,0.970225691795349
1,1,0.969440340995789
1,1,0.965638518333435
0,0,0.0301681365817785
1,1,0.985863029956818
0,0,0.0216046161949635
1,1,0.932559609413147
0,0,0.148941427469254
0,1,0.967292249202728
0,0,0.186276853084564
1,1,0.950367093086243
1,1,0.686007738113403
0,0,0.0390935391187668
0,0,0.0556894205510616
1,1,0.970598042011261
1,1,0.990000069141388
0,0,0.0672229379415512
1,1,0.971477806568146
1,1,0.955866098403931
1,1,0.964146196842194
0,0,0.0516802072525024
1,1,0.980986058712006
0,1,0.838042020797729
0,0,0.0149884875863791
1,1,0.972491860389709
1,1,0.963306725025177
0,0,0.017304765060544
0,0,0.0153583595529199
1,1,0.937690258026123
1,1,0.935050070285797
0,0,0.0283855237066746
1,1,0.980936706066132
1,1,0.962152123451233
0,0,0.00987855903804302
0,0,0.0540549121797085
1,1,0.825272023677826
1,1,0.959363281726837
0,0,0.0641348287463188
1,1,0.958874702453613
1,1,0.964995980262756
1,1,0.937719285488129
0,0,0.0465559661388397
1,1,0.937278211116791
0,0,0.229343846440315
1,1,0.971558928489685
1,0,0.460630416870117
1,1,0.959727644920349
1,1,0.952753067016602
0,0,0.159736022353172
1,1,0.953297793865204
1,1,0.972509026527405
0,0,0.0182004310190678
1,1,0.779294192790985
1,1,0.592024326324463
1,0,0.193740203976631
1,1,0.947013199329376
0,0,0.0162066724151373
0,0,0.0326815061271191
1,1,0.92376720905304
0,0,0.112890809774399
0,0,0.0391889810562134
0,0,0.119960591197014
1,1,0.948817908763885
1,1,0.961967289447784
0,0,0.0155864860862494
0,0,0.140941768884659
0,0,0.0242954418063164
1,0,0.0552764907479286
0,0,0.0542698800563812
1,1,0.973797142505646
1,1,0.967965722084045
1,1,0.978176414966583
1,1,0.922429203987122
0,1,0.917097151279449
0,0,0.0329807139933109
0,0,0.0232283100485802
0,0,0.0368803627789021
0,0,0.0126087982207537
0,0,0.0142968911677599
1,1,0.972337007522583
0,0,0.427294075489044
1,1,0.978459715843201
0,0,0.0169506706297398
1,1,0.914029002189636
1,1,0.969492018222809
0,0,0.0129063539206982
1,1,0.987305223941803
0,0,0.117687359452248
0,1,0.575922250747681
0,0,0.0296637993305922
0,1,0.76618230342865
1,1,0.63333535194397
0,0,0.0347278565168381
1,1,0.958043873310089
1,1,0.986234962940216
0,0,0.0206551682204008
0,0,0.116765759885311
0,0,0.026253204792738
0,0,0.0398076809942722
0,0,0.0319992192089558
0,0,0.032926581799984
1,1,0.955743908882141
0,0,0.0558068193495274
1,1,0.97962486743927
1,1,0.978099644184113
1,1,0.975769579410553
0,0,0.0561150833964348
0,0,0.0125219933688641
0,0,0.0530492812395096
1,1,0.989044666290283
0,0,0.077847808599472
1,0,0.156793907284737
1,1,0.971253633499146
1,1,0.974441111087799
1,1,0.916301190853119
1,1,0.965447723865509
1,1,0.979041993618011
1,1,0.828427314758301
0,0,0.0940370634198189
0,0,0.0330626778304577
0,0,0.0237203370779753
1,1,0.959564983844757
0,0,0.0241000894457102
1,1,0.893340289592743
1,1,0.980268895626068
0,0,0.0308348871767521
0,0,0.0215700343251228
0,0,0.0127637777477503
1,0,0.0662127882242203
1,1,0.975040972232819
0,0,0.029952697455883
1,1,0.972729027271271
1,1,0.976854026317596
0,0,0.0191531274467707
1,1,0.988773703575134
0,0,0.0203564204275608
0,0,0.0360778160393238
1,1,0.97888457775116
0,0,0.0675936043262482
0,0,0.022460812702775
0,0,0.0508438535034657
0,0,0.0188225861638784
0,0,0.0131657784804702
1,1,0.905133605003357
0,0,0.433860242366791
0,0,0.0440866537392139
0,0,0.0119567150250077
0,0,0.0222532227635384
0,0,0.0748394280672073
0,1,0.59373265504837
0,0,0.0500573702156544
0,0,0.00909569393843412
0,0,0.0400954596698284
0,0,0.0299990884959698
1,1,0.949397325515747
0,0,0.0242624748498201
0,1,0.702827453613281
0,0,0.0131152831017971
1,1,0.915467858314514
0,0,0.0200520139187574
0,0,0.0100784050300717
1,1,0.968532502651215
0,0,0.0238582100719213
0,0,0.0153870284557343
0,0,0.0247171372175217
1,1,0.981415748596191
1,0,0.48099872469902
1,1,0.907214522361755
1,1,0.873992383480072
1,1,0.936468660831451
1,1,0.79882800579071
1,1,0.9638552069664
1,1,0.97386771440506
0,1,0.582405686378479
0,0,0.0222952738404274
0,0,0.00739078130573034
1,1,0.860601723194122
1,1,0.985342860221863
1,1,0.97802859544754
0,0,0.0673775300383568
1,1,0.909846305847168
0,0,0.0382579974830151
0,0,0.101816669106483
1,1,0.938658177852631
0,0,0.0359978787600994
1,1,0.660304665565491
1,1,0.972992241382599
1,1,0.942914664745331
0,0,0.0317724235355854
0,0,0.0405507460236549
1,1,0.972795605659485
0,0,0.0151940425857902
0,0,0.0195709448307753
0,0,0.0194071028381586
1,0,0.118920229375362
1,1,0.986961603164673
1,1,0.953896522521973
0,0,0.0147384088486433
1,0,0.0250839684158564
0,0,0.0212779305875301
1,1,0.934429705142975
0,0,0.0326442383229733
0,0,0.0226334873586893
0,0,0.0441425442695618
0,0,0.0208363998681307
1,1,0.979084253311157
0,0,0.0554402433335781
1,1,0.981922805309296
0,0,0.0854859054088593
0,0,0.0586447715759277
0,0,0.0173148307949305
0,0,0.0166921056807041
1,1,0.63243567943573
1,1,0.97639137506485
0,0,0.0448599755764008
0,0,0.0252486206591129
1,1,0.972943961620331
1,1,0.968397438526154
1,1,0.978543937206268
0,0,0.0540066212415695
0,0,0.0211319085210562
1,1,0.971021354198456
1,1,0.979169726371765
1,1,0.939021825790405
0,0,0.0077544404193759
1,1,0.965490281581879
0,0,0.475419074296951
1,1,0.968574106693268
1,1,0.939094066619873
0,0,0.027228094637394
1,1,0.984868109226227
0,0,0.135554075241089
1,1,0.976529240608215
1,1,0.980533003807068
0,0,0.0674982815980911
1,1,0.973033547401428
1,1,0.962674736976624
1,1,0.952581286430359
1,1,0.968750238418579
1,1,0.974116146564484
1,1,0.96296215057373
1,1,0.939880549907684
1,0,0.20222307741642
0,0,0.0230129957199097
0,0,0.0206657722592354
1,1,0.976839005947113
1,1,0.902367651462555
0,0,0.269547134637833
0,1,0.878212094306946
0,0,0.0757404118776321
1,1,0.802279889583588
1,1,0.9760861992836
0,0,0.0175841376185417
1,0,0.088147833943367
1,1,0.800295233726501
1,1,0.970965266227722
0,0,0.188498601317406
1,1,0.981370985507965
0,0,0.0155599340796471
0,0,0.0611810646951199
1,1,0.926461637020111
1,1,0.937386989593506
1,1,0.947598040103912
1,1,0.908760547637939
0,0,0.00566531298682094
1,1,0.958122611045837
1,1,0.932920038700104
0,0,0.121598333120346
1,1,0.97846907377243
0,0,0.0248333495110273
1,1,0.951584577560425
0,0,0.021902646869421
1,1,0.975233554840088
0,0,0.025779664516449
1,1,0.942589461803436
0,0,0.0892632305622101
0,0,0.0176687631756067
0,0,0.0944697707891464
0,0,0.0204378217458725
0,0,0.0408277399837971
1,1,0.983418524265289
0,0,0.035093892365694
0,0,0.0179397277534008
1,1,0.873209655284882
0,0,0.015419939532876
0,0,0.0251148547977209
1,1,0.965719878673553
1,1,0.978006482124329
1,1,0.982005953788757
1,1,0.957727313041687
1,1,0.864799976348877
0,0,0.0167268924415112
0,0,0.329346001148224
1,1,0.984546482563019
1,1,0.989287495613098
1,1,0.958926200866699
1,1,0.840182483196259
0,1,0.816531777381897
1,1,0.977814495563507
1,1,0.963032245635986
1,1,0.957743465900421
0,0,0.0328949615359306
1,0,0.0509341321885586
1,1,0.963969349861145
1,1,0.979695439338684
1,1,0.984101116657257
1,1,0.976968824863434
0,0,0.0128223309293389
0,0,0.0163392629474401
1,1,0.738994777202606
0,0,0.0475359782576561
1,1,0.9822056889534
1,1,0.978869736194611
0,0,0.0185632333159447
1,1,0.867696285247803
1,1,0.671192467212677
0,0,0.0679702013731003
1,1,0.974417924880981
0,0,0.484868437051773
0,0,0.0180658847093582
0,0,0.0199593082070351
0,0,0.264429330825806
0,1,0.917264461517334
0,0,0.0925640240311623
1,1,0.935320496559143
0,0,0.037067748606205
1,1,0.970432996749878
1,1,0.979174792766571
0,0,0.0263313930481672
0,0,0.0279888212680817
1,1,0.946985602378845
0,0,0.0372327342629433
0,0,0.102539889514446
1,1,0.917146801948547
0,0,0.071809746325016
0,0,0.0222175065428019
0,0,0.0277314130216837
1,1,0.956843435764313
1,1,0.950703799724579
1,1,0.896413207054138
1,1,0.965841889381409
1,1,0.905462622642517
0,0,0.0686955749988556
0,0,0.0259996168315411
0,0,0.0254867114126682
1,1,0.949986815452576
1,1,0.956091463565826
1,1,0.956388711929321
0,0,0.0487304776906967
0,0,0.0240600351244211
1,1,0.974912226200104
1,1,0.938160717487335
0,0,0.0146552240476012
0,0,0.0549653694033623
1,0,0.0515719577670097
1,1,0.940437853336334
1,1,0.984241306781769
0,0,0.016083424910903
1,1,0.982038259506226
0,0,0.0252334866672754
1,1,0.623260736465454
0,0,0.0254494901746511
0,0,0.0200430769473314
0,0,0.0169166903942823
1,1,0.91056489944458
1,1,0.97191059589386
1,1,0.979417741298676
1,1,0.980116903781891
1,1,0.875168085098267
0,0,0.0365511253476143
0,0,0.0592381358146667
1,1,0.987112700939178
1,1,0.916120648384094
0,0,0.0188296232372522
0,0,0.0679116025567055
0,0,0.0159856751561165
0,1,0.541405081748962
0,0,0.0192121714353561
0,0,0.0298003442585468
0,0,0.0504405200481415
0,0,0.235884293913841
0,0,0.0230756513774395
1,1,0.983515024185181
0,0,0.356387764215469
1,1,0.968797266483307
0,0,0.255526840686798
0,1,0.973214507102966
1,0,0.0970343500375748
1,1,0.986111402511597
0,0,0.0363527461886406
1,1,0.982527911663055
1,1,0.963038325309753
1,1,0.966148793697357
1,1,0.883921325206757
1,1,0.974319458007812
1,1,0.686948716640472
0,0,0.0370734184980392
0,0,0.0260998122394085
0,0,0.0141572980210185
0,0,0.397310316562653
1,1,0.972736597061157
0,0,0.0215400364249945
0,0,0.0192741304636002
1,1,0.983231902122498
1,1,0.980643391609192
1,1,0.975594580173492
1,1,0.987219095230103
0,0,0.0176836419850588
1,1,0.957146048545837
1,1,0.971941113471985
1,1,0.908319175243378
0,0,0.0139100486412644
0,0,0.0149355959147215
1,0,0.246136024594307
1,1,0.968407392501831
1,0,0.386441498994827
0,1,0.947414934635162
1,1,0.732713758945465
0,0,0.0184608269482851
0,0,0.0218065641820431
1,1,0.812414407730103
1,1,0.982231199741364
0,0,0.0101781859993935
1,1,0.980755627155304
1,1,0.950638473033905
0,0,0.0178115461021662
0,0,0.0921556130051613
1,1,0.974873840808868
1,1,0.788861989974976
1,1,0.929323554039001
1,1,0.550845623016357
0,0,0.0167058948427439
1,0,0.243880525231361
1,1,0.973919808864594
0,0,0.05894685536623
0,0,0.017928272485733
1,1,0.95775705575943
1,1,0.982612609863281
1,1,0.87938117980957
1,1,0.982603490352631
1,1,0.957035779953003
0,0,0.0190196558833122
0,0,0.0236688740551472
0,0,0.0203433409333229
0,0,0.016692278906703
1,1,0.893094718456268
1,0,0.17581632733345
0,0,0.0172052532434464
0,0,0.0117718111723661
0,0,0.0455818958580494
0,0,0.0293333567678928
1,1,0.919519782066345
1,1,0.952595233917236
1,1,0.965399920940399
1,1,0.969259321689606
0,0,0.0359226353466511
0,0,0.0521491281688213
0,0,0.0826762393116951
1,1,0.802833795547485
0,0,0.051931407302618
1,1,0.964459359645844
0,0,0.0492496564984322
1,1,0.942568838596344
1,1,0.975409209728241
1,1,0.95735239982605
1,1,0.987291395664215
1,1,0.937769532203674
0,0,0.026114534586668
1,1,0.930730223655701
0,0,0.0560118183493614
1,1,0.976617932319641
0,0,0.0254388973116875
1,1,0.977176189422607
0,0,0.0218227598816156
1,1,0.980495393276215
0,1,0.625329434871674
1,1,0.969478189945221
0,0,0.0234903525561094
1,0,0.283782154321671
0,0,0.0237559918314219
0,0,0.109935939311981
0,0,0.0232538394629955
1,1,0.950979351997375
1,1,0.96101039648056
1,1,0.964694261550903
1,1,0.807531774044037
0,0,0.0219975635409355
1,1,0.962858617305756
0,0,0.0124401720240712
1,1,0.958940923213959
0,0,0.0104613974690437
0,0,0.0253898426890373
1,0,0.103162676095963
1,1,0.826342523097992
1,1,0.945468306541443
0,0,0.0142956878989935
1,1,0.980416595935822
0,0,0.0132032819092274
1,1,0.901324987411499
0,0,0.0127160493284464
0,0,0.0225021932274103
0,0,0.100980028510094
1,1,0.787965178489685
0,0,0.0325445979833603
1,1,0.987985551357269
1,1,0.88921719789505
1,1,0.678731024265289
1,1,0.976695477962494
1,1,0.98537665605545
1,0,0.426336288452148
1,1,0.947539210319519
0,0,0.310000121593475
0,0,0.122077882289886
1,0,0.0515873096883297
1,1,0.975578486919403
1,1,0.599867463111877
0,0,0.172747939825058
1,1,0.966199517250061
1,1,0.970572292804718
1,1,0.86465722322464
0,0,0.0347622148692608
0,0,0.0199212040752172
1,1,0.547709941864014
1,1,0.9663365483284
0,0,0.14079849421978
1,1,0.986437797546387
0,0,0.021318644285202
0,0,0.0326400697231293
0,0,0.0326412431895733
0,0,0.0478718541562557
0,0,0.0122851310297847
1,1,0.975903511047363
0,0,0.0238973274827003
0,0,0.019551619887352
1,1,0.972916305065155
1,0,0.137226074934006
1,1,0.82941347360611
0,0,0.460778534412384
1,1,0.960932672023773
1,1,0.78547465801239
1,1,0.953334867954254
1,1,0.980791211128235
1,1,0.979993283748627
1,1,0.969501972198486
1,1,0.722629964351654
1,1,0.983107328414917
1,1,0.981517255306244
1,1,0.56810462474823
0,0,0.0273620169609785
0,0,0.108629636466503
1,1,0.981759667396545
0,0,0.0449414029717445
0,0,0.0325107462704182
1,1,0.964061975479126
0,0,0.0174427144229412
1,1,0.646163821220398
1,1,0.973347902297974
0,0,0.0293354950845242
1,1,0.91951596736908
1,1,0.923352420330048
0,0,0.0952987596392632
0,0,0.0282784309238195
1,1,0.965317130088806
1,1,0.980775356292725
1,1,0.702477335929871
1,1,0.816628098487854
1,1,0.954406082630157
1,1,0.910664737224579
1,1,0.968837320804596
1,1,0.962400913238525
0,0,0.0356094874441624
1,1,0.572646975517273
0,0,0.0406662300229073
0,1,0.977246761322021
0,0,0.0159075036644936
0,1,0.743962526321411
1,1,0.967460155487061
1,1,0.975551545619965
0,0,0.0138597954064608
1,1,0.950096666812897
1,1,0.971695899963379
0,1,0.503422200679779
0,0,0.0135286096483469
1,1,0.96601414680481
0,0,0.0274221822619438
1,1,0.969082832336426
0,0,0.233643934130669
0,0,0.0278491098433733
1,1,0.924021601676941
1,1,0.969464123249054
1,1,0.950307011604309
0,1,0.645062983036041
0,0,0.252120405435562
0,0,0.0872566476464272
1,1,0.976797640323639
0,0,0.108001589775085
0,0,0.0951140448451042
0,0,0.0137957660481334
1,1,0.967881202697754
0,0,0.0192313678562641
1,1,0.988104522228241
1,1,0.896189630031586
0,0,0.0127989510074258
1,1,0.972782492637634
0,0,0.0266965422779322
0,1,0.612045109272003
0,1,0.957118511199951
1,1,0.762327134609222
1,1,0.98126882314682
1,1,0.942272484302521
0,0,0.0520597621798515
0,0,0.0328147634863853
1,1,0.987429916858673
0,0,0.0298486892133951
1,1,0.98095691204071
0,0,0.052212331444025
1,1,0.980068385601044
0,0,0.0668765977025032
0,0,0.304132223129272
0,0,0.142034769058228
0,0,0.036831084638834
1,1,0.975404322147369
1,1,0.963842451572418
0,0,0.0243532620370388
1,1,0.863412201404572
0,0,0.0423808395862579
0,0,0.0129847526550293
0,0,0.0152816576883197
1,1,0.959330141544342
0,1,0.746285974979401
0,0,0.016365010291338
0,0,0.0186140909790993
1,1,0.98484879732132
0,0,0.0838676318526268
1,1,0.96879106760025
0,0,0.032638918608427
1,1,0.864940404891968
1,1,0.975832998752594
1,1,0.927009463310242
1,1,0.988086223602295
0,0,0.425374358892441
0,0,0.0287318248301744
0,0,0.036167349666357
1,1,0.922058582305908
0,0,0.00874862167984247
1,1,0.822921633720398
0,0,0.0282261446118355
0,0,0.0124391410499811
0,0,0.0199444517493248
0,0,0.0131270019337535
0,0,0.0288128405809402
0,0,0.043549932539463
1,1,0.984266042709351
0,0,0.0362566187977791
1,1,0.97675234079361
0,0,0.0472636148333549
0,0,0.0125631913542747
0,0,0.00832601636648178
1,1,0.979472279548645
0,0,0.0639140233397484
0,0,0.20079080760479
1,1,0.789856970310211
1,1,0.982011914253235
0,0,0.015763470903039
1,1,0.862908959388733
0,0,0.0186012778431177
1,1,0.786205172538757
0,0,0.01389489043504
1,1,0.934459745883942
0,0,0.0134366024285555
1,1,0.978221774101257
0,0,0.0207568816840649
1,1,0.963839590549469
0,0,0.0384461767971516
0,0,0.0157053824514151
0,1,0.757172584533691
0,0,0.0258201491087675
1,1,0.976119160652161
1,1,0.977920532226562
0,0,0.105181835591793
1,1,0.898596704006195
1,1,0.952721178531647
0,0,0.0398746207356453
0,0,0.00810006074607372
0,0,0.0227960292249918
1,1,0.967471420764923
0,0,0.0219056457281113
0,0,0.0733085796236992
1,1,0.963967025279999
0,0,0.0283489730209112
1,1,0.742194950580597
1,0,0.256455302238464
1,1,0.94960743188858
0,0,0.0232618991285563
0,0,0.0123803205788136
1,0,0.232067838311195
1,1,0.960099458694458
0,0,0.033208929002285
1,1,0.977376222610474
0,0,0.143956795334816
1,1,0.969113528728485
1,1,0.962917387485504
0,0,0.122678689658642
0,1,0.636252343654633
0,0,0.0295170843601227
1,1,0.961579620838165
1,1,0.933580696582794
0,0,0.0235519912093878
1,1,0.987586379051208
1,1,0.961225688457489
0,1,0.905721008777618
1,1,0.980621874332428
1,1,0.977141559123993
0,0,0.0387520715594292
0,0,0.0156461745500565
0,0,0.0502579994499683
1,1,0.986289620399475
0,0,0.149240255355835
1,1,0.996080219745636
0,0,0.0104282097890973
1,1,0.947076201438904
0,0,0.0189792178571224
1,1,0.969073116779327
1,1,0.984383940696716
1,1,0.895749270915985
0,0,0.0600861124694347
0,0,0.0523069500923157
0,0,0.21745291352272
0,1,0.562732040882111
0,0,0.0495792701840401
1,1,0.968412280082703
0,0,0.0130990920588374
1,0,0.440829396247864
0,0,0.0161403883248568
0,0,0.0136457346379757
0,0,0.0278717875480652
1,1,0.975939035415649
1,1,0.972462773323059
0,0,0.00942876003682613
1,1,0.967530310153961
0,0,0.0137422373518348
0,0,0.0186602044850588
0,0,0.0180259216576815
1,1,0.973400413990021
1,1,0.912016749382019
1,1,0.976334452629089
1,1,0.987712323665619
0,0,0.0341612994670868
0,0,0.0211794488132
1,1,0.946980714797974
1,1,0.968550801277161
0,0,0.171164929866791
1,1,0.987745821475983
0,0,0.0155484937131405
1,1,0.947902143001556
1,1,0.981248259544373
1,1,0.957636475563049
0,0,0.0230793654918671
0,0,0.0139527637511492
0,0,0.0759047642350197
0,0,0.0369838401675224
0,0,0.0581695288419724
0,0,0.0459608323872089
0,0,0.0100977336987853
1,1,0.672771692276001
0,0,0.023588540032506
1,1,0.976077735424042
1,1,0.592128157615662
1,1,0.970726311206818
1,1,0.975300669670105
1,1,0.961134314537048
0,0,0.0842152386903763
1,1,0.953247785568237
1,1,0.980975031852722
0,0,0.026036249473691
1,1,0.982197284698486
0,1,0.780762314796448
0,0,0.0248428955674171
0,0,0.0183195043355227
1,1,0.986905515193939
0,0,0.012778464704752
0,0,0.011250494979322
1,1,0.673859000205994
0,0,0.0233129281550646
0,0,0.0524758398532867
1,1,0.963234841823578
0,0,0.0205565355718136
0,0,0.0228378474712372
0,0,0.381419509649277
1,1,0.787306725978851
1,1,0.970977783203125
0,0,0.0290420763194561
1,1,0.962816596031189
0,0,0.0086259888485074
0,0,0.0227349139750004
1,1,0.714099824428558
0,0,0.0108837857842445
0,0,0.0251149646937847
1,1,0.984867870807648
0,0,0.0117812901735306
1,1,0.888623237609863
1,1,0.973668873310089
1,1,0.970338582992554
1,1,0.907273411750793
0,0,0.015606009401381
0,0,0.0204294137656689
1,1,0.975437700748444
1,1,0.979199469089508
0,0,0.022063359618187
1,1,0.959099590778351
1,1,0.94245845079422
0,1,0.9184809923172
1,1,0.858707964420319
1,1,0.945899784564972
1,1,0.894214451313019
1,1,0.953864932060242
0,0,0.0246056318283081
0,0,0.0505458302795887
0,0,0.0313048176467419
1,1,0.97111839056015
1,1,0.977617144584656
1,1,0.987965524196625
0,0,0.0441382452845573
0,0,0.0187617018818855
0,0,0.0359952747821808
1,1,0.974276900291443
0,1,0.539446115493774
1,1,0.975484073162079
1,1,0.960208177566528
0,0,0.0224058944731951
1,1,0.956348299980164
0,0,0.0198985226452351
0,0,0.0342244617640972
1,1,0.985016465187073
1,1,0.963956415653229
0,0,0.356248736381531
0,0,0.043815303593874
1,1,0.977301299571991
0,0,0.0486985668540001
1,0,0.0647429972887039
0,0,0.0255159698426723
0,0,0.0534508712589741
1,1,0.990735590457916
1,1,0.913059115409851
0,0,0.0188773684203625
1,1,0.983061790466309
0,0,0.0146441981196404
0,0,0.0172906536608934
0,0,0.0328736901283264
1,1,0.950409829616547
1,1,0.975116014480591
1,1,0.979188144207001
1,1,0.778961777687073
1,1,0.978937685489655
1,1,0.822879195213318
0,0,0.056400652974844
0,0,0.0112631842494011
0,0,0.468947201967239
0,0,0.0161374136805534
1,1,0.932355344295502
0,0,0.0143253766000271
1,1,0.980184614658356
1,1,0.981072425842285
1,1,0.824142873287201
1,1,0.973568618297577
0,0,0.0341134667396545
0,0,0.0653186663985252
0,0,0.0751649811863899
0,0,0.0118199801072478
0,0,0.0947663933038712
1,1,0.950055599212646
1,1,0.944930255413055
1,1,0.973612666130066
1,1,0.954302787780762
1,1,0.919738054275513
0,0,0.0279419776052237
0,0,0.0174382198601961
0,1,0.969619512557983
0,0,0.0403555743396282
1,1,0.739208936691284
1,1,0.9543297290802
0,0,0.160021334886551
0,0,0.0264716055244207
0,0,0.118998855352402
0,0,0.0917178317904472
1,1,0.977679133415222
0,0,0.0119357770308852
1,1,0.973438024520874
1,1,0.985374927520752
1,1,0.789728164672852
0,0,0.0304253753274679
0,0,0.0645679980516434
1,0,0.0250266138464212
0,0,0.277071356773376
1,1,0.974585235118866
0,0,0.0240783020853996
0,0,0.0143693974241614
1,1,0.902191281318665
1,1,0.908601582050323
1,1,0.698704481124878
0,0,0.0233713686466217
0,0,0.0671733617782593
1,0,0.15879262983799
1,1,0.976366281509399
1,1,0.973984837532043
0,0,0.0326380580663681
1,1,0.948428273200989
0,0,0.348389804363251
1,1,0.962854266166687
1,1,0.938890159130096
1,1,0.947915136814117
1,1,0.967694640159607
1,1,0.97636079788208
1,1,0.984923958778381
0,0,0.0253727082163095
1,1,0.988079011440277
0,0,0.0265964958816767
0,0,0.0317105911672115
0,0,0.0392594337463379
1,1,0.969958305358887
0,0,0.361995220184326
1,0,0.171039372682571
1,1,0.898659765720367
1,1,0.984373927116394
0,0,0.0166074857115746
1,1,0.97723799943924
0,0,0.0152504192665219
1,1,0.877386510372162
0,0,0.0194365214556456
0,0,0.213376477360725
0,0,0.288065075874329
1,1,0.93874853849411
0,1,0.8876633644104
0,0,0.046682994812727
1,1,0.986612677574158
0,0,0.124966479837894
0,0,0.0189677551388741
1,1,0.93217009305954
0,0,0.108534350991249
1,1,0.977026760578156
1,1,0.961999416351318
1,1,0.990298092365265
1,1,0.956446409225464
1,1,0.986305832862854
0,0,0.049861341714859
0,0,0.0352192595601082
0,0,0.015800355002284
0,0,0.0299017187207937
1,1,0.878067374229431
0,0,0.0480729267001152
1,1,0.970822811126709
1,1,0.979162096977234
1,1,0.982747852802277
1,1,0.70235937833786
0,1,0.823662161827087
0,0,0.00949069578200579
1,1,0.861144661903381
1,1,0.975331962108612
0,0,0.0231128316372633
0,0,0.0634628087282181
0,0,0.0786126926541328
0,0,0.0181204155087471
1,1,0.983538389205933
1,1,0.973331153392792
0,0,0.0410322435200214
1,1,0.98340767621994
1,0,0.0438547246158123
0,0,0.00808095000684261
0,0,0.0114017939195037
0,0,0.019243486225605
1,1,0.972579598426819
0,0,0.42466413974762
1,1,0.978595435619354
1,1,0.867307007312775
0,0,0.0844036415219307
0,0,0.0316390469670296
1,1,0.969579517841339
0,0,0.0144354933872819
0,0,0.0403145365417004
0,0,0.0234569720923901
1,1,0.980046033859253
1,1,0.979738712310791
1,1,0.974920153617859
0,0,0.016814386472106
0,0,0.0530140213668346
1,1,0.982838153839111
1,1,0.963864684104919
1,1,0.965213775634766
0,0,0.0444956831634045
1,1,0.956977546215057
1,1,0.869108200073242
0,0,0.0269627571105957
1,1,0.934324264526367
0,0,0.0180769097059965
1,1,0.975418627262115
1,1,0.975652098655701
1,0,0.408068060874939
1,1,0.969814777374268
0,0,0.012737282551825
1,1,0.978221476078033
0,0,0.0108693344518542
0,0,0.27097874879837
0,1,0.905344307422638
0,0,0.026463869959116
0,0,0.0185134317725897
0,0,0.164766773581505
0,0,0.0132382297888398
0,1,0.91272360086441
1,1,0.906598508358002
0,0,0.0921556130051613
1,1,0.959577023983002
1,1,0.964182674884796
0,0,0.0256278645247221
1,1,0.829113006591797
0,0,0.233680173754692
1,1,0.708041667938232
1,1,0.982164025306702
1,1,0.987318575382233
0,0,0.0304344389587641
1,1,0.973100066184998
0,0,0.0209716260433197
1,1,0.90235561132431
1,1,0.916524708271027
1,1,0.962530255317688
1,1,0.931622445583344
1,1,0.965558290481567
0,0,0.0553652383387089
0,0,0.0123266745358706
0,0,0.092834509909153
0,0,0.0416035763919353
0,0,0.0510897524654865
1,1,0.987504422664642
0,0,0.027461176738143
0,0,0.0232979562133551
0,0,0.10222339630127
0,0,0.0225098989903927
1,1,0.955338299274445
1,1,0.979672014713287
0,0,0.0535936094820499
1,1,0.902635633945465
1,1,0.970535933971405
0,0,0.0324291624128819
1,1,0.976397037506104
0,0,0.0365341976284981
1,1,0.975892603397369
0,0,0.0149046974256635
1,1,0.970675528049469
0,0,0.0340280085802078
0,0,0.0221864320337772
1,1,0.979334354400635
1,1,0.963083863258362
0,0,0.0471145212650299
1,1,0.981409192085266
0,0,0.0362461321055889
1,1,0.978018462657928
1,1,0.991589725017548
1,1,0.951561033725739
1,1,0.971037566661835
1,1,0.974513828754425
0,0,0.010956946760416
1,0,0.326558202505112
1,1,0.931725323200226
0,0,0.036566074937582
1,1,0.970418393611908
1,1,0.564274609088898
0,0,0.0232128780335188
0,0,0.0992679446935654
1,1,0.946544229984283
1,1,0.986162722110748
1,1,0.981601238250732
0,0,0.0403032079339027
0,0,0.00992096401751041
0,0,0.226036354899406
0,1,0.933617770671844
0,0,0.0155309652909636
1,1,0.989410281181335
1,1,0.983118832111359
1,1,0.923689901828766
1,1,0.966860353946686
0,0,0.0175506602972746
0,0,0.0116260116919875
0,0,0.0258418098092079
1,1,0.954573631286621
0,0,0.0225191581994295
0,0,0.0454706735908985
1,1,0.980116009712219
0,1,0.792289555072784
1,1,0.982584059238434
0,0,0.0615367293357849
0,0,0.0652200877666473
1,1,0.978625118732452
1,1,0.982758820056915
0,0,0.0148124722763896
0,0,0.0115693928673863
1,1,0.975322484970093
0,0,0.0381487645208836
1,1,0.963066101074219
0,0,0.0321939885616302
1,1,0.98764044046402
0,0,0.0963596254587173
1,1,0.982519626617432
0,0,0.00926430150866508
0,0,0.015599493868649
1,1,0.978028953075409
1,0,0.463268667459488
1,1,0.987758219242096
1,1,0.972725212574005
0,0,0.0434569269418716
0,0,0.0403573662042618
0,0,0.0116259669885039
0,0,0.013752062804997
0,0,0.033985324203968
1,1,0.956634342670441
0,1,0.972123265266418
1,1,0.971848011016846
1,1,0.889261662960052
0,0,0.0884320214390755
0,0,0.0477356910705566
0,0,0.0207155365496874
1,1,0.986872971057892
0,0,0.0361060984432697
0,0,0.309981524944305
0,0,0.0108151221647859
1,0,0.230801597237587
0,0,0.251410633325577
0,0,0.0293315295130014
0,0,0.0248623229563236
0,0,0.0247110053896904
0,0,0.0357504189014435
1,1,0.963978350162506
1,1,0.97250372171402
1,1,0.973574697971344
0,0,0.0910802483558655
1,1,0.939508974552155
1,0,0.466284215450287
1,1,0.939204573631287
1,1,0.984422862529755
1,1,0.646748304367065
0,0,0.118696726858616
1,1,0.95396876335144
0,0,0.0572701692581177
0,1,0.97898256778717
1,1,0.980681002140045
0,0,0.0478902757167816
1,1,0.943492412567139
1,1,0.976816475391388
0,0,0.0136543251574039
1,1,0.978507041931152
1,1,0.990350544452667
0,0,0.0160994827747345
1,1,0.96262115240097
1,1,0.816209435462952
1,1,0.919092833995819
1,1,0.978316605091095
0,0,0.0284012295305729
1,1,0.973095297813416
1,1,0.555778324604034
1,1,0.986630737781525
0,0,0.0538950487971306
0,1,0.615560710430145
1,1,0.985697388648987
0,1,0.551828384399414
0,0,0.0301192626357079
0,0,0.0152509268373251
0,0,0.0248247999697924
0,0,0.0110803814604878
1,1,0.966363489627838
1,1,0.988969445228577
0,0,0.0100740157067776
1,1,0.848533570766449
0,0,0.0141110261902213
1,1,0.95112544298172
1,1,0.918400704860687
1,1,0.973615407943726
0,0,0.220983222126961
0,0,0.0122622335329652
0,0,0.429536193609238
0,0,0.0473769754171371
1,1,0.961059391498566
0,0,0.0181368552148342
0,0,0.0134890591725707
0,0,0.0171246640384197
0,0,0.006634839810431
0,0,0.0436000227928162
0,0,0.0138521594926715
1,1,0.604485750198364
1,1,0.986414730548859
0,0,0.0500314272940159
1,1,0.940431535243988
0,0,0.0673077777028084
0,0,0.0441586785018444
1,1,0.968178153038025
0,0,0.0162164382636547
0,0,0.0292357802391052
1,1,0.972578227519989
0,1,0.912270665168762
0,0,0.0265979915857315
1,1,0.974699378013611
0,1,0.846316695213318
0,0,0.100062541663647
1,1,0.884452998638153
1,1,0.977679908275604
0,0,0.0246481020003557
0,0,0.464846462011337
1,1,0.979969561100006
0,0,0.150276258587837
1,1,0.977070331573486
1,1,0.944588482379913
0,0,0.0767343416810036
1,1,0.881146311759949
0,1,0.731288015842438
1,1,0.981084167957306
1,1,0.991191327571869
0,0,0.0136595852673054
1,1,0.984580934047699
0,0,0.215570792555809
1,1,0.987841665744781
1,1,0.949320912361145
0,0,0.0668357014656067
0,0,0.0459029003977776
1,1,0.951938629150391
1,1,0.708226263523102
1,1,0.964118480682373
1,1,0.917802155017853
1,1,0.969964921474457
1,1,0.985848784446716
0,0,0.0113508198410273
0,0,0.0210046395659447
1,1,0.979268372058868
1,1,0.955328404903412
1,1,0.941594302654266
1,1,0.986663699150085
1,1,0.984948337078094
0,0,0.0415220186114311
1,1,0.892406523227692
0,0,0.0228665210306644
0,0,0.0275014135986567
0,0,0.037392046302557
1,1,0.953551709651947
0,0,0.0102622648701072
0,0,0.163052946329117
1,1,0.967856168746948
0,0,0.0586268864572048
1,1,0.966915428638458
1,1,0.974619567394257
0,0,0.019714118912816
1,1,0.958850145339966
0,0,0.0190883222967386
0,0,0.0124033773317933
1,1,0.935274183750153
1,1,0.935724258422852
0,0,0.0311436299234629
0,0,0.150399401783943
1,1,0.916649222373962
0,0,0.0128851644694805
0,0,0.0233007501810789
0,0,0.0157359875738621
1,1,0.976168692111969
0,0,0.0276759210973978
1,1,0.668541848659515
1,1,0.955639004707336
1,0,0.195772811770439
0,0,0.0113266799598932
0,0,0.150595247745514
0,0,0.0298819523304701
1,1,0.962004065513611
0,0,0.0270542670041323
1,1,0.980701506137848
1,1,0.959481656551361
0,0,0.0125916237011552
0,0,0.00661541195586324
1,1,0.578688740730286
0,0,0.026887871325016
1,1,0.865259051322937
1,1,0.96271824836731
0,0,0.0249152183532715
1,1,0.97092193365097
0,0,0.0188135001808405
0,0,0.0553653165698051
0,0,0.0189270526170731
1,1,0.918951451778412
0,0,0.0171565469354391
1,0,0.103454038500786
0,0,0.0144339259713888
1,1,0.953355550765991
1,1,0.878772795200348
1,1,0.798260033130646
0,0,0.00996296294033527
0,0,0.0323080793023109
1,1,0.913471221923828
1,1,0.690458357334137
0,1,0.86186021566391
1,1,0.610126376152039
0,0,0.0250831879675388
0,0,0.0190814044326544
1,1,0.986554503440857
0,0,0.0146974809467793
1,1,0.907753109931946
1,1,0.83962470293045
1,1,0.971673309803009
0,0,0.049237959086895
1,1,0.924290239810944
0,0,0.495529741048813
1,1,0.969482779502869
0,0,0.00835082493722439
0,0,0.0247149877250195
0,0,0.0246542990207672
1,1,0.912520170211792
0,0,0.078135073184967
0,0,0.0101556563749909
1,1,0.96648895740509
1,1,0.971796631813049
0,0,0.116924151778221
1,1,0.98518568277359
1,1,0.967439293861389
1,1,0.93576592206955
1,1,0.663368225097656
1,1,0.965067744255066
0,0,0.159641534090042
0,0,0.0498411506414413
1,1,0.988376319408417
1,1,0.911625146865845
1,1,0.951044082641602
0,0,0.0394574999809265
0,0,0.0302499979734421
1,1,0.955772280693054
0,0,0.13556581735611
1,0,0.262266278266907
0,0,0.0266516339033842
1,1,0.983985960483551
1,0,0.0162344295531511
0,0,0.0125797661021352
1,1,0.953716814517975
0,0,0.0924585834145546
0,0,0.0334655717015266
1,1,0.988688170909882
0,0,0.0105045391246676
1,1,0.968904554843903
1,1,0.982799887657166
1,1,0.985951900482178
0,0,0.0131459422409534
0,0,0.0477680042386055
1,1,0.984527349472046
1,1,0.958246290683746
1,1,0.974351286888123
1,1,0.98850816488266
0,0,0.374995976686478
0,0,0.0251934044063091
0,0,0.0147170759737492
1,1,0.974107444286346
0,0,0.0154819441959262
1,1,0.973302841186523
1,1,0.972143173217773
0,0,0.0295624081045389
0,0,0.0979980528354645
0,0,0.0245913341641426
1,1,0.978370666503906
1,1,0.967609465122223
0,0,0.0176964607089758
1,1,0.975014567375183
1,1,0.897728145122528
0,0,0.0552843697369099
1,1,0.98393177986145
0,0,0.0216068997979164
0,0,0.0142467012628913
0,0,0.0263567660003901
0,0,0.0230327565222979
1,1,0.970434188842773
0,0,0.239199236035347
1,1,0.947262465953827
1,1,0.706694066524506
1,1,0.93714427947998
1,1,0.930819034576416
0,1,0.575398147106171
0,0,0.0360849276185036
1,1,0.968839228153229
0,0,0.0808895528316498
0,0,0.0359899625182152
1,1,0.980334341526031
0,0,0.156043604016304
0,0,0.0573729500174522
0,0,0.0212873518466949
1,1,0.960204303264618
1,1,0.988276660442352
0,0,0.0182549301534891
0,0,0.0133453812450171
1,1,0.976851403713226
0,0,0.0269565563648939
0,0,0.0123603800311685
0,0,0.0143435150384903
1,1,0.893771231174469
0,0,0.0600294396281242
1,1,0.986666619777679
1,1,0.989839196205139
1,1,0.965474247932434
1,1,0.781225204467773
0,0,0.0568013936281204
0,0,0.0199430044740438
0,0,0.0344708748161793
1,1,0.984521806240082
0,0,0.0169646609574556
0,0,0.0868753045797348
1,0,0.0346525907516479
0,0,0.170447170734406
1,1,0.954995632171631
1,1,0.959533214569092
0,0,0.0175057668238878
1,1,0.981691956520081
1,1,0.971844494342804
1,1,0.971403658390045
0,0,0.192856773734093
1,1,0.582350850105286
0,0,0.0230342708528042
1,1,0.972006320953369
1,1,0.971196293830872
0,0,0.028835853561759
0,0,0.457593530416489
0,0,0.0142331933602691
0,0,0.0997474640607834
0,0,0.0093847718089819
0,0,0.0152167193591595
0,1,0.655475914478302
0,0,0.0216637384146452
0,0,0.0687631592154503
1,1,0.955893516540527
0,0,0.0139341130852699
0,0,0.187330603599548
1,0,0.313966810703278
0,1,0.65612930059433
0,0,0.0247217174619436
0,0,0.024060757830739
0,0,0.206996589899063
0,0,0.0590488575398922
0,0,0.0154930986464024
1,1,0.65370774269104
0,1,0.632479965686798
1,1,0.966783344745636
0,0,0.0181150287389755
1,1,0.943632304668427
0,0,0.0132390586659312
1,1,0.985103189945221
0,0,0.0136072291061282
1,1,0.965582132339478
0,0,0.0620226338505745
0,0,0.0243483297526836
0,0,0.015147065743804
0,0,0.236372277140617
0,0,0.0537152476608753
0,0,0.0565946847200394
0,0,0.0232745744287968
1,1,0.936426281929016
0,0,0.0129094710573554
1,0,0.0577140115201473
1,1,0.990019202232361
0,1,0.586454927921295
1,1,0.973122835159302
1,1,0.91694188117981
1,1,0.950545728206635
1,1,0.98417329788208
0,0,0.379530876874924
0,0,0.0271731708198786
1,1,0.957155883312225
1,1,0.972462892532349
0,0,0.0162580087780952
0,0,0.0159418564289808
0,0,0.0163605511188507
1,1,0.904246807098389
1,1,0.96342533826828
1,1,0.960903406143188
0,0,0.0711049064993858
0,0,0.013498917222023
0,0,0.0433213002979755
1,1,0.989514231681824
0,0,0.0297067258507013
0,0,0.0212165396660566
0,0,0.131442010402679
1,0,0.216691702604294
1,0,0.425062298774719
1,1,0.8436598777771
1,1,0.931997835636139
1,1,0.865221798419952
1,1,0.968925714492798
0,0,0.0477791987359524
0,0,0.0158442240208387
1,1,0.977900087833405
1,1,0.805885910987854
0,0,0.0462360605597496
0,0,0.0348630547523499
1,1,0.990203857421875
1,1,0.979964315891266
0,0,0.0158857367932796
0,0,0.0488547645509243
0,0,0.0174151938408613
1,1,0.976492285728455
1,1,0.973262190818787
0,0,0.0243493486195803
0,0,0.0189814642071724
1,1,0.961277782917023
1,0,0.345898687839508
1,1,0.958859920501709
1,1,0.98954963684082
0,0,0.32483646273613
1,1,0.981332838535309
1,1,0.858851790428162
0,0,0.0457830317318439
0,0,0.0116171697154641
0,0,0.02110874094069
0,0,0.0680966973304749
1,1,0.968210220336914
0,0,0.0110074067488313
0,0,0.0288102123886347
0,0,0.0259262751787901
0,0,0.014889576472342
1,1,0.959795653820038
0,0,0.255158692598343
1,1,0.927364587783813
0,0,0.0238375309854746
1,1,0.855995893478394
0,0,0.00877056550234556
0,0,0.0343151241540909
0,0,0.037140030413866
1,0,0.16422313451767
0,0,0.010457799769938
1,1,0.636287689208984
1,1,0.964869260787964
0,0,0.0174803789705038
1,1,0.982276737689972
1,1,0.71601265668869
1,1,0.985011398792267
1,1,0.988370895385742
1,1,0.964791476726532
0,0,0.0723241940140724
1,1,0.983262419700623
1,1,0.727889895439148
1,1,0.787197768688202
0,1,0.539967179298401
1,1,0.96823924779892
1,1,0.978160202503204
1,1,0.917266726493835
1,1,0.948453903198242
0,0,0.0289565864950418
1,1,0.98979914188385
0,0,0.0341749973595142
1,1,0.962148070335388
0,0,0.0415074937045574
0,0,0.0295264292508364
1,1,0.979205071926117
0,1,0.961734592914581
0,0,0.0174096152186394
0,0,0.0145047111436725
0,0,0.0396000482141972
1,1,0.965989649295807
1,1,0.974426090717316
0,0,0.0970591306686401
0,0,0.0118201030418277
1,1,0.974181652069092
0,0,0.0172498822212219
0,0,0.0499102957546711
1,0,0.0346533730626106
1,1,0.963121235370636
0,0,0.0335929952561855
1,0,0.0789337009191513
0,0,0.0309522077441216
0,0,0.0905339494347572
1,1,0.673226654529572
1,1,0.91853928565979
0,0,0.0174630414694548
0,0,0.0998310744762421
1,1,0.865857183933258
1,1,0.904741764068604
1,1,0.975389122962952
0,0,0.136796727776527
1,1,0.515504419803619
1,1,0.941783845424652
0,0,0.0525083392858505
1,1,0.940940499305725
1,1,0.953152894973755
1,1,0.890656471252441
1,1,0.981338262557983
1,1,0.68805193901062
0,0,0.0180980823934078
0,0,0.0391084216535091
0,0,0.0503530986607075
1,1,0.924550116062164
0,0,0.00988979078829288
1,1,0.950971603393555
0,1,0.959040343761444
0,0,0.0449370443820953
1,1,0.962221086025238
0,0,0.0142646040767431
1,1,0.64436286687851
0,0,0.0330987051129341
1,1,0.980880975723267
1,1,0.990338742733002
1,1,0.885188400745392
0,0,0.0326333306729794
0,0,0.012179758399725
0,0,0.10161454230547
0,0,0.11488514393568
1,1,0.959339678287506
1,1,0.944398701190948
0,0,0.12500087916851
0,0,0.130331292748451
1,1,0.990140616893768
1,0,0.157377034425735
1,1,0.94659024477005
1,1,0.964115858078003
1,1,0.965130984783173
1,1,0.950700223445892
1,1,0.988468825817108
0,0,0.0171016622334719
1,0,0.0302919186651707
0,0,0.0233072508126497
1,1,0.974439203739166
0,0,0.0175611134618521
0,0,0.341225862503052
0,0,0.018263341858983
0,1,0.939100980758667
0,0,0.441003739833832
1,1,0.971616208553314
0,0,0.0169794596731663
0,0,0.0250637754797935
1,1,0.96720814704895
1,1,0.957123458385468
1,1,0.981266617774963
0,0,0.0489493310451508
1,1,0.816075325012207
1,1,0.969797194004059
1,1,0.98012387752533
0,0,0.0139186400920153
1,1,0.98462325334549
0,0,0.00960739236325026
1,1,0.986629128456116
0,0,0.0196996703743935
1,1,0.983427703380585
0,0,0.281912922859192
0,0,0.0479894615709782
0,0,0.0185034964233637
0,0,0.0140472734346986
1,1,0.874354898929596
1,1,0.987958669662476
1,1,0.961379587650299
1,1,0.690437972545624
0,0,0.0113916350528598
1,1,0.782037079334259
0,0,0.236980468034744
0,0,0.308663785457611
1,1,0.979812741279602
0,0,0.0450916215777397
1,1,0.93645054101944
0,0,0.0366187058389187
1,1,0.9802086353302
1,1,0.959657728672028
0,0,0.0328491181135178
1,1,0.964684188365936
1,1,0.969013929367065
0,0,0.0417183898389339
1,1,0.922276079654694
0,0,0.0149509971961379
1,1,0.96261066198349
0,0,0.0150566734373569
0,0,0.0116228768602014
0,0,0.0221724044531584
0,0,0.0241693165153265
1,1,0.968068838119507
1,1,0.870542883872986
0,0,0.492582857608795
1,1,0.50124579668045
0,0,0.0163850020617247
0,0,0.015043837018311
0,1,0.886078715324402
1,1,0.97880619764328
0,0,0.0182773116976023
0,0,0.0245520081371069
1,1,0.976131856441498
1,1,0.957543015480042
0,1,0.971942245960236
0,0,0.0166486073285341
0,0,0.0448438376188278
1,1,0.964861273765564
0,0,0.0100157782435417
0,0,0.0360031276941299
0,0,0.0134681491181254
1,1,0.988783419132233
0,0,0.0210532657802105
0,0,0.0173743218183517
0,0,0.0465430952608585
1,1,0.973326325416565
1,1,0.907218337059021
0,0,0.0835424810647964
1,1,0.964732229709625
0,0,0.179015502333641
1,1,0.990221381187439
0,0,0.0285622980445623
1,1,0.963640570640564
1,1,0.896353542804718
1,1,0.949179470539093
1,1,0.870302557945251
1,1,0.921598613262177
1,1,0.918562650680542
0,0,0.0383932441473007
0,0,0.0270583536475897
0,0,0.153471156954765
0,1,0.941642165184021
0,0,0.0340398773550987
1,1,0.98569518327713
1,1,0.973380327224731
1,1,0.931693196296692
1,1,0.987443864345551
1,1,0.864153623580933
1,1,0.931667864322662
0,0,0.024417320266366
1,1,0.990450918674469
0,0,0.0324809290468693
0,0,0.0320542342960835
0,0,0.0204067379236221
1,1,0.967744171619415
0,0,0.0219875574111938
1,0,0.0312237255275249
1,1,0.549557864665985
1,1,0.98538464307785
0,0,0.0291050486266613
0,0,0.0664548799395561
1,1,0.965068161487579
0,0,0.0237143691629171
0,0,0.13359646499157
0,0,0.016448862850666
0,0,0.369668573141098
0,0,0.0869043245911598
0,0,0.0634203627705574
0,0,0.0184762850403786
0,0,0.0157560221850872
0,0,0.0221294779330492
0,0,0.0995373129844666
0,0,0.021619563922286
1,1,0.93578177690506
1,1,0.987839758396149
0,0,0.0074803582392633
1,1,0.950855314731598
1,1,0.923854887485504
1,1,0.962235331535339
0,0,0.0215371064841747
1,1,0.970670163631439
0,0,0.0121491495519876
1,1,0.981872260570526
0,0,0.187742814421654
1,1,0.965239942073822
1,1,0.902301907539368
1,1,0.977852582931519
1,1,0.983420133590698
0,0,0.14364667236805
1,1,0.974536657333374
1,1,0.943303763866425
0,0,0.0295906811952591
1,1,0.979044258594513
1,1,0.725539684295654
0,0,0.0280390437692404
0,0,0.0563232116401196
1,1,0.967072486877441
1,1,0.822216510772705
1,1,0.974276661872864
1,1,0.86808830499649
0,0,0.01213622931391
1,1,0.968650937080383
0,0,0.0153981847688556
0,0,0.0264971703290939
1,1,0.977331221103668
0,0,0.0209100637584925
0,0,0.0400497689843178
1,1,0.940582454204559
0,1,0.582375049591064
1,1,0.966863453388214
1,1,0.89020186662674
0,0,0.12640768289566
0,0,0.0945393219590187
1,1,0.974351823329926
1,1,0.976459562778473
0,0,0.0330896787345409
1,1,0.97664600610733
1,1,0.797281682491302
1,1,0.980298221111298
0,0,0.0153270596638322
0,0,0.0332641042768955
0,0,0.0648722648620605
0,0,0.0181473288685083
1,1,0.981761276721954
0,0,0.0248939525336027
1,1,0.859994649887085
1,1,0.98812347650528
1,1,0.975546836853027
1,1,0.931495308876038
1,1,0.97125768661499
1,1,0.69634211063385
0,0,0.0140851642936468
1,0,0.0773451626300812
1,1,0.991194605827332
0,0,0.427032649517059
1,1,0.975945174694061
0,0,0.0124090509489179
0,0,0.0265338439494371
1,1,0.90127158164978
0,1,0.846719026565552
0,0,0.274842917919159
0,0,0.0159385334700346
1,1,0.986788034439087
1,1,0.975376188755035
1,1,0.958719313144684
0,0,0.128254920244217
1,1,0.713368654251099
1,1,0.960229396820068
0,0,0.12250292301178
1,1,0.972650647163391
1,1,0.919704079627991
0,0,0.0234428457915783
1,1,0.837374687194824
1,1,0.902928173542023
1,1,0.994120299816132
1,1,0.973249852657318
0,0,0.0173330958932638
0,0,0.0138870123773813
0,0,0.0257552936673164
0,0,0.0134853795170784
0,0,0.0162107106298208
1,1,0.983863234519958
0,1,0.660118401050568
0,0,0.0141386957839131
0,0,0.0523400902748108
1,1,0.986827969551086
1,1,0.965013980865479
0,0,0.0352499596774578
1,1,0.963886201381683
0,0,0.0185296088457108
0,0,0.0343956910073757
0,0,0.042463231831789
1,0,0.428692907094955
1,1,0.941261887550354
1,1,0.982970833778381
1,1,0.704623520374298
0,0,0.0351539589464664
0,1,0.925779461860657
1,1,0.982412934303284
1,1,0.96523904800415
1,1,0.982080459594727
1,1,0.967877626419067
0,0,0.0125704696401954
1,1,0.96437406539917
1,1,0.964711785316467
0,0,0.0177856795489788
1,1,0.936487555503845
1,1,0.9312384724617
1,1,0.974690079689026
1,1,0.966174244880676
0,0,0.0277011226862669
1,1,0.591555833816528
0,0,0.0577789694070816
0,0,0.0124937053769827
0,0,0.186116889119148
0,0,0.0138026578351855
1,1,0.979595482349396
0,0,0.205016061663628
0,0,0.0269582513719797
1,1,0.556292712688446
0,0,0.0583859607577324
1,1,0.977460026741028
1,1,0.940764427185059
0,0,0.0252156481146812
1,1,0.871122300624847
0,0,0.238251537084579
1,1,0.982349693775177
1,1,0.988831877708435
0,0,0.0188574567437172
0,0,0.0393766053020954
1,1,0.984677016735077
0,0,0.0704958587884903
0,0,0.0395325608551502
0,0,0.0729768201708794
0,0,0.0149497613310814
1,1,0.961510419845581
0,0,0.113061279058456
1,1,0.961465299129486
0,0,0.277339935302734
1,1,0.976708352565765
1,1,0.966690003871918
1,1,0.980883598327637
0,0,0.0328872911632061
0,0,0.0742490962147713
0,0,0.0212148055434227
1,1,0.939079642295837
0,0,0.260153084993362
1,1,0.96541702747345
1,1,0.50693142414093
0,0,0.424475371837616
1,1,0.951909124851227
1,1,0.810701489448547
1,1,0.978462696075439
1,1,0.988148033618927
0,0,0.122024066746235
1,1,0.922846496105194
1,1,0.98191636800766
1,1,0.979968547821045
0,0,0.0581699348986149
1,1,0.983969330787659
1,1,0.954938232898712
1,1,0.956924080848694
1,1,0.979489207267761
0,0,0.0192481689155102
1,1,0.98189902305603
0,0,0.0311875473707914
1,0,0.0661789923906326
0,0,0.0156470574438572
0,0,0.125333741307259
1,1,0.960060894489288
0,0,0.0148185631260276
1,1,0.976326584815979
1,1,0.941915929317474
1,1,0.927370846271515
0,0,0.0551541410386562
1,1,0.976926028728485
1,1,0.985895156860352
1,1,0.968718349933624
1,1,0.95783543586731
0,0,0.0230000745505095
0,0,0.0715545043349266
0,0,0.0204292517155409
1,1,0.970332741737366
0,0,0.0124425441026688
1,1,0.971718072891235
1,1,0.983125269412994
1,1,0.817541360855103
0,0,0.0346171036362648
1,1,0.964637577533722
1,1,0.985967874526978
0,0,0.0347622148692608
1,1,0.95774108171463
0,0,0.020177997648716
1,1,0.626063823699951
1,1,0.525659561157227
1,1,0.989103674888611
0,0,0.0192066729068756
1,1,0.96707147359848
0,0,0.0484008379280567
0,0,0.0265547093003988
1,1,0.97569328546524
0,0,0.0221053045243025
1,1,0.98889148235321
1,0,0.05733622610569
1,1,0.836135149002075
0,0,0.0208159424364567
1,1,0.955449283123016
1,1,0.978394985198975
0,0,0.134701415896416
0,0,0.0122189130634069
1,1,0.974199175834656
1,1,0.970956385135651
0,0,0.371709555387497
1,1,0.979692161083221
0,0,0.274481326341629
1,1,0.904054939746857
1,1,0.743468701839447
0,0,0.0663513913750648
1,1,0.601662576198578
0,0,0.0281903762370348
1,1,0.883067965507507
1,1,0.964736759662628
1,1,0.784327208995819
0,1,0.91822350025177
0,0,0.0425432547926903
0,0,0.0106307426467538
1,1,0.94201523065567
0,0,0.0134846186265349
1,1,0.972975075244904
1,1,0.982567965984344
0,0,0.0201315246522427
1,1,0.983539938926697
0,0,0.0151373101398349
1,0,0.0213325265794992
1,1,0.975246012210846
1,1,0.985475599765778
1,1,0.953789591789246
1,1,0.970706880092621
0,0,0.0152224879711866
0,0,0.0853109955787659
1,1,0.988556861877441
0,0,0.124474093317986
1,1,0.951094508171082
0,0,0.0260585248470306
0,0,0.121340438723564
1,1,0.957974076271057
1,1,0.89516669511795
0,0,0.0174336116760969
0,0,0.0230085998773575
0,0,0.024098789319396
0,0,0.0160447377711535
0,0,0.086670309305191
1,1,0.966087460517883
0,0,0.00995138473808765
1,1,0.928428709506989
0,0,0.00984639674425125
0,1,0.933263778686523
1,1,0.981680929660797
0,0,0.47162663936615
0,0,0.0263744480907917
0,0,0.0123498011380434
0,0,0.0135367773473263
0,0,0.233906716108322
0,0,0.0227278377860785
1,0,0.0435213707387447
0,0,0.0233872160315514
1,1,0.889037251472473
0,0,0.012334056198597
1,1,0.795038759708405
0,0,0.0226642191410065
0,0,0.016176950186491
0,0,0.06136180087924
0,0,0.0574294030666351
1,1,0.956722915172577
0,0,0.0147024113684893
0,0,0.0187333486974239
0,0,0.0256704390048981
0,0,0.0160631239414215
1,1,0.854493916034698
0,0,0.0170289147645235
0,0,0.267957895994186
1,1,0.926243543624878
0,0,0.019860727712512
0,0,0.123174279928207
1,1,0.953336954116821
1,1,0.935149312019348
1,1,0.95626825094223
0,0,0.0333354882895947
0,0,0.0168842785060406
1,1,0.871123850345612
1,1,0.980473399162292
1,1,0.97344708442688
0,0,0.0210772398859262
0,0,0.0387048423290253
1,1,0.916228115558624
1,1,0.968539953231812
0,0,0.101649343967438
0,0,0.0187234114855528
0,0,0.0734647288918495
0,0,0.0416582152247429
1,1,0.880091488361359
0,0,0.0230589266866446
0,0,0.141870602965355
0,0,0.0122518027201295
1,1,0.973522305488586
0,0,0.0707955881953239
1,1,0.975552499294281
1,1,0.759200274944305
0,0,0.131848186254501
0,0,0.0140932844951749
0,0,0.120726689696312
0,0,0.0253002848476171
1,1,0.970283448696136
0,0,0.0162606872618198
1,1,0.913296461105347
1,1,0.985831379890442
0,0,0.0201204977929592
1,1,0.972273766994476
1,1,0.971435964107513
1,1,0.962531805038452
1,1,0.968564331531525
1,1,0.956512749195099
1,1,0.654096901416779
0,0,0.0694544911384583
1,1,0.821897923946381
0,0,0.026263166218996
0,0,0.088696263730526
0,0,0.00751177920028567
0,0,0.0204298086464405
0,1,0.621954023838043
1,1,0.966607809066772
0,1,0.964317560195923
0,0,0.0525309406220913
1,1,0.962413430213928
1,1,0.986407101154327
0,0,0.0116361137479544
0,0,0.0208655465394258
0,0,0.0217218548059464
0,0,0.018447395414114
1,1,0.978316724300385
0,0,0.0111938118934631
0,0,0.0216131340712309
0,0,0.0247066058218479
1,0,0.154142841696739
1,1,0.930653989315033
0,0,0.0724627748131752
1,1,0.980666995048523
1,1,0.852633118629456
1,1,0.980996489524841
1,1,0.977394461631775
1,1,0.948894083499908
0,0,0.0173965357244015
0,0,0.0175308231264353
0,0,0.0373890735208988
0,0,0.0694531872868538
1,1,0.966382265090942
1,1,0.739477038383484
1,0,0.0324921011924744
1,0,0.407070010900497
1,1,0.939604222774506
0,0,0.0710072219371796
1,1,0.74659264087677
1,1,0.9233118891716
1,1,0.946193993091583
0,0,0.0184505004435778
1,1,0.952535212039948
1,1,0.952049612998962
1,1,0.973281621932983
1,1,0.90299665927887
1,1,0.988310694694519
1,1,0.903830885887146
0,0,0.028832633048296
1,1,0.985303163528442
0,0,0.0186483971774578
0,0,0.0384307652711868
1,1,0.99213445186615
1,1,0.952412903308868
1,1,0.972833693027496
1,1,0.957487225532532
0,1,0.928686738014221
0,0,0.0134877851232886
1,1,0.974405109882355
1,1,0.953630208969116
1,1,0.991037964820862
1,1,0.930752098560333
1,1,0.938792645931244
1,1,0.973206281661987
1,1,0.975780010223389
0,0,0.118829987943172
0,0,0.0199981704354286
1,1,0.968077003955841
1,1,0.953294694423676
0,1,0.931906521320343
1,1,0.959380805492401
1,1,0.930479645729065
0,0,0.309145957231522
0,0,0.0153856556862593
0,0,0.014137432910502
1,1,0.986046373844147
0,0,0.02253432944417
1,1,0.877074241638184
0,0,0.0275032632052898
1,1,0.987694501876831
1,1,0.947401225566864
1,1,0.949674308300018
0,1,0.871337294578552
1,1,0.960574984550476
0,0,0.103089839220047
1,0,0.475485473871231
0,0,0.0220256634056568
0,0,0.0560772456228733
1,1,0.912657856941223
0,0,0.0805967673659325
1,1,0.97890716791153
0,0,0.0269439984112978
0,0,0.013621861115098
0,0,0.0248058587312698
0,0,0.0114435087889433
0,0,0.0101457051932812
0,0,0.0223608817905188
0,0,0.480339795351028
0,0,0.0316209048032761
0,0,0.0630619004368782
1,0,0.481628149747849
0,0,0.0513960495591164
0,0,0.0265790764242411
0,0,0.0163746997714043
1,1,0.976751983165741
0,1,0.769417345523834
0,0,0.0495494417846203
1,1,0.981348037719727
1,1,0.959160625934601
1,1,0.888398349285126
0,0,0.0665454342961311
0,0,0.0115712247788906
1,1,0.795160531997681
1,1,0.976057052612305
1,1,0.983792066574097
1,1,0.969433188438416
1,0,0.0792095586657524
1,1,0.975935101509094
0,0,0.197473645210266
0,0,0.0815035477280617
0,0,0.0201603006571531
0,0,0.0316877327859402
1,1,0.976909637451172
0,0,0.0376708507537842
0,0,0.128897786140442
1,1,0.968076109886169
1,1,0.97065281867981
1,1,0.977157652378082
1,1,0.982325196266174
1,1,0.954948306083679
0,0,0.074798122048378
1,1,0.841457366943359
0,0,0.071253590285778
0,0,0.0461399555206299
1,1,0.980461299419403
1,1,0.971304714679718
1,1,0.987107455730438
1,0,0.350667208433151
1,1,0.968797564506531
1,0,0.0540581569075584
1,1,0.986457407474518
1,1,0.980486810207367
0,0,0.0165250059217215
0,0,0.145069137215614
0,0,0.0406900122761726
1,1,0.956007361412048
1,1,0.950804829597473
0,0,0.0273237526416779
1,1,0.991513669490814
0,0,0.0215526074171066
1,1,0.981619358062744
0,0,0.038023728877306
0,0,0.0201653782278299
0,0,0.0196100380271673
1,1,0.941724300384521
0,0,0.16349133849144
0,0,0.0355198308825493
1,1,0.931186735630035
1,0,0.357959747314453
0,0,0.0154701676219702
1,1,0.955295145511627
1,1,0.962875962257385
1,1,0.961961269378662
0,0,0.021913830190897
1,0,0.434874355792999
0,0,0.20213894546032
1,1,0.983403623104095
0,0,0.0595956407487392
0,0,0.0368608832359314
0,0,0.0905030146241188
1,1,0.93058979511261
0,0,0.027096975594759
0,0,0.0580041483044624
1,1,0.973128616809845
1,1,0.980064153671265
1,1,0.746309459209442
1,1,0.978959739208221
1,1,0.974007785320282
0,0,0.0253760684281588
0,0,0.0158754158765078
0,0,0.0235720835626125
0,1,0.935353338718414
1,1,0.981819748878479
0,0,0.0281519033014774
0,0,0.075234554708004
1,1,0.976215600967407
1,1,0.980998337268829
0,0,0.0291956756263971
0,0,0.0762929618358612
0,0,0.0128282532095909
0,0,0.0210631359368563
1,1,0.973634302616119
1,1,0.925330817699432
1,1,0.958543360233307
0,0,0.0372062176465988
0,0,0.0104256710037589
1,1,0.87589704990387
1,1,0.98148238658905
0,0,0.0128609389066696
1,1,0.944178342819214
1,1,0.98597252368927
0,0,0.0560408756136894
0,0,0.0189880076795816
1,1,0.898220241069794
1,1,0.985430002212524
1,1,0.982329189777374
1,1,0.74985671043396
0,0,0.0250714719295502
0,0,0.0274325255304575
0,0,0.0134613271802664
0,0,0.455971598625183
0,0,0.0135757885873318
0,0,0.0972594693303108
0,0,0.019234599545598
1,1,0.982477128505707
0,0,0.0323152653872967
0,0,0.0531184114515781
0,0,0.124366149306297
0,0,0.0491138510406017
0,0,0.0295756720006466
1,1,0.927074730396271
1,1,0.919361650943756
0,0,0.113515041768551
0,0,0.0170383844524622
0,0,0.0247366279363632
0,0,0.0183957051485777
0,0,0.0118388989940286
0,0,0.0119141796603799
1,1,0.957081735134125
1,1,0.983770251274109
0,0,0.448924094438553
1,1,0.955072045326233
0,0,0.0351004004478455
1,1,0.95919269323349
0,0,0.044345498085022
1,1,0.965085685253143
1,1,0.942988753318787
1,1,0.9810950756073
0,0,0.0180179607123137
1,1,0.968729913234711
0,0,0.0119394268840551
1,1,0.861112296581268
1,0,0.0163527484983206
0,0,0.0163884442299604
1,1,0.961829781532288
0,0,0.0390426591038704
0,0,0.272136330604553
0,0,0.0146112143993378
1,1,0.952275454998016
0,0,0.0245102811604738
1,1,0.981757700443268
1,1,0.948132812976837
1,0,0.115371890366077
0,1,0.521446287631989
1,1,0.986402094364166
1,1,0.984898269176483
0,0,0.03592549264431
1,1,0.636430203914642
1,1,0.940277457237244
0,0,0.051311943680048
1,1,0.969862222671509
0,0,0.02729188837111
0,0,0.430701911449432
1,1,0.943246722221375
0,0,0.0244458876550198
1,1,0.968273222446442
0,0,0.0526257902383804
1,1,0.833004117012024
0,0,0.0202079135924578
0,0,0.0359540395438671
1,1,0.7711501121521
0,1,0.912091434001923
1,1,0.985132038593292
1,1,0.939638137817383
1,1,0.98213517665863
1,1,0.973440825939178
1,1,0.979241967201233
0,0,0.0201233103871346
1,1,0.920702517032623
1,1,0.968140125274658
0,0,0.0417770408093929
1,1,0.973037719726562
1,1,0.94418340921402
0,0,0.0396370962262154
1,1,0.975717008113861
0,0,0.0500055402517319
1,1,0.967047572135925
1,1,0.817845046520233
1,1,0.981669485569
1,1,0.955493927001953
0,0,0.0136526804417372
1,1,0.982718169689178
0,0,0.160671457648277
1,1,0.725471496582031
1,1,0.855513215065002
1,1,0.978610515594482
0,0,0.0322084501385689
1,1,0.986284732818604
0,0,0.0350924246013165
1,1,0.986512899398804
0,0,0.401390969753265
0,0,0.136957466602325
1,1,0.974380016326904
1,1,0.986769437789917
0,0,0.0170986391603947
1,1,0.978675901889801
0,0,0.0576552152633667
0,0,0.242939651012421
1,1,0.96141916513443
0,0,0.0300369150936604
0,0,0.0119630424305797
0,0,0.0824532732367516
1,1,0.919806241989136
0,0,0.0213891081511974
0,0,0.0375415310263634
1,1,0.924591898918152
1,1,0.940217792987823
0,0,0.038866963237524
0,0,0.0477849803864956
0,0,0.017184816300869
0,0,0.0138704171404243
0,0,0.0120267858728766
0,0,0.0244731977581978
0,0,0.0382250100374222
1,0,0.135277137160301
0,0,0.125256806612015
1,1,0.966475367546082
1,1,0.868825793266296
0,0,0.0316048786044121
1,1,0.916942715644836
0,0,0.0345943681895733
1,1,0.985709071159363
1,1,0.959358870983124
1,1,0.951155543327332
1,1,0.971157371997833
1,1,0.972451984882355
0,0,0.0438825525343418
0,0,0.00988432951271534
1,1,0.992373764514923
0,1,0.694711446762085
0,0,0.35177156329155
0,0,0.00571075174957514
0,0,0.0404695011675358
0,0,0.0291261598467827
1,1,0.992102921009064
0,0,0.0301056616008282
1,1,0.978687882423401
1,0,0.162001132965088
1,1,0.92144250869751
1,0,0.495251476764679
1,1,0.814157009124756
1,1,0.969269096851349
0,0,0.0200157985091209
0,0,0.014453767798841
1,1,0.978648364543915
0,0,0.0293753854930401
1,1,0.971612155437469
0,0,0.0173239037394524
0,0,0.0476681925356388
1,1,0.973213374614716
0,0,0.0332754515111446
1,1,0.980815052986145
0,0,0.0318369939923286
1,1,0.973008751869202
1,1,0.920349061489105
0,0,0.0359108112752438
1,1,0.987001538276672
0,0,0.0132559929043055
1,1,0.977941274642944
1,1,0.973139882087708
0,0,0.0302075929939747
0,0,0.0679422169923782
1,1,0.959130704402924
1,1,0.911696016788483
0,0,0.0193762555718422
1,1,0.686225771903992
1,1,0.983184039592743
1,1,0.890865683555603
0,0,0.0278072226792574
0,0,0.028899610042572
1,1,0.971626818180084
0,0,0.0186717696487904
1,1,0.96564793586731
1,1,0.972339689731598
1,1,0.977217376232147
1,1,0.973716974258423
0,0,0.0518012195825577
1,1,0.977621912956238
1,1,0.96613222360611
1,0,0.377610564231873
0,0,0.0129247736185789
1,1,0.937509298324585
0,1,0.930222928524017
0,0,0.0146929370239377
0,0,0.0357304289937019
1,1,0.942005932331085
1,1,0.937976181507111
1,1,0.979803264141083
1,1,0.97772479057312
0,0,0.469610810279846
0,0,0.0257554687559605
1,1,0.978586852550507
1,1,0.985577762126923
0,0,0.0773338153958321
0,0,0.0232117790728807
1,1,0.982150256633759
0,0,0.0258520264178514
0,1,0.506430149078369
0,0,0.0133583275601268
1,1,0.898485839366913
0,0,0.0764358565211296
1,1,0.98180079460144
0,0,0.0704265758395195
0,0,0.0148669518530369
1,1,0.986016452312469
1,1,0.982606709003448
0,0,0.0253125987946987
1,1,0.955965399742126
1,1,0.981743574142456
0,0,0.0171996895223856
1,1,0.974684536457062
1,1,0.972184956073761
0,0,0.0174835398793221
0,0,0.0587973743677139
0,0,0.0660771578550339
1,1,0.96513432264328
0,0,0.0202976856380701
1,1,0.987363755702972
1,1,0.837599813938141
1,1,0.710281908512115
1,1,0.975026786327362
1,1,0.965476334095001
1,1,0.976146280765533
1,1,0.991004824638367
0,0,0.0180355291813612
0,0,0.00891880784183741
0,0,0.0870488435029984
1,1,0.762047469615936
1,1,0.952163934707642
0,0,0.0348917730152607
0,0,0.0215562079101801
0,0,0.019159410148859
1,1,0.989722192287445
0,0,0.0316347293555737
1,1,0.982109546661377
0,1,0.674327969551086
0,0,0.0165532696992159
0,0,0.0964171439409256
0,0,0.0446310602128506
1,1,0.965139448642731
0,0,0.0176123827695847
0,0,0.0251596421003342
0,0,0.0170105509459972
1,0,0.36398246884346
0,0,0.145324170589447
0,0,0.034099567681551
1,1,0.942004561424255
1,1,0.972522437572479
0,0,0.0691070705652237
0,0,0.0247335098683834
0,0,0.0207003876566887
1,1,0.985631227493286
0,0,0.0172535441815853
0,0,0.0324673913419247
0,0,0.0195280928164721
0,0,0.492026209831238
1,1,0.725041747093201
0,0,0.00515625905245543
0,0,0.0319509953260422
0,0,0.0322139710187912
0,0,0.0264049917459488
1,1,0.972208619117737
1,0,0.258383095264435
0,0,0.0565755255520344
0,0,0.00894065853208303
1,0,0.215846374630928
0,0,0.296106606721878
1,1,0.963034451007843
0,0,0.269048601388931
1,1,0.975276052951813
0,0,0.0169035773724318
1,1,0.988547205924988
0,0,0.0239519849419594
0,0,0.0227126348763704
1,1,0.565704584121704
0,0,0.130332544445992
1,1,0.969627141952515
0,0,0.0144198043271899
1,1,0.965288579463959
0,0,0.017498854547739
1,1,0.979134678840637
0,0,0.0161170233041048
1,1,0.916301190853119
1,0,0.238241389393806
1,1,0.971436619758606
0,0,0.0284827575087547
1,1,0.96746414899826
1,1,0.982638835906982
0,0,0.00774311786517501
1,1,0.96796852350235
1,1,0.938677906990051
0,0,0.0427717566490173
1,1,0.820402979850769
0,0,0.041912455111742
0,0,0.099083200097084
0,0,0.0150505723431706
0,0,0.0343352034687996
0,0,0.0133762704208493
0,0,0.0122997211292386
1,1,0.963377952575684
1,1,0.982971608638763
0,0,0.0126239387318492
1,1,0.969755470752716
0,1,0.564511120319366
0,0,0.236400917172432
1,1,0.982500076293945
0,0,0.0233929771929979
1,1,0.918213069438934
1,1,0.961977601051331
1,1,0.961292445659637
1,1,0.847490727901459
0,0,0.046101126819849
0,0,0.0258195921778679
0,0,0.0237208846956491
0,0,0.011344138532877
1,1,0.971699833869934
1,1,0.798320055007935
0,0,0.0121913244947791
1,1,0.981377959251404
1,1,0.967590510845184
0,0,0.171686351299286
0,0,0.0140377916395664
0,0,0.0140248760581017
1,1,0.937607169151306
1,1,0.956706821918488
0,0,0.0316261537373066
0,1,0.866108596324921
0,0,0.0156738720834255
0,0,0.0229075253009796
0,0,0.0319246500730515
1,1,0.951019048690796
1,1,0.984230816364288
0,0,0.0138742653653026
1,1,0.645612478256226
0,0,0.0280887726694345
0,0,0.0223783124238253
1,1,0.96786892414093
0,0,0.0178690291941166
0,0,0.110627986490726
0,0,0.0337538905441761
0,0,0.0118095139041543
0,0,0.0439181998372078
1,0,0.0612839348614216
0,0,0.0605145916342735
1,1,0.979954123497009
1,1,0.909910798072815
1,1,0.986398696899414
1,1,0.975077688694
0,0,0.221965923905373
0,0,0.0990053042769432
0,0,0.0233003497123718
1,1,0.981540143489838
0,0,0.0511892922222614
1,1,0.96101987361908
0,0,0.0341034345328808
1,1,0.983294785022736
0,0,0.024003216996789
0,0,0.00912116747349501
1,1,0.675139784812927
0,0,0.0236178915947676
1,1,0.983923614025116
1,1,0.973678469657898
1,1,0.964023888111115
1,1,0.920411646366119
0,1,0.795681416988373
1,1,0.953075647354126
0,0,0.0663388520479202
1,1,0.97658759355545
0,0,0.1174690797925
0,0,0.201406851410866
1,1,0.902513086795807
1,1,0.971000790596008
0,0,0.0524701364338398
0,0,0.0364705584943295
1,1,0.980968594551086
0,0,0.0354991443455219
0,0,0.0861371159553528
1,1,0.712538361549377
0,0,0.0247993189841509
0,0,0.0189393032342196
1,1,0.984545946121216
0,0,0.0115315839648247
0,0,0.0228890776634216
0,0,0.410611540079117
0,0,0.0684515908360481
0,0,0.0156076969578862
1,0,0.0222109109163284
0,0,0.0224290993064642
1,1,0.63088446855545
0,0,0.018567081540823
0,0,0.0254233498126268
1,1,0.751881241798401
0,0,0.0172314774245024
0,0,0.0199597366154194
0,0,0.031628031283617
1,1,0.97728306055069
0,0,0.0215861368924379
1,1,0.793758928775787
0,0,0.0240660440176725
1,1,0.951377213001251
0,0,0.0149370701983571
0,0,0.0181103684008121
1,1,0.89722865819931
0,0,0.0522828847169876
1,1,0.979506134986877
1,1,0.970418632030487
1,1,0.963375687599182
1,1,0.972303509712219
1,1,0.971973776817322
1,1,0.977844476699829
1,1,0.790105640888214
0,0,0.399949014186859
1,0,0.0617621168494225
1,1,0.984933197498322
1,1,0.973052442073822
1,1,0.976920008659363
0,0,0.0525784753262997
1,1,0.986624717712402
0,0,0.0198467820882797
1,1,0.909497082233429
1,1,0.972345471382141
0,0,0.0459034740924835
0,1,0.855745077133179
0,1,0.987579762935638
0,0,0.0122326593846083
0,0,0.0191114917397499
1,1,0.957004964351654
0,0,0.0134472073987126
0,0,0.0265370775014162
1,1,0.971619486808777
0,0,0.0295382831245661
0,0,0.0242021158337593
0,0,0.0741180032491684
0,0,0.1777004301548
1,1,0.649811387062073
0,0,0.021553723141551
0,0,0.022086763754487
1,1,0.908437609672546
0,0,0.0367390513420105
1,1,0.984124779701233
0,0,0.104536965489388
0,0,0.0197224598377943
0,0,0.270068973302841
0,0,0.0294515565037727
1,0,0.192477345466614
1,1,0.923041820526123
0,0,0.375459372997284
1,1,0.962271988391876
1,1,0.934459567070007
0,0,0.0213607978075743
0,0,0.0219998974353075
1,1,0.931779742240906
0,0,0.00888336263597012
1,1,0.813804388046265
0,0,0.0368959829211235
0,0,0.0455812029540539
0,1,0.563767433166504
1,1,0.958715379238129
0,0,0.329723119735718
0,0,0.00948345474898815
1,1,0.985944390296936
0,0,0.0133555000647902
1,1,0.744810700416565
0,0,0.0170814357697964
0,0,0.0153931537643075
0,0,0.0283904355019331
1,1,0.96431964635849
1,1,0.960256636142731
0,0,0.021982466802001
0,0,0.0317527651786804
0,0,0.0456466637551785
0,1,0.891590356826782
0,0,0.00991467200219631
1,1,0.985248506069183
1,1,0.980218708515167
1,1,0.983719289302826
0,0,0.07082549482584
1,1,0.948290705680847
0,0,0.0177889857441187
0,0,0.245284870266914
0,0,0.0337532348930836
0,1,0.531747460365295
0,0,0.0171545296907425
1,1,0.858543395996094
1,1,0.980151951313019
1,1,0.908202409744263
1,1,0.913917362689972
0,0,0.0442485623061657
0,1,0.935999989509583
0,0,0.0277726128697395
1,1,0.954150974750519
0,0,0.010245312936604
0,0,0.0157774817198515
0,1,0.759541153907776
1,1,0.989129781723022
1,1,0.806150674819946
1,1,0.975382089614868
1,1,0.861516714096069
0,0,0.0137880817055702
1,1,0.943653762340546
1,1,0.96709942817688
0,1,0.813059329986572
0,0,0.00974916014820337
1,1,0.907875120639801
0,0,0.0409131795167923
1,1,0.979657828807831
1,1,0.972827196121216
1,0,0.0413665622472763
1,1,0.982496619224548
0,0,0.0256072450429201
0,0,0.0391337312757969
0,1,0.523543477058411
1,1,0.974232077598572
1,0,0.070353701710701
1,1,0.970969080924988
1,0,0.258056253194809
1,1,0.991820096969604
0,0,0.0448287688195705
1,1,0.990951776504517
1,1,0.973495543003082
0,0,0.0245924405753613
1,1,0.981387495994568
0,0,0.0149455266073346
1,1,0.934351861476898
0,0,0.021087696775794
0,0,0.0146858217194676
0,0,0.0805934071540833
0,1,0.518191397190094
1,1,0.982773542404175
1,1,0.943341553211212
1,1,0.985023736953735
1,0,0.403222173452377
0,0,0.139050588011742
1,1,0.969399571418762
1,1,0.893603205680847
1,1,0.967019200325012
1,1,0.778383374214172
1,1,0.766770422458649
0,0,0.0180393178015947
0,0,0.150288626551628
1,1,0.598004519939423
1,1,0.849438369274139
0,0,0.0237542670220137
0,0,0.0220653712749481
1,1,0.987139880657196
1,1,0.979009330272675
0,0,0.0869688987731934
1,0,0.476369082927704
1,1,0.954969644546509
0,0,0.0949598029255867
0,0,0.0617969296872616
0,1,0.721899807453156
1,1,0.96303778886795
0,1,0.845064997673035
0,0,0.0256792064756155
0,0,0.198309540748596
1,0,0.0378268659114838
0,0,0.377409040927887
0,0,0.0167781729251146
1,1,0.985832095146179
1,1,0.682551324367523
1,1,0.521255373954773
0,0,0.0341644138097763
1,1,0.981047689914703
1,1,0.99585223197937
1,1,0.979952752590179
0,0,0.0211910717189312
0,0,0.0386453531682491
1,1,0.877017080783844
1,1,0.971216559410095
1,1,0.989080786705017
0,0,0.141559705138206
1,1,0.979658126831055
0,0,0.0285004954785109
0,0,0.0147787136957049
1,1,0.96285605430603
0,0,0.0266013666987419
0,0,0.00976151973009109
1,1,0.965393364429474
1,1,0.593599498271942
1,1,0.963213264942169
1,1,0.966715395450592
0,0,0.0300589483231306
0,0,0.0273128747940063
0,0,0.0160095300525427
1,1,0.930689334869385
0,0,0.0362807214260101
0,0,0.0340548679232597
0,0,0.0573057867586613
1,1,0.973253130912781
0,0,0.0328729264438152
0,0,0.0251621343195438
0,0,0.0250124931335449
0,0,0.0157315637916327
0,0,0.0481302477419376
1,1,0.559166014194489
0,0,0.0218714866787195
1,1,0.978059947490692
1,1,0.74132776260376
1,1,0.960480391979218
0,0,0.028767267242074
1,1,0.989714920520782
0,1,0.603851139545441
1,1,0.929175138473511
0,0,0.0553657673299313
0,0,0.0212852004915476
1,1,0.978852570056915
1,1,0.941540837287903
0,0,0.195583492517471
1,1,0.86712920665741
0,0,0.0520580485463142
0,0,0.0161105897277594
1,1,0.772734522819519
1,1,0.697269082069397
0,1,0.758003413677216
0,0,0.0377934910356998
0,0,0.0593651607632637
0,0,0.347395479679108
1,1,0.973210334777832
0,0,0.0138497296720743
0,0,0.261031627655029
0,0,0.018699998036027
1,1,0.972260475158691
0,0,0.0127150313928723
1,1,0.962965250015259
0,0,0.0483266413211823
1,0,0.232809409499168
0,1,0.666549503803253
1,1,0.84562212228775
1,1,0.951152086257935
1,1,0.60210382938385
0,0,0.124592788517475
1,1,0.964450597763062
0,0,0.0104009304195642
1,1,0.96551901102066
0,0,0.0375211276113987
1,1,0.982646107673645
1,1,0.886769473552704
1,1,0.989982903003693
1,1,0.724825918674469
0,0,0.063225619494915
0,0,0.0304867848753929
0,0,0.0200351178646088
0,0,0.162531301379204
1,1,0.523985624313354
1,0,0.0331531055271626
1,1,0.983147442340851
1,1,0.956521213054657
1,1,0.826517522335052
1,1,0.577789664268494
0,0,0.13581919670105
0,0,0.0107426745817065
1,1,0.964335083961487
1,1,0.969140410423279
0,0,0.015409923158586
0,0,0.0233357604593039
1,1,0.974419593811035
0,0,0.0746206343173981
0,0,0.0617509670555592
0,0,0.0271303188055754
0,1,0.895490527153015
0,0,0.00758380955085158
0,0,0.00880513899028301
0,0,0.0127938259392977
0,0,0.0322659760713577
1,0,0.366618812084198
1,1,0.819206416606903
1,1,0.972630798816681
1,1,0.981233477592468
1,1,0.965158879756927
1,1,0.934089362621307
0,0,0.0662027075886726
1,1,0.972414076328278
1,0,0.434555679559708
1,1,0.965449333190918
0,0,0.016628734767437
1,1,0.9703209400177
1,1,0.904023706912994
1,1,0.964178562164307
1,1,0.946398556232452
1,1,0.982804298400879
0,0,0.0241745002567768
0,0,0.0180348120629787
1,0,0.379122108221054
1,1,0.979363858699799
1,1,0.952377617359161
0,0,0.0195468589663506
0,0,0.0401839576661587
0,0,0.0351286567747593
0,0,0.0248479247093201
1,1,0.969566166400909
1,1,0.974184274673462
0,0,0.0647204965353012
0,0,0.0398696474730968
0,0,0.112795904278755
1,1,0.963309407234192
1,1,0.962326943874359
0,1,0.617849230766296
1,1,0.984677314758301
1,1,0.965431332588196
0,0,0.017339464277029
1,1,0.785937547683716
1,1,0.923794448375702
1,1,0.921018719673157
0,0,0.014597674831748
1,1,0.875014007091522
0,0,0.0126933930441737
0,0,0.0233302842825651
1,1,0.977783501148224
0,0,0.0281724259257317
1,1,0.984962999820709
0,0,0.0120401084423065
0,0,0.0398223362863064
1,1,0.98203706741333
1,1,0.979665696620941
0,0,0.0529353059828281
0,0,0.0158873926848173
1,1,0.981853306293488
0,0,0.432174950838089
1,1,0.967722654342651
1,1,0.97127377986908
1,0,0.0744242146611214
1,1,0.958276987075806
0,0,0.413156181573868
0,0,0.0156976208090782
1,1,0.765511691570282
0,0,0.0602722652256489
1,1,0.9703369140625
0,0,0.0360745638608932
0,0,0.0148404855281115
0,0,0.0146964378654957
0,0,0.0237313937395811
0,0,0.410446435213089
1,1,0.978523373603821
0,0,0.0216891411691904
1,1,0.771584630012512
0,0,0.0760440155863762
1,1,0.950382053852081
0,0,0.02849305793643
0,0,0.0346623212099075
0,0,0.0462920367717743
1,1,0.709960699081421
1,1,0.976877331733704
1,1,0.973198294639587
0,0,0.0244721099734306
1,1,0.853497326374054
0,0,0.0330744087696075
1,1,0.984959304332733
1,1,0.984195947647095
0,0,0.0179570261389017
0,0,0.0557433515787125
0,0,0.0116959577426314
0,0,0.0192020386457443
0,0,0.071387454867363
0,0,0.00965372659265995
1,1,0.980962753295898
0,0,0.0727711319923401
1,1,0.849427223205566
1,1,0.930028855800629
1,1,0.967747569084167
1,1,0.978808045387268
1,1,0.965033769607544
0,0,0.0468133725225925
0,0,0.0356521718204021
0,0,0.0285538863390684
1,1,0.754972219467163
1,1,0.980850160121918
1,1,0.734058737754822
1,1,0.960451483726501
1,1,0.972711682319641
1,1,0.963537454605103
0,0,0.281726092100143
1,1,0.965417146682739
0,1,0.975713014602661
1,1,0.985773801803589
1,1,0.984980821609497
1,1,0.983134508132935
0,0,0.0512317828834057
0,0,0.0119383921846747
0,0,0.0235864575952291
0,0,0.0388288423418999
1,1,0.954504787921906
0,0,0.139530926942825
0,0,0.0356570817530155
0,0,0.0526123344898224
0,0,0.151741430163383
1,1,0.9613898396492
1,1,0.964821338653564
0,0,0.0806515663862228
1,1,0.98654443025589
1,1,0.983941495418549
1,1,0.930095136165619
1,0,0.0473565235733986
0,0,0.0230787619948387
0,1,0.780426383018494
1,1,0.955183088779449
0,1,0.594947695732117
1,1,0.967353820800781
0,0,0.0112691866233945
0,0,0.194688484072685
0,0,0.0537591576576233
0,0,0.023528354242444
1,1,0.987970650196075
1,1,0.948782980442047
0,0,0.0151156429201365
0,0,0.0735192894935608
0,0,0.0492224358022213
1,1,0.962586879730225
1,1,0.876405417919159
1,1,0.957957208156586
1,1,0.960185647010803
1,1,0.973900258541107
0,0,0.0268830433487892
0,0,0.0187177136540413
1,1,0.982810139656067
0,0,0.0546616911888123
1,1,0.981323897838593
1,1,0.979492604732513
0,0,0.031455472111702
0,0,0.0137194152921438
1,1,0.953593015670776
1,1,0.98716402053833
1,1,0.946648597717285
0,0,0.0228229984641075
0,0,0.0237033814191818
1,0,0.0472566783428192
0,0,0.0239759963005781
1,1,0.952334821224213
1,1,0.85669881105423
0,0,0.0246145632117987
0,0,0.0172828529030085
0,0,0.0445796474814415
1,1,0.521915316581726
1,1,0.969323933124542
1,1,0.982872128486633
0,0,0.0111187305301428
0,0,0.0219202041625977
0,1,0.906181573867798
0,0,0.0674949809908867
1,1,0.940572619438171
1,1,0.978959023952484
0,0,0.05682073533535
1,1,0.968280911445618
1,1,0.958269536495209
1,1,0.985986113548279
1,1,0.990372776985168
0,0,0.0274807997047901
0,0,0.0242583137005568
1,1,0.986318349838257
0,0,0.0265645477920771
1,1,0.959621608257294
1,1,0.945395112037659
0,0,0.294907301664352
1,1,0.976489722728729
0,0,0.0295987948775291
1,1,0.963505148887634
0,0,0.0285619217902422
1,1,0.915073096752167
0,0,0.0157258715480566
1,1,0.952054917812347
0,0,0.0212723892182112
1,1,0.978421688079834
0,0,0.0142404539510608
1,1,0.984532654285431
1,1,0.82558399438858
1,1,0.936075508594513
0,0,0.208033412694931
1,1,0.978323698043823
0,0,0.0108886687085032
1,1,0.967793762683868
0,0,0.0171685721725225
1,1,0.976850867271423
1,1,0.968776643276215
0,0,0.0961767956614494
1,1,0.892437279224396
1,0,0.0696055740118027
1,1,0.976335823535919
1,1,0.932836949825287
0,0,0.0177839137613773
0,0,0.0131637761369348
1,0,0.392025113105774
1,1,0.967070698738098
0,0,0.0589811839163303
0,0,0.124258428812027
1,1,0.944268047809601
1,1,0.98638516664505
0,0,0.0219619181007147
1,1,0.955687701702118
0,0,0.0137319704517722
0,0,0.0103060239925981
1,1,0.987628698348999
0,0,0.0304046459496021
0,0,0.012669219635427
0,0,0.0236161109060049
0,0,0.00839093700051308
1,1,0.976193130016327
0,0,0.0122871045023203
1,0,0.34789052605629
0,0,0.0575717240571976
0,0,0.0253514274954796
0,0,0.0127583649009466
1,1,0.859338521957397
1,1,0.948064148426056
0,0,0.0477022342383862
1,1,0.98753821849823
0,0,0.0119364857673645
1,1,0.978225231170654
0,0,0.0337225347757339
1,1,0.976831614971161
0,0,0.0205407347530127
0,0,0.0340790338814259
0,0,0.0187022723257542
0,0,0.0188492517918348
0,0,0.0161583758890629
0,0,0.0392242223024368
1,1,0.973586678504944
1,1,0.975324153900146
0,0,0.0131477005779743
1,1,0.985669791698456
1,1,0.98045152425766
0,0,0.0120076891034842
0,0,0.017441650852561
0,0,0.0266791880130768
1,1,0.9830561876297
0,0,0.0208748634904623
1,1,0.962611436843872
0,0,0.0451747588813305
0,0,0.0177437532693148
0,0,0.0156103624030948
1,1,0.987742900848389
1,1,0.99026757478714
0,0,0.0462956167757511
0,0,0.0725725591182709
0,0,0.0206434149295092
1,1,0.828735172748566
1,1,0.746748805046082
1,1,0.866000115871429
1,1,0.93903911113739
0,0,0.0199397206306458
1,1,0.966791570186615
0,0,0.026714688166976
0,0,0.0177949778735638
1,1,0.978111863136292
1,1,0.960229814052582
1,1,0.960020482540131
1,1,0.978019595146179
0,0,0.165891051292419
0,1,0.926775693893433
1,1,0.977433741092682
1,1,0.855188369750977
1,0,0.482492834329605
1,1,0.963585376739502
1,1,0.915468573570251
1,1,0.979331612586975
1,1,0.986889839172363
0,0,0.0400616750121117
0,0,0.0537255257368088
1,1,0.958664536476135
0,0,0.0159613080322742
1,1,0.98148775100708
1,1,0.97319757938385
1,1,0.956196665763855
0,0,0.0299735330045223
1,1,0.972090125083923
0,0,0.0168989989906549
1,1,0.972173631191254
0,0,0.0161230359226465
1,1,0.979577243328094
1,1,0.958201110363007
0,0,0.0355052351951599
1,1,0.975324928760529
0,0,0.0143571114167571
0,0,0.015672592446208
0,0,0.0701560750603676
1,1,0.975085198879242
1,1,0.982746362686157
1,1,0.969187200069427
0,0,0.00892875529825687
1,1,0.892997145652771
0,0,0.0234972983598709
0,0,0.0692520141601562
1,1,0.796953022480011
1,1,0.9857257604599
1,1,0.927533566951752
1,1,0.980744779109955
1,1,0.965246379375458
1,1,0.600824952125549
1,1,0.991712689399719
0,0,0.0129466000944376
1,1,0.981324732303619
1,1,0.710905849933624
1,1,0.804953753948212
1,1,0.978561758995056
1,1,0.929994404315948
1,1,0.978080689907074
1,1,0.979931890964508
1,1,0.986308515071869
0,0,0.140101134777069
1,1,0.984330952167511
0,0,0.0403237976133823
0,0,0.0227463487535715
1,1,0.896657049655914
0,0,0.0131266992539167
0,0,0.049662921577692
0,0,0.011063271202147
1,1,0.953184604644775
0,0,0.0512208603322506
1,1,0.974622070789337
1,0,0.433596104383469
0,0,0.187284395098686
1,1,0.982700109481812
0,0,0.0925471782684326
1,1,0.604670286178589
0,0,0.04452133923769
0,0,0.0143515532836318
1,1,0.959916353225708
1,1,0.796354949474335
0,0,0.0120350830256939
1,0,0.323787301778793
1,1,0.919662833213806
0,0,0.159429892897606
1,0,0.0295542050153017
1,1,0.827251970767975
0,0,0.122134946286678
0,0,0.170809462666512
0,0,0.018837496638298
1,1,0.977164208889008
0,0,0.0304898153990507
1,1,0.963567852973938
0,0,0.0301017556339502
0,0,0.0612743236124516
0,0,0.0241281036287546
1,0,0.2756008207798
1,1,0.930369734764099
1,1,0.979158639907837
1,1,0.984916090965271
1,1,0.98385888338089
1,1,0.710210621356964
1,1,0.93008154630661
0,0,0.0259826984256506
1,1,0.957153618335724
0,0,0.0139234494417906
1,1,0.869930565357208
1,1,0.98467892408371
1,1,0.972711980342865
1,1,0.68400627374649
1,1,0.980975985527039
0,0,0.0268193427473307
0,0,0.0213557779788971
1,1,0.990735948085785
1,1,0.98424881696701
1,1,0.991272032260895
1,1,0.984171807765961
0,0,0.016224205493927
0,0,0.0150016294792295
1,1,0.979901790618896
1,1,0.948363721370697
1,1,0.964051365852356
1,1,0.858875513076782
0,0,0.00710418028756976
1,1,0.705675184726715
0,0,0.0144981015473604
0,0,0.0121977757662535
0,0,0.107161648571491
1,0,0.30964782834053
0,0,0.0368748679757118
1,1,0.98008805513382
0,1,0.963657081127167
0,0,0.0285811387002468
1,1,0.841018855571747
0,0,0.0379095561802387
0,0,0.0526777692139149
1,1,0.966204285621643
1,1,0.920927822589874
1,1,0.96117115020752
1,1,0.976437747478485
0,1,0.620113790035248
1,1,0.971527457237244
1,1,0.984647035598755
1,1,0.970405578613281
1,1,0.981135129928589
1,1,0.931195139884949
0,0,0.041953768581152
1,1,0.684159815311432
1,1,0.919083535671234
1,1,0.96293044090271
0,0,0.0272196270525455
1,1,0.980836391448975
1,1,0.971681952476501
0,0,0.0145137989893556
1,1,0.969114303588867
1,1,0.970694065093994
0,0,0.0368820577859879
1,1,0.954359471797943
1,1,0.922896504402161
0,0,0.0498547032475471
0,0,0.0161734595894814
1,1,0.983249545097351
1,1,0.983349800109863
0,1,0.664790689945221
1,1,0.926278293132782
1,1,0.97986251115799
0,0,0.0756718665361404
1,1,0.9653160572052
0,0,0.00997373834252357
0,0,0.185641780495644
0,0,0.0176963768899441
1,1,0.975504636764526
1,1,0.988461017608643
1,1,0.684796452522278
0,0,0.0488134361803532
1,1,0.94034868478775
0,0,0.0200128145515919
1,1,0.989667177200317
0,0,0.0232155919075012
1,1,0.942071080207825
0,0,0.026643818244338
0,1,0.722349941730499
1,1,0.97346556186676
0,0,0.0136307179927826
0,0,0.371806591749191
1,1,0.98620194196701
1,1,0.977700769901276
0,0,0.0130386846140027
0,0,0.0274295341223478
1,1,0.969325959682465
0,0,0.0231576282531023
0,0,0.0824626684188843
1,1,0.979614078998566
0,1,0.548586249351501
1,1,0.99112331867218
0,0,0.0255430527031422
1,1,0.979001104831696
0,0,0.0555985048413277
1,1,0.980048775672913
0,0,0.0286932941526175
0,0,0.0126307411119342
1,1,0.896205008029938
0,0,0.240975677967072
1,0,0.496508836746216
0,0,0.0444472841918468
1,1,0.724376976490021
1,1,0.898278594017029
1,1,0.966250061988831
0,0,0.0278349444270134
1,1,0.988202631473541
0,0,0.0274540726095438
0,1,0.711456060409546
1,1,0.92470383644104
0,0,0.0186033025383949
0,0,0.190301984548569
1,1,0.945974349975586
0,0,0.0292185582220554
1,0,0.235490694642067
1,1,0.851983845233917
1,1,0.977986037731171
1,1,0.967561602592468
1,1,0.979536235332489
1,1,0.965223431587219
0,0,0.264678180217743
0,0,0.011294967494905
1,1,0.989055156707764
1,0,0.415159374475479
1,1,0.975314378738403
0,0,0.0159171670675278
1,1,0.966893553733826
1,1,0.987415850162506
1,1,0.957655370235443
1,1,0.969681262969971
0,0,0.110992275178432
0,0,0.0441492833197117
0,0,0.0126499449834228
1,1,0.960621058940887
1,1,0.959238409996033
0,0,0.0372566990554333
0,0,0.0172632895410061
0,0,0.0104125095531344
0,0,0.0113525632768869
0,0,0.0124334366992116
0,0,0.0123050389811397
0,0,0.0274899061769247
0,1,0.556064069271088
1,1,0.973828017711639
1,1,0.880855858325958
1,1,0.984983384609222
1,1,0.944606482982635
1,1,0.96601939201355
0,0,0.0255326572805643
1,1,0.987582623958588
0,0,0.0138628268614411
1,1,0.959479987621307
1,1,0.96684867143631
1,1,0.96598744392395
0,0,0.180769622325897
0,0,0.0348710343241692
0,0,0.0208255685865879
1,1,0.984476923942566
1,1,0.748376786708832
0,0,0.0349282659590244
0,0,0.0186096448451281
1,0,0.32068133354187
0,0,0.0451542548835278
1,1,0.938835501670837
1,1,0.979168951511383
1,1,0.990227460861206
0,0,0.0309086516499519
0,0,0.0612684674561024
1,1,0.866345822811127
1,1,0.809834003448486
0,0,0.0159676540642977
0,0,0.0154537921771407
0,0,0.183296918869019
1,1,0.633620858192444
0,0,0.0175048913806677
0,1,0.968753159046173
0,0,0.0143514173105359
0,0,0.0398588702082634
0,0,0.0260978192090988
0,0,0.0515969805419445
0,0,0.0270301029086113
0,0,0.0915624871850014
0,0,0.0387819595634937
1,1,0.93740177154541
1,1,0.868197381496429
1,1,0.914222121238708
0,0,0.0215766727924347
0,0,0.035495039075613
0,0,0.0176297482103109
0,0,0.0169079285115004
1,1,0.977922677993774
0,0,0.0222684349864721
1,1,0.91876095533371
1,1,0.979021787643433
0,0,0.0152920233085752
1,1,0.971679449081421
1,1,0.976359307765961
1,1,0.929702162742615
0,0,0.0609292313456535
1,1,0.973869264125824
0,0,0.0109412483870983
1,1,0.984571814537048
1,1,0.983311533927917
0,0,0.0352042950689793
0,0,0.0153509695082903
1,1,0.970044493675232
1,1,0.952201545238495
0,0,0.157770916819572
0,0,0.116316080093384
1,1,0.825760304927826
0,0,0.0702081397175789
1,1,0.984835684299469
0,0,0.137893825769424
0,0,0.0529136843979359
1,1,0.94746994972229
1,0,0.111354440450668
1,1,0.985239386558533
0,0,0.0510132350027561
0,0,0.0132318893447518
0,0,0.170841380953789
0,0,0.0573365055024624
0,0,0.0532642342150211
0,0,0.0277985204011202
1,1,0.986921668052673
1,1,0.803073883056641
0,0,0.0185461118817329
0,0,0.0324871838092804
0,0,0.103449434041977
1,1,0.911774516105652
1,1,0.990119814872742
1,1,0.891643702983856
0,0,0.027590474113822
0,0,0.0474041849374771
1,1,0.96960037946701
0,0,0.314805507659912
1,1,0.972427070140839
1,1,0.691464364528656
0,0,0.0126587739214301
1,0,0.0569489635527134
0,0,0.00507903657853603
1,1,0.872410297393799
1,1,0.528723657131195
1,1,0.850162088871002
0,0,0.0766496732831001
1,1,0.971975028514862
0,0,0.0163123141974211
1,1,0.976791262626648
1,1,0.923757553100586
0,0,0.154927670955658
0,0,0.0142342709004879
0,0,0.0219524931162596
0,0,0.0630147382616997
1,1,0.982339918613434
1,1,0.981794893741608
1,1,0.956007778644562
1,1,0.985981464385986
0,0,0.0479922518134117
1,1,0.977505922317505
1,1,0.973462104797363
0,1,0.839950978755951
0,0,0.434553474187851
1,1,0.981024146080017
1,1,0.66951996088028
0,0,0.0147729022428393
0,0,0.111470639705658
1,1,0.985605418682098
0,0,0.0596356093883514
1,1,0.980303168296814
0,0,0.0249380860477686
1,1,0.766327440738678
0,0,0.0194706991314888
0,1,0.543270945549011
1,1,0.936873376369476
0,0,0.390973776578903
0,0,0.098303847014904
0,0,0.00860645808279514
1,1,0.977671265602112
1,1,0.983226358890533
0,1,0.596354722976685
1,1,0.977612137794495
1,1,0.980101585388184
1,1,0.896386981010437
1,1,0.579348266124725
1,1,0.600756824016571
1,1,0.933819711208344
1,1,0.981932401657104
1,1,0.984407544136047
0,0,0.0138787869364023
0,0,0.331268578767776
0,1,0.535277307033539
1,1,0.97963273525238
0,0,0.0204156618565321
0,0,0.0149202896282077
1,1,0.662353336811066
1,1,0.981267094612122
1,1,0.681960582733154
0,0,0.174923375248909
0,0,0.0728360489010811
1,1,0.987986028194427
1,1,0.95199579000473
0,0,0.0118537740781903
1,1,0.950035333633423
0,0,0.0108018973842263
1,1,0.988863110542297
1,1,0.986768841743469
1,1,0.940990209579468
1,1,0.968317270278931
0,0,0.0274624358862638
0,1,0.933132350444794
1,1,0.9665207862854
1,1,0.917679071426392
1,1,0.9792560338974
0,0,0.016919543966651
0,0,0.13352943956852
0,0,0.0164690557867289
0,0,0.0913060978055
1,1,0.923019289970398
1,1,0.964635133743286
1,1,0.983658611774445
1,1,0.985428035259247
0,1,0.748424410820007
0,0,0.104062058031559
1,1,0.961605310440063
1,1,0.968900859355927
0,0,0.0357708744704723
0,0,0.0214082468301058
1,1,0.943088054656982
0,0,0.0136822946369648
0,0,0.24462254345417
1,1,0.983274042606354
1,1,0.973391830921173
0,0,0.0209472384303808
0,0,0.241876050829887
1,0,0.0169982369989157
0,0,0.0104911904782057
1,1,0.965488791465759
0,0,0.021404355764389
0,0,0.0575748644769192
1,1,0.974743545055389
0,0,0.0227863527834415
0,0,0.144506081938744
1,1,0.980940282344818
0,0,0.0234656129032373
1,1,0.909889578819275
0,0,0.0236798021942377
0,0,0.182384878396988
1,1,0.96651291847229
0,0,0.014889114536345
1,1,0.942548990249634
0,0,0.0548381991684437
1,1,0.94157350063324
1,1,0.881766974925995
0,0,0.0260425247251987
0,0,0.0348911695182323
0,0,0.0129093183204532
1,1,0.919005453586578
0,0,0.0132509237155318
0,1,0.548826813697815
0,0,0.0246035028249025
1,1,0.976053953170776
0,0,0.023056847974658
0,0,0.0250788908451796
1,1,0.991096258163452
0,0,0.339088678359985
1,1,0.979827761650085
0,0,0.0139539120718837
0,0,0.0113728074356914
0,1,0.957934141159058
1,1,0.952353000640869
1,1,0.875729441642761
1,1,0.977937161922455
0,0,0.039556011557579
0,0,0.0355410613119602
0,0,0.104513667523861
1,1,0.948508679866791
1,1,0.970916390419006
0,0,0.0503530986607075
0,0,0.0155622139573097
1,1,0.962702333927155
0,0,0.017976064234972
0,0,0.02293511480093
0,0,0.0230666883289814
1,1,0.777900695800781
0,0,0.157090842723846
1,1,0.802847921848297
0,0,0.0286071691662073
1,1,0.971917331218719
1,1,0.974041819572449
1,1,0.974690318107605
1,1,0.807997226715088
0,0,0.0977613180875778
0,0,0.309887200593948
1,1,0.957320630550385
1,1,0.984428226947784
1,1,0.948709607124329
1,1,0.931693136692047
1,1,0.852882981300354
0,0,0.0267969444394112
1,1,0.527680039405823
1,1,0.916451334953308
0,0,0.0180383417755365
1,1,0.829559683799744
1,1,0.980236828327179
1,1,0.901192903518677
1,1,0.96073579788208
1,1,0.974011659622192
1,1,0.967552006244659
0,0,0.00996571406722069
0,0,0.0169258750975132
1,1,0.976919114589691
0,0,0.0616044849157333
0,0,0.0133554432541132
0,0,0.0123108197003603
1,1,0.877959489822388
0,0,0.0187364295125008
1,1,0.971715271472931
0,0,0.0339996144175529
1,1,0.992597460746765
1,1,0.922606945037842
0,0,0.0245142821222544
1,1,0.9745152592659
0,0,0.0935804024338722
0,0,0.0706513226032257
0,0,0.139186769723892
0,0,0.0143006211146712
1,1,0.986549079418182
1,1,0.942059457302094
1,1,0.944772660732269
0,1,0.887848198413849
0,0,0.0393706522881985
1,1,0.833535194396973
0,0,0.0270374920219183
1,1,0.98287695646286
1,1,0.962602138519287
0,0,0.038454782217741
1,1,0.948810696601868
0,0,0.0195294842123985
0,0,0.0653851479291916
1,1,0.96517151594162
1,1,0.971462428569794
1,0,0.0311224404722452
0,0,0.0208134725689888
1,1,0.523011088371277
0,0,0.0642954334616661
0,0,0.0203429367393255
1,1,0.979220151901245
1,1,0.957248389720917
0,0,0.155921950936317
1,1,0.96841162443161
1,1,0.913861393928528
1,1,0.929503381252289
0,1,0.732121586799622
0,0,0.130223482847214
0,0,0.0271168015897274
1,1,0.975652694702148
0,0,0.0913523137569427
0,0,0.202069684863091
1,1,0.854768216609955
1,1,0.976541221141815
1,1,0.805575788021088
1,1,0.88506668806076
1,1,0.969167053699493
1,1,0.954949855804443
0,0,0.157366737723351
0,1,0.966665923595428
1,1,0.959727883338928
1,1,0.986240208148956
0,0,0.0244657378643751
0,0,0.0123397894203663
1,1,0.936731100082397
0,0,0.0158250294625759
0,0,0.0213440861552954
0,0,0.221556976437569
1,1,0.776531577110291
1,1,0.943821251392365
0,0,0.0379740931093693
0,0,0.137646391987801
1,1,0.566860496997833
1,1,0.960135638713837
0,0,0.422631591558456
1,1,0.970833837985992
1,1,0.96619975566864
1,1,0.923807501792908
0,0,0.111505880951881
0,0,0.0114171281456947
1,1,0.962618947029114
1,0,0.273030936717987
1,1,0.862169444561005
0,0,0.0195595510303974
0,0,0.0336791090667248
1,1,0.91154146194458
1,1,0.983845949172974
0,0,0.0274718441069126
1,0,0.0415286906063557
0,0,0.0546223670244217
1,1,0.965157091617584
0,0,0.357108354568481
1,1,0.709823429584503
1,0,0.0593892559409142
0,0,0.0516161657869816
1,1,0.98547750711441
0,0,0.228377923369408
0,0,0.0893068462610245
0,0,0.0160600263625383
0,0,0.019078753888607
1,1,0.953918099403381
1,1,0.985308706760406
0,0,0.0372203961014748
1,1,0.987652182579041
1,1,0.974694967269897
0,0,0.0266659799963236
0,0,0.0197325106710196
0,0,0.0610658563673496
1,1,0.968352019786835
1,0,0.115656964480877
0,0,0.01481032371521
0,0,0.0272397231310606
1,1,0.884134769439697
1,1,0.983436942100525
0,0,0.0230845641344786
1,1,0.974090099334717
0,0,0.117555879056454
1,1,0.97048145532608
0,0,0.0359682217240334
0,0,0.0164491161704063
0,0,0.0651053562760353
0,0,0.0858171582221985
1,1,0.928060710430145
0,0,0.0592981278896332
0,0,0.0207517836242914
0,0,0.0602470599114895
0,0,0.0208231918513775
1,1,0.967109680175781
1,1,0.837526440620422
0,0,0.0213437136262655
0,0,0.0273145399987698
0,0,0.0158334150910378
1,1,0.976515710353851
1,1,0.967062294483185
1,1,0.949113607406616
1,1,0.959938943386078
0,0,0.0457338839769363
0,0,0.0800217986106873
0,0,0.0174888800829649
0,0,0.0288363415747881
0,0,0.0375230833888054
1,1,0.908682107925415
1,1,0.98432594537735
0,0,0.0319506339728832
0,0,0.0106096845120192
1,1,0.985904157161713
0,0,0.0138780167326331
1,1,0.775456547737122
0,0,0.0372871458530426
0,0,0.0197514239698648
0,0,0.0246603414416313
1,1,0.631498336791992
1,1,0.960702896118164
0,0,0.0450720079243183
0,0,0.0373326689004898
1,1,0.941999554634094
1,1,0.970761477947235
1,1,0.582516074180603
0,0,0.105336092412472
1,1,0.883297562599182
1,1,0.796016991138458
0,0,0.0185789372771978
0,0,0.175929620862007
0,0,0.0938882529735565
0,0,0.00977834779769182
0,0,0.0305493753403425
0,0,0.0148640535771847
0,0,0.270601570606232
1,1,0.965717673301697
1,1,0.976471304893494
0,0,0.141688168048859
0,0,0.247048527002335
1,0,0.496492952108383
0,0,0.0269696246832609
1,1,0.980138421058655
1,1,0.988661289215088
0,0,0.0184467304497957
1,1,0.963547170162201
1,1,0.984220206737518
1,1,0.985295534133911
1,1,0.977867603302002
1,1,0.972705125808716
0,0,0.0121766328811646
0,0,0.0146364383399487
1,1,0.975804507732391
1,1,0.983792304992676
1,1,0.861289441585541
0,0,0.0202305465936661
1,1,0.940047919750214
1,1,0.977231502532959
0,0,0.0399085730314255
0,0,0.0243657641112804
0,0,0.0939201414585114
0,0,0.0846470445394516
1,1,0.906513810157776
1,0,0.29892709851265
1,1,0.975367486476898
1,1,0.990126132965088
0,0,0.0163616556674242
0,0,0.024436729028821
0,0,0.0248340182006359
0,0,0.0177475418895483
0,0,0.0157621745020151
1,1,0.964869916439056
1,1,0.948433756828308
1,1,0.935592472553253
0,0,0.0153977237641811
0,0,0.023688230663538
1,1,0.968599379062653
0,0,0.0287312213331461
0,0,0.0473160557448864
1,1,0.974236845970154
0,0,0.0331479534506798
1,1,0.972012400627136
1,0,0.356419563293457
1,1,0.946728587150574
1,1,0.896135687828064
1,1,0.982635855674744
1,1,0.982895016670227
0,0,0.0243420619517565
1,1,0.926563560962677
0,0,0.0322438217699528
1,1,0.890796720981598
0,0,0.401314228773117
1,1,0.936132431030273
0,0,0.0219636838883162
1,1,0.958818256855011
1,1,0.988756000995636
1,1,0.920419871807098
0,0,0.0428887046873569
0,0,0.0156826861202717
0,0,0.0262473542243242
0,0,0.0289576128125191
0,0,0.0491527020931244
0,0,0.0221468042582273
0,0,0.0139734903350472
1,1,0.934121251106262
0,0,0.0194606184959412
0,0,0.0223464444279671
0,0,0.0495547279715538
1,1,0.973640918731689
0,0,0.0220749471336603
0,0,0.0604021213948727
1,1,0.959130823612213
1,1,0.904612839221954
1,1,0.963302075862885
1,1,0.983866691589355
0,0,0.0225398670881987
0,0,0.123736150562763
1,1,0.984879851341248
0,0,0.0142732765525579
0,1,0.670259952545166
0,0,0.0123006766662002
0,0,0.0288826618343592
1,1,0.947726428508759
1,1,0.968218684196472
1,1,0.973638474941254
0,0,0.0223885793238878
1,1,0.983590424060822
0,0,0.0380476377904415
1,1,0.9611976146698
0,0,0.0170098096132278
1,1,0.965094566345215
1,1,0.970204889774323
1,1,0.980801403522491
1,1,0.990378737449646
1,1,0.8409543633461
0,0,0.352204322814941
0,0,0.0270973704755306
0,0,0.0245720408856869
0,0,0.0488217920064926
0,0,0.0377760753035545
0,0,0.0165935903787613
1,1,0.967924654483795
1,1,0.966255187988281
0,0,0.0206494890153408
0,0,0.0745081827044487
1,1,0.980680644512177
1,1,0.978452384471893
1,1,0.973345518112183
0,1,0.959235012531281
1,1,0.928025364875793
0,0,0.0171912927180529
1,0,0.176525458693504
0,0,0.0394908115267754
0,0,0.0124422274529934
1,1,0.948566794395447
0,0,0.0381634123623371
0,0,0.0109434630721807
0,0,0.0286870300769806
0,0,0.235191360116005
0,0,0.0143398540094495
1,1,0.759819030761719
1,1,0.95607578754425
0,0,0.01142986305058
1,1,0.713974833488464
0,0,0.0850017368793488
1,1,0.894688010215759
0,0,0.095862090587616
1,1,0.804052531719208
0,0,0.160928010940552
0,0,0.0286205783486366
1,1,0.922717154026031
0,0,0.0310856122523546
0,0,0.122682310640812
1,1,0.857057213783264
0,0,0.223009318113327
1,1,0.981851696968079
1,1,0.955872595310211
1,1,0.969691157341003
1,1,0.946404635906219
1,1,0.96998792886734
1,1,0.963926494121552
1,1,0.987834334373474
0,0,0.0173662304878235
1,1,0.969479441642761
1,1,0.770508766174316
1,1,0.987993359565735
1,1,0.981429278850555
0,1,0.689989626407623
0,0,0.0249821152538061
0,0,0.0263225007802248
1,1,0.981976509094238
0,0,0.0129853142425418
1,1,0.821113646030426
1,1,0.94624525308609
1,1,0.974349319934845
1,1,0.978137612342834
0,0,0.0265747029334307
1,1,0.976238012313843
1,1,0.955110967159271
0,0,0.01272536162287
0,0,0.0733636543154716
1,1,0.971642911434174
1,1,0.860461115837097
1,0,0.0454743355512619
0,0,0.0235482398420572
1,1,0.943438053131104
1,1,0.968538641929626
1,1,0.981602728366852
0,0,0.269292086362839
1,0,0.051606573164463
1,1,0.941654741764069
0,0,0.139637321233749
1,1,0.976211488246918
1,1,0.978654801845551
0,0,0.012218901887536
0,1,0.897201716899872
1,1,0.77537989616394
0,0,0.0297756474465132
0,1,0.805246293544769
0,0,0.0209033656865358
0,0,0.181065633893013
0,0,0.026689451187849
0,0,0.051161915063858
1,1,0.950886785984039
1,1,0.962063610553741
1,1,0.959253966808319
0,0,0.247531652450562
0,0,0.0647702664136887
1,1,0.910804808139801
0,0,0.0606358349323273
1,1,0.765556752681732
1,1,0.929711282253265
1,1,0.968168973922729
0,0,0.022858027368784
0,0,0.0164059642702341
0,0,0.24500048160553
1,1,0.977692008018494
0,0,0.0147335128858685
0,0,0.0370780192315578
0,0,0.0197375491261482
0,0,0.0170925986021757
0,0,0.0286785345524549
0,0,0.0410566255450249
1,1,0.970287382602692
0,0,0.0108341351151466
1,1,0.971357464790344
1,1,0.978189527988434
1,1,0.994047999382019
0,0,0.0320920124650002
1,1,0.95135498046875
1,1,0.943853676319122
0,0,0.0278056804090738
0,0,0.0250419937074184
0,0,0.0237062945961952
1,1,0.951842427253723
0,0,0.0318129919469357
0,0,0.379337430000305
0,0,0.0319477654993534
1,1,0.961626350879669
0,0,0.0124740246683359
0,0,0.0442074500024319
0,0,0.0330426432192326
1,1,0.984133243560791
1,1,0.975821912288666
1,1,0.952707529067993
1,1,0.976258456707001
1,1,0.879778325557709
0,0,0.0193176679313183
1,1,0.934845387935638
1,0,0.0563408322632313
0,0,0.0388504378497601
0,0,0.0691069886088371
0,0,0.0113469306379557
0,0,0.0142324902117252
0,0,0.0141467070207
1,1,0.983593642711639
1,1,0.974753737449646
0,0,0.0226522274315357
1,1,0.983751356601715
1,1,0.957147479057312
0,0,0.0183722227811813
0,0,0.0130950175225735
0,0,0.0270558763295412
0,0,0.0784392058849335
1,1,0.967601895332336
0,0,0.0550952330231667
1,1,0.979577720165253
0,0,0.0328497178852558
0,0,0.0160025525838137
0,1,0.96732896566391
0,0,0.0412128418684006
1,0,0.49070879817009
1,1,0.979727804660797
0,0,0.017108716070652
0,0,0.0329024009406567
1,1,0.965270400047302
1,1,0.937885344028473
1,1,0.981271922588348
0,0,0.0165493190288544
1,1,0.973385632038116
1,1,0.932718813419342
1,1,0.946771860122681
1,0,0.0735687017440796
1,1,0.982353448867798
0,0,0.220546409487724
0,0,0.0106405569240451
0,0,0.0234653186053038
1,1,0.778672397136688
1,1,0.955109894275665
1,1,0.989758968353271
1,1,0.963028252124786
1,1,0.977534770965576
0,0,0.0786453858017921
1,1,0.964247405529022
1,1,0.976316750049591
0,0,0.0151880653575063
0,0,0.0182055812329054
0,0,0.0370498225092888
0,0,0.088765949010849
1,1,0.927817225456238
1,1,0.90318363904953
1,0,0.215978354215622
1,0,0.032576035708189
1,1,0.974245548248291
0,1,0.944606065750122
0,0,0.0384215079247952
0,0,0.0427444651722908
0,0,0.0150487832725048
1,1,0.50665694475174
0,0,0.0387831404805183
1,1,0.98684561252594
1,1,0.995356976985931
1,1,0.968553721904755
1,1,0.986510574817657
0,0,0.0174658801406622
1,1,0.982028245925903
1,1,0.966039597988129
0,0,0.0377263091504574
1,0,0.463549971580505
0,0,0.0283063687384129
1,1,0.644901752471924
0,0,0.0353934466838837
1,1,0.911235511302948
0,0,0.0467337071895599
0,0,0.0147391632199287
1,1,0.977472007274628
1,1,0.979446411132812
0,0,0.0185730569064617
1,1,0.973098039627075
1,1,0.979000151157379
0,0,0.0299798473715782
1,1,0.9609534740448
0,0,0.0103911822661757
1,1,0.981010019779205
1,1,0.981166064739227
1,1,0.978682518005371
0,0,0.0320930033922195
0,0,0.0283062756061554
0,0,0.285191893577576
1,1,0.970683515071869
0,0,0.0138075537979603
0,0,0.0201315246522427
1,1,0.732183933258057
1,1,0.555478036403656
1,1,0.97877711057663
0,0,0.02612797729671
1,1,0.967177629470825
0,0,0.0183552373200655
1,1,0.621866047382355
0,0,0.0248212907463312
0,0,0.0154718020930886
0,0,0.0181581769138575
1,1,0.965578138828278
1,1,0.945004642009735
0,0,0.0241494942456484
0,0,0.0207599196583033
0,0,0.0200576968491077
0,0,0.044950820505619
0,0,0.0527187213301659
0,0,0.0118686743080616
0,0,0.274922341108322
1,1,0.733908295631409
1,1,0.94925057888031
0,0,0.149421170353889
1,1,0.978535711765289
0,1,0.727579712867737
0,0,0.110742889344692
1,1,0.963392913341522
0,0,0.0325151346623898
0,0,0.00716822687536478
0,0,0.0443882681429386
0,0,0.0240808352828026
0,0,0.175131186842918
1,1,0.976239919662476
0,0,0.0234033036977053
1,1,0.960506200790405
1,1,0.990035116672516
1,1,0.973588407039642
1,1,0.970575213432312
0,0,0.0232072174549103
0,0,0.0517602600157261
0,0,0.0143959959968925
0,1,0.957472920417786
0,0,0.033157717436552
1,1,0.932928740978241
0,0,0.0171193350106478
1,1,0.931989669799805
0,0,0.104682184755802
0,0,0.0486493073403835
1,1,0.983334124088287
1,1,0.979636967182159
0,0,0.438135743141174
1,1,0.950307309627533
1,1,0.981058776378632
0,1,0.583601176738739
0,1,0.64881420135498
0,0,0.040739756077528
0,0,0.0231553688645363
0,0,0.0420950800180435
0,0,0.0161717217415571
0,0,0.0154963936656713
0,0,0.0114034283906221
0,0,0.0553960278630257
1,1,0.951170086860657
1,1,0.973111093044281
1,1,0.97869747877121
0,0,0.0139537816867232
1,1,0.986988544464111
0,0,0.0317688584327698
1,1,0.967991650104523
0,0,0.0240129195153713
0,0,0.0236382260918617
1,1,0.939868330955505
1,1,0.749577939510345
1,1,0.90898597240448
0,0,0.0554755963385105
0,0,0.00830007623881102
0,0,0.0394539311528206
0,0,0.0259784944355488
0,0,0.0225924495607615
1,1,0.982978045940399
0,0,0.0864850878715515
1,1,0.944080889225006
0,0,0.011632259003818
1,1,0.922783017158508
0,0,0.0727035254240036
0,0,0.0138682639226317
1,0,0.0639778301119804
0,0,0.0181061550974846
1,0,0.229249626398087
0,0,0.231329828500748
0,0,0.012967174872756
0,1,0.823990106582642
1,0,0.397002249956131
0,0,0.0384402126073837
1,1,0.966343998908997
0,0,0.0185634754598141
1,1,0.530464231967926
1,1,0.950789332389832
0,0,0.370416909456253
0,0,0.0114322509616613
0,0,0.310001879930496
0,0,0.0217061601579189
1,1,0.909599363803864
0,0,0.0301584713160992
0,0,0.463480412960052
0,0,0.0194407515227795
1,1,0.984750032424927
0,0,0.351516038179398
1,1,0.801387131214142
1,1,0.980617702007294
0,0,0.018819522112608
1,1,0.962819457054138
1,1,0.982367396354675
0,0,0.0211097318679094
1,1,0.978901028633118
1,1,0.979174673557281
0,0,0.0250186994671822
1,1,0.708789885044098
0,0,0.0135494917631149
0,0,0.0274134371429682
1,1,0.967954814434052
0,0,0.24552908539772
1,1,0.991444885730743
0,0,0.0155730880796909
0,0,0.0369783341884613
1,1,0.986200332641602
0,0,0.0235334821045399
0,0,0.0252060331404209
0,0,0.0182393714785576
1,1,0.981468915939331
1,1,0.916994333267212
0,0,0.0290509723126888
1,1,0.95507425069809
0,0,0.0203114915639162
1,1,0.975613951683044
1,1,0.758514702320099
0,0,0.0827604681253433
0,0,0.00915008317679167
1,1,0.974270224571228
0,0,0.0137062985450029
1,1,0.94164365530014
1,1,0.924708724021912
1,1,0.986195802688599
0,0,0.0795523449778557
0,0,0.255730986595154
1,1,0.969517529010773
0,0,0.0320367440581322
0,1,0.975488364696503
1,1,0.865741014480591
0,0,0.0344448164105415
0,0,0.442649960517883
1,1,0.986022114753723
0,0,0.0137960910797119
1,1,0.972540497779846
1,1,0.973152995109558
0,0,0.0284338351339102
1,1,0.959653973579407
1,1,0.92429119348526
0,0,0.0367931760847569
1,1,0.989477694034576
0,0,0.387553006410599
0,0,0.0829729363322258
0,0,0.0275125373154879
0,0,0.0444964542984962
1,1,0.935472369194031
1,1,0.980598926544189
0,0,0.0237239468842745
0,0,0.0492568276822567
0,0,0.348084986209869
1,1,0.946736693382263
0,0,0.0411094352602959
1,1,0.983698010444641
0,0,0.0268788635730743
0,0,0.0285810139030218
0,0,0.0152143687009811
1,1,0.941779315471649
0,0,0.0177856795489788
1,1,0.964118182659149
0,0,0.0586563162505627
1,1,0.965886890888214
0,0,0.014060789719224
1,1,0.973695993423462
1,1,0.979423105716705
0,0,0.0170414820313454
1,1,0.920409619808197
0,0,0.0193255413323641
1,1,0.959855616092682
1,1,0.978059709072113
0,0,0.272489726543427
1,1,0.975272357463837
0,0,0.021394694224
1,1,0.782556414604187
1,1,0.968330323696136
0,0,0.0311047323048115
1,1,0.835298597812653
0,0,0.0281300023198128
1,1,0.980133771896362
0,0,0.015597683377564
1,1,0.946177184581757
0,0,0.314692229032516
1,1,0.938075304031372
1,1,0.93796706199646
1,1,0.990539789199829
0,0,0.0164056867361069
0,0,0.0174651518464088
0,0,0.119108378887177
0,0,0.267153561115265
1,1,0.987267434597015
0,0,0.400440782308578
1,1,0.611916661262512
1,1,0.988706350326538
0,0,0.0137154022231698
0,0,0.0153178293257952
1,1,0.978112757205963
0,0,0.00959107652306557
1,1,0.799404203891754
1,0,0.0352305881679058
0,0,0.0113832876086235
1,1,0.897517025470734
1,1,0.84456992149353
0,0,0.0464638285338879
0,0,0.0310815833508968
0,0,0.0633589997887611
1,1,0.964576363563538
1,1,0.955009341239929
0,0,0.0409530885517597
0,0,0.0415953807532787
0,0,0.038284208625555
1,1,0.962051033973694
1,1,0.967927634716034
1,1,0.977514147758484
1,1,0.976838648319244
0,0,0.0131984604522586
1,1,0.970057368278503
0,0,0.0385710187256336
0,0,0.0335072316229343
1,1,0.943784117698669
0,0,0.163561224937439
0,0,0.0664874762296677
1,1,0.84161913394928
1,1,0.961061060428619
0,0,0.00977205205708742
1,1,0.970917880535126
1,1,0.978171944618225
0,0,0.11042620241642
0,1,0.949178397655487
1,1,0.958905279636383
1,1,0.947919309139252
0,0,0.0158842969685793
1,1,0.961226046085358
0,0,0.0124735189601779
1,1,0.702143728733063
1,1,0.975460708141327
0,0,0.015514699742198
1,1,0.953145742416382
1,1,0.610680758953094
1,1,0.966123938560486
0,0,0.0332248695194721
0,0,0.0921764671802521
0,0,0.0437370352447033
0,1,0.949005424976349
1,1,0.985310077667236
0,1,0.875978469848633
0,0,0.0230094753205776
0,1,0.703942954540253
1,1,0.979814887046814
0,0,0.0130503475666046
1,1,0.986871600151062
1,1,0.977498531341553
1,1,0.961936295032501
1,1,0.977058827877045
0,0,0.0276162531226873
1,1,0.971719861030579
0,0,0.0139668304473162
1,1,0.990911066532135
0,0,0.0151752885431051
0,0,0.0284649785608053
1,1,0.9849454164505
0,0,0.0185191836208105
0,0,0.0182578582316637
0,0,0.0146103342995048
0,0,0.037211574614048
1,1,0.978716015815735
1,1,0.958231985569
0,0,0.0286331661045551
0,0,0.0355881750583649
1,1,0.911096155643463
0,0,0.151410028338432
1,1,0.794903576374054
0,0,0.0169436167925596
1,1,0.971088707447052
0,0,0.470102369785309
1,1,0.988953471183777
0,0,0.187281548976898
1,1,0.969144880771637
1,1,0.973735630512238
1,1,0.980991244316101
1,1,0.979836642742157
0,0,0.020939601585269
0,0,0.114661678671837
1,1,0.96538257598877
0,0,0.0123947067186236
0,0,0.0337217040359974
1,1,0.98173600435257
0,0,0.0328175015747547
0,0,0.0181456115096807
1,1,0.935506880283356
0,0,0.0180146526545286
0,0,0.0205999780446291
0,0,0.0248604658991098
1,1,0.90970104932785
1,1,0.968449711799622
0,0,0.0484321676194668
0,0,0.341230273246765
1,1,0.965621531009674
0,0,0.487694174051285
0,0,0.0518016032874584
1,1,0.983917117118835
0,0,0.0139093557372689
0,0,0.0349244959652424
1,0,0.282143533229828
1,1,0.980376482009888
0,0,0.0118736913427711
1,1,0.544675529003143
0,0,0.0716911926865578
0,0,0.0600269101560116
1,1,0.970034182071686
0,0,0.0416032411158085
0,0,0.14066918194294
0,0,0.35372257232666
0,0,0.0261650942265987
1,1,0.919961869716644
1,1,0.978110790252686
1,1,0.991673290729523
0,0,0.0364624448120594
1,1,0.978481709957123
1,1,0.974312424659729
1,1,0.952148914337158
1,1,0.968480825424194
1,1,0.939435958862305
1,1,0.968520283699036
0,0,0.0250318795442581
1,1,0.963512659072876
1,1,0.790037155151367
1,1,0.981905817985535
0,0,0.0227016024291515
0,0,0.0676608309149742
1,0,0.342580258846283
1,1,0.934541404247284
1,1,0.983796000480652
1,0,0.392899632453918
0,0,0.0159610230475664
0,0,0.0229977760463953
1,1,0.974451780319214
1,1,0.944282174110413
1,1,0.956542074680328
0,0,0.0183833055198193
1,1,0.963596343994141
0,0,0.163979142904282
1,0,0.316335082054138
1,1,0.984971463680267
0,0,0.0267603453248739
0,0,0.115110464394093
1,1,0.960580110549927
0,0,0.0208736825734377
0,0,0.0297712963074446
0,0,0.0233929604291916
1,1,0.945715069770813
0,0,0.0441047511994839
0,0,0.0148971658200026
0,0,0.0732960924506187
1,1,0.983776390552521
0,0,0.0440757311880589
1,1,0.981680512428284
0,0,0.0128509597852826
1,1,0.884740233421326
0,0,0.0400630086660385
1,1,0.9723219871521
1,1,0.852570533752441
1,0,0.31009504199028
1,1,0.984880805015564
0,0,0.0104492269456387
1,1,0.914419293403625
1,1,0.973332762718201
1,1,0.982644855976105
0,0,0.121033765375614
0,0,0.0544686056673527
0,0,0.0274368897080421
1,1,0.962301135063171
1,1,0.954450368881226
1,1,0.964548051357269
1,1,0.990003526210785
0,0,0.0657124444842339
1,1,0.984481930732727
1,1,0.966823101043701
0,0,0.0428649410605431
1,1,0.967808306217194
1,1,0.615654289722443
0,0,0.446095675230026
1,1,0.980067789554596
1,1,0.93843537569046
1,1,0.949750244617462
1,1,0.98962527513504
0,0,0.0300330612808466
1,1,0.969404518604279
0,0,0.037834033370018
0,0,0.035246554762125
0,0,0.0304797627031803
1,1,0.937002956867218
0,0,0.0140462415292859
0,0,0.0203656796365976
1,1,0.936807572841644
1,1,0.980564177036285
0,0,0.0125211905688047
0,1,0.86584609746933
0,0,0.0427994281053543
0,0,0.0655468702316284
1,1,0.974460005760193
0,0,0.0252245217561722
1,1,0.964047133922577
1,0,0.172362387180328
1,0,0.26380717754364
0,0,0.027211420238018
1,1,0.976419031620026
0,0,0.416746437549591
1,1,0.931393206119537
1,1,0.979110658168793
1,1,0.970497310161591
0,0,0.484290570020676
0,0,0.0283314287662506
0,0,0.0355276130139828
1,1,0.985353052616119
0,0,0.0257313679903746
1,1,0.924447536468506
1,1,0.918543815612793
1,1,0.977299690246582
0,0,0.0811556726694107
0,1,0.875582575798035
0,0,0.0676696598529816
0,0,0.0932559967041016
1,1,0.971855878829956
0,0,0.0230846554040909
1,0,0.291977673768997
1,1,0.922531127929688
1,1,0.975383043289185
1,1,0.973806738853455
0,0,0.046330388635397
0,1,0.906183421611786
1,1,0.974890828132629
1,1,0.990074157714844
0,0,0.0176827888935804
0,0,0.0461658276617527
1,1,0.96349972486496
1,1,0.982994437217712
0,0,0.280641734600067
0,0,0.0159407630562782
1,1,0.975872039794922
0,0,0.0554374866187572
1,1,0.948629975318909
1,1,0.947252988815308
0,1,0.919468462467194
0,0,0.0176253728568554
1,1,0.956899106502533
0,0,0.0393364690244198
0,0,0.192707121372223
1,1,0.987346827983856
1,1,0.953700363636017
0,0,0.0131449969485402
1,1,0.977743268013
0,0,0.00845999829471111
1,1,0.896508157253265
1,1,0.926826655864716
0,0,0.171980500221252
1,1,0.694340527057648
1,1,0.982463479042053
1,0,0.405253022909164
1,1,0.954798579216003
1,1,0.984609723091125
1,0,0.0831146761775017
1,1,0.976224899291992
1,1,0.980063080787659
0,0,0.0100076822564006
0,1,0.967185854911804
1,1,0.659900307655334
1,1,0.943057715892792
0,0,0.0236869361251593
0,0,0.100076861679554
1,1,0.977485537528992
1,0,0.0208598356693983
0,0,0.017037833109498
0,0,0.173534244298935
1,1,0.908581435680389
1,1,0.964989483356476
0,0,0.278178185224533
1,1,0.9720179438591
0,0,0.0254628639668226
1,1,0.982603847980499
0,0,0.0429866649210453
1,1,0.820451676845551
1,1,0.983603119850159
0,0,0.0611694641411304
1,1,0.977137923240662
1,1,0.987924337387085
0,0,0.0537616088986397
0,0,0.0186878703534603
1,1,0.892691433429718
1,1,0.978186309337616
1,1,0.926741063594818
0,0,0.0188579354435205
1,1,0.908673286437988
1,1,0.935107588768005
1,1,0.943536579608917
0,0,0.0182435438036919
1,1,0.905703902244568
0,0,0.0224331878125668
0,0,0.013659649528563
1,1,0.810411691665649
1,1,0.965575933456421
0,0,0.0330388732254505
1,1,0.978238880634308
1,1,0.95067435503006
0,0,0.35284361243248
1,1,0.976085186004639
1,1,0.926602959632874
1,1,0.969757974147797
0,0,0.137524947524071
0,0,0.037224642932415
1,1,0.98664003610611
1,0,0.180799081921577
0,0,0.0196320284157991
1,1,0.957165479660034
1,1,0.929945647716522
1,1,0.87080705165863
0,0,0.029736801981926
1,1,0.945362627506256
1,1,0.978516757488251
1,1,0.965502917766571
1,1,0.95725405216217
0,1,0.922681450843811
0,0,0.01288987044245
1,0,0.480163276195526
0,0,0.00852508842945099
0,0,0.0234020259231329
0,0,0.0612250082194805
1,1,0.988796472549438
1,1,0.875300228595734
0,0,0.0292209647595882
0,0,0.0300103928893805
1,1,0.96800696849823
0,0,0.0194146633148193
1,1,0.978256225585938
1,1,0.956590592861176
1,1,0.980720996856689
0,1,0.931273877620697
1,1,0.981453418731689
1,1,0.972641825675964
0,0,0.0178516879677773
0,0,0.0583153441548347
1,1,0.926304697990417
1,1,0.990125179290771
1,1,0.983856678009033
0,0,0.0209699720144272
0,0,0.0188283864408731
1,1,0.949472308158875
1,1,0.982359111309052
1,1,0.989382922649384
1,1,0.986969470977783
0,0,0.0316259749233723
0,0,0.0203813258558512
1,1,0.969338655471802
1,1,0.95995157957077
0,0,0.0162244644016027
1,1,0.972605884075165
1,1,0.953774511814117
0,0,0.0215572882443666
1,1,0.985828518867493
0,0,0.203398540616035
0,0,0.0127648701891303
0,0,0.0248963553458452
1,1,0.890559017658234
0,0,0.0267627909779549
0,0,0.337771505117416
0,0,0.0134249068796635
0,0,0.0255502518266439
0,0,0.0130165563896298
0,0,0.0392002090811729
0,0,0.0196810960769653
1,1,0.928913056850433
0,0,0.0893997550010681
1,1,0.874539732933044
1,1,0.975337326526642
0,0,0.0125834029167891
0,0,0.0226791687309742
1,1,0.941858172416687
1,1,0.967972218990326
0,0,0.0224160831421614
1,1,0.9803746342659
0,0,0.0111606456339359
0,0,0.303910583257675
0,0,0.0489700213074684
0,0,0.017827820032835
0,0,0.01206065248698
1,1,0.957307279109955
0,0,0.0295451059937477
1,1,0.964257121086121
0,0,0.0468366518616676
1,1,0.914897799491882
1,1,0.981540262699127
1,1,0.970202684402466
0,0,0.0124073261395097
0,0,0.0297002606093884
0,0,0.0295771006494761
0,0,0.0226502902805805
1,1,0.943932592868805
1,1,0.936143636703491
1,1,0.778136134147644
1,1,0.897539019584656
1,1,0.970057249069214
0,0,0.0239934306591749
0,0,0.0450355224311352
0,0,0.0296498350799084
1,1,0.958488821983337
1,1,0.990681350231171
0,0,0.0257587637752295
1,1,0.950245082378387
1,1,0.98574161529541
0,0,0.010218377225101
1,1,0.967279076576233
1,1,0.969327509403229
0,0,0.0479826256632805
1,1,0.963280081748962
0,0,0.14786770939827
0,0,0.0113520985469222
0,0,0.0567314140498638
0,0,0.023270059376955
0,0,0.0434880666434765
0,0,0.00894833914935589
1,1,0.967130780220032
1,1,0.976332068443298
0,0,0.00462175952270627
1,1,0.783942520618439
0,0,0.0111045837402344
0,0,0.0692491829395294
1,1,0.672612726688385
0,0,0.0594180375337601
0,0,0.180059507489204
0,0,0.0266322903335094
0,0,0.012164811603725
1,1,0.958705425262451
1,1,0.962345957756042
1,1,0.942057430744171
0,0,0.00991074927151203
1,1,0.95270699262619
1,1,0.974514603614807
0,0,0.0193213354796171
0,0,0.163329109549522
1,0,0.0424255467951298
0,0,0.0281473062932491
1,1,0.985677659511566
1,1,0.974213898181915
1,1,0.937960684299469
1,1,0.962324559688568
0,0,0.0163868833333254
1,1,0.581101477146149
0,0,0.152336210012436
1,1,0.880549728870392
1,1,0.968331694602966
1,1,0.929405510425568
1,1,0.876297891139984
0,0,0.0167109854519367
1,1,0.985085308551788
0,0,0.215550690889359
1,1,0.95092785358429
1,1,0.972806394100189
1,1,0.983011722564697
1,1,0.958756327629089
1,1,0.971063554286957
0,0,0.0676989704370499
0,0,0.0492994152009487
0,1,0.534505069255829
0,0,0.0150136910378933
0,0,0.0207764115184546
0,0,0.0548830591142178
0,0,0.0220530033111572
0,0,0.464166074991226
1,1,0.951489329338074
1,1,0.97425651550293
1,1,0.884984970092773
0,0,0.497211247682571
0,0,0.0104510653764009
1,1,0.884461343288422
1,1,0.984724164009094
0,0,0.0134878223761916
1,1,0.989260077476501
0,0,0.0284405723214149
1,1,0.966852188110352
0,0,0.0397950485348701
1,1,0.873220384120941
0,0,0.0350060313940048
1,1,0.748085558414459
1,1,0.942613840103149
0,0,0.0416049510240555
1,1,0.572482645511627
1,1,0.956039488315582
0,0,0.0235655643045902
0,0,0.0803139954805374
1,1,0.98834091424942
1,1,0.972857892513275
0,0,0.0259252302348614
0,0,0.0375107899308205
1,1,0.87627238035202
1,1,0.904982149600983
1,1,0.913339853286743
1,1,0.509372591972351
1,1,0.782134592533112
1,1,0.891639411449432
0,0,0.0123910121619701
1,1,0.988846838474274
0,0,0.0129831824451685
0,0,0.035309474915266
0,0,0.106762923300266
1,1,0.987306237220764
0,1,0.599999010562897
0,1,0.905489325523376
0,0,0.0117337917909026
0,0,0.0306285489350557
0,0,0.00971585512161255
1,1,0.985043406486511
0,0,0.0593492276966572
0,0,0.0307119358330965
0,1,0.960287988185883
0,0,0.0181158650666475
0,0,0.0257813483476639
0,0,0.0280296243727207
0,0,0.0169011130928993
0,0,0.053040973842144
0,0,0.0295290537178516
1,1,0.969283044338226
0,0,0.00765069061890244
0,0,0.011411645449698
0,0,0.142559960484505
1,1,0.77769935131073
0,0,0.0208457112312317
1,1,0.982450544834137
1,1,0.9869304895401
1,1,0.979797720909119
0,0,0.023159921169281
1,1,0.959831416606903
0,0,0.480558067560196
1,1,0.967468321323395
0,0,0.0224945638328791
1,1,0.966232895851135
1,1,0.960722804069519
0,0,0.11550610512495
0,0,0.20473638176918
0,0,0.0220688916742802
1,1,0.973266005516052
0,0,0.230302900075912
0,0,0.326491266489029
0,0,0.0415556877851486
1,1,0.956956505775452
1,1,0.947015464305878
0,0,0.036374643445015
0,0,0.0660271197557449
1,1,0.977672278881073
0,0,0.16298434138298
1,1,0.957407772541046
0,0,0.0162539537996054
0,0,0.0133359851315618
1,1,0.750453770160675
1,1,0.961469173431396
0,0,0.0120879709720612
0,0,0.0137957660481334
1,1,0.949718713760376
0,0,0.0531735718250275
1,1,0.735154330730438
1,1,0.903342008590698
1,1,0.965870678424835
1,1,0.98189902305603
0,0,0.151972949504852
0,0,0.0158352069556713
1,1,0.975131094455719
0,0,0.0132853090763092
1,1,0.960837602615356
1,1,0.969560146331787
1,1,0.953360021114349
0,0,0.0138502391055226
1,1,0.982181191444397
0,0,0.0220584329217672
0,0,0.101641096174717
1,1,0.939109086990356
1,1,0.960684299468994
0,0,0.0236034095287323
1,1,0.987602293491364
0,0,0.0118231493979692
1,1,0.985683798789978
1,1,0.983964920043945
0,0,0.0163161717355251
1,1,0.989973902702332
1,1,0.944160878658295
0,0,0.0520066767930984
0,0,0.0774230360984802
1,1,0.968964993953705
0,0,0.025840962305665
0,0,0.0687042400240898
1,1,0.984920799732208
0,0,0.184055238962173
0,0,0.224365741014481
0,0,0.0359362997114658
1,0,0.0600987747311592
1,1,0.976068735122681
1,1,0.974774837493896
1,1,0.766462385654449
1,1,0.949168920516968
0,0,0.0112701263278723
0,0,0.289635330438614
1,1,0.938014686107635
1,1,0.964757084846497
0,0,0.0177331101149321
0,0,0.0178360026329756
1,1,0.702129900455475
0,1,0.745169341564178
0,0,0.0346728377044201
0,0,0.0111215990036726
0,0,0.0317057482898235
0,0,0.0876801237463951
1,1,0.834104895591736
1,1,0.956690549850464
1,1,0.980653822422028
0,0,0.0255246795713902
0,0,0.0183695610612631
0,0,0.0418592654168606
0,1,0.885600984096527
0,0,0.0660280734300613
1,1,0.970982730388641
1,1,0.944717407226562
0,0,0.0497897118330002
0,0,0.0426357723772526
0,0,0.406547784805298
0,0,0.0704649984836578
0,0,0.020862840116024
0,0,0.019892880693078
1,1,0.958569765090942
1,1,0.664696931838989
1,1,0.940673172473907
1,1,0.972439587116241
1,1,0.899739801883698
0,0,0.184476345777512
1,1,0.9675013422966
1,1,0.93429034948349
0,0,0.0438612923026085
0,0,0.0349521711468697
1,1,0.926069736480713
0,0,0.012513093650341
1,0,0.194521754980087
1,1,0.954683125019073
1,1,0.879331350326538
1,1,0.651767253875732
1,1,0.974512577056885
0,0,0.243370607495308
0,0,0.00970552023500204
0,0,0.332667410373688
0,0,0.0457602366805077
0,0,0.0119532002136111
1,1,0.894386827945709
0,0,0.0118457563221455
0,1,0.954895496368408
0,0,0.0223716013133526
0,0,0.0139717245474458
0,0,0.0231522358953953
1,1,0.911965787410736
0,0,0.275596767663956
0,0,0.0316834077239037
0,0,0.0133511088788509
1,1,0.956506311893463
0,0,0.0651383176445961
1,1,0.973663747310638
1,1,0.949342608451843
0,0,0.0390495918691158
0,0,0.213535994291306
0,0,0.0410617850720882
0,0,0.00973172392696142
1,1,0.961192846298218
0,0,0.0551928468048573
0,0,0.258877784013748
1,1,0.988380074501038
0,0,0.0116715990006924
0,0,0.00942479260265827
0,0,0.285813987255096
1,1,0.967153429985046
0,0,0.400115817785263
0,0,0.0277448482811451
0,0,0.0330627076327801
0,0,0.0172866191715002
1,1,0.971832990646362
0,0,0.052304744720459
1,1,0.972580075263977
0,0,0.479427695274353
1,1,0.980629742145538
1,1,0.980388939380646
1,1,0.876513004302979
0,0,0.0892205610871315
0,0,0.0150603232905269
1,1,0.965331017971039
0,0,0.0284107960760593
0,0,0.0884626507759094
0,0,0.0397003665566444
0,0,0.0159543976187706
0,0,0.0131079154089093
1,1,0.981674313545227
0,0,0.0195219051092863
0,0,0.0181844010949135
0,0,0.0911297723650932
0,0,0.26081520318985
0,0,0.140804260969162
0,0,0.025786217302084
1,1,0.954048633575439
0,0,0.0181226916611195
1,1,0.977100491523743
1,1,0.915241181850433
0,0,0.0357746966183186
0,0,0.0249380227178335
0,0,0.022082731127739
1,1,0.986217379570007
1,1,0.965678989887238
0,0,0.0138497240841389
1,1,0.952792167663574
1,1,0.973234534263611
1,1,0.9803466796875
1,1,0.918034255504608
1,0,0.0841052532196045
1,1,0.627213716506958
1,1,0.916205704212189
1,1,0.980870068073273
1,1,0.968893229961395
0,0,0.0650151073932648
0,0,0.0358653403818607
1,1,0.951997399330139
1,1,0.966384708881378
1,1,0.981386721134186
1,1,0.963806450366974
0,0,0.0373457558453083
0,0,0.0414895638823509
0,0,0.0284564811736345
0,0,0.0352311618626118
0,0,0.207748234272003
1,1,0.984761953353882
1,1,0.944229245185852
0,0,0.0161915048956871
1,1,0.962212145328522
1,1,0.973774075508118
0,0,0.303116679191589
0,0,0.0358030237257481
0,0,0.036432970315218
0,0,0.0205745082348585
1,0,0.261314183473587
1,1,0.972718775272369
0,0,0.02225686237216
0,0,0.0708290487527847
0,0,0.0171655155718327
0,0,0.0183430071920156
1,1,0.887642621994019
1,1,0.927868664264679
1,1,0.981950283050537
0,0,0.0271351058036089
0,0,0.0456632860004902
0,0,0.045571606606245
1,1,0.979152619838715
1,1,0.94588577747345
0,0,0.0326384268701077
0,0,0.033864114433527
0,0,0.034181073307991
0,0,0.0142422746866941
1,1,0.98315292596817
0,0,0.0246757045388222
0,0,0.0187796540558338
1,1,0.927666783332825
1,1,0.977210998535156
1,1,0.981274783611298
1,1,0.984022855758667
1,1,0.945775866508484
1,1,0.951934218406677
0,0,0.0213379375636578
0,0,0.0484434105455875
0,0,0.00906611699610949
1,1,0.913770198822021
1,1,0.964953482151031
1,1,0.97089821100235
1,1,0.966723382472992
0,0,0.474793016910553
0,0,0.0209399294108152
1,1,0.964543282985687
1,1,0.963216006755829
1,1,0.981774806976318
0,0,0.0248166397213936
0,0,0.0180860180407763
0,0,0.0679384768009186
1,1,0.972012877464294
0,0,0.0322140380740166
0,0,0.0331758223474026
1,1,0.57400244474411
1,1,0.972774624824524
0,0,0.0232529360800982
1,1,0.957743167877197
1,1,0.984838724136353
0,0,0.0103802038356662
1,1,0.956555604934692
0,1,0.960622727870941
1,0,0.303287744522095
1,1,0.984770476818085
0,0,0.0101084876805544
0,0,0.0381186529994011
1,1,0.967504441738129
0,0,0.0554622337222099
1,1,0.983719050884247
0,0,0.0203803218901157
1,1,0.947818398475647
0,0,0.245016232132912
1,1,0.977163910865784
1,1,0.833284556865692
0,0,0.02037588134408
0,0,0.00494510354474187
1,1,0.989338934421539
0,0,0.0231304727494717
1,1,0.933462142944336
0,0,0.027595728635788
0,0,0.0721478015184402
0,0,0.0150279905647039
0,0,0.00977754406630993
1,1,0.964490830898285
1,1,0.967198014259338
1,1,0.636299252510071
0,0,0.0190747734159231
0,0,0.017532080411911
0,0,0.011737828142941
1,1,0.982904374599457
0,0,0.0313240550458431
1,1,0.962825894355774
1,1,0.980204403400421
0,0,0.0170485451817513
0,0,0.0692368373274803
0,0,0.0491295866668224
1,1,0.968884408473969
1,1,0.976422309875488
1,1,0.968575954437256
1,0,0.0154435420408845
0,0,0.0497451610863209
1,1,0.881575405597687
1,1,0.979968965053558
1,1,0.959243357181549
0,0,0.0436134673655033
1,1,0.52951180934906
1,1,0.930964648723602
0,0,0.0238828994333744
0,0,0.0654831230640411
1,1,0.977567553520203
1,1,0.791210770606995
1,1,0.970704615116119
0,0,0.0114325135946274
0,0,0.0227323714643717
1,0,0.299114018678665
1,1,0.984115540981293
1,1,0.973429679870605
0,0,0.0250627901405096
0,0,0.0446456335484982
1,1,0.955364763736725
0,0,0.0196981318295002
0,0,0.0660191029310226
1,1,0.701629877090454
1,1,0.970172464847565
1,1,0.967071890830994
1,1,0.96110475063324
0,0,0.0301227867603302
0,1,0.932014644145966
1,1,0.926266968250275
1,1,0.981755375862122
1,1,0.966316282749176
0,0,0.0762652456760406
0,0,0.194713860750198
1,1,0.945513725280762
1,1,0.97115570306778
1,1,0.957509756088257
1,1,0.78881424665451
0,0,0.0448586717247963
0,0,0.0418918542563915
0,0,0.0440910346806049
1,1,0.989748537540436
1,1,0.974411606788635
0,0,0.00691697001457214
0,0,0.0215490330010653
1,1,0.945595324039459
1,1,0.967124104499817
0,0,0.0513869263231754
0,0,0.0195317044854164
0,0,0.00974010489881039
1,1,0.980998575687408
1,1,0.987033724784851
0,0,0.0176105014979839
1,1,0.77285772562027
0,0,0.0137235596776009
0,0,0.0282105412334204
0,1,0.722587466239929
0,0,0.0363025180995464
1,1,0.954077363014221
0,0,0.0148969627916813
1,1,0.972673535346985
0,1,0.635617792606354
0,0,0.0108488984405994
1,1,0.905188083648682
0,0,0.0406627431511879
0,0,0.032143447548151
0,0,0.0895587056875229
1,1,0.966908514499664
1,1,0.943010151386261
1,1,0.975387871265411
1,1,0.902109622955322
1,1,0.964687526226044
0,0,0.0163768418133259
1,1,0.947424232959747
0,0,0.0432197079062462
1,1,0.943388879299164
1,1,0.981179773807526
1,1,0.98054438829422
0,0,0.151987910270691
1,1,0.759180247783661
0,0,0.0412983372807503
1,1,0.976587355136871
0,0,0.0241161044687033
0,0,0.0114758862182498
0,0,0.0501226894557476
0,0,0.0617058984935284
1,1,0.913231372833252
1,0,0.301064193248749
0,0,0.0260224863886833
0,0,0.312811076641083
1,1,0.943952023983002
1,1,0.957773149013519
0,0,0.0159298982471228
0,1,0.648243725299835
1,1,0.963895499706268
0,0,0.0164073873311281
1,1,0.96705025434494
1,1,0.921249151229858
1,1,0.986068606376648
0,0,0.0168154686689377
0,0,0.0174390934407711
1,1,0.958734214305878
0,1,0.766868352890015
0,0,0.0224641934037209
1,1,0.986249148845673
0,1,0.723426342010498
0,0,0.328325986862183
0,0,0.159466475248337
0,0,0.0463786907494068
1,1,0.983945071697235
1,1,0.985283970832825
1,1,0.985643982887268
1,1,0.970369756221771
1,1,0.972460091114044
0,0,0.143664315342903
1,1,0.976372182369232
0,0,0.0795918852090836
0,0,0.0693785473704338
0,1,0.658430337905884
1,1,0.967639029026031
0,0,0.007903260178864
0,0,0.0268011130392551
1,1,0.951036632061005
0,0,0.0181020479649305
1,1,0.984203100204468
0,0,0.0469563193619251
0,0,0.0246130935847759
0,0,0.0177190359681845
1,1,0.992408394813538
0,0,0.0134972473606467
0,0,0.0292511023581028
1,0,0.248668000102043
1,1,0.972743809223175
0,0,0.0142423277720809
0,0,0.0164738837629557
0,0,0.0237617269158363
0,0,0.0919971838593483
1,1,0.962903797626495
1,1,0.954546689987183
1,1,0.935080289840698
0,0,0.0516911931335926
1,0,0.0913904160261154
0,0,0.0193699784576893
0,0,0.05573845282197
0,1,0.762946248054504
0,1,0.961050510406494
0,0,0.0102847181260586
0,0,0.196544036269188
1,1,0.961034417152405
1,0,0.288874566555023
1,1,0.975192606449127
1,1,0.954430818557739
0,1,0.639810800552368
1,1,0.878856897354126
1,1,0.963239789009094
1,1,0.966301918029785
1,1,0.916603744029999
0,0,0.138275384902954
0,0,0.0184368826448917
0,1,0.943758010864258
1,1,0.968567252159119
0,0,0.0267714504152536
1,1,0.94815856218338
0,0,0.0175927486270666
0,0,0.0209834426641464
1,1,0.959718108177185
1,1,0.964050352573395
0,0,0.0592867620289326
1,1,0.955001175403595
0,0,0.020929554477334
1,1,0.982100009918213
0,0,0.134631797671318
1,1,0.984602451324463
1,1,0.821324586868286
0,0,0.0603854805231094
0,0,0.0235559940338135
1,1,0.975571095943451
1,0,0.0603165030479431
0,1,0.872628808021545
0,0,0.0197807997465134
0,0,0.00571075174957514
0,0,0.0714738667011261
1,0,0.361729204654694
0,0,0.0969555824995041
0,0,0.115000568330288
0,0,0.0580143891274929
0,0,0.0114084873348475
1,1,0.960467100143433
1,1,0.911169350147247
1,1,0.983236014842987
1,1,0.702769339084625
0,0,0.0117489574477077
0,0,0.0172183196991682
0,0,0.0289454814046621
0,0,0.0186728294938803
0,1,0.673947036266327
1,1,0.972824454307556
0,0,0.14678356051445
1,1,0.943360924720764
0,0,0.014203398488462
0,0,0.0474923327565193
0,0,0.0478274822235107
0,0,0.0159657131880522
1,1,0.944718480110168
0,1,0.753247737884521
1,1,0.960362613201141
0,0,0.0293980930000544
1,1,0.982970356941223
0,0,0.026738403365016
0,0,0.0137455333024263
1,1,0.808629989624023
0,0,0.0416000671684742
1,1,0.979838132858276
0,0,0.0211749766021967
1,1,0.968634128570557
1,1,0.979656636714935
1,1,0.963086187839508
0,0,0.00999964494258165
1,1,0.985247135162354
0,0,0.0158492885529995
0,0,0.0358431488275528
1,1,0.968133449554443
0,0,0.182325437664986
1,1,0.675688505172729
1,1,0.931935608386993
1,1,0.987221300601959
0,0,0.24816158413887
0,0,0.0131559241563082
0,1,0.799125015735626
0,0,0.0199041869491339
1,1,0.982059717178345
1,1,0.954102218151093
0,0,0.020441759377718
1,1,0.968412280082703
1,1,0.973311185836792
0,0,0.0436076074838638
0,0,0.0175393261015415
0,0,0.01468475908041
1,1,0.838508486747742
0,0,0.291358560323715
0,0,0.0207824409008026
0,0,0.0167463514953852
1,1,0.975602090358734
0,0,0.0184023715555668
0,0,0.0523887127637863
1,1,0.976566791534424
0,0,0.0188298430293798
0,1,0.598506331443787
1,1,0.962457776069641
0,0,0.294229030609131
0,0,0.0321716591715813
1,1,0.974523782730103
0,0,0.02844781242311
1,1,0.91757208108902
0,0,0.212090998888016
1,1,0.993970036506653
0,0,0.0083893658593297
0,0,0.0204242654144764
0,0,0.029579970985651
0,0,0.0288379490375519
1,1,0.92400336265564
1,1,0.946310579776764
1,1,0.987465560436249
1,1,0.978307008743286
0,0,0.05316998437047
0,0,0.0436261259019375
0,0,0.0496645234525204
0,0,0.042767122387886
0,0,0.050106018781662
1,1,0.974519491195679
0,0,0.0275277756154537
0,0,0.0351610705256462
0,0,0.0191502850502729
0,0,0.140039801597595
1,1,0.721848547458649
0,0,0.0248115062713623
1,1,0.970417022705078
0,0,0.0375670380890369
1,1,0.977714657783508
0,0,0.273175150156021
0,0,0.0179653018712997
0,0,0.0141572980210185
1,1,0.966076910495758
0,0,0.0696381032466888
1,1,0.97627329826355
1,1,0.673006355762482
0,0,0.0245710425078869
0,0,0.0582274459302425
1,1,0.968030869960785
1,1,0.802206873893738
0,0,0.0410236231982708
1,1,0.977025032043457
0,0,0.0604454018175602
1,1,0.957930624485016
0,0,0.0284128319472075
0,0,0.0483980402350426
0,0,0.247925996780396
0,0,0.0775423645973206
1,1,0.915582776069641
0,0,0.153390780091286
0,0,0.0159632191061974
1,1,0.789649307727814
1,1,0.710355877876282
0,0,0.222925022244453
1,1,0.974846303462982
0,0,0.00781428720802069
0,0,0.0962526351213455
1,1,0.99077433347702
1,1,0.978149950504303
0,1,0.812383532524109
1,1,0.984500646591187
1,1,0.980939924716949
1,1,0.937319695949554
0,0,0.0296960473060608
0,0,0.0104999504983425
1,1,0.986401379108429
1,1,0.961254358291626
1,1,0.886821806430817
0,0,0.0780686065554619
0,0,0.0116326976567507
0,0,0.0477552339434624
1,1,0.951809585094452
0,1,0.906895458698273
0,0,0.0256667491048574
0,0,0.154096439480782
0,0,0.43499681353569
1,1,0.987816631793976
0,0,0.0244992654770613
0,0,0.0543995052576065
0,0,0.0283250641077757
1,1,0.97807776927948
1,1,0.988403618335724
0,0,0.0475016385316849
0,0,0.0375731252133846
1,1,0.881098926067352
1,1,0.914632618427277
1,1,0.980877637863159
1,1,0.948285579681396
1,1,0.95883709192276
1,1,0.814338624477386
0,0,0.0847707241773605
0,0,0.0199214741587639
1,1,0.582495391368866
1,1,0.835505068302155
0,0,0.021033575758338
0,0,0.0201250836253166
1,1,0.949045896530151
0,0,0.0369099117815495
0,0,0.03093121945858
1,1,0.980134427547455
0,0,0.0434383675456047
0,0,0.266772747039795
1,1,0.987762689590454
1,1,0.98285710811615
0,0,0.211383864283562
0,0,0.151681184768677
0,0,0.073091059923172
0,0,0.00980297848582268
0,0,0.0469141565263271
0,0,0.0622629299759865
0,0,0.0193415358662605
0,0,0.0742174759507179
1,1,0.838508188724518
1,1,0.989228367805481
0,0,0.0175829939544201
0,0,0.0443794503808022
1,1,0.97675621509552
0,0,0.0216689240187407
0,0,0.0508273579180241
1,0,0.403309196233749
0,0,0.00813617557287216
1,1,0.843225061893463
1,1,0.933042168617249
1,1,0.946832776069641
1,1,0.641868829727173
1,1,0.814124941825867
1,0,0.412017375230789
1,1,0.620272696018219
1,1,0.989325165748596
0,0,0.00951188150793314
0,0,0.0305802039802074
0,0,0.0393039807677269
0,0,0.0154929319396615
1,1,0.656671106815338
1,1,0.517687320709229
0,0,0.0139186196029186
1,1,0.927827596664429
0,0,0.0671888142824173
0,0,0.0165510661900043
0,0,0.292105436325073
0,0,0.0568591207265854
0,0,0.442769855260849
0,0,0.0197885539382696
0,0,0.0376368723809719
1,1,0.977392077445984
0,0,0.0390146858990192
0,0,0.00856593251228333
1,1,0.907670021057129
1,1,0.933433592319489
0,1,0.682901740074158
0,0,0.0149365086108446
1,1,0.984364330768585
1,1,0.967983484268188
0,0,0.0152977546676993
0,0,0.0201912131160498
1,1,0.940996587276459
0,0,0.0124208424240351
1,1,0.961212277412415
0,0,0.0177128631621599
0,0,0.0128201814368367
1,1,0.901467263698578
1,1,0.980486392974854
1,1,0.988623380661011
1,1,0.96861344575882
1,1,0.944717526435852
1,1,0.983960092067719
0,0,0.162386834621429
1,1,0.975463092327118
0,0,0.0137274311855435
0,0,0.0340676456689835
0,0,0.038625679910183
1,1,0.960708737373352
1,1,0.890791356563568
0,0,0.232670158147812
0,0,0.0160985998809338
1,1,0.880575776100159
0,0,0.0429978743195534
1,1,0.98490035533905
1,1,0.974208354949951
1,1,0.981402993202209
1,1,0.978585243225098
0,0,0.0134246032685041
1,1,0.976217091083527
0,0,0.037878330796957
1,0,0.0329615511000156
1,1,0.881549298763275
0,0,0.0698558464646339
1,1,0.933527290821075
0,0,0.0178060494363308
1,1,0.965016782283783
1,1,0.961420714855194
1,1,0.957721054553986
0,0,0.172774493694305
0,0,0.188845232129097
0,0,0.014338324777782
0,0,0.0269602909684181
0,0,0.033860519528389
0,0,0.032432671636343
1,1,0.978975594043732
1,1,0.624077975749969
1,1,0.96288388967514
1,1,0.986327409744263
0,0,0.0178220923990011
0,0,0.0174932572990656
0,0,0.296331316232681
1,1,0.96855103969574
0,0,0.0372096076607704
1,1,0.98417329788208
0,0,0.0135928681120276
1,1,0.968911826610565
0,0,0.0302486512809992
1,1,0.982139050960541
0,0,0.114722244441509
1,1,0.970481932163239
0,0,0.330259740352631
0,0,0.0160236582159996
0,0,0.0258685909211636
1,1,0.963958203792572
1,1,0.991999864578247
0,0,0.0119046634063125
1,1,0.968315839767456
1,1,0.92324423789978
1,1,0.948663890361786
0,0,0.0128085408359766
0,0,0.0105798030272126
1,1,0.888633608818054
0,0,0.0208442080765963
0,0,0.0280848480761051
0,0,0.0249678436666727
1,1,0.683278381824493
0,0,0.0556860603392124
1,1,0.983438193798065
0,0,0.0275775007903576
1,0,0.0299715287983418
0,0,0.0201216228306293
1,1,0.870810329914093
1,1,0.860569536685944
0,0,0.0301151257008314
0,0,0.0766419693827629
1,1,0.772426903247833
1,1,0.968883275985718
0,0,0.0125998072326183
1,1,0.987322866916656
0,0,0.0150486920028925
0,0,0.0169980619102716
0,0,0.0185347124934196
1,1,0.979813098907471
0,0,0.0751437693834305
1,1,0.982065260410309
0,0,0.122871696949005
1,1,0.987007141113281
0,0,0.0122114568948746
0,1,0.978723287582397
1,1,0.957430183887482
1,1,0.984142005443573
1,1,0.968598246574402
1,1,0.952938497066498
0,0,0.0955019220709801
0,0,0.042678739875555
1,1,0.86798357963562
1,1,0.919879674911499
1,1,0.965819597244263
1,1,0.91390073299408
0,0,0.014835718087852
1,1,0.98220556974411
1,1,0.95988667011261
1,1,0.96729850769043
1,1,0.736036479473114
1,1,0.973661303520203
1,1,0.96219140291214
1,1,0.956102728843689
0,0,0.104218915104866
1,1,0.94136381149292
0,0,0.0857831761240959
0,0,0.0438915304839611
0,0,0.0119926072657108
0,0,0.01043960172683
0,0,0.0216721538454294
1,1,0.971762537956238
0,0,0.0461004637181759
1,1,0.975131511688232
1,1,0.963234961032867
0,0,0.0657791495323181
1,1,0.966329872608185
0,1,0.664447724819183
1,1,0.966273069381714
1,1,0.971374988555908
1,1,0.922840714454651
0,0,0.0111454427242279
1,1,0.836573421955109
1,1,0.822930216789246
1,1,0.97385448217392
0,0,0.0181147065013647
1,0,0.284851551055908
1,1,0.961305797100067
1,1,0.987387955188751
1,1,0.947529971599579
1,0,0.477075159549713
1,1,0.807439208030701
1,1,0.951871693134308
0,0,0.0840684920549393
1,1,0.96844482421875
0,0,0.106136940419674
0,0,0.061121441423893
0,0,0.0459524616599083
1,1,0.9627326130867
1,1,0.978850841522217
1,1,0.980640053749084
0,1,0.549881458282471
0,0,0.0362816192209721
1,1,0.763639986515045
0,0,0.23770646750927
1,1,0.958841502666473
0,0,0.0437547378242016
1,1,0.912388563156128
1,0,0.467405140399933
1,1,0.978846311569214
1,1,0.820739686489105
0,1,0.810416460037231
0,0,0.0214204769581556
0,0,0.0715339630842209
1,1,0.543195009231567
1,1,0.969642281532288
1,1,0.964916110038757
1,1,0.983497262001038
1,1,0.982751667499542
0,0,0.0194894392043352
1,1,0.799036264419556
0,0,0.0240802653133869
1,1,0.992283523082733
1,1,0.988366186618805
0,0,0.0288889668881893
1,1,0.970046520233154
1,1,0.95458447933197
1,1,0.890286028385162
0,0,0.0226004105061293
0,0,0.0111099677160382
0,0,0.0350491739809513
0,0,0.0154664712026715
1,1,0.793206214904785
1,1,0.962233781814575
0,0,0.0646526962518692
1,1,0.966505765914917
0,0,0.0142445908859372
1,1,0.864124953746796
0,0,0.0309920068830252
1,1,0.979900419712067
1,1,0.975057303905487
1,1,0.981236100196838
0,0,0.0280725378543139
0,0,0.0163592770695686
1,1,0.965435445308685
0,0,0.0167492404580116
1,1,0.983710289001465
1,1,0.981128096580505
0,0,0.297051310539246
1,1,0.944854259490967
0,0,0.0173362400382757
0,0,0.0444807149469852
1,1,0.983133733272552
0,1,0.849173486232758
0,0,0.413437366485596
1,1,0.924029409885406
0,1,0.611453950405121
0,1,0.955800294876099
1,1,0.985350131988525
1,0,0.0504224933683872
0,0,0.019981374964118
0,0,0.0362605601549149
1,1,0.922591090202332
0,0,0.139799743890762
1,1,0.949813544750214
1,1,0.949889063835144
0,1,0.925920069217682
1,1,0.963512539863586
1,1,0.981723129749298
0,0,0.0239255335181952
1,1,0.975453317165375
1,1,0.976315021514893
1,1,0.987036168575287
1,1,0.920945286750793
0,0,0.105053029954433
1,1,0.952939569950104
1,1,0.990851938724518
1,1,0.957967042922974
1,1,0.944719970226288
0,0,0.0197681374847889
1,1,0.974402666091919
1,1,0.988731801509857
0,0,0.155393615365028
1,1,0.956820487976074
0,0,0.0276757217943668
0,0,0.220411136746407
0,0,0.104607596993446
0,0,0.0566764622926712
0,0,0.0122791789472103
1,1,0.979272842407227
1,1,0.956432580947876
0,0,0.0192600470036268
0,0,0.0264986027032137
0,0,0.329921334981918
1,1,0.684986293315887
1,1,0.971160292625427
1,1,0.986480057239532
1,1,0.881462514400482
0,0,0.201494306325912
0,0,0.0568730607628822
0,0,0.0280246008187532
0,0,0.0113635249435902
1,0,0.477102875709534
1,1,0.909362196922302
1,1,0.828953146934509
0,0,0.0205216817557812
1,1,0.911058664321899
0,0,0.0189035050570965
1,1,0.975683867931366
0,0,0.0189346019178629
0,0,0.0401758216321468
1,1,0.985319793224335
0,0,0.0817339271306992
1,1,0.970263719558716
1,1,0.971256256103516
1,1,0.971126794815063
1,1,0.937085449695587
1,1,0.97753781080246
0,0,0.0278365258127451
0,0,0.021567665040493
0,0,0.0103186713531613
1,1,0.981700241565704
0,0,0.0196467731148005
0,0,0.0400096401572227
1,1,0.948803305625916
1,1,0.986529350280762
1,1,0.959236085414886
1,1,0.960882067680359
0,0,0.023824330419302
0,0,0.191541001200676
1,1,0.985841274261475
1,1,0.947552561759949
0,0,0.0151100922375917
0,0,0.0318162031471729
0,0,0.0122760785743594
0,0,0.0304913595318794
1,1,0.706263959407806
0,0,0.13515068590641
1,1,0.981461346149445
1,1,0.924206972122192
1,1,0.818787753582001
0,0,0.127541273832321
1,1,0.986069798469543
0,0,0.0415809154510498
1,1,0.941665768623352
0,0,0.0568442866206169
0,1,0.695996224880219
0,1,0.968150436878204
0,0,0.026448568329215
1,1,0.97299462556839
1,1,0.978400230407715
1,1,0.956133782863617
1,1,0.946990549564362
1,1,0.921971023082733
0,0,0.0222122091799974
1,0,0.285667598247528
0,0,0.0185561403632164
0,0,0.0119885560125113
0,0,0.0124411210417747
0,0,0.0111754909157753
1,1,0.97348165512085
0,0,0.424197524785995
1,1,0.951627314090729
1,1,0.92865526676178
1,1,0.944859504699707
1,1,0.969443917274475
1,1,0.973755538463593
1,1,0.820967674255371
1,1,0.968794763088226
0,0,0.0182276945561171
1,0,0.326040118932724
1,1,0.964116632938385
1,0,0.424064874649048
1,1,0.978612184524536
1,1,0.871840953826904
1,1,0.99106240272522
0,0,0.0231439769268036
0,0,0.10031396895647
1,1,0.972360193729401
0,0,0.265482097864151
1,1,0.973819732666016
1,0,0.44522288441658
1,1,0.923775970935822
0,0,0.0152706122025847
0,0,0.0214050449430943
1,1,0.979725539684296
0,0,0.0233040116727352
1,1,0.989059567451477
1,1,0.958317995071411
0,0,0.0145080843940377
1,1,0.838428020477295
0,0,0.0767982825636864
0,1,0.518947124481201
1,1,0.946606695652008
0,0,0.0190169457346201
0,0,0.0818759426474571
0,0,0.046438492834568
0,0,0.037460096180439
0,0,0.0427300967276096
1,1,0.988387286663055
1,0,0.132464602589607
1,1,0.881047666072845
0,0,0.016327241435647
1,1,0.960145652294159
1,1,0.981362581253052
1,1,0.965564906597137
1,1,0.801935851573944
1,1,0.991058647632599
0,0,0.013773544691503
1,1,0.937191486358643
0,0,0.0284603703767061
0,0,0.0106740463525057
1,1,0.955368995666504
0,0,0.0101164728403091
1,1,0.982561707496643
0,0,0.0122460899874568
0,0,0.0140963736921549
1,1,0.989546120166779
0,0,0.0202570706605911
1,1,0.817718982696533
0,0,0.0373828113079071
0,0,0.012652738019824
0,0,0.0346979759633541
0,0,0.044730182737112
1,1,0.957582473754883
0,0,0.0148273576050997
1,1,0.784284114837646
1,1,0.873784184455872
1,1,0.970181465148926
0,0,0.0176852811127901
0,0,0.0182757265865803
1,1,0.985800921916962
0,0,0.0356989465653896
1,1,0.978250086307526
0,1,0.963391840457916
0,0,0.0246412605047226
0,0,0.15573213994503
1,1,0.934011042118073
1,1,0.985195875167847
1,1,0.97803521156311
1,1,0.976905107498169
0,0,0.0203526504337788
0,0,0.0107433740049601
0,0,0.032984334975481
1,1,0.96305114030838
1,1,0.944090247154236
0,0,0.0561428219079971
0,0,0.238027527928352
1,1,0.959599733352661
0,0,0.0868244618177414
0,0,0.0280951000750065
1,1,0.829860329627991
1,1,0.9175084233284
1,1,0.760878443717957
0,0,0.0292005930095911
0,0,0.078699491918087
0,0,0.016052545979619
0,0,0.0223589893430471
1,1,0.970027983188629
1,1,0.982761561870575
0,0,0.0289159025996923
0,0,0.435774564743042
1,1,0.977046549320221
0,0,0.331186652183533
0,0,0.0929609835147858
0,0,0.0364459529519081
1,1,0.96936023235321
1,1,0.899103045463562
1,1,0.982663035392761
0,0,0.0123292123898864
0,1,0.96531069278717
1,1,0.952859282493591
1,1,0.918670296669006
1,1,0.975291609764099
0,1,0.845531523227692
0,0,0.0280528739094734
0,0,0.0316787622869015
0,0,0.335430532693863
0,0,0.0132810957729816
0,0,0.0999468788504601
1,1,0.991445183753967
0,0,0.0960084795951843
1,1,0.895277917385101
0,0,0.0185987744480371
0,1,0.951570391654968
1,1,0.905776798725128
0,0,0.0130651397630572
0,0,0.0431467220187187
0,0,0.0102030280977488
0,0,0.103442251682281
0,0,0.0143892662599683
0,0,0.0262643173336983
0,0,0.0193301104009151
1,1,0.985714316368103
0,0,0.0152114108204842
0,0,0.0560587085783482
1,1,0.980269372463226
0,0,0.495101064443588
1,0,0.0508711412549019
0,0,0.0154581237584352
0,0,0.0303559266030788
1,1,0.968320846557617
1,1,0.974377155303955
0,1,0.919330239295959
0,0,0.0248691309243441
1,1,0.953138828277588
1,1,0.974721908569336
0,0,0.0111154746264219
1,1,0.980435848236084
1,1,0.959768295288086
0,0,0.0195731911808252
1,1,0.712144494056702
0,0,0.0158301629126072
0,0,0.0278110895305872
0,0,0.0363472513854504
1,1,0.939435124397278
1,1,0.992691934108734
0,0,0.0379856117069721
0,0,0.0162024609744549
1,1,0.986571788787842
0,0,0.0186204686760902
1,1,0.982202470302582
0,0,0.0932240858674049
1,0,0.405597567558289
0,0,0.0812918841838837
1,1,0.910131752490997
1,1,0.968784391880035
0,0,0.0558299124240875
0,0,0.0189340133219957
0,0,0.027053439989686
0,0,0.0154629200696945
0,0,0.0412999093532562
0,0,0.0250379778444767
0,0,0.0323747619986534
0,0,0.00783825106918812
0,0,0.0382831543684006
1,1,0.939353287220001
1,1,0.949559688568115
0,1,0.846571803092957
0,0,0.0191748328506947
0,0,0.0121983550488949
1,1,0.631862223148346
1,1,0.982939124107361
0,0,0.320594668388367
0,0,0.395581215620041
1,1,0.944377183914185
1,1,0.97918426990509
0,0,0.0147575382143259
0,0,0.0125296078622341
0,0,0.160463690757751
0,0,0.0194148942828178
0,0,0.0144691811874509
1,1,0.955570042133331
1,1,0.976575613021851
0,0,0.0113595770671964
1,1,0.577215492725372
0,0,0.300092250108719
1,1,0.944040298461914
1,1,0.980061948299408
1,1,0.967931687831879
0,0,0.0164347197860479
0,1,0.87242180109024
0,0,0.0347487926483154
0,0,0.0142068779096007
0,0,0.0154349477961659
1,1,0.839609324932098
0,0,0.0120935076847672
0,0,0.0767840668559074
0,0,0.0414151474833488
0,1,0.946606397628784
0,0,0.0493263565003872
1,1,0.870888710021973
1,1,0.713019967079163
0,0,0.324270993471146
1,1,0.981300234794617
1,1,0.971322000026703
1,1,0.957481026649475
1,1,0.978000104427338
1,1,0.949627101421356
1,1,0.981713891029358
1,1,0.98093569278717
0,0,0.01583256945014
1,1,0.786243379116058
1,1,0.93930584192276
0,0,0.178792595863342
1,1,0.762868702411652
1,1,0.960826575756073
1,1,0.987411201000214
0,0,0.0269315168261528
1,1,0.90168708562851
1,1,0.962850391864777
0,0,0.023173900321126
1,1,0.97341912984848
0,0,0.0116740688681602
0,0,0.10810711979866
1,1,0.976241528987885
0,0,0.0296822357922792
0,1,0.911282539367676
1,1,0.976211071014404
0,0,0.0792882815003395
1,1,0.976286470890045
1,1,0.968179821968079
0,0,0.0584393963217735
0,0,0.0159922987222672
0,0,0.0132470531389117
0,0,0.0201267004013062
0,0,0.0218710489571095
1,1,0.926219582557678
1,1,0.977059960365295
1,1,0.976391017436981
1,1,0.984277665615082
1,1,0.984531283378601
1,1,0.987285077571869
0,0,0.0817483887076378
1,1,0.968164801597595
1,1,0.895689785480499
0,0,0.0369221307337284
1,1,0.581080198287964
0,1,0.799624145030975
1,1,0.974861800670624
1,1,0.963787078857422
0,0,0.0449423566460609
1,1,0.895580291748047
0,0,0.0124811697751284
0,0,0.0153303202241659
1,1,0.982542872428894
1,1,0.82709413766861
1,1,0.830616176128387
1,1,0.962808072566986
0,0,0.107545509934425
1,1,0.976813793182373
1,1,0.955835044384003
0,0,0.0199284106492996
0,0,0.0522361099720001
0,0,0.0134258670732379
1,1,0.907778799533844
1,1,0.975330829620361
1,1,0.977007985115051
1,0,0.374733567237854
0,1,0.774676978588104
1,1,0.992935836315155
0,0,0.0187376923859119
0,1,0.552251815795898
1,1,0.971838176250458
0,0,0.0305153820663691
1,0,0.0449456498026848
1,1,0.896908760070801
1,1,0.941095054149628
0,0,0.0267294384539127
1,1,0.777675926685333
0,1,0.88712203502655
0,0,0.0411602817475796
0,0,0.316592127084732
1,1,0.949888944625854
1,1,0.944074511528015
1,1,0.974805951118469
0,1,0.553876638412476
0,0,0.0344546511769295
0,0,0.0311375297605991
1,1,0.963213503360748
1,1,0.978025853633881
0,0,0.0994918048381805
0,0,0.0930241495370865
1,1,0.979300200939178
0,0,0.208325579762459
0,0,0.0881686359643936
1,1,0.798635542392731
0,0,0.0320356264710426
1,0,0.245333507657051
0,0,0.0118602383881807
0,0,0.405069470405579
1,1,0.976279318332672
0,0,0.0242558605968952
0,0,0.0229647513478994
1,1,0.970206618309021
1,1,0.991934776306152
0,0,0.0147423772141337
0,0,0.0194903984665871
0,0,0.041542574763298
1,1,0.933888554573059
0,0,0.0164166633039713
0,0,0.0978012382984161
0,0,0.297623366117477
1,1,0.984770059585571
1,1,0.976593375205994
0,0,0.0199095755815506
1,1,0.989505112171173
0,0,0.0171495210379362
0,0,0.0485356263816357
1,1,0.966836035251617
0,1,0.87676739692688
1,1,0.977252542972565
1,1,0.977376997470856
0,0,0.019262308254838
0,0,0.02378317900002
0,0,0.037443533539772
1,1,0.969158530235291
1,1,0.984360754489899
1,1,0.957802653312683
0,0,0.0342374257743359
0,0,0.157848969101906
0,0,0.168650910258293
1,1,0.974933564662933
1,1,0.832836747169495
0,0,0.154563844203949
1,1,0.974476993083954
1,1,0.972856163978577
1,1,0.985964775085449
0,0,0.0492770820856094
1,1,0.967862129211426
1,1,0.929087579250336
0,0,0.0217310637235641
0,0,0.0778593420982361
1,1,0.960821390151978
1,1,0.839568793773651
0,0,0.0440779738128185
0,0,0.0131224561482668
0,0,0.127707362174988
1,1,0.916276752948761
1,1,0.944533586502075
1,1,0.981839716434479
1,1,0.913875937461853
0,0,0.0162345599383116
1,1,0.884537220001221
1,1,0.986928939819336
0,0,0.011027405038476
1,1,0.82899934053421
0,0,0.0155811607837677
1,1,0.972257077693939
0,0,0.0274248272180557
1,1,0.982519268989563
0,0,0.0969730764627457
0,0,0.0131236240267754
0,0,0.0176209323108196
1,1,0.937778413295746
1,1,0.768606841564178
1,1,0.976650238037109
0,0,0.0239818729460239
1,1,0.820551156997681
1,1,0.879756450653076
1,1,0.983797252178192
0,0,0.0252034533768892
0,0,0.038380604237318
0,0,0.0195528138428926
0,0,0.0211626142263412
1,1,0.978546559810638
0,0,0.011369563639164
1,1,0.954243540763855
0,0,0.0104780849069357
0,0,0.0568949282169342
0,0,0.017003957182169
1,1,0.974758505821228
1,1,0.858521282672882
1,0,0.0567977391183376
1,1,0.980032742023468
0,1,0.918902814388275
0,0,0.0211949739605188
1,1,0.929937779903412
0,0,0.0565723218023777
0,0,0.018451277166605
1,1,0.853775680065155
0,0,0.0333563908934593
1,1,0.969513177871704
1,1,0.986382007598877
1,1,0.935093641281128
0,0,0.4041867852211
0,0,0.058600589632988
1,1,0.96674370765686
1,1,0.953370213508606
1,1,0.968684613704681
1,1,0.688976228237152
0,0,0.0216879062354565
1,1,0.971935391426086
1,1,0.758881568908691
0,0,0.0109035968780518
1,1,0.966073215007782
0,0,0.0222327765077353
0,0,0.149921447038651
0,0,0.0703519880771637
1,1,0.986282169818878
0,0,0.0154030527919531
1,1,0.958656847476959
1,1,0.982898592948914
0,0,0.0200788415968418
0,0,0.0242894571274519
1,0,0.493483632802963
1,1,0.932227075099945
1,1,0.9758021235466
1,1,0.936802387237549
0,0,0.0242915693670511
1,1,0.952710568904877
0,1,0.96479344367981
0,0,0.0930025205016136
0,0,0.0138525050133467
0,0,0.0491895973682404
1,1,0.932141840457916
1,1,0.890336096286774
0,0,0.0244132187217474
1,1,0.790689826011658
1,1,0.974203586578369
1,1,0.978175401687622
0,0,0.0214722603559494
1,1,0.986553966999054
1,1,0.896572232246399
1,1,0.970433294773102
0,0,0.0576719269156456
1,1,0.981200754642487
0,0,0.0115687884390354
1,1,0.971744775772095
0,1,0.666261076927185
0,0,0.016152486205101
1,1,0.986079633235931
0,0,0.0139624252915382
1,1,0.945599853992462
0,0,0.0194686912000179
0,0,0.0356288254261017
0,0,0.104498669505119
0,0,0.0359709672629833
1,1,0.989619672298431
0,0,0.0412696786224842
1,1,0.96554046869278
1,1,0.966045618057251
1,1,0.946667671203613
1,1,0.973391950130463
1,1,0.957421779632568
0,0,0.0422462411224842
1,1,0.971874237060547
1,1,0.920547902584076
0,0,0.0581908635795116
0,0,0.0454561859369278
0,0,0.0170255620032549
0,0,0.0694300904870033
1,1,0.975930631160736
0,0,0.024849746376276
0,0,0.018781952559948
1,1,0.895726084709167
1,1,0.9506955742836
1,1,0.987320780754089
0,0,0.0187431760132313
0,0,0.145266652107239
1,1,0.974555373191833
1,1,0.722989439964294
0,0,0.0182583145797253
0,0,0.0204347055405378
0,0,0.0494756773114204
1,1,0.98295134305954
0,0,0.0200653467327356
1,0,0.0414530746638775
1,1,0.960076749324799
0,1,0.814497709274292
0,0,0.0152261257171631
0,0,0.0165368989109993
1,1,0.984312891960144
0,0,0.0206025987863541
1,1,0.981847882270813
0,0,0.0226437114179134
0,0,0.0358422175049782
0,0,0.0323087647557259
1,1,0.917454719543457
0,0,0.306584686040878
0,0,0.153028339147568
1,1,0.839904963970184
0,0,0.00996517855674028
0,0,0.0125645818188787
1,1,0.95912092924118
0,0,0.0766911953687668
1,1,0.980605363845825
1,1,0.982170462608337
0,0,0.0178484879434109
1,1,0.989760220050812
0,0,0.0567027218639851
0,0,0.0199970547109842
1,1,0.956578075885773
0,0,0.0242161322385073
0,0,0.346015125513077
0,0,0.106720730662346
1,1,0.910394132137299
1,1,0.668041825294495
1,1,0.972644686698914
1,1,0.951350569725037
0,0,0.318227142095566
1,1,0.975251913070679
1,1,0.979694664478302
1,1,0.932793915271759
1,1,0.987498223781586
0,0,0.0127692827954888
0,0,0.04043934866786
0,0,0.0619297586381435
1,1,0.970066547393799
1,1,0.98260498046875
0,0,0.0211196802556515
0,0,0.0340068563818932
0,1,0.677385747432709
1,1,0.964723765850067
0,0,0.177845731377602
0,0,0.0195243321359158
0,0,0.0531545244157314
1,1,0.574026584625244
1,1,0.989198863506317
0,0,0.0137323774397373
1,1,0.950919628143311
1,1,0.925636947154999
0,0,0.0433230996131897
0,0,0.0216412134468555
1,1,0.900854647159576
0,0,0.0200176890939474
1,1,0.585901618003845
0,0,0.0143676828593016
0,0,0.0209110602736473
1,1,0.983426928520203
1,1,0.930221259593964
1,1,0.986634254455566
0,0,0.0433990433812141
0,0,0.0319581478834152
1,1,0.979238212108612
1,1,0.96544736623764
1,1,0.948340535163879
1,1,0.980105578899384
0,0,0.0150318099185824
1,1,0.969475507736206
1,1,0.89923769235611
0,0,0.0178102608770132
0,1,0.921105146408081
1,1,0.639695346355438
1,1,0.922517061233521
1,1,0.981178939342499
0,0,0.0111641995608807
0,0,0.0179143995046616
0,0,0.0127653814852238
0,0,0.0176183227449656
1,1,0.976736545562744
1,1,0.974184572696686
0,0,0.015514699742198
1,1,0.950831592082977
0,0,0.0123361693695188
0,0,0.0226631611585617
0,0,0.0127798663452268
0,1,0.799445569515228
0,1,0.951245188713074
0,0,0.0114050516858697
1,1,0.962648630142212
0,0,0.0205302052199841
1,1,0.981105744838715
0,0,0.0270525813102722
0,0,0.106113396584988
1,1,0.908561646938324
0,0,0.0854181572794914
1,1,0.982959270477295
1,0,0.465421080589294
1,1,0.966419279575348
1,1,0.977344214916229
0,0,0.383073151111603
0,0,0.0661843493580818
0,0,0.17405654489994
1,1,0.786106467247009
0,0,0.0150544596835971
0,1,0.515889167785645
1,1,0.974340856075287
1,1,0.969687104225159
0,0,0.0127576505765319
1,1,0.885200321674347
1,1,0.853146493434906
0,0,0.0276325698941946
0,0,0.0159034300595522
0,0,0.032744612544775
0,0,0.0213416777551174
0,0,0.128169119358063
1,1,0.975103199481964
1,1,0.934186697006226
0,0,0.0474986173212528
0,0,0.033501110970974
0,0,0.0267751757055521
0,0,0.0260092448443174
1,0,0.0407639145851135
1,1,0.94651186466217
1,1,0.961854040622711
0,0,0.0147999804466963
0,0,0.0165699999779463
0,0,0.0230154730379581
0,0,0.209851399064064
0,0,0.0271171405911446
1,1,0.598874270915985
1,1,0.947648286819458
1,0,0.192502751946449
0,0,0.0250077787786722
1,1,0.981415867805481
0,0,0.0366887077689171
0,0,0.0466814897954464
1,1,0.971838533878326
0,0,0.0204304251819849
0,0,0.0313774012029171
1,1,0.983499526977539
1,1,0.989958226680756
1,1,0.93626993894577
1,1,0.974652707576752
1,1,0.991723716259003
1,1,0.913369476795197
1,1,0.980757594108582
0,0,0.0139378672465682
1,1,0.971099257469177
1,1,0.921826958656311
1,1,0.985051393508911
0,0,0.0122295878827572
0,1,0.960652947425842
1,1,0.978822648525238
0,1,0.945312976837158
1,1,0.988412916660309
0,0,0.0158698298037052
1,1,0.975499391555786
1,1,0.970486283302307
1,1,0.706974923610687
0,0,0.0209314730018377
1,1,0.942092597484589
0,0,0.0671174973249435
1,1,0.91792094707489
0,1,0.597791194915771
0,0,0.0183063708245754
0,0,0.0120798656716943
0,1,0.930467784404755
1,1,0.978757917881012
1,1,0.952989816665649
1,1,0.973147094249725
1,1,0.984469532966614
1,1,0.897341251373291
0,0,0.0276089236140251
1,1,0.989072740077972
0,0,0.0123310992494226
1,1,0.916329205036163
0,0,0.0264723673462868
1,1,0.978068053722382
0,0,0.00939422752708197
0,0,0.03898885846138
1,1,0.98008531332016
1,1,0.978710055351257
1,1,0.967215716838837
0,0,0.0244064498692751
1,1,0.968765795230865
0,0,0.0160303208976984
0,0,0.0131080523133278
0,0,0.0151525801047683
0,0,0.00691807083785534
0,0,0.484938621520996
0,0,0.00737645616754889
0,0,0.0133905373513699
1,1,0.82230144739151
1,0,0.0355476811528206
0,0,0.0161085426807404
0,1,0.583028972148895
0,0,0.0453269593417645
0,0,0.0297453925013542
0,0,0.00618353299796581
1,1,0.978087186813354
1,1,0.949951469898224
1,1,0.968824446201324
1,1,0.937411963939667
0,0,0.0545638687908649
1,1,0.932494342327118
1,1,0.945648849010468
1,1,0.90820723772049
1,1,0.97097110748291
0,0,0.0130132613703609
0,0,0.0183731205761433
0,0,0.0322593525052071
1,1,0.943125307559967
1,0,0.372079819440842
1,1,0.897962331771851
1,1,0.945108592510223
1,1,0.986244857311249
1,1,0.973252236843109
0,0,0.065981462597847
1,1,0.976362764835358
1,1,0.948496699333191
1,1,0.98499470949173
1,1,0.982292354106903
0,0,0.0151026584208012
0,0,0.0509475506842136
1,1,0.962017416954041
1,1,0.97148871421814
1,1,0.964927077293396
1,1,0.987704277038574
1,1,0.977704167366028
0,0,0.0163984857499599
1,1,0.959883153438568
1,1,0.972975552082062
0,0,0.0276299696415663
1,1,0.968974828720093
0,0,0.0203043054789305
1,1,0.940893232822418
0,0,0.0258221123367548
1,1,0.970278441905975
1,1,0.985522031784058
0,0,0.0305407904088497
0,0,0.0444157645106316
1,1,0.940962135791779
1,1,0.983062863349915
1,0,0.177109971642494
0,0,0.0101659344509244
0,0,0.0768635347485542
0,0,0.0767040476202965
0,0,0.012456726282835
1,1,0.981555759906769
0,0,0.106037825345993
0,0,0.01580660790205
0,0,0.0851113945245743
0,0,0.0308344233781099
0,0,0.0276130829006433
1,1,0.958026111125946
0,0,0.0113138342276216
0,0,0.030456680804491
0,0,0.0454869121313095
1,1,0.978663325309753
0,0,0.0136378556489944
1,1,0.872533321380615
0,0,0.0307982005178928
0,0,0.0330445729196072
1,1,0.740368068218231
0,0,0.0503539741039276
1,1,0.972601056098938
0,0,0.022974256426096
1,1,0.951387166976929
0,0,0.0116752348840237
0,0,0.44511467218399
1,1,0.880740821361542
0,0,0.0212379936128855
0,0,0.0384298861026764
0,0,0.0149023300036788
1,1,0.963951230049133
1,1,0.963111519813538
1,1,0.986707091331482
0,1,0.801357686519623
1,1,0.940264999866486
0,0,0.0516789779067039
1,1,0.967926323413849
1,1,0.966869056224823
1,1,0.974060356616974
1,1,0.973116993904114
0,0,0.00873985514044762
1,1,0.978611767292023
0,0,0.044475544244051
1,1,0.711280703544617
0,0,0.0236348379403353
1,1,0.979359149932861
0,0,0.0136462794616818
0,0,0.0365556515753269
1,1,0.877484321594238
0,0,0.0222502071410418
0,0,0.0160480961203575
1,1,0.973391711711884
1,1,0.950568795204163
0,0,0.0604855902493
0,0,0.363394945859909
0,0,0.0159105937927961
0,0,0.249143093824387
0,0,0.0243728030472994
0,0,0.0368393734097481
0,0,0.0105923302471638
1,1,0.982115983963013
0,0,0.0288257319480181
0,0,0.0714472085237503
0,0,0.0111893154680729
1,1,0.991566359996796
1,1,0.936105728149414
0,0,0.0216769818216562
0,0,0.0183440111577511
0,0,0.0194682367146015
0,0,0.0365085490047932
1,1,0.980191469192505
1,1,0.965785801410675
0,0,0.0222528576850891
0,0,0.0167407244443893
0,0,0.192473202943802
0,0,0.0409295856952667
0,0,0.0678261145949364
0,0,0.0515728108584881
1,1,0.936806678771973
1,1,0.663713455200195
0,0,0.020649142563343
0,0,0.011519436724484
0,0,0.0117206210270524
1,1,0.920643508434296
0,0,0.0219932701438665
0,0,0.0191747862845659
0,0,0.046746987849474
1,1,0.983778476715088
0,0,0.0173621717840433
1,1,0.943681955337524
0,0,0.0281527377665043
0,0,0.0614524185657501
1,1,0.955842018127441
0,0,0.0781455487012863
0,0,0.0144877154380083
1,1,0.930758059024811
1,1,0.969686090946198
0,0,0.032032810151577
1,1,0.885801196098328
1,1,0.933145523071289
1,1,0.990956485271454
1,1,0.533639550209045
0,0,0.0460934527218342
0,0,0.0196683891117573
0,0,0.0705172345042229
0,0,0.00997415836900473
0,0,0.0225262604653835
1,1,0.957046151161194
1,1,0.956241309642792
1,1,0.957653045654297
0,0,0.340579986572266
1,1,0.990255534648895
1,1,0.975075781345367
1,1,0.845400393009186
0,0,0.0557224713265896
0,0,0.0235386099666357
1,0,0.243417471647263
1,1,0.810517430305481
1,1,0.979354619979858
0,1,0.578351438045502
0,0,0.0179954711347818
0,0,0.0713860392570496
1,1,0.964392602443695
0,0,0.0275348033756018
1,1,0.945628523826599
1,1,0.967192351818085
1,1,0.968791425228119
0,0,0.0357521884143353
0,0,0.0491275452077389
0,0,0.104415483772755
0,0,0.0172025039792061
0,0,0.388053566217422
1,0,0.303236573934555
0,0,0.0505208745598793
0,0,0.0346263535320759
1,1,0.976059973239899
0,0,0.0806833878159523
1,1,0.984397232532501
1,1,0.97691136598587
1,1,0.978483557701111
1,1,0.97866553068161
1,1,0.976715981960297
1,1,0.753368020057678
0,0,0.0110920332372189
1,1,0.957803547382355
1,1,0.989897012710571
1,1,0.964288592338562
1,1,0.980746448040009
1,1,0.985682666301727
0,0,0.0149182006716728
0,0,0.0413434617221355
1,1,0.982289969921112
1,1,0.954544126987457
0,0,0.0147639885544777
1,1,0.65962678194046
0,0,0.332288831472397
1,1,0.956816434860229
1,1,0.929186642169952
1,1,0.869428038597107
0,0,0.0257534570991993
0,0,0.01783730648458
0,0,0.0219250451773405
1,1,0.973484098911285
0,0,0.0326146706938744
0,0,0.0555401183664799
0,1,0.718890726566315
1,1,0.977024555206299
0,0,0.0215512700378895
0,0,0.0164135843515396
1,1,0.885463356971741
0,0,0.0144990812987089
1,1,0.978835761547089
0,0,0.0237536411732435
1,1,0.859869062900543
0,0,0.0130382487550378
0,0,0.387103885412216
1,1,0.546240925788879
1,1,0.927590310573578
1,1,0.776242673397064
1,1,0.983426213264465
1,1,0.73846447467804
0,0,0.0104183768853545
1,1,0.973201870918274
0,0,0.0172255430370569
1,1,0.984291791915894
1,1,0.927756607532501
1,0,0.0629824846982956
0,0,0.00677649024873972
1,1,0.980696618556976
0,0,0.175162747502327
0,0,0.0495067909359932
0,0,0.013148183003068
0,0,0.0143088987097144
0,0,0.0305563900619745
1,0,0.0389490015804768
1,1,0.954430401325226
1,1,0.98240053653717
1,1,0.969374358654022
0,0,0.256073415279388
0,0,0.109853655099869
0,0,0.0323353931307793
1,1,0.821204006671906
1,1,0.97438782453537
1,1,0.972831785678864
0,0,0.41375520825386
1,1,0.96676230430603
0,0,0.0125254662707448
0,0,0.0327307730913162
0,0,0.0334837920963764
0,1,0.851510345935822
1,1,0.920343220233917
1,1,0.977675139904022
0,0,0.0455482751131058
1,1,0.758749783039093
0,0,0.0380169339478016
0,0,0.020656730979681
0,1,0.953078925609589
1,1,0.982304453849792
1,1,0.97550642490387
0,0,0.0223553515970707
1,1,0.937926769256592
0,0,0.0173716675490141
0,0,0.0532937347888947
1,1,0.708270072937012
1,1,0.976070880889893
1,1,0.98102205991745
1,1,0.930299162864685
0,0,0.0172520726919174
1,1,0.987860977649689
0,0,0.0816362723708153
0,0,0.0356942638754845
1,1,0.970580160617828
0,0,0.0131007442250848
0,0,0.0570346005260944
0,0,0.0252410527318716
1,1,0.938751757144928
1,1,0.980443596839905
1,1,0.964691579341888
1,1,0.964276313781738
0,0,0.013549791648984
0,0,0.0390662886202335
1,1,0.956671893596649
0,0,0.0538182742893696
1,1,0.913169682025909
0,0,0.0423180274665356
0,0,0.0185218099504709
0,0,0.264375746250153
1,1,0.986987948417664
1,1,0.942683935165405
0,0,0.0222416911274195
1,1,0.973152875900269
1,1,0.910259783267975
0,0,0.28389498591423
0,0,0.0194153897464275
0,0,0.01924261264503
1,1,0.944674849510193
0,0,0.0696222260594368
0,0,0.0309857800602913
1,1,0.977795898914337
0,0,0.463448971509933
1,1,0.963787317276001
0,0,0.07146055996418
0,0,0.0474842004477978
0,1,0.918693840503693
0,0,0.0187788549810648
0,0,0.0418352335691452
1,1,0.966584086418152
1,1,0.952341973781586
1,1,0.955892860889435
1,1,0.980571508407593
0,0,0.0196350067853928
1,1,0.977023005485535
0,0,0.015543625690043
0,0,0.0130970077589154
0,0,0.0237042661756277
0,0,0.0267955493181944
1,1,0.918427884578705
1,1,0.984458208084106
1,1,0.929183483123779
1,1,0.980651557445526
0,0,0.128783628344536
0,1,0.522898137569427
1,1,0.990776360034943
0,0,0.167019501328468
0,0,0.11237771064043
0,0,0.0207813885062933
0,0,0.0292815286666155
0,0,0.0261109359562397
0,0,0.0140401348471642
1,1,0.968043744564056
1,1,0.981046080589294
1,1,0.680302202701569
0,0,0.0908321514725685
0,1,0.834989130496979
0,0,0.013992608524859
1,1,0.971800267696381
1,1,0.956002235412598
1,1,0.975745975971222
0,0,0.0521664395928383
0,0,0.239815190434456
1,1,0.993131697177887
0,0,0.0647789388895035
1,1,0.967252016067505
1,1,0.950159192085266
0,0,0.0638216361403465
1,0,0.280988574028015
0,0,0.0494822934269905
1,1,0.834619760513306
0,0,0.492455273866653
1,1,0.980786740779877
1,0,0.267222046852112
1,1,0.974144876003265
0,0,0.0167702212929726
1,1,0.989865362644196
1,0,0.464300394058228
0,0,0.0563308075070381
0,0,0.00961891002953053
1,1,0.925249695777893
0,0,0.0284052360802889
0,0,0.019787359982729
0,0,0.0137484353035688
0,0,0.043721791356802
1,1,0.971278071403503
1,1,0.975568473339081
0,0,0.0116459997370839
0,0,0.0297931637614965
1,1,0.962466537952423
0,0,0.0490088127553463
0,0,0.0191112849861383
1,1,0.970239579677582
1,1,0.982811629772186
0,0,0.0166018716990948
1,1,0.981472730636597
0,0,0.384683400392532
0,0,0.0340241864323616
1,1,0.979460060596466
0,0,0.017648646607995
1,1,0.956894636154175
0,0,0.0317450910806656
0,0,0.181422635912895
0,0,0.0657881870865822
0,0,0.154678866267204
0,0,0.0138386897742748
0,0,0.0104078911244869
0,0,0.0720697864890099
0,0,0.0299698393791914
1,1,0.8739093542099
1,1,0.865543007850647
1,1,0.98055511713028
0,0,0.0102908797562122
0,0,0.0246978513896465
1,1,0.967879295349121
0,0,0.0366146937012672
1,1,0.974611043930054
0,1,0.616152346134186
1,1,0.980276107788086
0,0,0.0190880633890629
0,0,0.0441477261483669
1,1,0.890118181705475
1,1,0.98638504743576
0,0,0.0128318099305034
1,1,0.854064345359802
0,0,0.0137418936938047
0,0,0.0242631565779448
0,0,0.0173036623746157
1,1,0.927365720272064
1,1,0.949215769767761
0,0,0.0180222932249308
0,0,0.0252279452979565
1,1,0.982401311397552
0,0,0.0110567789524794
0,0,0.0120426490902901
0,0,0.110101386904716
1,1,0.982270061969757
0,0,0.027647590264678
0,0,0.0220954623073339
1,1,0.98959082365036
0,0,0.0238249748945236
0,0,0.0187841355800629
0,0,0.0101253967732191
0,0,0.386203855276108
1,1,0.959598004817963
1,1,0.988047242164612
1,1,0.9308140873909
0,0,0.0477248542010784
0,0,0.102947652339935
1,1,0.96781462430954
0,0,0.0226229205727577
0,0,0.0209273025393486
1,1,0.962697684764862
0,0,0.0283954851329327
1,1,0.916907429695129
0,0,0.0499295741319656
0,0,0.0793379545211792
0,0,0.0077712289057672
0,0,0.0318308956921101
1,1,0.991804718971252
1,1,0.960526466369629
0,0,0.0183733925223351
0,0,0.0300989598035812
1,1,0.802611708641052
0,0,0.0237092301249504
1,1,0.985646069049835
0,0,0.0377928912639618
1,1,0.98820286989212
0,0,0.0157439354807138
0,0,0.0389951765537262
1,1,0.986452639102936
0,0,0.0960286930203438
1,1,0.939513921737671
1,1,0.974865794181824
0,0,0.0496636740863323
0,0,0.0805645287036896
1,1,0.982907831668854
1,1,0.604316592216492
0,0,0.020816532894969
0,0,0.0406587049365044
0,1,0.844267070293427
0,0,0.0639490187168121
1,1,0.976990342140198
0,0,0.0320465043187141
0,0,0.0160432476550341
0,0,0.0470175668597221
0,0,0.0962520614266396
0,0,0.0259415619075298
1,1,0.97786808013916
1,1,0.96213436126709
0,0,0.0331608094274998
0,0,0.010805525816977
0,0,0.0116488924250007
0,0,0.115192070603371
1,1,0.902264654636383
0,0,0.178954094648361
1,1,0.960790276527405
1,1,0.9461510181427
0,0,0.0372660905122757
0,1,0.857933700084686
1,1,0.958488523960114
1,1,0.898823380470276
1,1,0.975333452224731
1,1,0.55399489402771
0,0,0.0166776794940233
0,0,0.0339401364326477
1,0,0.0747790187597275
1,1,0.969836294651031
0,0,0.0113221034407616
1,1,0.96936559677124
1,0,0.0290965009480715
1,1,0.988880157470703
1,1,0.853796184062958
1,1,0.963739573955536
1,1,0.982665300369263
1,1,0.922272205352783
0,0,0.0221955683082342
0,0,0.0225319266319275
0,0,0.0708254128694534
0,0,0.040041446685791
1,0,0.0820369943976402
0,0,0.020700741559267
0,0,0.0972572639584541
0,0,0.105687595903873
0,0,0.0119570465758443
0,0,0.0306837633252144
0,0,0.0370080806314945
0,0,0.0609222650527954
0,0,0.0285869520157576
0,0,0.014716031961143
1,1,0.964022517204285
0,0,0.0171502847224474
1,1,0.699921548366547
0,0,0.02345578558743
1,1,0.929798126220703
0,0,0.26734334230423
0,0,0.0727796107530594
0,0,0.036272794008255
1,1,0.911810159683228
0,0,0.046151552349329
0,0,0.0205386392772198
1,1,0.976086676120758
0,1,0.736265063285828
0,0,0.0242420677095652
0,0,0.0433227568864822
1,0,0.0681144744157791
0,0,0.0137101477012038
0,0,0.063764326274395
0,0,0.0258451625704765
1,0,0.445764571428299
1,1,0.963200211524963
0,0,0.196462482213974
1,1,0.961456060409546
0,1,0.624021053314209
1,1,0.679419159889221
0,0,0.0117558073252439
1,1,0.672891557216644
0,1,0.699334681034088
1,1,0.951251208782196
0,0,0.0746802687644958
1,1,0.953561782836914
1,1,0.956950843334198
1,1,0.9367396235466
0,0,0.0282967165112495
0,0,0.0203034747391939
0,0,0.0391536802053452
1,1,0.984440207481384
0,0,0.0207513589411974
1,1,0.978990912437439
0,0,0.053048599511385
0,0,0.164262190461159
0,0,0.120357811450958
1,1,0.927465677261353
1,1,0.987636387348175
0,0,0.0607591047883034
0,0,0.0195443015545607
0,0,0.0210416670888662
0,0,0.0361419841647148
0,0,0.333273679018021
1,1,0.978107631206512
0,1,0.557693362236023
0,0,0.0172408055514097
1,1,0.781215369701385
1,1,0.967483162879944
1,0,0.439474016427994
1,1,0.640809178352356
0,0,0.0120739145204425
1,1,0.721663296222687
0,0,0.0232574678957462
1,1,0.971105992794037
1,1,0.989523589611053
0,0,0.351233899593353
1,1,0.965990781784058
0,0,0.0126087982207537
1,1,0.977657556533813
1,1,0.924481868743896
1,1,0.985442996025085
0,0,0.0163382813334465
1,1,0.852988600730896
0,0,0.212237685918808
0,0,0.0189099367707968
1,1,0.871848404407501
1,1,0.937568485736847
1,1,0.976433873176575
1,0,0.0805424898862839
0,0,0.267948240041733
0,1,0.96865850687027
0,0,0.0113601554185152
1,1,0.969808876514435
1,1,0.964696943759918
1,1,0.985369026660919
1,1,0.988052368164062
1,1,0.975986063480377
0,0,0.0477738045156002
0,0,0.154831916093826
1,1,0.818024396896362
0,0,0.0910866633057594
1,1,0.969972372055054
1,1,0.974079370498657
0,0,0.0184502322226763
1,1,0.913893342018127
0,0,0.0278110895305872
0,0,0.0140449879691005
1,1,0.934834480285645
1,1,0.971893846988678
0,0,0.0544883720576763
0,0,0.0140338856726885
0,0,0.0167255811393261
1,1,0.969670176506042
0,0,0.205284059047699
1,1,0.98002302646637
1,1,0.978166460990906
1,1,0.983423590660095
0,0,0.012265844270587
1,1,0.980753242969513
0,0,0.213876232504845
1,1,0.661729574203491
1,1,0.969695866107941
1,1,0.968764781951904
0,0,0.0215712636709213
1,1,0.945040881633759
0,0,0.0231949090957642
0,0,0.0326290726661682
1,1,0.849936842918396
0,0,0.0523216836154461
1,1,0.936198592185974
0,0,0.0390669591724873
0,0,0.0145360706374049
1,1,0.97487598657608
1,1,0.958029747009277
1,1,0.809748768806458
0,0,0.0460941232740879
0,0,0.0363753698766232
1,1,0.966592609882355
0,0,0.0478622689843178
0,0,0.0161328110843897
1,1,0.963555574417114
0,0,0.0104193799197674
0,0,0.105304799973965
1,1,0.964332282543182
1,1,0.977226972579956
0,0,0.0188395585864782
0,0,0.0358149707317352
0,0,0.0369457714259624
0,0,0.118905581533909
0,0,0.023459168151021
0,0,0.0877809524536133
1,1,0.844087898731232
0,0,0.00739988917484879
0,0,0.0917096063494682
0,0,0.0136538883671165
1,1,0.982894539833069
1,1,0.758458137512207
1,1,0.968283295631409
0,0,0.0140633229166269
1,1,0.971519470214844
1,1,0.964316546916962
1,0,0.263182759284973
0,0,0.0125197051092982
1,1,0.975768744945526
0,0,0.0153442760929465
1,1,0.988375306129456
1,1,0.51448255777359
1,1,0.972766041755676
0,0,0.0267502889037132
1,1,0.977117896080017
0,0,0.313502758741379
1,1,0.976220965385437
1,1,0.975891947746277
1,1,0.929232776165009
1,1,0.982128977775574
0,1,0.96818083524704
0,0,0.195925205945969
0,0,0.0310074687004089
0,0,0.0123517382889986
0,0,0.0385464206337929
0,0,0.0265494212508202
0,0,0.130234360694885
0,0,0.0201749056577682
0,0,0.0293462686240673
1,1,0.948608458042145
1,1,0.957680523395538
0,0,0.0232641808688641
1,1,0.983858525753021
0,0,0.0261998102068901
0,0,0.0285099782049656
0,0,0.0333820693194866
1,1,0.897933781147003
1,1,0.825994312763214
1,1,0.976669430732727
1,1,0.92559540271759
1,1,0.511884272098541
1,1,0.972371518611908
1,1,0.978237569332123
0,0,0.0196712128818035
1,1,0.976023554801941
1,1,0.985409498214722
0,0,0.18658447265625
0,0,0.436370193958282
1,1,0.98087614774704
0,0,0.115922033786774
1,1,0.956040799617767
1,1,0.967873156070709
1,1,0.918177664279938
0,0,0.0227225329726934
0,0,0.0324494726955891
1,1,0.945058405399323
0,1,0.639380097389221
0,0,0.0251171886920929
1,1,0.971800804138184
0,1,0.508305728435516
0,0,0.0255057215690613
1,1,0.972834050655365
0,0,0.0128064481541514
1,1,0.961225152015686
1,1,0.980840623378754
1,1,0.980512499809265
0,0,0.0341492034494877
1,1,0.889512777328491
0,0,0.0122539149597287
0,0,0.324332445859909
1,1,0.949351787567139
1,1,0.977142035961151
0,0,0.125991299748421
0,0,0.0213629566133022
1,1,0.963916301727295
0,0,0.341825366020203
0,0,0.120214320719242
0,0,0.0628009662032127
1,1,0.971510469913483
1,1,0.973627924919128
0,0,0.0161816403269768
0,0,0.020419904962182
0,0,0.0276335775852203
0,0,0.0237606856971979
0,0,0.0135715743526816
1,1,0.986734509468079
1,1,0.976230263710022
0,0,0.0227463487535715
1,1,0.982454597949982
0,0,0.046782910823822
0,0,0.460570275783539
1,1,0.985015869140625
0,0,0.0165911391377449
1,1,0.958698272705078
1,1,0.691913962364197
0,0,0.0272142179310322
0,0,0.0155957518145442
1,1,0.930468678474426
0,0,0.0229962915182114
0,0,0.290217280387878
0,0,0.0258364211767912
1,1,0.972567200660706
0,0,0.111865632236004
0,0,0.0164771601557732
0,0,0.0818037763237953
1,1,0.97257924079895
1,1,0.977711379528046
1,1,0.950589895248413
1,1,0.975712478160858
0,0,0.0376491695642471
0,0,0.00488847121596336
1,0,0.0367010794579983
0,0,0.0310422740876675
1,1,0.974089086055756
0,1,0.892966508865356
1,1,0.849609196186066
0,0,0.0137637024745345
0,1,0.870954871177673
1,1,0.924160540103912
0,0,0.123413920402527
0,0,0.0266318563371897
0,0,0.0436318889260292
0,0,0.0223278980702162
1,1,0.819580793380737
0,1,0.925107777118683
0,0,0.0453255958855152
1,1,0.962108850479126
1,1,0.842709124088287
1,1,0.981768488883972
0,0,0.0165991466492414
1,1,0.939604222774506
1,1,0.965209424495697
1,0,0.04800895601511
1,1,0.949871301651001
0,0,0.020441984757781
0,0,0.0213398151099682
0,0,0.0167680121958256
1,1,0.981434345245361
1,1,0.983669638633728
1,1,0.774422347545624
0,0,0.102676279842854
0,0,0.0110690016299486
1,1,0.989609599113464
0,0,0.0175049882382154
1,1,0.980690538883209
1,1,0.972346603870392
1,0,0.0932740345597267
1,1,0.956201136112213
1,1,0.980734288692474
0,0,0.0810154676437378
0,0,0.0457966700196266
0,0,0.0205474235117435
0,0,0.466541171073914
0,0,0.0550794936716557
0,0,0.0240781754255295
1,1,0.95897501707077
0,0,0.0149711789563298
1,1,0.806121468544006
1,1,0.914060354232788
0,1,0.957030951976776
1,1,0.973937571048737
1,1,0.942391037940979
1,1,0.932624936103821
0,0,0.0142477722838521
1,1,0.968993425369263
0,0,0.0341529473662376
1,1,0.968384444713593
0,0,0.0970316231250763
1,1,0.988878607749939
1,1,0.924072504043579
0,0,0.0147790126502514
0,0,0.0279571786522865
0,1,0.939714729785919
1,1,0.946557343006134
0,0,0.048279020935297
0,0,0.179240345954895
0,0,0.0156153906136751
0,0,0.0128487162292004
0,0,0.0160467028617859
1,1,0.963143169879913
1,1,0.966274559497833
0,1,0.635421276092529
0,0,0.0263193249702454
0,0,0.11116461455822
1,1,0.988895297050476
1,1,0.946714699268341
1,1,0.824582755565643
0,0,0.0280396472662687
0,0,0.0217665880918503
1,1,0.9828040599823
0,0,0.0261398330330849
1,1,0.966141998767853
1,1,0.918573021888733
1,1,0.979812026023865
0,0,0.0168177150189877
1,1,0.973807871341705
1,1,0.97016179561615
0,0,0.0241002142429352
0,0,0.0294595584273338
0,0,0.134217068552971
1,1,0.951384902000427
0,0,0.0432134605944157
1,0,0.061227697879076
0,0,0.0226398706436157
0,0,0.142592459917068
0,0,0.0171186048537493
1,1,0.979657113552094
1,1,0.950600028038025
1,1,0.987317621707916
0,0,0.022203516215086
1,1,0.96260678768158
0,0,0.024920241907239
1,1,0.988006711006165
1,1,0.98819899559021
0,0,0.0495288632810116
1,1,0.785839855670929
0,0,0.0220126062631607
0,0,0.0112019209191203
1,1,0.967688798904419
0,0,0.0263750292360783
1,1,0.961188018321991
1,1,0.973693251609802
0,0,0.0147109860554338
1,1,0.969918429851532
1,1,0.954852044582367
1,1,0.966399013996124
1,1,0.972854912281036
1,1,0.905333936214447
0,0,0.020166277885437
0,0,0.0630354508757591
1,1,0.974280655384064
0,0,0.0196247436106205
0,0,0.0130765000358224
0,0,0.0277352221310139
0,0,0.0175625216215849
0,0,0.032974187284708
1,1,0.944917142391205
0,0,0.00561168882995844
0,0,0.0422227941453457
0,0,0.0272167045623064
0,0,0.0278530213981867
1,1,0.836737930774689
1,1,0.920143127441406
1,1,0.990034997463226
0,0,0.426335573196411
0,0,0.0713883712887764
1,1,0.984736979007721
1,1,0.975745379924774
0,0,0.0134715838357806
0,0,0.0209093615412712
1,1,0.973516643047333
0,1,0.785704016685486
1,1,0.981955587863922
0,0,0.0170200653374195
1,1,0.738972663879395
1,1,0.885202407836914
0,0,0.0524096712470055
0,0,0.0108891613781452
0,0,0.100528210401535
1,1,0.963909685611725
0,0,0.0108017651364207
1,1,0.844176828861237
1,1,0.950553059577942
1,1,0.944898247718811
0,0,0.0168349500745535
0,0,0.0127397477626801
1,1,0.972681879997253
0,0,0.114280097186565
0,0,0.0262091737240553
1,1,0.968315482139587
1,1,0.939675271511078
0,0,0.0604324974119663
1,1,0.958358645439148
0,0,0.065818190574646
1,1,0.933567464351654
0,0,0.0207988414913416
0,0,0.377335786819458
1,1,0.962484061717987
0,0,0.0166005790233612
0,0,0.00960328709334135
0,0,0.0155187211930752
1,1,0.971993803977966
0,0,0.103693775832653
0,0,0.035616971552372
1,1,0.581207633018494
0,0,0.0254808273166418
0,0,0.0513391233980656
1,1,0.962764203548431
1,1,0.954970300197601
1,1,0.967067360877991
0,0,0.0314738303422928
1,1,0.637460112571716
0,0,0.0283096935600042
1,1,0.9052894115448
1,1,0.982318580150604
0,1,0.606571614742279
0,0,0.0824346914887428
0,0,0.0463054366409779
1,1,0.799225509166718
1,1,0.958789229393005
1,1,0.845697343349457
1,1,0.981283724308014
0,0,0.0817406177520752
1,1,0.97920036315918
0,0,0.0466519705951214
0,0,0.0290551967918873
1,1,0.971105456352234
1,1,0.974798381328583
0,0,0.0496575869619846
1,1,0.990020275115967
0,0,0.0398509055376053
0,0,0.298276603221893
1,1,0.968993842601776
1,1,0.969283163547516
1,1,0.98078715801239
1,1,0.969221830368042
0,0,0.255449175834656
0,0,0.0226520281285048
0,0,0.0227228403091431
0,0,0.0336239151656628
1,1,0.897150337696075
1,1,0.984898269176483
1,1,0.962639689445496
0,0,0.0134317614138126
0,0,0.108685538172722
1,1,0.969923317432404
0,0,0.0485211797058582
1,1,0.934978663921356
1,1,0.973977267742157
0,0,0.0635248571634293
0,0,0.0241116490215063
1,0,0.392299443483353
0,0,0.0161858089268208
1,1,0.926841616630554
0,0,0.0271703843027353
1,1,0.96246212720871
0,0,0.0928596779704094
1,1,0.763097822666168
0,0,0.0277714915573597
1,1,0.966653645038605
0,0,0.0117545770481229
1,1,0.962445020675659
0,0,0.0217842441052198
0,0,0.0194667167961597
1,1,0.965060532093048
1,1,0.976081252098083
1,1,0.953479766845703
0,0,0.0228410288691521
1,0,0.154404118657112
1,1,0.958968341350555
0,0,0.0170255620032549
0,0,0.0181568209081888
0,0,0.0269865784794092
1,1,0.993818819522858
1,1,0.976489245891571
1,1,0.956034243106842
1,1,0.985953867435455
0,0,0.0190313626080751
0,0,0.0579951629042625
1,0,0.228229776024818
1,1,0.923536956310272
0,0,0.0444178692996502
0,0,0.0314090512692928
1,1,0.973532676696777
0,0,0.18983756005764
1,1,0.983453333377838
0,0,0.0146517669782043
0,0,0.00840115919709206
1,1,0.990257143974304
0,0,0.0170663185417652
0,0,0.172240599989891
1,1,0.984749436378479
0,1,0.961830019950867
1,1,0.78952956199646
0,0,0.0192485209554434
1,1,0.960192680358887
1,1,0.890709340572357
0,0,0.0245755221694708
0,0,0.0227363221347332
0,0,0.0926485881209373
1,1,0.951253294944763
1,1,0.909697890281677
0,0,0.0238756742328405
0,0,0.0149097666144371
1,1,0.971430778503418
0,0,0.00640851398929954
1,1,0.961961686611176
1,1,0.785009741783142
1,1,0.957487046718597
1,0,0.0613347664475441
1,1,0.991864204406738
0,0,0.0221782103180885
0,0,0.0176583286374807
1,1,0.969431519508362
0,0,0.0378903150558472
1,1,0.971106469631195
0,0,0.0163107458502054
0,0,0.0625012591481209
0,0,0.0180997345596552
0,0,0.0152774965390563
1,1,0.955534517765045
0,0,0.0138114169239998
1,1,0.979897081851959
0,0,0.039084181189537
0,1,0.803766131401062
0,0,0.0442727878689766
1,1,0.983906269073486
1,1,0.964845478534698
0,0,0.0255528446286917
1,1,0.966260612010956
0,0,0.0129852285608649
0,0,0.0381515547633171
0,0,0.0122100878506899
1,1,0.961645722389221
0,0,0.0587302632629871
0,0,0.0567086040973663
0,0,0.0149136958643794
1,1,0.967877388000488
1,1,0.935445010662079
1,0,0.197903856635094
0,0,0.289538443088531
0,0,0.0151547137647867
0,0,0.0296817198395729
0,0,0.0105593036860228
0,0,0.014996163547039
1,1,0.975200235843658
1,1,0.963013768196106
0,0,0.296615928411484
1,1,0.93743371963501
0,0,0.230790480971336
0,0,0.0606694594025612
1,1,0.993440568447113
1,1,0.988725006580353
0,0,0.00863956939429045
1,1,0.962069571018219
0,0,0.0137634901329875
1,1,0.806654930114746
1,1,0.964831531047821
0,0,0.0199373215436935
0,0,0.0154115427285433
0,0,0.0487031191587448
1,1,0.96833997964859
1,1,0.959131479263306
1,0,0.0856254696846008
1,1,0.967969417572021
0,0,0.176298782229424
1,1,0.759222805500031
1,1,0.899901866912842
0,0,0.462306052446365
0,0,0.0301668588072062
1,1,0.979696154594421
0,0,0.0207580886781216
1,1,0.942530930042267
1,1,0.967740058898926
0,1,0.949045658111572
1,1,0.957186043262482
1,1,0.973452150821686
1,1,0.986088335514069
1,1,0.980329990386963
1,1,0.990408658981323
1,1,0.941680014133453
1,1,0.981078505516052
1,1,0.970351934432983
0,0,0.0471600480377674
0,0,0.0208802241832018
0,0,0.178207397460938
1,1,0.880348920822144
0,0,0.060523547232151
1,1,0.970374584197998
1,1,0.873561084270477
1,1,0.944868505001068
1,1,0.90789258480072
0,0,0.0202969070523977
0,0,0.0829298868775368
1,1,0.980238318443298
0,0,0.0304766856133938
0,0,0.0157392155379057
1,1,0.977617919445038
0,0,0.013786512427032
1,1,0.9698885679245
1,1,0.972541809082031
0,0,0.235903143882751
0,0,0.0618667304515839
0,1,0.558238387107849
0,0,0.0253880489617586
1,1,0.983469128608704
0,0,0.0125241102650762
1,0,0.132840052247047
1,1,0.958731353282928
0,0,0.0102063175290823
0,0,0.0302451532334089
1,1,0.988939583301544
1,1,0.943926095962524
1,1,0.836696445941925
0,0,0.0242923609912395
1,1,0.922318339347839
0,0,0.0229088105261326
0,0,0.0273302979767323
0,0,0.0142331933602691
0,0,0.396230846643448
0,0,0.0496905446052551
0,0,0.0127142714336514
0,0,0.0370381623506546
0,1,0.89056807756424
1,1,0.964022219181061
0,0,0.0246687848120928
1,1,0.972194671630859
0,0,0.0116046331822872
0,0,0.0129611296579242
1,1,0.875684082508087
1,1,0.879991710186005
0,0,0.0238640028983355
1,1,0.663525819778442
0,0,0.0326312184333801
0,0,0.0441706068813801
0,0,0.019111143425107
0,0,0.0227579679340124
1,1,0.98804759979248
1,1,0.970198750495911
1,1,0.970724701881409
0,1,0.859268665313721
0,0,0.0147329950705171
0,0,0.031130027025938
0,0,0.0100224800407887
0,0,0.370889097452164
1,1,0.980115056037903
1,1,0.946384787559509
1,1,0.949598073959351
1,1,0.916175544261932
1,1,0.986939668655396
0,0,0.0211837235838175
0,0,0.0142057631164789
1,1,0.804542541503906
1,1,0.934007167816162
0,0,0.032322634011507
0,1,0.825200617313385
1,1,0.967451572418213
1,1,0.693089067935944
1,1,0.967473864555359
0,1,0.568935573101044
1,1,0.980989873409271
0,0,0.0175484325736761
0,0,0.0154148507863283
1,1,0.97687292098999
0,0,0.0209503769874573
1,1,0.971370697021484
0,0,0.0329708382487297
0,0,0.036888349801302
1,1,0.932780623435974
1,1,0.974243402481079
0,0,0.400770992040634
1,0,0.239152431488037
0,0,0.0150689268484712
1,1,0.971282184123993
0,0,0.0126143135130405
1,1,0.964447259902954
0,0,0.129377156496048
0,0,0.0399552248418331
1,1,0.911064386367798
0,0,0.0297810491174459
0,0,0.0256688166409731
1,1,0.985545992851257
0,0,0.0410529226064682
0,1,0.869082689285278
0,0,0.0124640827998519
1,1,0.975603222846985
1,1,0.978533685207367
1,1,0.982041597366333
1,1,0.965106606483459
0,0,0.0105995433405042
0,0,0.0234458651393652
1,1,0.989788055419922
1,1,0.980861604213715
1,1,0.944443225860596
0,0,0.129334181547165
0,0,0.0330089516937733
0,0,0.0208515487611294
0,0,0.0556468106806278
1,1,0.911766052246094
1,1,0.972319841384888
0,0,0.0393731594085693
1,1,0.971935391426086
0,0,0.0173835139721632
1,1,0.97658383846283
0,0,0.0633975639939308
1,1,0.838538527488708
1,1,0.886744678020477
0,0,0.0176349114626646
0,0,0.0145743582397699
0,0,0.369069427251816
0,0,0.0241959393024445
1,1,0.970913171768188
0,0,0.0113182989880443
1,1,0.963626623153687
1,1,0.984211504459381
0,0,0.0365963578224182
1,1,0.977924406528473
1,1,0.94097113609314
1,1,0.946246743202209
1,1,0.982216000556946
1,1,0.96968936920166
1,1,0.88114595413208
0,0,0.0175898484885693
0,0,0.012067586183548
1,1,0.9766566157341
0,0,0.0338324159383774
1,1,0.948330283164978
1,1,0.984042167663574
0,0,0.0253924019634724
0,0,0.0557506754994392
1,1,0.985262095928192
0,0,0.0221543963998556
1,1,0.952259063720703
1,1,0.901728868484497
0,0,0.0196050312370062
1,0,0.354770749807358
0,0,0.0352972187101841
1,0,0.100563295185566
0,0,0.0640713199973106
1,1,0.981795012950897
1,1,0.976864635944366
0,0,0.0265815015882254
0,0,0.356814205646515
0,0,0.0214462652802467
0,0,0.028586957603693
1,1,0.867917358875275
0,0,0.0290440507233143
1,1,0.621179759502411
0,0,0.0465601235628128
0,0,0.0224153436720371
1,1,0.94850480556488
1,1,0.982797920703888
1,1,0.976110756397247
1,1,0.958142340183258
1,1,0.945641934871674
0,0,0.0153636541217566
1,1,0.930488646030426
0,0,0.0684294104576111
1,1,0.921408772468567
0,0,0.0180990304797888
1,1,0.978079915046692
0,0,0.00997956562787294
0,0,0.0243331883102655
1,1,0.960827827453613
1,0,0.401570320129395
1,1,0.970705509185791
1,1,0.947810769081116
1,1,0.982131481170654
0,0,0.0113814249634743
0,1,0.771759629249573
1,1,0.962575435638428
0,0,0.0359670333564281
1,1,0.785062491893768
0,0,0.0394915342330933
1,1,0.979722023010254
0,0,0.0370509959757328
0,0,0.0625248551368713
1,1,0.982939720153809
1,1,0.98783141374588
1,1,0.968782365322113
1,1,0.964625954627991
0,0,0.0538598522543907
1,1,0.982170820236206
1,1,0.846857070922852
1,1,0.98594856262207
1,1,0.964289367198944
0,0,0.0153362667188048
0,0,0.00997693184763193
0,0,0.0320381857454777
0,0,0.0226820129901171
1,1,0.986301183700562
1,1,0.976616680622101
0,0,0.0466562248766422
1,1,0.932214200496674
0,0,0.0260334070771933
1,1,0.983062148094177
0,0,0.0257003717124462
1,1,0.959878861904144
0,0,0.0183139052242041
1,1,0.767079472541809
1,1,0.681654214859009
0,0,0.0204293895512819
1,1,0.905361890792847
1,1,0.866919159889221
1,1,0.978693604469299
0,0,0.0184114780277014
1,1,0.944140374660492
1,1,0.920422494411469
0,0,0.0206926893442869
1,1,0.982986688613892
0,0,0.0133678894490004
1,1,0.981766998767853
1,1,0.841901421546936
1,1,0.973249852657318
0,0,0.065039835870266
1,1,0.975156009197235
0,0,0.0147490473464131
1,1,0.937874257564545
1,0,0.0516005605459213
0,0,0.027990760281682
0,0,0.0860797464847565
0,0,0.0138061447069049
1,1,0.97322940826416
0,0,0.0203223302960396
0,0,0.113385111093521
1,1,0.978679537773132
0,0,0.112973161041737
0,0,0.0246106963604689
0,0,0.0109424563124776
0,0,0.0994492396712303
0,0,0.191646039485931
1,1,0.974455714225769
1,1,0.981764912605286
1,1,0.96442174911499
0,0,0.0682750195264816
0,0,0.114024013280869
1,0,0.0274712704122066
1,1,0.875377714633942
1,1,0.977195739746094
0,0,0.127943396568298
1,1,0.78257954120636
0,0,0.0454315505921841
0,0,0.0192587953060865
0,0,0.03282580524683
1,1,0.988203585147858
0,0,0.165626063942909
0,0,0.0171335265040398
0,0,0.0203625988215208
1,1,0.930494010448456
1,1,0.972455382347107
0,0,0.0652510151267052
0,0,0.0663390681147575
1,0,0.108953908085823
1,1,0.982138276100159
1,1,0.975918173789978
0,0,0.0332704447209835
1,1,0.885543763637543
0,0,0.0493178591132164
0,0,0.0300487391650677
1,1,0.968765676021576
1,1,0.970153510570526
0,0,0.311115324497223
1,1,0.893761515617371
1,1,0.969923794269562
1,1,0.600282847881317
0,0,0.0146255828440189
1,1,0.889175951480865
1,1,0.962556183338165
0,0,0.017464293166995
0,0,0.0495821610093117
0,0,0.0233723446726799
1,1,0.941521465778351
1,1,0.96431291103363
0,0,0.0168890189379454
1,1,0.868454873561859
1,1,0.97009003162384
0,0,0.109977722167969
1,1,0.956990122795105
1,1,0.979060590267181
0,0,0.0173103045672178
1,1,0.984015345573425
0,0,0.014366858638823
1,1,0.981066465377808
0,0,0.00850458536297083
1,1,0.985449910163879
0,0,0.0167025271803141
1,1,0.987977862358093
0,0,0.150638192892075
0,0,0.0233932789415121
0,0,0.0656421780586243
1,1,0.821078836917877
1,1,0.993071258068085
0,0,0.0200723465532064
1,1,0.962566673755646
0,0,0.0835537314414978
0,0,0.0651050508022308
1,1,0.994591116905212
0,0,0.146358951926231
0,0,0.0250525027513504
0,0,0.0121574960649014
0,0,0.0131263108924031
1,1,0.981886625289917
0,1,0.536823749542236
1,1,0.956613421440125
1,1,0.988499462604523
0,0,0.0283763911575079
0,0,0.0174681060016155
1,1,0.992247104644775
0,0,0.0116148106753826
1,1,0.943333685398102
0,0,0.0563888661563396
0,1,0.786134958267212
0,0,0.077477715909481
1,1,0.967583000659943
1,1,0.926186382770538
0,0,0.148713141679764
0,0,0.0404855571687222
1,1,0.928809106349945
1,1,0.930485188961029
1,1,0.976071774959564
0,0,0.0188605785369873
0,0,0.0223398674279451
1,1,0.951968431472778
0,0,0.214040711522102
1,1,0.613200902938843
1,1,0.84162425994873
0,0,0.0170426405966282
1,1,0.922562181949615
1,1,0.978356897830963
0,0,0.0442498028278351
1,1,0.97029983997345
0,0,0.486705452203751
0,0,0.0219582207500935
0,0,0.034586638212204
0,0,0.0444485433399677
0,0,0.0129475872963667
0,0,0.0430857576429844
0,0,0.0350981056690216
1,1,0.93044650554657
1,1,0.955987870693207
0,0,0.0654404610395432
0,0,0.0187142714858055
0,0,0.420375645160675
0,0,0.0911249220371246
0,0,0.0527782030403614
1,1,0.990682721138
0,0,0.0129911527037621
1,1,0.975502669811249
0,0,0.0760776922106743
1,1,0.987959384918213
0,0,0.0172301921993494
1,1,0.98587429523468
1,1,0.915257453918457
1,1,0.955690979957581
0,0,0.0167845692485571
1,1,0.97166496515274
1,1,0.823423027992249
0,0,0.0610912516713142
0,0,0.097982831299305
1,0,0.464743435382843
1,1,0.924805879592896
0,0,0.0893256589770317
0,0,0.0168149471282959
0,0,0.103133723139763
1,1,0.931338608264923
0,0,0.0257160738110542
0,0,0.37373748421669
1,1,0.979717671871185
0,0,0.0503498055040836
0,0,0.0189368259161711
1,1,0.986500322818756
0,0,0.0981156900525093
1,1,0.969523251056671
0,0,0.380514681339264
1,1,0.949963092803955
1,1,0.983239233493805
1,1,0.967574417591095
1,1,0.899266600608826
0,0,0.0733725652098656
0,0,0.0256868191063404
1,1,0.980771720409393
1,1,0.897601723670959
1,1,0.971517086029053
0,0,0.0259334016591311
1,1,0.984538078308105
0,0,0.0297080520540476
1,1,0.980375111103058
0,0,0.0656856596469879
1,1,0.986408233642578
1,1,0.874606788158417
1,1,0.988105058670044
1,1,0.967925548553467
1,1,0.960749983787537
0,1,0.686338186264038
0,0,0.0177278034389019
1,1,0.86348682641983
1,1,0.974381387233734
0,0,0.0284166410565376
1,1,0.969562947750092
0,0,0.0569941326975822
0,0,0.0794025510549545
0,0,0.155218616127968
1,1,0.986792683601379
1,1,0.950729966163635
0,0,0.0636537224054337
0,0,0.255084902048111
0,0,0.0328410603106022
1,1,0.975594699382782
0,0,0.0328487306833267
1,1,0.96001410484314
1,1,0.794054448604584
1,1,0.949258208274841
0,0,0.0185589492321014
1,1,0.98528927564621
0,0,0.0147319631651044
1,1,0.8926722407341
1,1,0.926847457885742
0,0,0.0470444411039352
1,1,0.85740739107132
1,1,0.985110640525818
0,0,0.0156817734241486
0,0,0.0749858990311623
0,0,0.0304310824722052
1,1,0.94344699382782
0,0,0.0153404213488102
1,1,0.969233989715576
1,1,0.965140104293823
1,1,0.960704863071442
0,0,0.0579354427754879
1,1,0.975326895713806
1,1,0.941854059696198
0,0,0.323693931102753
1,1,0.974272489547729
1,1,0.974419057369232
1,1,0.966768324375153
1,1,0.928189873695374
0,0,0.0291003547608852
1,1,0.961165010929108
0,0,0.0169650353491306
1,1,0.870626449584961
0,0,0.0834071189165115
0,0,0.0206709615886211
1,1,0.972516000270844
0,0,0.0132712153717875
1,1,0.986542701721191
0,0,0.0157091412693262
0,0,0.261495411396027
1,1,0.977923929691315
1,1,0.981243550777435
1,1,0.971271276473999
0,0,0.0153124500066042
1,1,0.979552567005157
0,0,0.0170867033302784
1,1,0.958612263202667
0,1,0.866321384906769
1,1,0.947247505187988
1,1,0.874833405017853
0,0,0.0271800924092531
0,0,0.012113468721509
0,0,0.167058706283569
0,0,0.0172246471047401
1,1,0.963405311107635
1,1,0.567245244979858
1,1,0.95652037858963
1,1,0.987329721450806
0,0,0.0229562018066645
0,1,0.764482617378235
1,1,0.798058688640594
0,0,0.110244616866112
1,1,0.962708413600922
0,0,0.16889400780201
0,0,0.03677823767066
1,1,0.928930997848511
0,0,0.0210634209215641
1,1,0.933376371860504
0,0,0.0206890720874071
0,1,0.789573192596436
1,1,0.972955107688904
0,0,0.0267903655767441
1,1,0.979849934577942
1,1,0.929420232772827
1,1,0.958228230476379
0,0,0.0385986156761646
1,1,0.982195973396301
1,1,0.969107031822205
1,1,0.759732007980347
1,1,0.980449140071869
0,0,0.016363114118576
1,1,0.982088923454285
1,1,0.872843861579895
1,1,0.833713054656982
0,1,0.900491118431091
0,0,0.0140354037284851
0,0,0.0125752594321966
0,0,0.0297876074910164
0,0,0.0107423914596438
0,0,0.0158731285482645
0,0,0.0212485566735268
0,0,0.0903418734669685
1,1,0.948884308338165
0,0,0.0165636986494064
1,1,0.925286412239075
1,1,0.962397396564484
1,1,0.977220773696899
0,0,0.0192572232335806
1,1,0.969206690788269
0,0,0.0397495590150356
0,0,0.0347775146365166
0,1,0.942614495754242
1,1,0.964785575866699
1,1,0.967754125595093
0,0,0.134831607341766
0,0,0.033958338201046
1,1,0.76066255569458
0,0,0.0290861707180738
0,0,0.035649660974741
1,1,0.976920008659363
1,1,0.984450936317444
1,1,0.978210628032684
1,1,0.95637446641922
0,1,0.795134246349335
1,1,0.975280046463013
0,0,0.0590404719114304
1,1,0.978501677513123
0,0,0.0185158625245094
1,1,0.981104671955109
1,1,0.9812331199646
1,1,0.989563941955566
0,0,0.0123531352728605
1,1,0.985336124897003
1,1,0.904261827468872
0,0,0.0273020565509796
1,1,0.971818923950195
1,1,0.983893036842346
1,1,0.957763493061066
1,1,0.845450937747955
1,1,0.979964852333069
1,1,0.987908184528351
1,1,0.950072348117828
1,1,0.95122903585434
0,0,0.0293829124420881
1,1,0.975249111652374
0,0,0.0361246056854725
1,1,0.974857151508331
1,1,0.972766697406769
0,0,0.0169601291418076
0,0,0.0168209876865149
0,0,0.0551971346139908
1,0,0.281053632497787
1,1,0.928561389446259
0,0,0.0215451791882515
0,0,0.022164274007082
0,0,0.0178908593952656
0,0,0.0136432442814112
1,1,0.980712294578552
0,0,0.019110606983304
0,0,0.131942391395569
0,0,0.0716062039136887
0,0,0.235655546188354
0,0,0.0128120258450508
1,1,0.979932904243469
0,0,0.151928216218948
1,1,0.962291657924652
1,1,0.971188426017761
0,0,0.122621223330498
1,1,0.957660615444183
0,0,0.0935086086392403
0,0,0.0845653936266899
0,0,0.0240927506238222
0,1,0.770622491836548
1,1,0.952639818191528
0,0,0.126190364360809
0,0,0.0181690230965614
1,1,0.976729393005371
1,1,0.974340856075287
0,1,0.884529411792755
0,0,0.0366060175001621
0,0,0.0235271602869034
1,1,0.967736959457397
1,1,0.987600564956665
0,0,0.0343799367547035
1,0,0.0246058069169521
0,1,0.695768594741821
1,1,0.969546675682068
1,1,0.952830016613007
1,1,0.980997502803802
0,0,0.0366978012025356
1,1,0.870152592658997
0,0,0.0164736919105053
0,0,0.048631951212883
0,0,0.234177783131599
0,0,0.0209079310297966
0,0,0.0397462472319603
0,0,0.0420505329966545
1,1,0.981455624103546
0,0,0.0158669836819172
1,1,0.980076014995575
0,0,0.0351770631968975
1,1,0.951565682888031
0,0,0.0310929976403713
0,0,0.0260085295885801
0,0,0.045396450906992
0,0,0.0560191981494427
0,0,0.0457182787358761
0,0,0.0144002931192517
1,1,0.98608934879303
1,1,0.971995949745178
1,1,0.95914101600647
1,1,0.95441347360611
1,1,0.503181338310242
0,1,0.947832524776459
0,0,0.0501401610672474
1,1,0.94545304775238
0,0,0.0236547403037548
1,1,0.947991073131561
1,1,0.979464709758759
1,1,0.988866984844208
1,1,0.984650611877441
1,1,0.893793046474457
1,0,0.210748627781868
0,0,0.0244760569185019
0,0,0.326742589473724
0,0,0.0793326571583748
1,1,0.958268761634827
1,1,0.978655815124512
1,1,0.975858807563782
1,1,0.970290064811707
1,1,0.94822746515274
0,0,0.0375605747103691
1,1,0.974953591823578
1,0,0.410588145256042
0,0,0.0290931630879641
0,0,0.0513595752418041
0,0,0.0339337550103664
0,0,0.0865173563361168
1,1,0.987954139709473
1,1,0.985593140125275
0,0,0.342383325099945
0,0,0.016223780810833
0,0,0.0230621807277203
0,0,0.0640707761049271
0,0,0.00912865623831749
0,0,0.00984321348369122
1,1,0.919207453727722
1,1,0.963434517383575
1,1,0.977876603603363
0,0,0.0293332263827324
0,0,0.072683148086071
0,0,0.013852602802217
0,0,0.290648281574249
0,0,0.0628443285822868
1,1,0.913666725158691
1,1,0.971164226531982
0,0,0.0548648089170456
1,1,0.959582090377808
1,1,0.928340137004852
1,1,0.973534822463989
1,1,0.948691785335541
0,0,0.0111157633364201
0,0,0.016044806689024
0,0,0.0176997669041157
0,0,0.229085579514503
1,1,0.978571236133575
0,0,0.0552305653691292
1,0,0.327333778142929
1,1,0.974073052406311
0,0,0.022646265104413
0,0,0.0282253678888083
0,0,0.0264903157949448
0,0,0.0314688012003899
0,0,0.0217890366911888
1,1,0.748305559158325
0,0,0.0270421765744686
1,1,0.984918057918549
1,1,0.902222812175751
1,1,0.975023627281189
0,0,0.0278872232884169
0,0,0.0241384524852037
0,0,0.0337046273052692
0,0,0.0120418723672628
0,0,0.0329374149441719
0,0,0.0333385318517685
0,0,0.0107348384335637
1,1,0.544320642948151
0,0,0.0635271668434143
1,1,0.967459619045258
0,0,0.0342089086771011
1,1,0.927361726760864
0,0,0.036806233227253
0,0,0.0457669720053673
1,1,0.980732023715973
0,0,0.0270904451608658
1,1,0.980916917324066
1,1,0.990356862545013
0,0,0.203287959098816
0,0,0.0213674660772085
1,1,0.971567928791046
0,0,0.0292633324861526
0,0,0.0576330982148647
1,1,0.969860076904297
0,0,0.386947333812714
1,1,0.986100137233734
0,0,0.0314654149115086
1,1,0.955590665340424
1,1,0.962989807128906
0,0,0.166464641690254
1,1,0.967251777648926
1,1,0.960386157035828
0,0,0.0609830096364021
1,1,0.830669462680817
0,0,0.0217584408819675
0,0,0.334457039833069
1,1,0.87064790725708
1,1,0.920005977153778
1,1,0.981721162796021
0,0,0.149260848760605
0,0,0.270751923322678
0,0,0.0385368168354034
0,0,0.0258184652775526
0,0,0.0247824750840664
0,0,0.0504767671227455
1,1,0.966278553009033
0,0,0.0176656022667885
1,1,0.986865103244781
1,1,0.98403924703598
0,0,0.0135757885873318
1,1,0.776565790176392
0,0,0.0142422746866941
1,1,0.99164879322052
0,0,0.0293356291949749
0,0,0.014510759152472
1,1,0.853205978870392
1,1,0.917434573173523
1,1,0.984344661235809
1,1,0.968522071838379
0,0,0.0396290086209774
0,0,0.0102791041135788
0,0,0.0532665215432644
0,0,0.0201368927955627
1,1,0.968486428260803
1,1,0.992323398590088
1,1,0.750317871570587
1,1,0.978943169116974
1,1,0.964196860790253
0,0,0.0146392649039626
1,1,0.97026664018631
0,0,0.0432038269937038
1,1,0.977913558483124
0,0,0.0229074321687222
0,1,0.884808361530304
0,0,0.109670773148537
0,0,0.0498715974390507
0,0,0.0148540241643786
1,1,0.856847584247589
0,0,0.013428108766675
0,0,0.0240139197558165
0,0,0.106386601924896
0,0,0.0147866448387504
0,0,0.0180757492780685
0,0,0.109234623610973
0,0,0.283952057361603
0,0,0.0457801558077335
1,1,0.953778326511383
1,1,0.828397810459137
0,0,0.0194955859333277
1,1,0.878284335136414
0,0,0.0194117911159992
1,1,0.763567566871643
0,0,0.241246283054352
0,0,0.00955692119896412
1,1,0.982137560844421
0,0,0.0167228374630213
1,1,0.964844405651093
1,1,0.869716167449951
0,0,0.0214102156460285
0,0,0.0282353181391954
1,1,0.97116357088089
0,0,0.0103125870227814
0,0,0.100340738892555
1,1,0.98404586315155
1,1,0.973440825939178
0,0,0.0454505383968353
0,0,0.017896993085742
0,0,0.0120666082948446
1,0,0.0433145053684711
0,0,0.073903776705265
1,1,0.977769613265991
1,1,0.943045318126678
1,1,0.974294126033783
1,1,0.942871689796448
0,0,0.0151273189112544
1,0,0.341947436332703
1,1,0.980592250823975
0,0,0.0500534735620022
0,0,0.0200610850006342
0,0,0.0333691537380219
0,0,0.0121114542707801
1,1,0.985392510890961
1,1,0.975019752979279
1,1,0.986244857311249
1,1,0.988316237926483
0,0,0.0125392219051719
1,1,0.971636354923248
1,0,0.124237962067127
1,1,0.97484278678894
0,0,0.0224281325936317
0,0,0.00963023584336042
0,0,0.475788712501526
0,0,0.0493404679000378
1,1,0.956191182136536
1,1,0.988613724708557
0,0,0.0743211582303047
1,1,0.968291103839874
1,1,0.942581534385681
0,0,0.136768683791161
0,0,0.0136526804417372
0,0,0.31051167845726
0,0,0.0497731901705265
0,0,0.100356481969357
0,0,0.271045565605164
0,0,0.0744344145059586
0,1,0.703458547592163
1,1,0.973990917205811
1,1,0.988507926464081
1,1,0.944596588611603
0,0,0.0110950153321028
0,0,0.464685678482056
0,0,0.0465815812349319
1,1,0.955611288547516
1,1,0.972217857837677
1,1,0.961540043354034
1,0,0.0979096591472626
0,0,0.0107634514570236
1,1,0.698946058750153
0,0,0.0351948775351048
1,1,0.931376278400421
1,1,0.959245979785919
0,0,0.0222592614591122
0,0,0.163802251219749
1,1,0.983802914619446
0,0,0.0131166717037559
0,0,0.0215601250529289
1,1,0.834883809089661
0,0,0.0106195546686649
1,1,0.823708117008209
1,1,0.981393039226532
1,1,0.975679814815521
0,0,0.0379064567387104
1,1,0.987133920192719
1,1,0.967048943042755
0,0,0.0433288402855396
1,1,0.968476593494415
0,0,0.0221393667161465
0,0,0.0164299421012402
1,1,0.822065532207489
0,0,0.0189330354332924
1,1,0.717328131198883
0,0,0.0139448279514909
1,1,0.942962884902954
1,1,0.95499050617218
1,1,0.968490183353424
0,0,0.17500738799572
1,1,0.821536779403687
0,0,0.0244424678385258
1,1,0.974945783615112
1,1,0.97064870595932
1,1,0.973045766353607
1,1,0.889281630516052
1,1,0.957117855548859
0,0,0.0510813072323799
1,1,0.97128826379776
1,1,0.933975160121918
0,0,0.0534659251570702
0,0,0.0498126819729805
1,1,0.791617453098297
0,0,0.0114948349073529
0,0,0.03708216547966
1,1,0.955336689949036
1,1,0.944867670536041
1,1,0.857801735401154
0,0,0.0118258576840162
1,1,0.729472219944
0,0,0.0347939468920231
1,1,0.761252343654633
0,0,0.0270334202796221
1,1,0.969155192375183
0,0,0.0140209859237075
0,0,0.0200944170355797
0,0,0.0470991134643555
1,0,0.0606008358299732
1,1,0.974754214286804
0,0,0.361845076084137
1,1,0.984492063522339
1,1,0.971321702003479
1,1,0.962321996688843
0,0,0.0239880960434675
1,1,0.956272065639496
0,0,0.0970168262720108
1,1,0.670551955699921
1,1,0.982332289218903
1,1,0.842427492141724
0,0,0.0133946761488914
0,0,0.356465101242065
0,0,0.0146355917677283
0,0,0.0169974863529205
1,0,0.387322962284088
1,1,0.976415157318115
1,1,0.960053324699402
0,0,0.021243441849947
0,0,0.0117233786731958
0,0,0.0576180219650269
0,0,0.0112949889153242
0,0,0.0146187888458371
1,1,0.981138229370117
0,0,0.0105190956965089
1,1,0.949726998806
1,1,0.984787285327911
1,1,0.855473697185516
0,0,0.0189786534756422
1,1,0.881989657878876
0,0,0.0570609569549561
0,0,0.0484368242323399
0,0,0.0157373603433371
0,0,0.252670049667358
1,1,0.930144131183624
1,1,0.78458845615387
0,0,0.425611853599548
1,1,0.619363903999329
1,1,0.961834609508514
0,0,0.0471968352794647
1,1,0.975864887237549
1,1,0.974397003650665
1,1,0.980553090572357
0,0,0.0651010349392891
1,1,0.991389811038971
0,0,0.0364015623927116
1,1,0.960098922252655
0,0,0.01881811209023
1,0,0.494187295436859
1,1,0.988453686237335
1,1,0.977234601974487
0,0,0.0281353164464235
0,0,0.109459578990936
1,1,0.974895000457764
0,0,0.0329545214772224
0,0,0.156426876783371
0,0,0.108032703399658
1,1,0.78909295797348
0,0,0.0297070015221834
0,0,0.0225968826562166
1,1,0.965194523334503
0,0,0.0267998203635216
1,1,0.955713152885437
0,0,0.0236353762447834
0,0,0.0444028452038765
0,0,0.0150337014347315
0,1,0.970739662647247
1,1,0.896539270877838
1,1,0.975468218326569
0,0,0.0626292750239372
0,0,0.297138959169388
1,1,0.984691321849823
0,0,0.0187764912843704
1,1,0.923704326152802
1,1,0.978481829166412
1,1,0.946196556091309
1,0,0.229158565402031
1,1,0.961808919906616
1,1,0.830801844596863
0,0,0.0132418246939778
0,0,0.0173103045672178
1,1,0.920941233634949
0,0,0.010019670240581
1,1,0.977920293807983
0,1,0.864131093025208
1,1,0.92791885137558
0,0,0.0143026579171419
1,1,0.982402384281158
1,1,0.963386476039886
1,1,0.937228441238403
0,0,0.0304991882294416
0,0,0.0338101387023926
0,0,0.112881205976009
1,0,0.140710547566414
1,1,0.987075984477997
0,0,0.0585534945130348
1,1,0.95826131105423
1,1,0.889837622642517
0,0,0.0156497601419687
1,1,0.853554666042328
0,0,0.0321671552956104
0,0,0.0234701968729496
1,1,0.75114244222641
0,0,0.293955266475677
1,1,0.932605683803558
0,1,0.930725753307343
1,1,0.974210739135742
0,0,0.0538890138268471
1,1,0.97542816400528
1,1,0.677451014518738
1,1,0.982915639877319
0,0,0.0183380227535963
0,0,0.0418786518275738
0,0,0.0163764264434576
1,1,0.98800253868103
1,1,0.948099792003632
1,1,0.959721744060516
0,0,0.0200513619929552
0,0,0.0152185130864382
0,0,0.0598443411290646
0,0,0.0159449521452188
0,0,0.0429008044302464
1,1,0.962753593921661
1,1,0.972522675991058
0,0,0.0352509990334511
1,1,0.979732275009155
0,0,0.0164179559797049
0,0,0.0501744337379932
1,1,0.966124951839447
0,0,0.0365406014025211
1,1,0.97457879781723
1,1,0.986639320850372
1,1,0.96871680021286
0,0,0.0101494314149022
1,1,0.924734532833099
0,0,0.0416808351874352
0,0,0.0176576748490334
0,0,0.433905214071274
1,1,0.960795879364014
1,1,0.97999370098114
0,0,0.0487084649503231
0,0,0.0109879737719893
1,1,0.986273109912872
1,1,0.976216375827789
1,1,0.978928744792938
0,0,0.0137644540518522
0,0,0.0116641093045473
0,0,0.0357761196792126
0,0,0.0272665228694677
0,0,0.019546028226614
1,1,0.924091517925262
0,0,0.0282167959958315
0,1,0.961969435214996
0,0,0.0216191746294498
1,1,0.934539079666138
0,1,0.953107595443726
1,1,0.990973889827728
1,1,0.895326137542725
0,0,0.0278876889497042
0,0,0.0379886999726295
0,0,0.0289697963744402
1,1,0.940654873847961
1,1,0.978856921195984
0,0,0.0750952363014221
0,0,0.0109005384147167
0,0,0.0240233819931746
1,1,0.976410269737244
0,0,0.0211991984397173
0,0,0.0243192408233881
0,0,0.0159944612532854
1,1,0.944694340229034
0,0,0.0206300485879183
1,1,0.951707422733307
0,0,0.0254060309380293
0,0,0.0241360496729612
0,0,0.056661132723093
1,0,0.49636909365654
0,1,0.973894119262695
1,1,0.968415439128876
1,1,0.984519362449646
0,0,0.0162636078894138
0,0,0.0228066109120846
0,0,0.0104948086664081
0,0,0.0326164104044437
1,1,0.947578370571136
1,1,0.761633098125458
0,0,0.013216863386333
0,0,0.0296797584742308
0,0,0.0263384357094765
1,1,0.973941266536713
0,0,0.0362387113273144
0,0,0.0385426916182041
1,1,0.988328278064728
0,0,0.0236588604748249
1,1,0.948813915252686
0,0,0.0298067275434732
0,0,0.447518199682236
1,1,0.67713075876236
1,1,0.978108167648315
1,1,0.798519134521484
1,1,0.980326414108276
0,0,0.030294731259346
1,1,0.942253947257996
0,0,0.0205319579690695
0,0,0.0909821540117264
1,1,0.968888759613037
0,0,0.151350870728493
1,1,0.938380241394043
0,0,0.01518689468503
1,1,0.983438551425934
1,1,0.928333401679993
0,0,0.0194695927202702
0,0,0.0259942933917046
0,0,0.0361456163227558
0,0,0.0266602821648121
0,0,0.013729814440012
1,1,0.965379595756531
1,1,0.960842192173004
0,0,0.0500768162310123
1,1,0.962896287441254
0,0,0.0111318556591868
0,0,0.0203756392002106
0,0,0.0516021251678467
0,0,0.0254289973527193
1,1,0.910517036914825
0,0,0.0518771708011627
0,0,0.0893742740154266
0,0,0.0212046559900045
1,1,0.931441843509674
0,0,0.122649781405926
0,0,0.0207669530063868
0,0,0.0361928269267082
0,0,0.0258718952536583
1,1,0.853591680526733
1,1,0.979965567588806
0,0,0.454157739877701
1,1,0.985190331935883
0,0,0.0541931428015232
1,1,0.90079391002655
1,1,0.980124592781067
0,0,0.0389803685247898
1,1,0.973017454147339
1,1,0.96283495426178
0,0,0.0410903282463551
0,1,0.965402722358704
0,0,0.0221365634351969
1,1,0.960179924964905
0,0,0.029023353010416
0,0,0.0751409828662872
1,1,0.98742663860321
0,0,0.0200414527207613
0,0,0.0183192025870085
1,1,0.989021003246307
0,0,0.0679433047771454
1,1,0.925616085529327
0,0,0.0114267226308584
0,0,0.1362384557724
0,0,0.0184717904776335
0,0,0.0364811532199383
1,1,0.987492918968201
1,1,0.926010012626648
0,1,0.964494526386261
0,0,0.0336798168718815
0,0,0.0678774863481522
0,0,0.0283939205110073
1,1,0.955854773521423
0,0,0.0230399034917355
1,1,0.830258250236511
0,0,0.050545696169138
1,1,0.986826300621033
0,0,0.0691618621349335
1,1,0.639092087745667
1,1,0.985016703605652
1,1,0.800444424152374
1,1,0.984654426574707
1,1,0.916601955890656
1,1,0.885941863059998
1,1,0.970917880535126
1,1,0.974754869937897
1,1,0.955229341983795
0,0,0.117151491343975
0,0,0.028788598254323
1,1,0.98712033033371
0,0,0.0324788987636566
0,0,0.0532350018620491
0,0,0.0994038581848145
1,1,0.908068299293518
0,0,0.0835206359624863
0,0,0.0176607444882393
0,0,0.0154992891475558
1,1,0.965060293674469
0,0,0.178841963410378
1,1,0.961971402168274
1,1,0.533770024776459
1,1,0.978745877742767
0,0,0.0258096344769001
1,1,0.971277356147766
0,0,0.0364846214652061
0,0,0.0207576043903828
0,0,0.00870908237993717
1,1,0.954247236251831
0,0,0.0110630011186004
1,1,0.754773616790771
1,1,0.927609443664551
0,0,0.016582140699029
1,1,0.848135411739349
0,0,0.21674545109272
0,0,0.322284162044525
1,1,0.975760281085968
1,1,0.887052059173584
0,0,0.0198457930237055
1,1,0.968990743160248
0,0,0.026737192645669
1,1,0.966801524162292
0,0,0.0142977992072701
0,0,0.013544368557632
1,1,0.918522834777832
0,0,0.0155589403584599
0,0,0.0432648062705994
0,0,0.0314770080149174
1,1,0.98567122220993
1,1,0.979386985301971
0,0,0.0112731773406267
1,1,0.971692502498627
0,0,0.0434952452778816
0,0,0.145931467413902
1,1,0.985859215259552
0,0,0.0286462027579546
0,0,0.0219011604785919
1,1,0.893425583839417
0,0,0.0452352352440357
0,0,0.0674156993627548
0,1,0.974635303020477
1,1,0.55016154050827
1,1,0.976206064224243
0,0,0.0200397111475468
1,1,0.981554508209229
0,0,0.0276070106774569
1,1,0.919089794158936
1,1,0.949512839317322
0,0,0.0503142811357975
1,1,0.690376758575439
0,0,0.112410798668861
0,0,0.0292939469218254
1,1,0.67226767539978
0,0,0.016624104231596
0,0,0.0403430573642254
1,1,0.943784415721893
0,0,0.0933151692152023
0,0,0.0113517176359892
0,0,0.0131615595892072
1,1,0.987631142139435
1,1,0.986636579036713
0,0,0.0413350500166416
1,0,0.346203237771988
0,0,0.0117870876565576
0,0,0.0103377494961023
1,1,0.936383366584778
0,0,0.0215318836271763
0,0,0.0163280144333839
1,1,0.972034394741058
0,0,0.0207497198134661
0,0,0.36706131696701
1,1,0.963461875915527
0,0,0.0327267982065678
1,1,0.964500963687897
0,0,0.0482817217707634
1,1,0.948699533939362
0,0,0.0269825607538223
1,1,0.977680563926697
0,0,0.0238410867750645
1,0,0.0586819089949131
0,1,0.847601890563965
0,0,0.0389918833971024
0,0,0.0259079113602638
1,1,0.956153929233551
1,1,0.751604318618774
1,1,0.943257510662079
0,0,0.0294954013079405
0,0,0.0229846462607384
0,1,0.916224479675293
0,1,0.598555743694305
1,1,0.976679921150208
0,0,0.0146635444834828
1,1,0.864697813987732
1,1,0.974788427352905
1,1,0.968956351280212
1,1,0.958931505680084
0,0,0.019088638946414
1,1,0.988795280456543
0,0,0.0165155474096537
1,1,0.985280156135559
0,0,0.0160145424306393
1,1,0.977677047252655
1,1,0.887688457965851
0,0,0.0169258750975132
1,1,0.985652565956116
1,1,0.980765819549561
1,1,0.983851969242096
1,1,0.969339609146118
0,0,0.407078564167023
0,0,0.0161924697458744
0,0,0.104896850883961
1,1,0.898775219917297
0,0,0.0170321073383093
0,0,0.0155489603057504
1,1,0.979931116104126
1,1,0.874622881412506
1,1,0.953365445137024
0,0,0.0306929498910904
0,0,0.088511236011982
0,0,0.0188909787684679
1,1,0.949168622493744
1,1,0.977578401565552
0,0,0.0335177443921566
1,1,0.855094432830811
1,1,0.952957987785339
1,1,0.983344376087189
1,1,0.9546919465065
0,0,0.0211859941482544
1,1,0.969300329685211
0,0,0.126122951507568
0,0,0.016044806689024
1,1,0.618197739124298
1,1,0.96950352191925
1,1,0.951594293117523
0,0,0.0194958578795195
1,1,0.940066039562225
1,1,0.991148948669434
0,0,0.0526626110076904
1,1,0.983018159866333
0,0,0.0292543321847916
1,1,0.985089421272278
1,1,0.946790993213654
0,0,0.00903576146811247
0,0,0.325795441865921
0,0,0.0170957390218973
1,1,0.949341773986816
0,0,0.0137989586219192
1,1,0.972546577453613
1,1,0.710135281085968
1,1,0.770741939544678
1,1,0.972143173217773
1,1,0.770965695381165
0,0,0.0428443923592567
1,1,0.951509416103363
0,0,0.232107490301132
0,0,0.0188600085675716
0,0,0.158362478017807
0,0,0.0367850810289383
0,0,0.0240244995802641
1,1,0.953351199626923
1,1,0.976457297801971
1,1,0.9838986992836
1,1,0.973885774612427
0,0,0.00540578691288829
0,0,0.0223058052361012
1,0,0.0291713830083609
0,0,0.0437842942774296
1,1,0.975660979747772
1,1,0.976405620574951
0,0,0.0196811705827713
1,1,0.967089831829071
1,1,0.57200425863266
1,1,0.979074656963348
0,0,0.017555832862854
1,1,0.95908659696579
0,0,0.0656595602631569
1,1,0.970555126667023
1,1,0.981555759906769
0,1,0.80800461769104
0,0,0.0339183621108532
1,1,0.980939030647278
0,1,0.903728067874908
0,0,0.0122006479650736
0,0,0.0199114251881838
0,0,0.021674819290638
1,1,0.978224992752075
1,1,0.966113746166229
0,0,0.0173772275447845
1,1,0.89409339427948
0,0,0.013570349663496
1,1,0.979852139949799
1,1,0.991217494010925
0,0,0.0588301159441471
0,0,0.189993396401405
0,1,0.837763607501984
0,0,0.0589914061129093
1,1,0.972605526447296
1,1,0.981696426868439
1,1,0.965904831886292
0,1,0.516524136066437
0,0,0.0998775660991669
0,0,0.018459253013134
0,0,0.0237562358379364
1,1,0.94543719291687
0,0,0.218877494335175
1,1,0.978161454200745
1,1,0.964374780654907
0,0,0.0332212261855602
1,1,0.73432731628418
1,1,0.986836314201355
0,0,0.022624496370554
0,0,0.0343926474452019
0,0,0.457976490259171
0,0,0.271980434656143
1,1,0.952265322208405
1,1,0.833985805511475
0,0,0.0385146588087082
1,1,0.731623768806458
0,0,0.0204399507492781
1,1,0.793430149555206
0,1,0.562754929065704
1,1,0.930474042892456
1,1,0.972565054893494
0,0,0.044107586145401
0,0,0.0179733950644732
0,0,0.0120431883260608
1,1,0.751730978488922
0,0,0.0204209219664335
0,0,0.0395037196576595
0,0,0.350773215293884
1,1,0.974052250385284
0,0,0.0297023002058268
0,0,0.0416584126651287
1,1,0.947696626186371
0,0,0.0229540821164846
0,0,0.0256662890315056
1,1,0.88111799955368
1,1,0.727997541427612
1,1,0.976841986179352
1,1,0.990647971630096
0,0,0.0945962816476822
1,1,0.874533891677856
1,1,0.981238067150116
1,1,0.98481422662735
0,0,0.0126960771158338
0,0,0.126843765377998
1,1,0.956404447555542
0,0,0.0361279174685478
1,1,0.985546469688416
1,1,0.568192958831787
1,1,0.647879242897034
1,1,0.979063928127289
1,1,0.983760893344879
0,0,0.0170994568616152
0,0,0.276052415370941
1,1,0.954630374908447
0,0,0.0171546507626772
1,1,0.976415932178497
0,0,0.0147292576730251
0,0,0.0195355992764235
1,1,0.976410567760468
0,0,0.0237450078129768
0,0,0.317020297050476
1,1,0.954298138618469
1,1,0.982487142086029
0,0,0.00879290886223316
1,1,0.973464369773865
0,0,0.0145815378054976
0,0,0.0125267757102847
1,1,0.976338863372803
1,1,0.928974866867065
0,0,0.0181643161922693
1,1,0.975264072418213
1,1,0.939427137374878
0,0,0.0586736686527729
0,0,0.235140860080719
0,0,0.0377569012343884
1,1,0.953137397766113
1,0,0.37234354019165
1,1,0.905229926109314
0,0,0.0473881475627422
0,0,0.068031907081604
1,1,0.935348570346832
1,1,0.968674957752228
0,0,0.0253914948552847
1,1,0.972107231616974
0,1,0.767090618610382
0,0,0.143744602799416
0,0,0.0141451777890325
0,0,0.0623884722590446
0,0,0.0192691870033741
0,0,0.0208622924983501
1,1,0.585847675800323
1,1,0.937322199344635
1,1,0.98082834482193
0,0,0.0409513376653194
1,1,0.979473650455475
1,1,0.872620463371277
1,1,0.886284112930298
0,0,0.0176469422876835
0,0,0.183926478028297
1,1,0.965505361557007
0,0,0.0254612360149622
1,1,0.978623867034912
1,1,0.974344789981842
1,1,0.83937019109726
0,0,0.0345718264579773
1,1,0.956815838813782
1,1,0.987257421016693
0,0,0.464602589607239
1,1,0.773615658283234
1,1,0.945880055427551
0,0,0.0165439192205667
1,1,0.984464347362518
1,1,0.951225876808167
0,0,0.0907863676548004
0,0,0.145212277770042
1,1,0.934288442134857
0,0,0.0246341209858656
0,0,0.0481929741799831
1,1,0.981663942337036
0,0,0.0260508470237255
1,1,0.96911209821701
0,0,0.0706343576312065
1,1,0.507693707942963
0,0,0.0160582941025496
0,0,0.136871829628944
1,1,0.976971685886383
0,0,0.00889084301888943
1,1,0.978346824645996
0,0,0.0268068742007017
1,1,0.849499583244324
1,1,0.913193643093109
1,0,0.0945211946964264
0,0,0.0929271951317787
0,0,0.024826942011714
0,0,0.0346370674669743
0,0,0.0233828816562891
0,0,0.0140301175415516
1,1,0.978919625282288
0,0,0.263866037130356
0,0,0.091381311416626
1,1,0.506028354167938
1,1,0.926281809806824
0,0,0.0090289581567049
0,0,0.0283392798155546
0,0,0.061853650957346
1,1,0.975128591060638
0,0,0.0127172050997615
1,1,0.956653892993927
1,1,0.967530906200409
1,1,0.983695864677429
1,1,0.920942842960358
1,1,0.984304010868073
1,1,0.966583371162415
1,1,0.985116064548492
1,1,0.970493376255035
0,0,0.0339550152420998
0,0,0.164986282587051
1,1,0.986366927623749
0,0,0.0416037812829018
0,0,0.0113123832270503
1,1,0.825129985809326
1,1,0.971220135688782
0,0,0.0135373510420322
1,1,0.929943799972534
0,0,0.0201256647706032
0,0,0.0472413189709187
1,1,0.978623509407043
0,0,0.0312125496566296
0,0,0.0234915819019079
1,1,0.880587458610535
1,1,0.953598737716675
1,1,0.919513761997223
0,0,0.0191461648792028
1,1,0.983292400836945
1,1,0.932794630527496
1,1,0.982955574989319
0,0,0.0143096372485161
0,0,0.252829730510712
1,0,0.0491578057408333
0,1,0.655657112598419
1,1,0.986852943897247
1,1,0.851835906505585
1,1,0.781119704246521
0,0,0.0236725434660912
1,1,0.966214120388031
1,1,0.972642302513123
1,1,0.991983473300934
0,0,0.0247464831918478
1,1,0.980949580669403
0,0,0.0130525035783648
1,1,0.9244145154953
1,1,0.947951197624207
1,1,0.970329582691193
1,0,0.0226834174245596
1,1,0.952958405017853
0,0,0.0402167439460754
1,1,0.979282259941101
1,1,0.981083929538727
1,1,0.973896086215973
0,1,0.566887319087982
1,1,0.962129175662994
1,1,0.974322736263275
1,1,0.941408097743988
1,1,0.854382038116455
0,1,0.964316666126251
1,1,0.952509701251984
0,0,0.0342863351106644
0,0,0.0545490272343159
0,0,0.0142486896365881
0,0,0.0413651801645756
0,0,0.115472719073296
0,0,0.0813120827078819
1,1,0.950951337814331
1,1,0.987659156322479
1,1,0.951500713825226
1,1,0.735633671283722
1,1,0.978943049907684
1,1,0.966839194297791
1,1,0.954854190349579
1,1,0.972602725028992
1,1,0.977869212627411
0,0,0.00917427614331245
0,1,0.94401615858078
1,1,0.979333341121674
1,1,0.971811652183533
1,1,0.925048410892487
1,1,0.949746549129486
1,1,0.954111039638519
0,0,0.00982111599296331
0,1,0.635094940662384
0,0,0.0522871576249599
0,0,0.0139872543513775
0,0,0.016756484284997
0,0,0.00941120740026236
0,1,0.545709013938904
0,0,0.0407726988196373
0,0,0.0761534571647644
0,0,0.0229725372046232
0,0,0.0188698507845402
0,0,0.0238674897700548
1,1,0.91717791557312
1,1,0.927162230014801
1,1,0.953963696956635
0,0,0.465926706790924
1,1,0.889342665672302
1,1,0.979849457740784
1,1,0.978527724742889
0,0,0.0135472230613232
0,0,0.0879907980561256
1,1,0.957123041152954
0,0,0.0340238735079765
0,0,0.0322392694652081
1,1,0.975863754749298
1,1,0.973137497901917
0,1,0.517377972602844
1,1,0.970673620700836
1,1,0.95669960975647
1,1,0.971066772937775
0,0,0.020831473171711
0,0,0.0477621182799339
0,0,0.209002628922462
1,1,0.981776297092438
0,1,0.636487007141113
1,1,0.983780741691589
0,1,0.683861494064331
1,1,0.899601936340332
1,1,0.941550850868225
1,1,0.89698189496994
0,0,0.072678841650486
0,0,0.0198351386934519
0,0,0.161392465233803
1,1,0.949842929840088
1,0,0.372661530971527
0,0,0.0237638056278229
1,1,0.896182298660278
1,1,0.95877081155777
0,0,0.0258893389254808
1,1,0.987710773944855
1,1,0.820504307746887
1,1,0.980375468730927
0,0,0.0189081318676472
1,1,0.854961633682251
0,0,0.0242086462676525
0,0,0.023421673104167
0,0,0.0276447329670191
1,1,0.957768499851227
0,0,0.0251917727291584
0,1,0.942363500595093
1,1,0.976990699768066
1,0,0.0587212108075619
0,0,0.0823470428586006
1,1,0.964491605758667
1,1,0.865369319915771
0,0,0.0158477108925581
1,1,0.554093480110168
0,0,0.153723657131195
1,0,0.0189589634537697
0,0,0.179048240184784
1,1,0.974113345146179
1,1,0.977232098579407
1,1,0.964464128017426
1,1,0.991628170013428
1,1,0.956869304180145
0,0,0.0329295285046101
1,1,0.980798065662384
1,1,0.98249751329422
0,0,0.0213813409209251
0,0,0.0324009507894516
0,0,0.0113867595791817
1,1,0.991357564926147
1,1,0.983712792396545
0,0,0.0652161091566086
1,1,0.968499958515167
1,1,0.944973707199097
0,0,0.0485198386013508
0,0,0.0200936570763588
0,0,0.124779105186462
1,1,0.983016312122345
0,0,0.0099788960069418
0,0,0.0280982106924057
0,0,0.0340621396899223
0,0,0.0391198806464672
0,0,0.0296097192913294
1,1,0.97911524772644
0,0,0.0277071073651314
0,0,0.0318655930459499
1,1,0.89441591501236
1,0,0.35252383351326
1,1,0.971027314662933
0,0,0.0160441435873508
0,0,0.0137636633589864
1,1,0.988369226455688
0,0,0.0258428249508142
1,1,0.991453289985657
1,1,0.980332255363464
1,1,0.988696932792664
1,1,0.956604540348053
0,0,0.0220212880522013
0,0,0.0315944366157055
0,0,0.365787506103516
1,1,0.983275234699249
1,1,0.974909663200378
1,1,0.951224267482758
1,1,0.941860496997833
1,1,0.976378560066223
1,1,0.944715321063995
1,1,0.973768293857574
1,1,0.987660229206085
1,1,0.981220245361328
0,0,0.48490834236145
0,0,0.157085984945297
1,1,0.938897609710693
0,0,0.0252077486366034
1,1,0.974159240722656
0,0,0.0248409882187843
0,0,0.0239372737705708
0,0,0.114175014197826
0,0,0.0426350459456444
0,0,0.0312600880861282
1,1,0.988959312438965
0,0,0.0286257695406675
1,1,0.976801574230194
0,0,0.0290807168930769
1,1,0.878333449363708
1,1,0.665544450283051
0,0,0.0127875143662095
1,1,0.960412979125977
1,1,0.969235122203827
1,1,0.974255859851837
1,1,0.862177968025208
0,0,0.0152562623843551
0,0,0.0129648931324482
0,0,0.499609410762787
1,1,0.956764101982117
0,1,0.955643832683563
1,1,0.940535426139832
1,1,0.849004626274109
1,1,0.958197951316833
0,0,0.0335080958902836
1,1,0.965700209140778
0,0,0.0458892025053501
0,0,0.0105193536728621
0,0,0.0186173189431429
0,0,0.0786470323801041
0,0,0.0238227788358927
1,1,0.860429286956787
0,0,0.0118371462449431
1,1,0.937198400497437
0,0,0.383550614118576
1,1,0.971741855144501
0,0,0.0137070259079337
0,1,0.567389369010925
1,1,0.948015630245209
1,1,0.980714797973633
0,0,0.0319750942289829
0,0,0.0188899226486683
0,0,0.032895240932703
1,1,0.943585991859436
1,1,0.985277116298676
0,1,0.915121555328369
0,0,0.109862819314003
0,0,0.0162164382636547
1,1,0.948428988456726
1,1,0.961655020713806
0,0,0.0201189946383238
0,0,0.0474828109145164
1,1,0.958812475204468
1,1,0.969964742660522
0,0,0.0403976738452911
1,1,0.969731271266937
0,0,0.0180679727345705
0,0,0.0465338565409184
1,1,0.968898952007294
0,0,0.11654931306839
0,0,0.0367315709590912
1,1,0.934017062187195
0,0,0.0249829459935427
1,1,0.988825380802155
0,0,0.0118297915905714
1,1,0.9797523021698
0,0,0.0358587317168713
1,1,0.974598705768585
1,0,0.357570797204971
0,0,0.0152813568711281
1,1,0.960634469985962
0,0,0.0302947927266359
0,0,0.0115279806777835
0,0,0.015319318510592
1,1,0.970499992370605
1,1,0.977547287940979
1,1,0.988141059875488
0,1,0.562205135822296
0,0,0.0265871174633503
0,0,0.0193339493125677
0,0,0.0220900904387236
1,1,0.982700228691101
1,1,0.968563556671143
0,0,0.47225084900856
0,0,0.0926297903060913
0,0,0.0345032997429371
1,1,0.992082238197327
0,1,0.759265601634979
1,1,0.987771153450012
1,1,0.986209094524384
1,1,0.992735505104065
0,0,0.0123401274904609
1,1,0.988235116004944
0,0,0.0992960780858994
1,1,0.955902993679047
0,0,0.0268506538122892
1,1,0.948051512241364
0,0,0.0597276091575623
1,1,0.957276582717896
1,1,0.977750539779663
1,1,0.918097376823425
0,0,0.0426600426435471
1,1,0.975581526756287
1,1,0.989659130573273
1,1,0.987699747085571
1,1,0.990217864513397
0,0,0.0533829890191555
1,0,0.375776797533035
0,0,0.0253764167428017
0,1,0.934153318405151
1,1,0.916855692863464
1,1,0.98259162902832
1,1,0.968658626079559
1,1,0.888861179351807
0,0,0.134393513202667
1,1,0.863859534263611
1,1,0.96780002117157
1,1,0.970256388187408
1,1,0.786591708660126
1,1,0.970511555671692
0,0,0.0156775359064341
0,0,0.0153004117310047
1,1,0.58218789100647
0,0,0.0273581277579069
1,1,0.948246955871582
0,0,0.0440884195268154
1,1,0.985811114311218
0,0,0.0930906310677528
1,1,0.963292479515076
0,0,0.328875422477722
1,1,0.978650093078613
1,1,0.742010474205017
1,0,0.462205588817596
0,0,0.0250535514205694
0,0,0.016945157200098
0,0,0.0327837616205215
0,1,0.636060655117035
1,1,0.971696674823761
1,1,0.993157088756561
1,1,0.84596574306488
0,0,0.0188942048698664
0,0,0.0361026488244534
1,1,0.962149500846863
1,1,0.974850058555603
0,0,0.0910034775733948
0,0,0.0184818003326654
0,0,0.18766513466835
1,1,0.947352349758148
0,0,0.0173946358263493
0,0,0.0567286796867847
0,0,0.0164847653359175
0,0,0.0140746599063277
1,1,0.959619402885437
0,0,0.0401738174259663
1,1,0.98046875
1,1,0.98239266872406
1,1,0.794718086719513
0,0,0.00822373665869236
0,1,0.621697425842285
1,1,0.987855494022369
1,1,0.984325051307678
0,0,0.235012173652649
0,0,0.0651597380638123
1,1,0.969602823257446
0,0,0.0444268994033337
1,1,0.930559039115906
0,0,0.0484755113720894
0,0,0.0178760420531034
0,0,0.019680580124259
1,1,0.945547938346863
0,0,0.0567717552185059
0,0,0.0400485061109066
0,0,0.0153643023222685
0,0,0.0395493470132351
1,1,0.983867645263672
1,1,0.98554265499115
1,1,0.507220029830933
0,0,0.020424347370863
1,0,0.106452099978924
1,1,0.937841296195984
0,0,0.0121464263647795
0,0,0.0193742625415325
0,1,0.967071771621704
0,0,0.0184692908078432
1,1,0.979283928871155
1,1,0.982528686523438
1,1,0.949050188064575
0,0,0.149810329079628
0,0,0.0688286870718002
0,0,0.0297561977058649
1,1,0.950111031532288
1,1,0.977949917316437
1,1,0.972975671291351
1,1,0.963765919208527
0,0,0.0205645505338907
0,0,0.0239103194326162
1,1,0.947232842445374
1,1,0.640103578567505
1,1,0.989206075668335
0,0,0.0276063568890095
0,1,0.694130897521973
0,0,0.0225928220897913
0,0,0.0736498460173607
0,0,0.119852051138878
1,1,0.911065399646759
1,1,0.883305370807648
1,1,0.956000924110413
0,0,0.402585566043854
1,1,0.978782892227173
0,0,0.030746566131711
1,1,0.983913898468018
1,1,0.979152262210846
1,1,0.894561767578125
1,0,0.405334055423737
0,0,0.0151933785527945
1,1,0.979110300540924
1,1,0.987434923648834
0,0,0.0178124792873859
1,1,0.808531045913696
1,1,0.986312925815582
1,1,0.982028484344482
1,1,0.884459674358368
0,0,0.0230693910270929
1,1,0.934435725212097
0,0,0.134739130735397
1,1,0.980149328708649
1,1,0.925419747829437
1,1,0.987202048301697
0,0,0.147628799080849
1,1,0.973885536193848
0,0,0.0103054204955697
0,0,0.0462039522826672
1,1,0.929023742675781
0,0,0.0239067766815424
0,0,0.0454483032226562
1,1,0.964755296707153
1,1,0.948807060718536
0,0,0.129721447825432
0,0,0.0138407396152616
1,1,0.962323188781738
1,1,0.547371089458466
0,0,0.12445916980505
0,0,0.0253601185977459
1,1,0.966526031494141
1,1,0.973406970500946
1,1,0.940711200237274
1,1,0.981987297534943
1,1,0.974061965942383
1,1,0.873266994953156
0,0,0.0574909150600433
0,1,0.879362761974335
1,1,0.950133264064789
0,0,0.110770247876644
1,1,0.978605449199677
0,0,0.0239067226648331
1,1,0.967232465744019
1,1,0.981192350387573
0,0,0.0114233242347836
0,0,0.12139243632555
1,1,0.972253143787384
0,0,0.0270406603813171
1,0,0.128738537430763
0,0,0.0365891791880131
0,0,0.028340857475996
1,1,0.982885360717773
0,0,0.0544705428183079
1,1,0.906583786010742
1,1,0.977510154247284
1,1,0.974108338356018
0,0,0.0209113284945488
1,1,0.983268737792969
0,0,0.0805738493800163
1,1,0.978628754615784
0,0,0.0302688181400299
1,1,0.987661004066467
1,1,0.959088683128357
1,1,0.953351676464081
0,0,0.00882068835198879
0,0,0.0292764138430357
0,0,0.0127637777477503
1,1,0.975680112838745
0,0,0.0402527414262295
1,1,0.668431222438812
0,0,0.0270874369889498
1,1,0.978833615779877
0,0,0.0132410461083055
1,1,0.982326984405518
0,0,0.209049925208092
1,1,0.907458662986755
1,1,0.93953800201416
0,0,0.0303189978003502
1,1,0.968430161476135
0,1,0.954882323741913
0,0,0.0708756074309349
0,0,0.0183595381677151
1,1,0.977913796901703
1,1,0.946923434734344
0,0,0.0398410819470882
1,1,0.950387895107269
1,1,0.962279379367828
1,1,0.866019368171692
1,1,0.876534879207611
1,1,0.948253512382507
1,1,0.978329360485077
1,1,0.968394637107849
1,0,0.0498430579900742
0,0,0.00995700526982546
1,1,0.969245076179504
0,0,0.232825562357903
0,0,0.0133078303188086
1,1,0.977781653404236
1,1,0.925496935844421
1,1,0.93464320898056
1,1,0.978869378566742
0,0,0.0242611803114414
1,1,0.974840521812439
1,1,0.959315657615662
0,0,0.0214072614908218
1,1,0.913748443126678
1,1,0.9621741771698
0,0,0.0311169289052486
0,0,0.038766473531723
0,0,0.104471795260906
1,1,0.96714973449707
0,0,0.102724514901638
0,0,0.0841104537248611
0,0,0.331837207078934
0,0,0.231374725699425
1,1,0.963013887405396
0,0,0.0505059622228146
0,0,0.0419226102530956
1,1,0.893599390983582
1,0,0.385482490062714
1,1,0.979481399059296
0,0,0.0134423552080989
1,1,0.964743196964264
1,1,0.982327222824097
0,0,0.0201829187572002
1,1,0.695809841156006
0,0,0.0132420854642987
1,1,0.970796167850494
1,1,0.976407408714294
1,1,0.959576725959778
0,0,0.0564192868769169
1,1,0.957360923290253
1,1,0.954879522323608
1,1,0.934189200401306
1,1,0.984942436218262
0,0,0.0556847080588341
1,1,0.918287456035614
1,1,0.951644062995911
0,0,0.404113203287125
1,1,0.984952867031097
0,0,0.042278952896595
1,1,0.948113083839417
1,1,0.724844515323639
1,1,0.699626624584198
0,0,0.416093826293945
0,0,0.014039303176105
0,0,0.0206802450120449
0,0,0.0149127012118697
0,0,0.0581519901752472
0,0,0.1055066883564
0,0,0.0874674096703529
1,0,0.0271720997989178
1,1,0.932205855846405
1,1,0.903692722320557
0,0,0.239068239927292
1,1,0.967667281627655
1,0,0.119845390319824
0,0,0.0132292313501239
1,1,0.940417945384979
1,1,0.974603474140167
0,0,0.014801518060267
0,0,0.0129747148603201
0,0,0.0134257525205612
0,0,0.107255049049854
0,0,0.333562642335892
0,0,0.0276263635605574
0,0,0.0122549599036574
0,1,0.638499140739441
0,0,0.0153980189934373
0,1,0.548049986362457
0,0,0.0127434059977531
0,0,0.161594361066818
0,0,0.085447832942009
1,1,0.527307748794556
1,1,0.863157987594604
1,1,0.895859122276306
0,0,0.0687232613563538
0,0,0.0241206511855125
1,1,0.984676897525787
1,1,0.880463004112244
0,0,0.0378367677330971
1,1,0.975857079029083
0,0,0.0470634922385216
0,0,0.081073023378849
1,1,0.98838996887207
1,1,0.980746924877167
0,0,0.0213223043829203
0,0,0.024978281930089
1,0,0.425101518630981
0,0,0.0195696130394936
0,0,0.0220189318060875
0,0,0.0168188344687223
0,0,0.0189797673374414
1,1,0.956393003463745
0,0,0.0248196348547935
1,1,0.96815699338913
1,1,0.73485279083252
1,1,0.919210433959961
0,0,0.0173621959984303
0,0,0.00977601204067469
1,1,0.98234611749649
0,0,0.0217016562819481
1,1,0.986217260360718
0,0,0.0460483953356743
1,1,0.969889938831329
1,0,0.474608153104782
0,0,0.104025177657604
1,1,0.983012616634369
0,0,0.0413327924907207
1,1,0.980632066726685
0,0,0.0135167594999075
1,1,0.941251873970032
1,1,0.97919625043869
0,0,0.0383843518793583
0,0,0.0229489021003246
1,1,0.918714880943298
1,1,0.96351432800293
0,0,0.0752600058913231
0,0,0.013885360211134
0,0,0.0250951889902353
1,1,0.8138028383255
1,1,0.978168785572052
0,0,0.0139770982787013
1,1,0.960552752017975
1,1,0.993929028511047
1,1,0.980901658535004
1,1,0.842405557632446
0,0,0.0314730033278465
1,1,0.972246527671814
1,1,0.972551882266998
1,1,0.959133446216583
1,1,0.842052757740021
0,0,0.0203956309705973
1,1,0.821237206459045
0,0,0.0116691458970308
1,1,0.749182641506195
0,0,0.0277623515576124
0,0,0.0300517566502094
1,1,0.971338868141174
1,1,0.737643837928772
1,1,0.962629199028015
0,0,0.0333124399185181
0,0,0.322081923484802
0,0,0.0703724771738052
1,1,0.952470004558563
0,0,0.375790476799011
1,1,0.952260911464691
0,0,0.0294076930731535
0,0,0.0277074407786131
0,0,0.105006150901318
1,1,0.942672491073608
0,0,0.0826762393116951
1,1,0.949735164642334
1,1,0.977634310722351
0,0,0.0189895797520876
0,0,0.0244379211217165
0,0,0.0607518516480923
0,0,0.0460880324244499
1,1,0.982443332672119
1,1,0.987002015113831
1,1,0.963571071624756
0,0,0.22708448767662
1,1,0.97683984041214
0,0,0.0265357587486506
0,0,0.0476334057748318
1,1,0.900664865970612
1,1,0.98409765958786
0,0,0.0155353834852576
1,1,0.972815334796906
0,0,0.0939307287335396
0,0,0.0275692343711853
1,1,0.989674091339111
1,1,0.826006889343262
1,1,0.611885547637939
0,0,0.0323732607066631
1,1,0.970881104469299
1,1,0.985451638698578
0,0,0.0377628766000271
0,0,0.0297503415495157
1,1,0.953530371189117
1,1,0.868299007415771
0,0,0.0163425803184509
1,1,0.982795298099518
0,0,0.0448683016002178
1,1,0.990532159805298
0,0,0.0140568902716041
1,1,0.624276518821716
0,0,0.0655323565006256
1,1,0.94569057226181
1,1,0.973063230514526
0,0,0.0146234128624201
0,0,0.0137439304962754
0,0,0.0106355482712388
1,1,0.987489640712738
0,0,0.00971669051796198
0,0,0.055644154548645
0,0,0.402062088251114
1,1,0.968242704868317
1,1,0.976146996021271
1,1,0.894653618335724
0,0,0.0214386563748121
1,1,0.91238260269165
0,0,0.0223892629146576
1,1,0.722971796989441
0,0,0.0325647294521332
0,0,0.0140046337619424
0,0,0.0683468282222748
0,0,0.0264700744301081
0,0,0.112679421901703
0,0,0.0455695688724518
0,0,0.022254241630435
1,1,0.951958835124969
1,0,0.0972786694765091
1,1,0.992461264133453
1,1,0.920375227928162
1,1,0.983418405056
1,1,0.954704582691193
1,1,0.983825087547302
1,1,0.969096183776855
0,0,0.0901801437139511
0,0,0.0195630080997944
1,0,0.133763775229454
1,1,0.98194032907486
0,0,0.0837274715304375
0,1,0.912835717201233
0,0,0.0170504301786423
1,1,0.9610396027565
1,1,0.944031596183777
1,1,0.964681267738342
0,0,0.0388738550245762
1,1,0.963362276554108
1,1,0.981314957141876
1,1,0.970567941665649
1,1,0.973711252212524
1,1,0.898076057434082
1,1,0.865678012371063
1,1,0.979364097118378
1,1,0.971956968307495
0,0,0.0162993129342794
0,0,0.0144076254218817
0,0,0.016164243221283
1,1,0.950268566608429
1,1,0.982756972312927
1,1,0.966334760189056
1,1,0.965691089630127
1,1,0.959689319133759
0,0,0.026463532820344
0,1,0.933523654937744
1,1,0.967059195041656
0,1,0.610653817653656
1,0,0.41127997636795
0,0,0.0334024168550968
1,1,0.977733671665192
1,1,0.950224995613098
1,0,0.217702299356461
1,1,0.973542153835297
0,0,0.0436563156545162
1,1,0.981359958648682
0,0,0.0425018444657326
1,1,0.988102734088898
1,1,0.925457417964935
1,1,0.967111706733704
1,1,0.956426680088043
0,0,0.0124127268791199
0,0,0.0167655050754547
0,0,0.0241315066814423
0,0,0.0145887602120638
1,0,0.0355670861899853
1,1,0.962920069694519
1,1,0.919901967048645
0,0,0.0121040744706988
0,0,0.0829015672206879
1,1,0.9618039727211
1,1,0.993925154209137
0,0,0.0778497904539108
1,1,0.976831257343292
0,0,0.0462126210331917
1,1,0.893552005290985
0,0,0.0103447670117021
1,1,0.980641663074493
1,1,0.9775390625
0,0,0.010768560692668
0,0,0.0198835432529449
1,1,0.983963906764984
1,1,0.939711391925812
0,0,0.0303642302751541
0,0,0.0778830572962761
0,0,0.0255465898662806
1,1,0.895950973033905
1,1,0.978346705436707
0,0,0.128262892365456
0,0,0.0126482527703047
0,0,0.0389337874948978
1,1,0.990878403186798
1,1,0.981933295726776
1,1,0.867057263851166
0,0,0.0559141524136066
1,1,0.955948293209076
1,1,0.983862936496735
0,0,0.065945491194725
1,1,0.964951395988464
1,1,0.979587316513062
0,0,0.0121711846441031
1,1,0.904322326183319
0,0,0.0238207541406155
0,0,0.0288059748709202
1,1,0.980373382568359
0,1,0.77465409040451
0,0,0.0315201953053474
1,1,0.984279870986938
0,0,0.174331948161125
0,0,0.0268227830529213
1,1,0.921428740024567
1,0,0.0418047718703747
0,0,0.0986603796482086
0,0,0.332386672496796
0,0,0.0132659766823053
1,1,0.954919099807739
1,1,0.853466093540192
1,1,0.984290182590485
1,1,0.985346555709839
0,0,0.16270723938942
0,1,0.871601581573486
1,1,0.913833558559418
1,1,0.909718811511993
1,1,0.976010143756866
0,0,0.163541555404663
1,1,0.895242273807526
1,1,0.923313081264496
0,0,0.0856809914112091
1,1,0.964469790458679
1,1,0.891325652599335
1,1,0.96449738740921
0,0,0.0267363246530294
0,0,0.0579427033662796
1,1,0.987429320812225
0,1,0.768494665622711
0,0,0.0224254764616489
0,0,0.0975058153271675
0,0,0.0234851352870464
0,0,0.155302554368973
1,1,0.974564611911774
0,0,0.341333717107773
0,0,0.00985501985996962
0,0,0.0272756796330214
1,1,0.977758646011353
0,0,0.0140440762042999
0,1,0.753979563713074
0,0,0.0135074546560645
1,1,0.937208652496338
0,0,0.00908294226974249
1,1,0.955609500408173
1,1,0.975283920764923
1,1,0.623376846313477
1,1,0.983821392059326
0,0,0.0222258996218443
0,0,0.0231042839586735
0,0,0.0632141828536987
1,1,0.963254868984222
0,0,0.0134807825088501
1,1,0.963972270488739
0,0,0.032843180000782
1,1,0.937608003616333
1,1,0.982841491699219
0,0,0.0107759330421686
1,1,0.952174544334412
0,0,0.0270832777023315
0,0,0.0291079804301262
0,0,0.0194704625755548
0,0,0.0130852172151208
0,0,0.0262547880411148
1,1,0.962688624858856
0,0,0.0334436148405075
0,0,0.211093470454216
0,0,0.0541931428015232
1,1,0.9755699634552
1,1,0.981812298297882
0,0,0.0112702120095491
1,1,0.68015331029892
0,1,0.783259630203247
1,1,0.880053341388702
1,1,0.909394502639771
0,0,0.0483084209263325
0,0,0.0139729650691152
1,1,0.929437041282654
1,1,0.967754244804382
0,0,0.0207970980554819
0,0,0.0367484539747238
0,0,0.0522379502654076
0,0,0.0476974472403526
0,0,0.0117881316691637
1,1,0.868991136550903
1,1,0.979063332080841
1,1,0.98696893453598
1,1,0.847607970237732
0,0,0.244742780923843
1,1,0.966246902942657
1,0,0.432978600263596
1,1,0.973247587680817
1,1,0.990025520324707
1,0,0.41966187953949
0,0,0.0226473473012447
1,0,0.068806104362011
0,0,0.117612935602665
1,1,0.925063073635101
1,1,0.939852237701416
1,1,0.96900463104248
0,0,0.0183013658970594
1,1,0.976907074451447
1,1,0.86647766828537
1,1,0.717923820018768
1,1,0.988430023193359
1,1,0.985342025756836
1,1,0.871218025684357
0,0,0.0327861793339252
1,0,0.33393007516861
1,1,0.500805020332336
0,0,0.0251001659780741
1,1,0.945643544197083
1,1,0.708591520786285
0,0,0.0134147880598903
0,0,0.0199397206306458
1,1,0.757915854454041
0,0,0.0184512808918953
0,0,0.0136822946369648
0,0,0.011732486076653
1,1,0.975835740566254
1,1,0.961231648921967
1,1,0.986079037189484
1,1,0.889421880245209
0,0,0.0427195951342583
1,1,0.985162079334259
0,0,0.0184756238013506
0,0,0.0792546793818474
1,1,0.987843751907349
0,0,0.0627925917506218
1,1,0.978813946247101
1,1,0.950885474681854
1,1,0.971215426921844
0,0,0.0206447206437588
1,1,0.976373672485352
0,0,0.0168230142444372
1,1,0.972308814525604
1,1,0.978394448757172
1,1,0.983581066131592
0,0,0.0363462157547474
1,1,0.971315622329712
0,0,0.0234001521021128
1,1,0.983254492282867
1,1,0.987160921096802
0,0,0.0309474617242813
0,0,0.0221763253211975
0,0,0.271336615085602
0,0,0.0155942859128118
0,0,0.0279745142906904
0,0,0.0233919583261013
1,1,0.989209473133087
0,0,0.185983344912529
1,1,0.82244747877121
0,1,0.949210703372955
1,1,0.869316160678864
0,0,0.0523449741303921
0,0,0.0295914709568024
1,1,0.909403502941132
1,1,0.947206974029541
1,1,0.971354067325592
1,0,0.0222720690071583
1,1,0.949280560016632
1,1,0.986563801765442
1,1,0.97072833776474
1,1,0.985293924808502
1,1,0.79539167881012
0,0,0.0324881300330162
0,0,0.0132712153717875
0,0,0.0246356558054686
1,1,0.977312207221985
0,0,0.0108419004827738
1,1,0.98476254940033
0,0,0.0358712710440159
0,0,0.0289380624890327
0,0,0.0195655878633261
1,1,0.981108129024506
1,1,0.911741495132446
0,0,0.0212671048939228
1,1,0.970673501491547
0,0,0.0237649288028479
0,0,0.0430855415761471
0,0,0.0182187035679817
0,0,0.00956579856574535
0,0,0.0194399207830429
0,0,0.0788887143135071
0,0,0.0196873024106026
1,1,0.980754613876343
1,1,0.91131854057312
1,1,0.946892857551575
0,0,0.0703369751572609
0,1,0.603033661842346
0,0,0.0309365019202232
0,0,0.0201258677989244
1,1,0.97324413061142
0,0,0.0321921929717064
1,1,0.949423134326935
0,0,0.0349442660808563
0,0,0.314655959606171
1,1,0.962787628173828
1,0,0.0988194197416306
0,0,0.0213494729250669
0,0,0.157047286629677
1,1,0.942881226539612
0,0,0.0399206355214119
0,0,0.0632557049393654
0,0,0.0377721041440964
0,0,0.0202100146561861
0,0,0.039472259581089
0,0,0.0148621341213584
1,1,0.983299970626831
0,0,0.0263270903378725
1,1,0.988388240337372
0,0,0.0169048309326172
0,0,0.0435934439301491
0,0,0.0155589478090405
1,1,0.974477589130402
0,0,0.00916426908224821
1,1,0.974061608314514
1,1,0.954457640647888
1,1,0.982863903045654
1,1,0.602629721164703
1,1,0.935406982898712
1,1,0.981376051902771
0,0,0.43770694732666
0,0,0.0506115853786469
0,0,0.0145712085068226
1,1,0.967733800411224
1,1,0.971904873847961
1,1,0.982033669948578
0,0,0.0844621658325195
1,1,0.971170902252197
0,0,0.121469095349312
1,1,0.940313696861267
0,0,0.0815097540616989
0,0,0.0338792763650417
1,1,0.942156672477722
1,1,0.969381332397461
0,0,0.0163254048675299
1,1,0.952134072780609
0,0,0.128876522183418
0,0,0.0666117519140244
1,0,0.134623125195503
1,1,0.951117396354675
1,1,0.967148959636688
0,0,0.0752028599381447
0,0,0.0273525640368462
1,1,0.96748423576355
1,1,0.973588287830353
0,0,0.0141206681728363
1,1,0.985616743564606
0,0,0.26172798871994
1,1,0.962083697319031
1,1,0.901089668273926
0,0,0.0212437082082033
1,1,0.9242103099823
0,0,0.0105261411517859
1,1,0.988149166107178
0,0,0.0468249768018723
1,1,0.979747176170349
1,1,0.771776676177979
0,0,0.0221381988376379
0,0,0.0340082198381424
0,0,0.0171342492103577
0,0,0.0775996521115303
1,1,0.964667856693268
0,1,0.937068581581116
1,1,0.9902623295784
0,0,0.0159425213932991
0,0,0.0213819053024054
1,0,0.277572125196457
1,1,0.978922963142395
1,1,0.9830681681633
0,0,0.0334974825382233
1,1,0.944017112255096
0,0,0.0575395487248898
1,1,0.944807231426239
0,0,0.0242683570832014
0,0,0.261897474527359
1,1,0.966226756572723
0,0,0.0280663371086121
0,0,0.248511880636215
0,0,0.0367162637412548
1,1,0.593876957893372
0,0,0.0105222631245852
1,1,0.97847592830658
1,1,0.771921634674072
0,0,0.49299743771553
0,0,0.015135133638978
1,1,0.978933930397034
1,1,0.730165243148804
0,0,0.0152531042695045
0,1,0.527263939380646
1,1,0.97538948059082
1,1,0.970343053340912
0,0,0.0122404210269451
0,0,0.0175448972731829
0,0,0.0357299372553825
0,0,0.0198677331209183
0,0,0.0150926746428013
0,0,0.0304485931992531
0,0,0.0230205655097961
0,1,0.967583119869232
0,0,0.0167322717607021
1,1,0.966328620910645
0,0,0.0353320240974426
0,0,0.0382812693715096
1,1,0.746917545795441
0,0,0.0169596131891012
1,0,0.0387960746884346
1,1,0.932535469532013
1,1,0.986772000789642
0,0,0.139214798808098
0,0,0.0120383789762855
1,1,0.867596387863159
0,0,0.152433276176453
0,0,0.0107300085946918
1,1,0.527593970298767
1,1,0.977086961269379
0,0,0.194958031177521
1,1,0.966776788234711
0,0,0.0255345851182938
1,1,0.976763248443604
1,1,0.984596073627472
0,0,0.0781724825501442
0,0,0.0134046245366335
1,1,0.98008131980896
1,1,0.952517926692963
0,0,0.043779406696558
1,1,0.972181022167206
0,0,0.0293094087392092
0,0,0.0152760474011302
1,1,0.935098707675934
1,1,0.969611883163452
0,0,0.0353823862969875
0,0,0.0763111487030983
1,1,0.967139601707458
0,0,0.0397918820381165
1,1,0.912126123905182
1,1,0.966139554977417
0,1,0.816177725791931
1,1,0.966106474399567
0,0,0.0365919098258018
1,1,0.982686936855316
1,1,0.953997850418091
1,1,0.909167766571045
1,1,0.959008455276489
0,0,0.367894977331161
1,1,0.966919183731079
1,1,0.951765596866608
1,1,0.890341222286224
1,1,0.981550455093384
1,1,0.880737841129303
1,1,0.898072600364685
0,0,0.0627347379922867
1,1,0.974680960178375
0,0,0.0469511114060879
1,1,0.977940917015076
0,0,0.0172602478414774
1,1,0.990583300590515
0,0,0.0315663143992424
0,1,0.964892983436584
0,0,0.0481627993285656
0,0,0.12871453166008
0,0,0.0207324139773846
1,1,0.985041201114655
0,0,0.0242884065955877
0,0,0.0615247040987015
0,0,0.0128390491008759
0,0,0.0164466034621
0,0,0.0274838078767061
0,0,0.0453642681241035
1,1,0.950173735618591
0,0,0.110320322215557
1,1,0.946951746940613
0,0,0.0393046997487545
1,1,0.969998478889465
0,1,0.964701592922211
1,1,0.972176969051361
1,0,0.329947292804718
1,1,0.975866615772247
0,0,0.036670982837677
0,0,0.0742851495742798
0,0,0.0276253502815962
0,0,0.0158476214855909
1,1,0.964687526226044
0,0,0.0147379729896784
0,0,0.0615167431533337
0,1,0.591618180274963
1,1,0.857506155967712
1,1,0.957224726676941
1,1,0.94073075056076
0,0,0.294022589921951
0,1,0.566701889038086
1,1,0.762129843235016
0,0,0.0150970201939344
1,1,0.939265370368958
1,1,0.955716550350189
1,1,0.904518604278564
1,1,0.785239458084106
1,1,0.934415757656097
0,0,0.0288031436502934
0,0,0.0152155132964253
0,0,0.0353107713162899
0,0,0.0289654973894358
1,1,0.689031541347504
1,1,0.957220554351807
1,1,0.988043963909149
1,1,0.985542178153992
1,1,0.837545156478882
0,0,0.0160037241876125
0,0,0.0895772352814674
0,1,0.884941816329956
0,0,0.0474072732031345
1,1,0.95626312494278
1,1,0.982255935668945
1,1,0.962866127490997
1,1,0.977214872837067
1,1,0.977356314659119
1,1,0.615287244319916
1,1,0.965099811553955
1,1,0.982763290405273
0,0,0.0182215571403503
0,0,0.0251909885555506
0,0,0.0256224423646927
0,0,0.0862020030617714
0,0,0.0218249578028917
1,1,0.968795895576477
1,1,0.961638808250427
0,0,0.0175232365727425
0,0,0.0140724759548903
1,1,0.958894789218903
0,0,0.0219667423516512
1,1,0.986580491065979
1,1,0.982232570648193
1,1,0.67081743478775
1,1,0.984222054481506
1,1,0.953887641429901
1,1,0.905879020690918
1,1,0.984994471073151
1,1,0.947645127773285
0,0,0.0269761495292187
0,0,0.162143900990486
0,0,0.0546185374259949
1,1,0.927137732505798
1,1,0.854535043239594
1,1,0.989034175872803
0,0,0.00885355845093727
1,1,0.890465497970581
0,1,0.930676698684692
1,1,0.962902903556824
1,1,0.987468123435974
1,1,0.978203654289246
1,1,0.91167163848877
0,0,0.0109541518613696
0,0,0.0299200993031263
0,0,0.0113310106098652
1,1,0.977489531040192
0,0,0.0354923382401466
0,0,0.0116617232561111
0,0,0.040522612631321
0,0,0.0288992375135422
1,1,0.920069634914398
1,1,0.957742273807526
0,0,0.0246620960533619
1,1,0.875043749809265
1,1,0.973495662212372
0,0,0.0464112423360348
1,1,0.990822792053223
1,1,0.970211863517761
0,0,0.0319165512919426
0,0,0.0266299471259117
0,0,0.0187364295125008
1,1,0.943200170993805
1,1,0.933768272399902
0,0,0.0548847056925297
0,0,0.020091075450182
1,1,0.959124147891998
0,0,0.0190231166779995
1,1,0.966016352176666
1,1,0.674213707447052
0,0,0.0118937417864799
0,0,0.0250485613942146
1,1,0.90250289440155
1,1,0.983149945735931
0,1,0.805397033691406
1,1,0.945964515209198
1,1,0.615405678749084
0,0,0.031300213187933
0,0,0.0168171152472496
1,1,0.733350336551666
1,0,0.443510174751282
1,1,0.969903588294983
1,1,0.97611677646637
1,1,0.989624440670013
1,1,0.96682745218277
1,1,0.978384256362915
0,0,0.0773272588849068
1,1,0.889210402965546
0,0,0.0274966768920422
0,0,0.0223354771733284
1,1,0.974563837051392
1,1,0.992452204227448
0,0,0.212853640317917
1,1,0.982666373252869
0,1,0.8870490193367
1,1,0.956657826900482
1,1,0.975293517112732
1,1,0.975299656391144
1,0,0.259245455265045
0,0,0.129134237766266
0,0,0.0367789268493652
1,1,0.963582038879395
0,0,0.0531202293932438
0,0,0.0810982435941696
1,1,0.817862749099731
0,0,0.0388264246284962
0,0,0.0192256439477205
0,0,0.0145608326420188
1,1,0.983474552631378
1,1,0.951796412467957
0,0,0.017712339758873
0,0,0.0102371638640761
1,1,0.642551064491272
1,1,0.837725281715393
1,1,0.920995652675629
1,0,0.385434031486511
1,1,0.953372597694397
1,1,0.962802112102509
0,0,0.0326242260634899
1,1,0.917772233486176
1,1,0.697314560413361
1,1,0.965446889400482
1,1,0.98537677526474
0,0,0.0198721382766962
1,1,0.989708602428436
1,1,0.969575822353363
1,1,0.985745191574097
1,1,0.940639495849609
0,0,0.107783168554306
0,0,0.0308457184582949
1,1,0.778057634830475
1,1,0.980017960071564
1,1,0.57544481754303
0,0,0.0264476239681244
0,0,0.0183244310319424
0,0,0.0402068495750427
1,1,0.974751591682434
0,0,0.414607107639313
1,1,0.988163530826569
1,1,0.769330084323883
0,0,0.0393622517585754
1,1,0.953895747661591
1,1,0.954667150974274
1,1,0.969829916954041
0,0,0.0370707549154758
1,1,0.963489174842834
1,1,0.94196343421936
1,1,0.943310439586639
1,1,0.98608261346817
1,1,0.975080072879791
1,1,0.972087323665619
0,0,0.0311704073101282
0,1,0.726837933063507
0,0,0.0383554361760616
1,1,0.985790133476257
1,1,0.977184593677521
1,1,0.940725445747375
0,0,0.0844310894608498
0,0,0.0671572759747505
0,0,0.161881685256958
1,1,0.973246157169342
0,0,0.0251901671290398
1,1,0.990297615528107
0,0,0.0137401884421706
1,1,0.957749605178833
0,0,0.0448412746191025
1,1,0.974057197570801
1,1,0.978305876255035
1,1,0.938932597637177
0,0,0.0215207189321518
1,1,0.645451009273529
0,1,0.552872955799103
1,1,0.935558617115021
0,0,0.0174406860023737
0,0,0.13206484913826
1,1,0.902737975120544
0,0,0.276488870382309
1,1,0.983334898948669
0,0,0.0229090433567762
1,1,0.979304313659668
0,1,0.67944347858429
0,0,0.0444657318294048
1,1,0.89819473028183
1,1,0.973684132099152
1,1,0.967036545276642
0,0,0.130693972110748
0,0,0.435061067342758
1,1,0.918383955955505
1,1,0.937081873416901
1,1,0.953009426593781
1,1,0.96921843290329
0,0,0.0267183072865009
1,1,0.988095045089722
1,1,0.788009822368622
1,1,0.893268942832947
1,1,0.826484501361847
1,1,0.949655592441559
1,1,0.967887580394745
1,1,0.98080974817276
1,1,0.98673403263092
1,1,0.965813636779785
1,1,0.974983870983124
1,1,0.97564697265625
0,0,0.0171041544526815
0,0,0.0402802005410194
1,1,0.640719950199127
0,0,0.028039438650012
0,0,0.0823630392551422
0,0,0.0401413217186928
0,0,0.0239284355193377
0,0,0.0270858276635408
0,0,0.0457288771867752
1,1,0.979276180267334
1,1,0.923847258090973
1,1,0.734711229801178
0,0,0.0183859299868345
1,1,0.89220780134201
1,1,0.951564908027649
0,0,0.0303784962743521
1,1,0.935682535171509
0,0,0.100274369120598
1,1,0.971862316131592
0,1,0.856456696987152
0,1,0.619827151298523
1,1,0.97798889875412
1,1,0.974308907985687
1,1,0.943647980690002
1,1,0.819787561893463
1,1,0.966199636459351
1,0,0.392668843269348
1,1,0.971302092075348
0,0,0.448064684867859
1,1,0.662889301776886
0,0,0.0908534601330757
1,1,0.991701543331146
0,1,0.579472601413727
0,0,0.0417215749621391
0,0,0.0192260574549437
1,1,0.976313769817352
0,0,0.0271088015288115
1,1,0.982548952102661
0,0,0.0339957065880299
0,1,0.900780081748962
0,0,0.0256998836994171
1,1,0.959953784942627
1,1,0.954294323921204
1,1,0.976639449596405
1,1,0.979201972484589
0,0,0.0974211245775223
0,0,0.0162608847022057
0,0,0.0680177807807922
0,1,0.837856769561768
0,0,0.041670847684145
1,1,0.916708707809448
0,0,0.0204920470714569
1,1,0.979788720607758
0,0,0.0184153690934181
1,1,0.981854915618896
0,0,0.335777074098587
0,0,0.0191979259252548
1,1,0.949668288230896
0,0,0.0245652720332146
0,0,0.0402460023760796
0,0,0.021579448133707
1,1,0.9632648229599
1,1,0.983440518379211
0,0,0.0613006018102169
1,1,0.975459814071655
1,1,0.802972018718719
0,0,0.0316607840359211
1,1,0.955053329467773
1,1,0.98323118686676
0,0,0.0187222640961409
0,0,0.013738333247602
1,1,0.992671608924866
0,0,0.0204619392752647
0,0,0.0253520701080561
0,0,0.0236337520182133
0,0,0.0275661014020443
1,1,0.877420425415039
1,1,0.702151298522949
0,0,0.130492806434631
1,1,0.970009565353394
1,1,0.968329012393951
0,0,0.0110086174681783
0,0,0.312068909406662
1,1,0.963645458221436
0,0,0.0268197897821665
1,1,0.954833209514618
0,0,0.0237140711396933
1,1,0.972811937332153
1,1,0.989998877048492
1,1,0.947153389453888
0,0,0.0343406349420547
1,1,0.960668921470642
1,1,0.94391942024231
0,0,0.0141374859958887
1,1,0.947719573974609
1,1,0.986760854721069
1,1,0.859964966773987
0,0,0.0116107333451509
1,1,0.944692969322205
0,0,0.0208746865391731
0,0,0.0154184633865952
1,1,0.979903876781464
0,1,0.667081832885742
1,1,0.93367338180542
0,0,0.0403238162398338
1,1,0.956338703632355
1,1,0.932439506053925
1,0,0.070114403963089
1,1,0.96920120716095
1,1,0.976973235607147
0,0,0.0456668399274349
0,0,0.077997662127018
0,0,0.0420510657131672
0,0,0.170812651515007
1,1,0.947540819644928
1,1,0.947989165782928
1,1,0.830994009971619
0,0,0.0178430378437042
0,0,0.0115891387686133
0,0,0.0203336458653212
0,0,0.0166605319827795
0,0,0.030955420807004
1,1,0.966751933097839
1,1,0.745642483234406
1,1,0.885395407676697
1,1,0.953116297721863
1,1,0.986904323101044
1,1,0.979041755199432
1,1,0.955715477466583
0,0,0.011922923848033
0,0,0.0232840608805418
1,1,0.807032585144043
0,0,0.0119702136144042
1,1,0.961884498596191
0,0,0.0492402240633965
1,1,0.977294206619263
0,0,0.325498402118683
1,1,0.961385011672974
0,0,0.255171954631805
0,0,0.0252078138291836
1,1,0.975356578826904
1,1,0.876103341579437
1,1,0.897673308849335
0,0,0.035261232405901
0,0,0.312864184379578
0,0,0.0244423151016235
1,1,0.98054575920105
0,0,0.0145797142758965
1,1,0.936132431030273
0,0,0.0229003950953484
0,0,0.0121054947376251
0,0,0.160647600889206
0,0,0.0118672531098127
0,0,0.0204410050064325
1,1,0.984233021736145
0,1,0.620859622955322
0,0,0.0165657643228769
1,1,0.946252822875977
0,0,0.229561731219292
1,1,0.97729218006134
1,1,0.834894120693207
0,0,0.0201062001287937
1,1,0.961723566055298
1,1,0.805979549884796
0,0,0.15391780436039
0,1,0.662298977375031
0,0,0.0851177424192429
1,1,0.927613258361816
0,0,0.0205744747072458
1,1,0.886380195617676
1,1,0.955817520618439
0,0,0.0282547399401665
1,1,0.957375586032867
1,1,0.933015167713165
1,1,0.978786647319794
1,1,0.985296010971069
0,0,0.0108431437984109
0,0,0.0246595665812492
0,0,0.0170661583542824
1,0,0.102332875132561
1,0,0.103156477212906
1,1,0.977059721946716
1,1,0.820180773735046
0,1,0.686624586582184
0,0,0.0841145291924477
1,1,0.981096863746643
0,0,0.0126059772446752
0,0,0.0480407923460007
0,0,0.121676564216614
1,1,0.945749402046204
1,1,0.977592408657074
0,0,0.0196613445878029
0,0,0.431362569332123
1,1,0.981146812438965
0,0,0.0233898516744375
1,1,0.968146145343781
1,1,0.935060679912567
1,1,0.818627655506134
0,0,0.0167396478354931
1,1,0.98511803150177
1,1,0.945846199989319
0,0,0.114197008311749
0,0,0.0432525500655174
1,1,0.975380063056946
0,0,0.0323552154004574
0,0,0.0265338066965342
0,0,0.117597319185734
1,1,0.934877097606659
1,1,0.955539882183075
0,0,0.183812573552132
1,1,0.969650566577911
1,1,0.984587073326111
0,0,0.0223535504192114
1,1,0.96414041519165
1,1,0.980168104171753
0,0,0.0847638100385666
1,1,0.94265216588974
0,0,0.0420608706772327
1,1,0.701034963130951
1,1,0.970049321651459
1,1,0.983486890792847
0,0,0.013432146050036
1,1,0.981748163700104
0,0,0.07155591994524
1,1,0.963896036148071
0,0,0.0221688728779554
1,1,0.917525410652161
0,0,0.0387594290077686
1,1,0.978005111217499
0,0,0.0222911518067122
1,1,0.936183094978333
1,1,0.942342758178711
1,1,0.907242059707642
1,1,0.974336326122284
0,0,0.0199098084121943
1,1,0.978642225265503
0,0,0.0216400679200888
1,1,0.937409639358521
1,0,0.397234737873077
0,0,0.0309304669499397
1,1,0.782282948493958
0,0,0.061357107013464
0,0,0.0207489691674709
0,0,0.0138326901942492
1,1,0.976954162120819
1,1,0.905129790306091
0,0,0.0130986729636788
1,1,0.982461988925934
0,1,0.613139748573303
0,0,0.0210243742913008
0,0,0.0167512837797403
0,0,0.0149766225367785
0,0,0.0312012378126383
0,0,0.0266147218644619
1,1,0.978464245796204
1,1,0.943066835403442
0,1,0.969757735729218
0,0,0.0168002918362617
1,1,0.983392655849457
1,1,0.91730147600174
1,1,0.90428102016449
0,0,0.0216485392302275
1,1,0.970594882965088
1,1,0.872413218021393
0,0,0.0209076292812824
1,1,0.928559958934784
0,0,0.0113126179203391
0,0,0.0236424803733826
1,1,0.956014633178711
1,1,0.796808421611786
1,1,0.961356461048126
0,0,0.0412456654012203
0,0,0.023157212883234
1,1,0.98838347196579
0,0,0.0938755720853806
1,1,0.984648883342743
1,1,0.946637332439423
0,0,0.0249873362481594
1,1,0.976060807704926
0,0,0.0327203087508678
0,0,0.235353499650955
1,1,0.98562079668045
0,0,0.00580110214650631
1,1,0.918428361415863
1,1,0.98574686050415
1,1,0.972510576248169
1,1,0.710447788238525
0,0,0.054469708353281
1,1,0.981276392936707
1,1,0.836237788200378
1,1,0.982025921344757
0,0,0.0378188639879227
1,1,0.945728063583374
1,1,0.951782584190369
1,1,0.988823175430298
0,0,0.0250502731651068
0,0,0.0165398921817541
1,1,0.981829166412354
0,0,0.0205930713564157
0,0,0.0655956566333771
0,0,0.0309467893093824
0,0,0.0184572413563728
0,0,0.260170757770538
0,0,0.130121827125549
1,1,0.92749297618866
0,0,0.0542606897652149
0,0,0.0189705975353718
0,0,0.0424017384648323
1,1,0.982008695602417
1,1,0.950274705886841
0,0,0.0315019115805626
0,0,0.0327661335468292
0,0,0.116805911064148
0,0,0.0862798988819122
1,1,0.946146547794342
1,1,0.977757751941681
0,0,0.0270405281335115
0,0,0.192662730813026
0,0,0.0197195932269096
1,1,0.960838139057159
1,1,0.976131439208984
0,0,0.0927183404564857
0,0,0.0524718053638935
1,1,0.979979157447815
0,0,0.0606969781219959
1,1,0.980304896831512
1,1,0.968475878238678
0,0,0.0313398204743862
0,0,0.490802049636841
0,0,0.019882233813405
1,1,0.949614882469177
0,0,0.0273800306022167
0,0,0.0119574582204223
1,1,0.968635141849518
1,1,0.956112623214722
0,0,0.0212664045393467
1,1,0.971052646636963
0,0,0.168079793453217
1,1,0.941588282585144
0,0,0.0233516376465559
1,1,0.955889403820038
0,0,0.125642105937004
1,1,0.989372313022614
1,1,0.971503257751465
0,0,0.034752830862999
1,1,0.989291489124298
0,0,0.0365142934024334
1,1,0.596945941448212
1,1,0.909565687179565
1,1,0.849240124225616
0,0,0.0145794274285436
1,1,0.984854876995087
1,1,0.973991632461548
0,0,0.0874410718679428
1,1,0.978525876998901
1,1,0.973315477371216
1,1,0.982148408889771
0,1,0.581962943077087
1,1,0.961059093475342
0,0,0.0618383884429932
1,1,0.945592761039734
1,1,0.76936936378479
0,0,0.231242030858994
0,0,0.0460213795304298
0,0,0.0121704060584307
0,0,0.0144429169595242
0,0,0.0206262618303299
1,1,0.954093456268311
0,0,0.0234420225024223
0,0,0.0914292857050896
0,0,0.0266054663807154
0,0,0.0177089795470238
0,0,0.0118506075814366
1,1,0.979541838169098
0,0,0.0308342315256596
0,1,0.938280522823334
0,0,0.0131731713190675
1,1,0.940737307071686
0,0,0.0255626421421766
0,0,0.0108310645446181
1,1,0.992323517799377
1,1,0.936566829681396
0,0,0.210385367274284
1,1,0.87863427400589
0,0,0.0188326630741358
0,0,0.0202501341700554
0,0,0.0136024039238691
0,0,0.044366754591465
0,0,0.0491946190595627
0,0,0.0118364160880446
0,0,0.0138856153935194
1,1,0.983414828777313
0,0,0.206827268004417
0,0,0.0366614907979965
1,1,0.981836378574371
0,0,0.0150481685996056
0,0,0.024767205119133
0,0,0.0767737776041031
0,0,0.0151156354695559
0,0,0.0118713416159153
1,1,0.952689349651337
0,0,0.0105714462697506
0,0,0.0308911763131618
1,1,0.925953567028046
0,0,0.0418134965002537
0,0,0.016655258834362
0,0,0.0481948666274548
0,0,0.0255335830152035
1,1,0.975094020366669
1,1,0.941078186035156
0,1,0.709957718849182
1,1,0.962880730628967
0,0,0.0776248797774315
1,1,0.856339693069458
1,1,0.95588755607605
1,1,0.978669881820679
1,1,0.983691692352295
1,1,0.971679389476776
0,0,0.0305876154452562
0,0,0.0423411466181278
1,1,0.974326014518738
0,0,0.138739839196205
0,0,0.0741700157523155
0,0,0.0800366997718811
1,1,0.949824631214142
1,1,0.974272489547729
1,1,0.978862404823303
0,0,0.0197208095341921
1,1,0.98031622171402
1,1,0.971382319927216
0,0,0.33555006980896
1,1,0.977958679199219
1,1,0.916609764099121
1,1,0.918502509593964
0,0,0.0152262542396784
1,1,0.744544863700867
1,1,0.848762094974518
0,0,0.0418301746249199
0,0,0.0154492212459445
0,0,0.0201154928654432
0,0,0.024625139310956
0,0,0.0149495787918568
0,0,0.0222409553825855
0,0,0.0157798882573843
0,0,0.0179750546813011
0,0,0.0324982106685638
1,1,0.965004086494446
0,0,0.0265321135520935
1,1,0.855760514736176
1,1,0.976385354995728
0,0,0.0494161620736122
0,0,0.0423338413238525
1,1,0.94425356388092
0,0,0.0151512995362282
1,1,0.833586931228638
0,0,0.0137178935110569
1,1,0.984280705451965
0,0,0.0479296669363976
0,0,0.190375760197639
0,0,0.0236034095287323
0,0,0.479819744825363
0,0,0.0425679460167885
0,0,0.0267167147248983
0,0,0.0282645523548126
1,1,0.987346231937408
0,0,0.0263786837458611
0,1,0.938245892524719
1,0,0.472557485103607
1,1,0.98831707239151
1,1,0.938643455505371
0,0,0.0105238957330585
1,1,0.604214012622833
0,0,0.0125286402180791
0,0,0.148378282785416
1,1,0.966918766498566
0,0,0.0359310247004032
1,1,0.988397181034088
1,1,0.924975454807281
1,1,0.981809496879578
0,0,0.0405637137591839
0,0,0.0523424074053764
1,0,0.0597958117723465
1,1,0.88163548707962
0,1,0.900505423545837
0,0,0.0159251447767019
0,0,0.0990555584430695
0,0,0.0260706730186939
0,0,0.0225604195147753
0,0,0.367707490921021
1,1,0.950962781906128
0,0,0.0139713818207383
0,0,0.0239225160330534
1,1,0.925213754177094
0,0,0.0368743017315865
0,0,0.0306155011057854
0,0,0.034005556255579
0,0,0.0150082195177674
1,1,0.681521892547607
1,1,0.970214664936066
1,1,0.974945187568665
1,1,0.965139091014862
0,0,0.0080594215542078
1,1,0.95759916305542
1,1,0.955314576625824
1,1,0.936861574649811
0,0,0.227015063166618
1,1,0.98687869310379
1,1,0.971123695373535
0,0,0.0194951351732016
1,1,0.940653204917908
0,0,0.0124387126415968
1,1,0.983203411102295
0,0,0.0256147105246782
0,0,0.0350642576813698
1,1,0.980820178985596
1,1,0.928112149238586
1,1,0.968271970748901
0,0,0.022424066439271
1,1,0.982751786708832
0,1,0.949139833450317
0,0,0.0407032109797001
1,1,0.976313173770905
1,1,0.974061608314514
0,1,0.837946116924286
0,0,0.0363927707076073
0,0,0.0376919806003571
0,1,0.507725775241852
0,0,0.0167774185538292
1,1,0.951478898525238
0,0,0.0240231584757566
0,0,0.084541879594326
1,1,0.978781163692474
0,0,0.0286926757544279
0,0,0.00698908930644393
1,1,0.956676363945007
0,0,0.0299747325479984
1,1,0.901154160499573
1,1,0.974922776222229
0,0,0.0201919078826904
1,1,0.708363831043243
1,1,0.950019121170044
1,1,0.639797568321228
1,0,0.0377844572067261
1,1,0.79844057559967
1,1,0.945874989032745
0,0,0.0598808191716671
0,0,0.0497537180781364
0,0,0.0276165157556534
0,0,0.27768337726593
1,1,0.964403569698334
0,1,0.726384162902832
0,0,0.0559420399367809
1,1,0.974178910255432
1,1,0.958959639072418
1,1,0.962645649909973
0,0,0.0315436758100986
0,1,0.511255443096161
1,1,0.974053800106049
0,0,0.0124785006046295
0,1,0.962951302528381
0,0,0.0280491411685944
0,0,0.0150632383301854
1,1,0.961501777172089
0,0,0.0796883255243301
0,0,0.0213708709925413
0,1,0.888882040977478
0,0,0.0151436515152454
1,1,0.950561225414276
1,1,0.82715767621994
0,0,0.021506741642952
0,0,0.0343347303569317
1,1,0.900541186332703
1,1,0.981863975524902
1,1,0.970999479293823
1,1,0.977907061576843
1,1,0.852301001548767
0,0,0.0125611452385783
1,1,0.767775416374207
1,1,0.945099294185638
1,1,0.981000423431396
1,1,0.987147212028503
0,0,0.041263222694397
0,1,0.566973805427551
0,0,0.033534336835146
1,1,0.832144141197205
1,1,0.722104787826538
1,1,0.698220074176788
1,1,0.967036545276642
0,1,0.503714740276337
1,1,0.965732574462891
1,1,0.96777880191803
1,1,0.968358933925629
0,0,0.144005581736565
1,1,0.98206502199173
0,0,0.0111247822642326
1,1,0.975493609905243
1,1,0.97854346036911
1,1,0.961088120937347
1,1,0.972858548164368
1,1,0.976291477680206
0,0,0.0257138088345528
0,0,0.0157654006034136
1,1,0.988309264183044
1,1,0.988576114177704
1,1,0.970270693302155
1,1,0.992028415203094
0,0,0.310040265321732
0,0,0.0241892226040363
0,0,0.0293254218995571
0,0,0.0254529397934675
0,0,0.00894065853208303
1,1,0.97404545545578
1,1,0.973390698432922
0,0,0.100231349468231
1,1,0.966168582439423
1,1,0.963415682315826
1,1,0.779772520065308
0,0,0.0562327541410923
0,0,0.0455916300415993
0,0,0.0195232518017292
0,0,0.359297752380371
1,1,0.974377155303955
0,0,0.0297147408127785
0,0,0.0142533658072352
0,0,0.0176221113651991
0,0,0.0629913508892059
1,1,0.975643455982208
0,0,0.0161545630544424
1,1,0.837571084499359
1,1,0.948647260665894
0,0,0.0263991244137287
0,0,0.471650093793869
1,1,0.979313015937805
1,1,0.962534129619598
1,1,0.829298794269562
0,0,0.0460223741829395
1,1,0.92803418636322
0,0,0.0331645384430885
1,1,0.938499391078949
1,1,0.970799207687378
1,1,0.936514735221863
0,0,0.0226183980703354
0,0,0.130131140351295
0,0,0.0194230079650879
0,0,0.0435801222920418
0,0,0.0368407405912876
1,1,0.873387277126312
1,1,0.980841219425201
1,1,0.986657083034515
1,1,0.960085272789001
1,1,0.967470526695251
0,0,0.032892283052206
0,0,0.0693529695272446
0,0,0.016522403806448
0,0,0.020109536126256
0,0,0.0390455573797226
1,1,0.972164928913116
1,1,0.987951695919037
0,0,0.362608909606934
1,1,0.973647177219391
0,0,0.26549619436264
0,0,0.0280874576419592
0,0,0.349763840436935
0,0,0.00901355128735304
0,0,0.0453489683568478
1,1,0.950063526630402
0,0,0.0187887288630009
1,1,0.982016861438751
0,0,0.110276937484741
0,0,0.0411328561604023
0,1,0.790320098400116
0,0,0.0255876686424017
1,1,0.962761461734772
0,0,0.0172076802700758
1,1,0.971006214618683
0,1,0.934122622013092
0,0,0.0164642129093409
1,1,0.9825359582901
1,1,0.976241052150726
0,0,0.0361423008143902
1,1,0.948286175727844
1,1,0.975201010704041
1,1,0.986863732337952
1,1,0.973523199558258
1,1,0.985030114650726
0,0,0.106722392141819
0,0,0.299357324838638
0,0,0.0218458250164986
1,1,0.9122074842453
0,0,0.176004603505135
0,0,0.0503960996866226
0,1,0.543933570384979
0,0,0.0250124931335449
0,0,0.153547570109367
0,0,0.253741443157196
0,0,0.0314589291810989
1,1,0.767015159130096
1,1,0.977180361747742
0,0,0.0114388102665544
1,1,0.949179887771606
0,0,0.0227155983448029
0,0,0.0184919014573097
1,1,0.800830721855164
0,0,0.0418882966041565
1,1,0.938377737998962
1,1,0.978852689266205
1,1,0.974590659141541
0,0,0.0168284494429827
0,0,0.1154575496912
0,0,0.020625751465559
1,1,0.957532823085785
0,0,0.0479752756655216
1,1,0.977963745594025
1,1,0.983265161514282
1,1,0.961276054382324
1,1,0.950370848178864
1,1,0.653962194919586
0,0,0.0403994023799896
1,1,0.860662579536438
0,0,0.026510851457715
1,1,0.883594512939453
1,1,0.967840552330017
1,1,0.975739479064941
1,1,0.979182422161102
0,0,0.0211531780660152
0,0,0.0214203726500273
0,0,0.0139302155002952
1,1,0.93726634979248
1,1,0.966824591159821
1,1,0.989528000354767
1,1,0.972647607326508
0,0,0.0155687984079123
1,1,0.787588596343994
1,1,0.948342263698578
1,1,0.97749137878418
1,1,0.947760760784149
0,0,0.0203756392002106
0,0,0.0234123729169369
1,1,0.98495078086853
0,0,0.0172864161431789
1,1,0.976607024669647
0,0,0.0239503849297762
0,0,0.026811845600605
0,0,0.0345629788935184
0,0,0.014789916574955
0,0,0.348494231700897
0,0,0.0578126236796379
0,0,0.036646407097578
1,1,0.989921987056732
1,1,0.888107419013977
0,0,0.0237906407564878
1,1,0.982932686805725
1,1,0.984110593795776
0,0,0.0247182343155146
0,0,0.0284330360591412
0,0,0.017001248896122
1,1,0.944879710674286
1,0,0.207513436675072
1,1,0.950132191181183
0,0,0.0291357673704624
0,0,0.0357013456523418
1,1,0.980653822422028
0,0,0.0123008033260703
1,1,0.989530026912689
1,1,0.970890581607819
1,0,0.0267666801810265
1,1,0.984385013580322
1,1,0.815836012363434
1,1,0.973041355609894
1,1,0.992015480995178
0,0,0.0628798305988312
1,1,0.915041089057922
1,1,0.97548896074295
0,0,0.103003606200218
0,0,0.0558796413242817
1,1,0.761577844619751
0,0,0.043822143226862
0,0,0.0376018099486828
0,0,0.0147502962499857
0,0,0.105035655200481
1,1,0.534305274486542
1,1,0.981394529342651
1,1,0.964288711547852
0,0,0.0233149006962776
0,0,0.0579888708889484
0,0,0.0750736966729164
1,1,0.836210191249847
1,1,0.982505440711975
1,1,0.945336937904358
1,1,0.960389316082001
1,1,0.985555052757263
1,1,0.980959892272949
0,0,0.0473744347691536
1,1,0.964036703109741
0,0,0.10518017411232
0,0,0.0144722675904632
1,0,0.0312805622816086
0,0,0.0459598302841187
1,1,0.904873788356781
0,0,0.485093027353287
1,1,0.982712030410767
1,1,0.959211409091949
1,1,0.838686883449554
1,1,0.96081417798996
0,0,0.0247540958225727
0,0,0.0180795453488827
0,0,0.0343005880713463
0,0,0.0698912963271141
1,1,0.990849375724792
0,0,0.0855104923248291
0,0,0.0155293755233288
0,0,0.0501276962459087
0,1,0.561817348003387
1,1,0.833186864852905
0,0,0.0107416920363903
1,1,0.859380066394806
0,0,0.0784927532076836
1,1,0.884658694267273
1,1,0.983833372592926
0,0,0.0319040380418301
0,0,0.0209002122282982
0,0,0.0392793416976929
1,1,0.860243678092957
0,0,0.0660093277692795
1,1,0.953145086765289
0,0,0.24637334048748
0,0,0.112063840031624
1,1,0.973763346672058
1,1,0.986220240592957
1,1,0.981392562389374
0,0,0.00868088006973267
1,1,0.982849180698395
0,0,0.0408552251756191
1,1,0.992397606372833
0,0,0.0217413250356913
0,0,0.0877630040049553
1,1,0.979886651039124
0,0,0.0911272689700127
0,0,0.0365715846419334
1,1,0.863950610160828
1,1,0.969474077224731
0,0,0.112399496138096
0,0,0.0169433802366257
1,1,0.981498003005981
0,0,0.0528585873544216
0,0,0.327292948961258
0,0,0.0124661214649677
1,1,0.978894710540771
1,1,0.955186665058136
1,1,0.939532339572906
0,0,0.155760824680328
0,0,0.0375415310263634
1,0,0.214653864502907
0,0,0.0124319661408663
0,0,0.0320708826184273
1,1,0.967813313007355
0,0,0.0501200221478939
1,1,0.983327448368073
0,0,0.461058050394058
1,1,0.959224164485931
1,1,0.956877887248993
1,1,0.75314474105835
0,0,0.00764805218204856
0,0,0.0410236231982708
0,0,0.0499477498233318
1,1,0.980533123016357
1,1,0.816186726093292
0,0,0.0444250963628292
0,0,0.0585296042263508
1,1,0.971201717853546
0,0,0.0177498795092106
1,1,0.976802289485931
0,0,0.037599254399538
1,1,0.986938238143921
1,1,0.972235560417175
1,1,0.959818243980408
1,1,0.985422015190125
0,0,0.0144919361919165
1,1,0.966089487075806
1,1,0.972526252269745
1,1,0.96868360042572
0,0,0.0478191450238228
0,0,0.0451108552515507
0,0,0.0332220532000065
1,1,0.972368657588959
0,0,0.0327689908444881
0,0,0.0400043949484825
0,0,0.0102314110845327
1,1,0.940319061279297
1,1,0.965945601463318
0,0,0.0113174607977271
1,1,0.749352931976318
1,1,0.904892325401306
0,0,0.0290181711316109
1,1,0.967572748661041
0,0,0.12077920883894
0,0,0.0110366186127067
0,0,0.0159741435199976
1,1,0.964877009391785
0,0,0.127548009157181
1,1,0.895620763301849
0,0,0.144490823149681
1,1,0.966026484966278
1,1,0.982082486152649
1,1,0.955879151821136
0,0,0.0176123324781656
0,0,0.279902547597885
1,1,0.981915831565857
0,0,0.0102297896519303
1,1,0.928483009338379
0,0,0.0122350445017219
1,1,0.968303382396698
1,1,0.990829467773438
1,1,0.953225255012512
0,0,0.0335146524012089
1,1,0.984081506729126
0,0,0.0600544288754463
1,1,0.980144143104553
0,0,0.0273025371134281
0,0,0.0159405320882797
0,0,0.0314991995692253
1,1,0.984423220157623
1,1,0.981246531009674
0,0,0.0276125147938728
0,0,0.0148325050249696
0,0,0.0598349161446095
0,0,0.0243872422724962
1,1,0.898988485336304
1,1,0.973738014698029
1,1,0.86413848400116
1,1,0.967971205711365
1,1,0.968609869480133
0,0,0.0491592325270176
1,1,0.884480178356171
1,1,0.956609129905701
0,0,0.0144771654158831
0,0,0.0961669981479645
0,0,0.0335613004863262
0,0,0.0215397290885448
1,1,0.982033431529999
1,1,0.9774289727211
1,1,0.982573211193085
1,1,0.863022923469543
0,0,0.0328991189599037
1,1,0.942587554454803
1,1,0.973897397518158
1,1,0.801277041435242
0,0,0.0150340115651488
0,0,0.0317822210490704
1,1,0.748613238334656
0,0,0.0345645993947983
1,1,0.960097074508667
0,0,0.0211726278066635
1,1,0.966098010540009
1,1,0.973818838596344
0,0,0.0191156901419163
0,0,0.0183316804468632
0,0,0.0140772005543113
1,1,0.981129586696625
1,1,0.967701435089111
0,0,0.0469744391739368
1,1,0.98664528131485
0,0,0.11990075558424
1,1,0.984707415103912
0,0,0.257771134376526
0,0,0.209872230887413
0,1,0.875955164432526
1,1,0.925466001033783
1,0,0.474086284637451
0,0,0.0179717633873224
0,0,0.0135295446962118
1,1,0.96637749671936
1,1,0.923350095748901
0,0,0.253391206264496
1,1,0.9814133644104
0,1,0.961406826972961
0,0,0.0263907369226217
1,1,0.987265110015869
1,1,0.984293043613434
1,1,0.956670463085175
1,1,0.990562796592712
0,0,0.0279417689889669
1,1,0.98889148235321
0,0,0.0276049561798573
0,0,0.0276923310011625
0,0,0.0553950369358063
0,0,0.0779431760311127
1,1,0.896691560745239
0,0,0.299866706132889
1,1,0.913816034793854
0,0,0.0170994568616152
1,1,0.989974915981293
0,0,0.0494793131947517
0,0,0.0407916493713856
1,1,0.960221588611603
1,1,0.98790830373764
1,1,0.986595034599304
1,1,0.885225355625153
1,0,0.206567600369453
0,0,0.043522771447897
1,1,0.955002665519714
0,0,0.0606569312512875
0,0,0.0414344035089016
1,1,0.988235235214233
0,0,0.0270790159702301
1,1,0.932222306728363
0,0,0.0144947022199631
0,1,0.951891660690308
1,1,0.95620459318161
0,1,0.927151799201965
0,0,0.0396171510219574
0,0,0.0217058826237917
1,1,0.944843411445618
0,0,0.0168733280152082
1,1,0.9725501537323
0,0,0.0392051748931408
0,0,0.0607553161680698
1,1,0.78600025177002
0,0,0.0263007692992687
0,0,0.0271060783416033
0,0,0.00931620318442583
1,1,0.953401267528534
1,1,0.970705628395081
1,1,0.981239080429077
0,0,0.0367985665798187
0,0,0.0659732967615128
1,1,0.510622143745422
0,0,0.0479876659810543
1,1,0.971539795398712
1,1,0.965229749679565
0,0,0.0331500843167305
1,1,0.962429881095886
1,1,0.990812122821808
1,1,0.977186322212219
1,1,0.964751183986664
1,1,0.98373943567276
0,0,0.129841774702072
0,0,0.0259079113602638
0,0,0.0248741842806339
0,0,0.023176146671176
0,0,0.156876266002655
0,0,0.0402982495725155
1,1,0.803367614746094
0,0,0.0136709678918123
1,1,0.939106047153473
0,0,0.0163979399949312
1,1,0.937288641929626
1,1,0.850262582302094
1,1,0.972297012805939
1,1,0.958646476268768
1,1,0.991651356220245
0,0,0.103512473404408
0,0,0.0143322804942727
1,1,0.515883922576904
1,1,0.969064056873322
1,0,0.290634989738464
1,1,0.871810734272003
1,1,0.984030246734619
1,1,0.967472851276398
0,0,0.0198274198919535
0,1,0.809840023517609
0,0,0.0143038406968117
1,1,0.952349960803986
1,1,0.98825603723526
0,0,0.0969698652625084
0,0,0.0412287935614586
1,1,0.900697469711304
1,1,0.963465750217438
1,1,0.852992475032806
1,1,0.982333898544312
1,1,0.951411664485931
1,1,0.947835028171539
0,1,0.694068849086761
0,0,0.0229147840291262
0,0,0.029133090749383
1,1,0.978789389133453
0,0,0.0518063455820084
0,0,0.0289483349770308
0,0,0.012439327314496
1,1,0.84510612487793
0,0,0.0125852394849062
0,0,0.0132668316364288
0,0,0.0754990950226784
0,0,0.0189988873898983
0,0,0.0339974351227283
0,0,0.0139881614595652
0,0,0.00911455042660236
0,0,0.0210115984082222
1,1,0.957218050956726
1,1,0.961982429027557
1,1,0.875986337661743
1,1,0.987072825431824
0,0,0.0196040105074644
0,0,0.0291350390762091
0,1,0.758363366127014
1,1,0.979503154754639
0,0,0.0309538189321756
0,0,0.065487839281559
0,0,0.0292800106108189
1,1,0.683937788009644
0,0,0.0173732955008745
0,0,0.0142392627894878
1,1,0.5659339427948
1,1,0.965823948383331
0,0,0.0218975152820349
0,1,0.790159344673157
0,0,0.0141232898458838
1,1,0.973324954509735
0,0,0.0137927308678627
0,0,0.0110411271452904
0,0,0.0636021271348
1,1,0.970442533493042
1,1,0.936552286148071
0,0,0.019293338060379
1,1,0.815082550048828
0,0,0.0461577102541924
0,0,0.0270720645785332
0,0,0.0172181334346533
0,0,0.0260557178407907
0,0,0.0141179794445634
0,0,0.10620291531086
1,1,0.97088098526001
0,0,0.0382560752332211
0,0,0.019253347069025
1,1,0.953379511833191
1,1,0.927240967750549
0,0,0.0406157001852989
1,1,0.981948673725128
1,1,0.983694136142731
0,0,0.0174531042575836
1,1,0.512456297874451
1,1,0.963377237319946
0,0,0.0144603857770562
1,0,0.255570769309998
0,0,0.0615544579923153
0,0,0.0698182433843613
1,1,0.975850403308868
1,1,0.844305813312531
1,1,0.965183079242706
0,0,0.0329820849001408
0,0,0.0225172229111195
0,1,0.559172332286835
0,0,0.0255624447017908
0,0,0.0317907556891441
0,0,0.0449852645397186
1,1,0.975696563720703
0,0,0.155559211969376
1,1,0.948714733123779
1,1,0.982358157634735
1,1,0.954963743686676
0,0,0.0285043548792601
1,1,0.98844051361084
1,1,0.928439617156982
0,0,0.0302019994705915
0,0,0.327914714813232
1,1,0.962736845016479
0,1,0.839385807514191
1,1,0.962137877941132
0,0,0.0188989955931902
1,1,0.969560563564301
1,1,0.942656755447388
0,0,0.0101311141625047
0,0,0.0743581727147102
1,1,0.952169358730316
1,1,0.964289367198944
0,0,0.397726237773895
1,1,0.982711970806122
1,1,0.980304539203644
0,0,0.0740667432546616
0,0,0.122962012887001
0,0,0.0221441555768251
0,0,0.169124886393547
1,1,0.937910199165344
0,0,0.014530785381794
0,0,0.00909716822206974
0,0,0.0149899581447244
1,1,0.939950942993164
0,0,0.0200106278061867
0,1,0.964769840240479
1,1,0.982028603553772
0,0,0.255830198526382
1,1,0.964588642120361
1,1,0.984118938446045
1,1,0.86709326505661
1,1,0.704664826393127
1,1,0.970842778682709
1,1,0.977839589118958
0,0,0.0148565294221044
0,0,0.0862099081277847
0,0,0.0263776574283838
0,0,0.00733655923977494
0,0,0.102349013090134
0,0,0.0338461026549339
0,0,0.0181894060224295
1,1,0.962014734745026
0,0,0.0918852984905243
1,1,0.993861436843872
1,1,0.967752575874329
0,1,0.927564561367035
1,1,0.94135969877243
0,0,0.292301297187805
1,1,0.94608348608017
0,0,0.00958467368036509
0,1,0.737929880619049
0,0,0.0239666700363159
1,1,0.980897963047028
1,0,0.112943328917027
0,0,0.100526556372643
0,0,0.0320740714669228
1,1,0.956092119216919
1,1,0.961231529712677
1,1,0.699662744998932
0,0,0.0906681194901466
0,0,0.0302711352705956
1,1,0.610281884670258
1,1,0.982317328453064
0,0,0.0439049489796162
1,1,0.977831125259399
1,1,0.918261885643005
0,0,0.0181005094200373
1,1,0.947824597358704
0,0,0.0160428043454885
0,0,0.0166722610592842
0,0,0.0487629920244217
0,0,0.0360680818557739
1,1,0.973876535892487
1,1,0.777136445045471
1,1,0.897459030151367
1,1,0.982253730297089
0,0,0.0366008281707764
0,0,0.0197015944868326
1,1,0.948122024536133
0,0,0.0189017690718174
1,1,0.960734724998474
1,1,0.96634429693222
0,0,0.0914290770888329
0,0,0.327048182487488
0,0,0.132485181093216
1,1,0.968402981758118
1,1,0.69917619228363
1,1,0.979874074459076
0,0,0.0636692717671394
0,0,0.0195300653576851
0,0,0.0277848783880472
0,0,0.0470911972224712
0,0,0.0833405926823616
0,0,0.0303575992584229
1,1,0.958789229393005
1,1,0.979803919792175
1,1,0.985810101032257
0,0,0.0145310657098889
1,1,0.971774041652679
0,0,0.335784643888474
0,0,0.0161197986453772
0,0,0.0176676213741302
0,0,0.0641878843307495
1,1,0.961364507675171
0,0,0.0345126613974571
1,1,0.86841893196106
1,1,0.972384929656982
1,1,0.979391515254974
1,1,0.976973235607147
0,0,0.0720771327614784
1,1,0.975291848182678
0,0,0.120374225080013
0,0,0.0234444253146648
0,0,0.0665694549679756
1,1,0.965604186058044
1,1,0.892641484737396
0,0,0.0133402897045016
0,0,0.0185084603726864
1,1,0.958920300006866
0,0,0.0207322631031275
1,1,0.952076733112335
0,0,0.0133844977244735
0,0,0.1243040189147
1,1,0.982403874397278
1,1,0.971643567085266
1,1,0.945536315441132
1,1,0.984690189361572
0,0,0.0260408073663712
0,0,0.0225879102945328
1,1,0.953893840312958
0,0,0.0146580329164863
0,0,0.0577501468360424
0,0,0.15945240855217
1,1,0.786788523197174
1,1,0.980230748653412
1,1,0.969523787498474
1,1,0.972159743309021
0,0,0.011874501593411
0,1,0.50578373670578
1,1,0.667964994907379
0,0,0.0324379876255989
0,0,0.0242818687111139
1,1,0.989985823631287
0,0,0.0150705194100738
0,0,0.0377494543790817
0,0,0.0829772427678108
0,0,0.0301684066653252
1,1,0.91157603263855
0,0,0.0196999106556177
1,1,0.952320635318756
0,0,0.0159503482282162
1,1,0.984484255313873
0,0,0.0294222068041563
0,0,0.0399310328066349
1,1,0.910806596279144
0,0,0.0169379953294992
0,0,0.0099613256752491
0,0,0.07081189006567
1,1,0.976423442363739
1,1,0.955512881278992
0,0,0.0587718337774277
1,1,0.971753060817719
0,0,0.0485367514193058
1,1,0.986628651618958
1,1,0.985417604446411
0,0,0.0219680219888687
1,1,0.927950441837311
1,1,0.986844003200531
0,0,0.00995033700019121
1,1,0.971927165985107
0,0,0.0245707109570503
0,0,0.0321888439357281
0,0,0.0379282981157303
0,0,0.0181582625955343
0,1,0.718037009239197
1,1,0.976514577865601
0,0,0.0113552194088697
0,0,0.0137514481320977
0,0,0.0149033181369305
1,1,0.989386796951294
0,0,0.0143055021762848
0,0,0.0121117969974875
1,1,0.971108138561249
1,1,0.871869325637817
1,1,0.797929406166077
1,1,0.980227649211884
1,1,0.956731557846069
0,0,0.0328184477984905
1,1,0.982141017913818
1,1,0.944252729415894
1,1,0.971874237060547
0,0,0.115049764513969
0,0,0.0199912898242474
1,1,0.982159316539764
1,1,0.981948673725128
1,1,0.94584059715271
0,0,0.0663634836673737
0,0,0.288878113031387
1,1,0.984459519386292
0,0,0.0137322815135121
1,1,0.919515371322632
0,0,0.0174229796975851
0,0,0.0302937366068363
0,0,0.0276495460420847
0,0,0.0160726755857468
0,0,0.0102368937805295
0,0,0.023290092125535
1,1,0.988646566867828
1,1,0.986409306526184
1,1,0.969716370105743
1,1,0.938482403755188
0,0,0.0272735599428415
0,0,0.0206305533647537
0,0,0.0286928601562977
0,0,0.012997237034142
1,1,0.971711993217468
0,0,0.0318258851766586
1,1,0.883454501628876
0,0,0.169709086418152
0,0,0.0287820678204298
0,0,0.00961410533636808
1,1,0.974911451339722
0,0,0.0132034793496132
0,0,0.0186126846820116
1,1,0.955400347709656
0,0,0.0506689064204693
1,1,0.954826056957245
1,1,0.967450559139252
0,0,0.211206361651421
0,0,0.0170629341155291
1,1,0.968339622020721
1,1,0.955941677093506
0,0,0.0147413443773985
0,0,0.468757480382919
1,1,0.938622713088989
1,1,0.99125200510025
0,0,0.0625775754451752
0,0,0.0261582173407078
0,0,0.149047166109085
0,0,0.0122868791222572
1,1,0.952386617660522
1,1,0.981651186943054
0,0,0.044352512806654
0,0,0.280033826828003
0,0,0.0212611891329288
1,1,0.84860748052597
1,1,0.928450405597687
1,1,0.981791257858276
0,0,0.0186462737619877
0,0,0.0220380276441574
1,1,0.580384492874146
1,0,0.48221692442894
1,1,0.984644711017609
1,1,0.970688343048096
0,0,0.0103576127439737
0,0,0.109147571027279
0,0,0.0130536211654544
1,1,0.979340970516205
0,0,0.0498198345303535
0,0,0.038959302008152
0,0,0.362999767065048
0,0,0.0399913191795349
1,1,0.964541971683502
0,0,0.00815901905298233
1,1,0.96101039648056
0,1,0.623783707618713
0,0,0.0245740748941898
0,0,0.058882400393486
0,0,0.0261200852692127
0,0,0.0107055129483342
0,0,0.0365038439631462
1,1,0.971544444561005
0,0,0.0136572597548366
0,0,0.0297187622636557
1,1,0.972291469573975
1,1,0.974813103675842
1,1,0.969172120094299
1,1,0.983578443527222
0,0,0.032789308577776
0,0,0.0177332833409309
1,1,0.971052289009094
1,1,0.967095851898193
1,1,0.973416447639465
0,0,0.024601649492979
1,1,0.70443731546402
1,1,0.917663276195526
1,1,0.937226235866547
1,1,0.512822866439819
0,0,0.00992455706000328
1,1,0.912173926830292
1,1,0.976788520812988
1,1,0.970686674118042
0,0,0.0184324085712433
1,1,0.978483438491821
1,1,0.956785500049591
0,0,0.00595552194863558
1,1,0.979838609695435
0,0,0.0217141006141901
1,1,0.706327736377716
1,1,0.976706981658936
0,0,0.0244182795286179
1,0,0.348900377750397
1,1,0.926645874977112
0,0,0.169281095266342
1,1,0.971604645252228
0,1,0.508862793445587
0,0,0.0393137484788895
1,1,0.982503950595856
0,0,0.0170504301786423
1,1,0.859145402908325
0,0,0.0215738080441952
1,1,0.981078207492828
0,0,0.0201578140258789
0,0,0.0592287071049213
0,0,0.0325868055224419
0,0,0.114798583090305
1,1,0.852437674999237
0,0,0.0495634339749813
1,1,0.975737452507019
1,1,0.950552642345428
1,1,0.973438024520874
1,1,0.931266367435455
1,1,0.966209650039673
0,0,0.0431276820600033
0,0,0.0124924704432487
1,1,0.942369937896729
0,0,0.0633882507681847
1,1,0.875101208686829
1,1,0.91846752166748
1,1,0.965033411979675
0,0,0.245112910866737
0,0,0.18950642645359
0,0,0.0262453351169825
0,0,0.101502850651741
0,0,0.0256792064756155
1,1,0.931996524333954
0,0,0.0129169095307589
1,1,0.940300524234772
0,0,0.0465832762420177
0,0,0.0603083670139313
0,0,0.0579437613487244
0,0,0.0153108621016145
0,0,0.156863912940025
1,1,0.97404682636261
0,0,0.0150766922160983
0,0,0.0212582927197218
0,0,0.0657658949494362
1,1,0.985942184925079
0,0,0.0369176678359509
1,1,0.896252512931824
1,1,0.971398055553436
1,1,0.975365459918976
0,0,0.00982146337628365
0,0,0.0935603380203247
0,0,0.00687034986913204
0,0,0.03774194419384
1,1,0.918408572673798
1,1,0.980041086673737
0,0,0.0216576959937811
1,1,0.951957762241364
0,0,0.132383018732071
1,1,0.905781745910645
1,1,0.903004169464111
1,1,0.954668462276459
0,0,0.0269104987382889
0,0,0.01209597568959
1,1,0.882307350635529
0,1,0.847536325454712
0,0,0.245137378573418
0,0,0.0319474674761295
0,0,0.0347687751054764
1,1,0.779134511947632
0,0,0.0121579598635435
1,1,0.979968726634979
0,0,0.0201047286391258
1,1,0.852723240852356
0,0,0.0145753175020218
1,1,0.974020659923553
0,0,0.0131163196638227
0,0,0.0359227173030376
1,1,0.98304682970047
0,0,0.0227790977805853
0,0,0.0412008129060268
1,1,0.899207592010498
1,1,0.949001312255859
0,0,0.0342158786952496
1,1,0.930986881256104
0,0,0.0145246470347047
1,1,0.722270369529724
1,1,0.985938489437103
0,0,0.00879536103457212
0,0,0.024524787440896
1,1,0.970352292060852
0,0,0.0570591799914837
1,1,0.961743414402008
0,0,0.0524857267737389
0,0,0.165963530540466
1,1,0.976361036300659
0,0,0.0307750329375267
1,1,0.968184411525726
0,0,0.033665806055069
1,1,0.954476773738861
1,1,0.906523823738098
1,1,0.947733700275421
1,0,0.0312549024820328
0,0,0.0162493791431189
1,1,0.955265760421753
0,0,0.0849468037486076
0,0,0.0267624389380217
0,0,0.0338021405041218
1,1,0.987361192703247
0,0,0.0342483669519424
0,0,0.0261243358254433
1,1,0.716636598110199
0,0,0.0683158040046692
0,0,0.0170906037092209
1,1,0.658527135848999
1,1,0.980346322059631
1,1,0.984536349773407
1,0,0.314243823289871
1,1,0.952039420604706
1,1,0.929069578647614
0,0,0.0130734546110034
1,1,0.664485156536102
0,0,0.0171697307378054
0,0,0.0110805593430996
0,0,0.0362083725631237
0,0,0.0475044995546341
0,0,0.0311644859611988
0,0,0.0206168666481972
0,0,0.0193379949778318
0,0,0.0108644962310791
0,1,0.944612860679626
0,0,0.0159405916929245
1,1,0.97404283285141
0,0,0.0327289551496506
0,1,0.584963500499725
0,1,0.589961051940918
1,1,0.981096804141998
0,0,0.0194648653268814
1,1,0.773264169692993
1,1,0.979991972446442
0,0,0.0375542230904102
0,0,0.0575331076979637
1,1,0.630533039569855
0,0,0.010960228741169
1,1,0.980970203876495
0,0,0.0120426947250962
0,0,0.024434931576252
0,0,0.013338865712285
0,0,0.0447109006345272
0,0,0.0108239911496639
1,1,0.975866377353668
1,1,0.966600000858307
1,1,0.987938344478607
1,0,0.467496424913406
1,1,0.969268083572388
1,0,0.394154965877533
0,0,0.0132777970284224
1,1,0.974409997463226
0,0,0.0133555559441447
1,1,0.987893044948578
1,1,0.966066896915436
0,0,0.0645729973912239
1,1,0.95201164484024
1,1,0.560655415058136
1,1,0.948050439357758
0,0,0.0284883081912994
1,1,0.936511695384979
0,0,0.017402209341526
1,1,0.947109639644623
0,0,0.0275364704430103
0,0,0.0308686774224043
1,1,0.972397327423096
1,1,0.841832041740417
1,1,0.969577252864838
0,0,0.0203421674668789
0,0,0.0136814899742603
1,1,0.960308432579041
1,1,0.95304274559021
0,0,0.0348483547568321
1,1,0.939226627349854
1,1,0.930505037307739
1,1,0.942694365978241
0,0,0.1014109775424
1,1,0.973772704601288
1,1,0.874117195606232
1,1,0.986758530139923
1,0,0.294138044118881
1,1,0.983150541782379
1,0,0.222723454236984
1,1,0.830604732036591
1,0,0.0544004589319229
0,0,0.0137428119778633
0,0,0.0239550936967134
1,1,0.967900395393372
0,0,0.151284694671631
0,0,0.026296105235815
0,0,0.0295042749494314
1,0,0.0142601877450943
0,0,0.0478222072124481
1,1,0.973102867603302
0,0,0.197580426931381
1,1,0.961013078689575
0,0,0.0250737331807613
0,0,0.0163576956838369
1,1,0.962108850479126
0,0,0.0290688797831535
0,0,0.0253513380885124
0,0,0.220695048570633
0,0,0.0581477209925652
1,1,0.988160967826843
1,1,0.983833611011505
0,0,0.486847817897797
0,0,0.0147628225386143
0,0,0.299653351306915
1,1,0.928875863552094
1,1,0.977012872695923
1,1,0.962585270404816
1,1,0.987423360347748
1,1,0.979437530040741
0,0,0.0152104618027806
1,1,0.964606761932373
0,0,0.0153551939874887
1,1,0.974699139595032
1,1,0.965998888015747
1,1,0.947028934955597
0,0,0.0279880631715059
0,0,0.029561648145318
0,0,0.0384014397859573
0,0,0.0232557784765959
1,1,0.981796324253082
1,1,0.942301988601685
1,1,0.987083196640015
0,0,0.0292372610419989
0,0,0.0221773497760296
1,1,0.975740075111389
1,1,0.97619891166687
0,0,0.458113610744476
0,0,0.016917522996664
1,1,0.914524555206299
0,0,0.0496765971183777
1,1,0.980261087417603
0,0,0.0362128503620625
0,0,0.0220658965408802
1,1,0.949658930301666
0,0,0.0221787318587303
1,1,0.979071259498596
0,0,0.213243186473846
0,0,0.17444372177124
1,1,0.946477591991425
1,1,0.979680478572845
0,0,0.0588829033076763
0,0,0.0136408703401685
1,1,0.702858805656433
1,1,0.960391104221344
1,1,0.969377934932709
1,1,0.987342715263367
0,0,0.0117444731295109
1,1,0.980991363525391
0,0,0.0207440536469221
0,0,0.0273760184645653
0,0,0.10515557974577
1,1,0.988243460655212
0,0,0.046953022480011
0,0,0.0465850420296192
1,1,0.938264608383179
0,0,0.0235144011676311
0,0,0.0161361191421747
0,1,0.744594871997833
1,1,0.883506119251251
0,0,0.0433792918920517
0,0,0.0461859665811062
1,1,0.713720798492432
0,0,0.0134389977902174
0,0,0.020411167293787
1,1,0.98784327507019
0,0,0.0233803112059832
0,0,0.0431239940226078
0,0,0.0118364887312055
1,1,0.972144901752472
0,0,0.048028901219368
0,1,0.952241957187653
1,1,0.945240616798401
0,0,0.0489946790039539
1,1,0.985223054885864
1,1,0.91200190782547
1,1,0.979939341545105
0,0,0.0333861075341702
1,0,0.416536539793015
1,1,0.974651157855988
0,0,0.0228578615933657
1,1,0.960634469985962
1,1,0.862222075462341
1,1,0.967840790748596
1,1,0.986078917980194
1,0,0.0476447865366936
1,1,0.938803970813751
0,0,0.0212128106504679
1,1,0.835211038589478
0,0,0.0432279519736767
0,0,0.0377331152558327
1,1,0.98721307516098
1,1,0.932613134384155
0,0,0.0155711658298969
0,0,0.0305750500410795
1,1,0.97704690694809
1,1,0.966314733028412
1,1,0.849403023719788
0,0,0.0210293792188168
1,1,0.976439476013184
0,0,0.0329111739993095
0,0,0.262112736701965
0,0,0.0496503412723541
0,0,0.0238544642925262
1,1,0.826971411705017
1,1,0.988619923591614
0,0,0.0611984804272652
0,0,0.0739801675081253
1,1,0.966932773590088
0,0,0.326541811227798
0,0,0.0864313989877701
0,0,0.0474533140659332
0,0,0.0458100773394108
0,0,0.0225184019654989
1,1,0.967174828052521
1,1,0.984982550144196
1,1,0.979418158531189
0,0,0.01498952973634
1,1,0.944572746753693
0,0,0.0243794601410627
0,0,0.0297150500118732
0,0,0.01355573348701
1,1,0.97407341003418
1,1,0.818259239196777
1,1,0.961667716503143
1,0,0.0411984473466873
0,0,0.0150787094607949
0,0,0.0148186385631561
1,1,0.855962216854095
0,0,0.022283036261797
1,1,0.970838189125061
0,0,0.0575775317847729
0,0,0.415745973587036
1,1,0.965752243995667
1,1,0.972195267677307
0,0,0.017471257597208
0,0,0.00888032000511885
0,0,0.0194984842091799
1,1,0.969935536384583
1,1,0.991927623748779
0,0,0.00821746233850718
1,1,0.970550417900085
1,1,0.97382640838623
1,1,0.973246395587921
1,1,0.892133831977844
0,0,0.459826737642288
1,1,0.962279736995697
0,0,0.220123469829559
0,0,0.0219345670193434
1,1,0.975044846534729
0,0,0.0162830203771591
1,1,0.978669166564941
1,1,0.96258008480072
0,1,0.532545208930969
0,0,0.014020187780261
1,1,0.960304439067841
1,1,0.984410643577576
1,0,0.0794172957539558
0,0,0.0403723381459713
0,0,0.0693684220314026
1,1,0.966991543769836
0,0,0.031216798350215
1,1,0.989685416221619
0,0,0.0543647669255733
0,0,0.0423572584986687
1,1,0.972116470336914
1,1,0.946865499019623
1,1,0.959032595157623
1,1,0.957925021648407
1,1,0.985515773296356
1,1,0.973282635211945
1,1,0.972547233104706
0,0,0.0649912729859352
0,0,0.0177581440657377
0,0,0.0572360381484032
1,1,0.860588431358337
0,1,0.766742527484894
1,1,0.921954810619354
1,1,0.982535719871521
1,1,0.97742223739624
1,1,0.980405211448669
0,0,0.0146417273208499
0,0,0.0128975845873356
1,1,0.872126758098602
0,1,0.962788760662079
1,1,0.987079799175262
1,1,0.979649484157562
0,0,0.0368979647755623
1,1,0.983931660652161
1,1,0.980007350444794
1,1,0.979047954082489
0,0,0.0178762432187796
1,1,0.979690551757812
1,1,0.963298082351685
1,1,0.97584468126297
1,1,0.856300234794617
1,1,0.979545593261719
1,1,0.943844735622406
1,1,0.976646721363068
0,0,0.0271781757473946
0,1,0.710357367992401
1,1,0.972017109394073
0,0,0.244738966226578
1,1,0.976778745651245
1,1,0.980808734893799
1,1,0.984085559844971
0,0,0.159036844968796
1,1,0.985273540019989
1,1,0.977586805820465
0,0,0.0103392954915762
1,1,0.965680301189423
1,1,0.948451519012451
1,1,0.973265469074249
0,0,0.00905014015734196
0,0,0.0480640009045601
0,0,0.0298012886196375
0,0,0.0261172000318766
0,0,0.0502511374652386
1,1,0.978036224842072
0,0,0.0707254856824875
1,1,0.974717736244202
1,1,0.992881298065186
1,1,0.983009397983551
0,0,0.0898225530982018
0,0,0.0145969679579139
1,1,0.960104525089264
1,0,0.418635189533234
1,0,0.0723043829202652
0,0,0.0140460506081581
1,1,0.990744292736053
0,0,0.127343252301216
0,1,0.6745565533638
1,1,0.869255363941193
1,1,0.975787281990051
0,0,0.0152122341096401
1,1,0.990384936332703
1,1,0.936576366424561
1,1,0.98438686132431
0,0,0.117458552122116
0,0,0.0150812808424234
1,1,0.972224414348602
0,0,0.258938580751419
0,0,0.22358250617981
1,1,0.983493804931641
0,0,0.0170763991773129
1,1,0.979493796825409
0,0,0.0759633779525757
0,0,0.0282136648893356
1,1,0.759693562984467
1,1,0.976209580898285
1,1,0.961333990097046
1,1,0.980984091758728
0,0,0.00856597255915403
1,1,0.861017286777496
0,0,0.030323438346386
1,1,0.807835578918457
1,1,0.987810611724854
0,0,0.0661148726940155
0,0,0.0498354397714138
1,1,0.985830247402191
1,1,0.973871767520905
0,1,0.835474193096161
1,1,0.983440279960632
1,1,0.945327639579773
0,0,0.0101782865822315
0,0,0.0494642071425915
0,0,0.0139710595831275
0,0,0.0161595735698938
0,0,0.199870228767395
1,1,0.913568615913391
1,1,0.993073284626007
1,1,0.941574931144714
0,0,0.0115712247788906
0,0,0.0883478224277496
1,1,0.938324093818665
1,1,0.92693418264389
1,1,0.561311542987823
1,1,0.975559175014496
0,0,0.210846766829491
0,1,0.734796524047852
1,1,0.945516288280487
1,1,0.95549613237381
1,1,0.964027762413025
1,0,0.0878345370292664
0,1,0.532831430435181
1,1,0.982204139232635
0,0,0.018248463049531
1,1,0.894125044345856
1,1,0.932764828205109
0,0,0.0702652856707573
1,1,0.981388747692108
0,0,0.0149841802194715
0,0,0.431579977273941
1,1,0.873499572277069
1,1,0.946523070335388
0,0,0.460158586502075
0,0,0.0464142113924026
1,1,0.97356241941452
0,0,0.0134713798761368
1,1,0.963880658149719
1,1,0.976816594600677
1,1,0.968823730945587
0,0,0.043672438710928
0,0,0.00771360890939832
1,1,0.9663405418396
0,0,0.0737161487340927
0,0,0.198100492358208
1,1,0.922195971012115
0,0,0.229272067546844
0,0,0.0244583506137133
1,1,0.929503560066223
0,0,0.0156859345734119
0,1,0.975170612335205
1,1,0.830162286758423
0,0,0.0390423275530338
1,1,0.965539693832397
0,0,0.0165040045976639
1,1,0.970527529716492
1,1,0.906231582164764
0,0,0.0206730701029301
1,1,0.967802047729492
1,1,0.710922479629517
0,0,0.026138061657548
0,0,0.0454051196575165
0,0,0.0461182929575443
1,1,0.969271004199982
0,0,0.219675600528717
1,1,0.755537152290344
0,0,0.030666945502162
0,0,0.0253592412918806
1,1,0.956613719463348
1,1,0.851279079914093
0,0,0.118958570063114
1,1,0.982485890388489
1,1,0.975161254405975
1,1,0.984985589981079
0,0,0.0823789536952972
1,1,0.957481980323792
1,1,0.982646107673645
0,0,0.0456719510257244
0,0,0.0212046559900045
0,0,0.0215304512530565
0,0,0.0171003639698029
0,0,0.0141992997378111
0,0,0.27213841676712
1,1,0.980936825275421
0,0,0.0202245879918337
1,1,0.783471822738647
1,1,0.912586569786072
1,1,0.984533250331879
0,0,0.0400558635592461
0,0,0.0168301928788424
0,0,0.0191652700304985
0,0,0.0404100306332111
1,1,0.971657991409302
1,1,0.943860054016113
1,1,0.978140592575073
1,1,0.973300457000732
1,1,0.944605827331543
1,1,0.934665203094482
0,0,0.0260005481541157
0,0,0.028516860678792
1,1,0.972874224185944
0,0,0.0273388922214508
0,0,0.0332754217088223
0,0,0.0162182413041592
0,0,0.00802387204021215
1,1,0.872064650058746
1,1,0.836188018321991
1,1,0.885566532611847
1,1,0.831314206123352
1,0,0.204417392611504
1,0,0.480007112026215
1,1,0.974859535694122
0,1,0.675409495830536
0,0,0.0297658033668995
0,1,0.65132087469101
0,0,0.042539194226265
0,0,0.0184244997799397
0,0,0.0235778521746397
1,1,0.970630049705505
1,1,0.969185888767242
1,1,0.970069050788879
1,1,0.965088248252869
0,0,0.0360741317272186
1,1,0.973663091659546
1,1,0.969178140163422
1,1,0.964650571346283
0,1,0.805475771427155
1,1,0.971300065517426
1,1,0.946013569831848
0,0,0.0119205918163061
1,1,0.981905221939087
1,1,0.959813952445984
1,1,0.972457408905029
1,1,0.986417770385742
1,1,0.974009811878204
1,1,0.960501730442047
0,0,0.0340793542563915
1,1,0.887870907783508
1,1,0.974262893199921
0,0,0.0896460935473442
0,0,0.249839887022972
0,0,0.0144295245409012
1,1,0.790568232536316
1,1,0.909009397029877
1,1,0.945447862148285
1,1,0.648340463638306
0,0,0.0214259270578623
0,0,0.0515500791370869
0,0,0.0240758042782545
1,1,0.972817003726959
0,0,0.0898730456829071
0,0,0.0466034598648548
1,1,0.94165974855423
0,0,0.0560338273644447
0,0,0.0265293437987566
0,0,0.0611892230808735
1,1,0.867338478565216
0,0,0.0351709611713886
0,0,0.0540248341858387
1,1,0.956032514572144
0,0,0.0208217687904835
1,1,0.986391663551331
1,1,0.974574625492096
0,0,0.00582701852545142
0,0,0.0404149517416954
1,1,0.977961182594299
0,0,0.0285287462174892
0,0,0.0322991050779819
0,0,0.0262072086334229
1,1,0.87238472700119
1,1,0.812008500099182
1,1,0.959841728210449
0,0,0.103107959032059
1,1,0.755075216293335
1,1,0.830406129360199
1,1,0.972431123256683
0,0,0.0141662443056703
0,0,0.0279130898416042
1,1,0.988213777542114
1,1,0.673740923404694
1,1,0.96537846326828
1,1,0.976840019226074
1,1,0.983374834060669
0,0,0.0771160125732422
1,1,0.949877679347992
0,0,0.102994076907635
0,0,0.0451402552425861
0,0,0.0326175317168236
1,1,0.95048576593399
1,1,0.925220906734467
1,1,0.926606774330139
0,0,0.0953519344329834
1,1,0.978772044181824
1,0,0.0582120567560196
1,1,0.961053669452667
1,1,0.957147121429443
0,0,0.0238317511975765
0,0,0.0209584571421146
0,0,0.0303813833743334
1,1,0.98542445898056
0,0,0.101188667118549
1,1,0.97004771232605
0,0,0.0197123493999243
0,0,0.0858842805027962
0,0,0.117852233350277
0,1,0.699626624584198
1,1,0.983815610408783
0,0,0.417673259973526
1,1,0.947673857212067
1,0,0.449522286653519
0,0,0.1026316806674
0,0,0.0289069395512342
0,0,0.0249334368854761
0,0,0.0198998544365168
1,1,0.943804681301117
0,0,0.0629061236977577
0,1,0.569221615791321
1,1,0.982064366340637
0,0,0.138757094740868
0,0,0.0999345704913139
1,1,0.969695508480072
1,1,0.983269453048706
0,0,0.0142537131905556
0,0,0.0987072587013245
1,1,0.980812966823578
0,0,0.017377944663167
0,0,0.0203623902052641
0,0,0.0159176513552666
1,1,0.96244752407074
0,0,0.011467688716948
0,0,0.0304485931992531
1,1,0.957723498344421
0,0,0.0146909486502409
1,1,0.972119212150574
1,0,0.038341511040926
0,1,0.619572341442108
0,0,0.02321932092309
0,0,0.204516872763634
1,1,0.976145148277283
0,0,0.0252780951559544
1,1,0.927391350269318
1,1,0.98114013671875
1,1,0.953754961490631
1,1,0.976783037185669
0,0,0.0331119745969772
1,1,0.973888576030731
1,1,0.954627513885498
0,0,0.0852355062961578
0,0,0.110059127211571
0,0,0.0104154869914055
1,0,0.154314279556274
0,0,0.0355388298630714
1,1,0.971774578094482
0,0,0.154605910181999
0,0,0.404723942279816
0,1,0.714021325111389
0,0,0.0259752720594406
1,1,0.964317679405212
0,0,0.0392604060471058
1,1,0.951596081256866
0,0,0.235942184925079
1,1,0.954009473323822
0,0,0.130950957536697
1,1,0.882056534290314
0,0,0.0236777290701866
0,0,0.0191123355180025
1,1,0.919615983963013
0,0,0.0291091669350863
0,0,0.0476916283369064
1,1,0.964893758296967
0,0,0.0368281565606594
1,1,0.966028273105621
1,1,0.964667975902557
0,0,0.00957362726330757
0,0,0.0540543273091316
0,0,0.0114912912249565
1,1,0.941044926643372
0,0,0.0824751555919647
1,1,0.94219183921814
1,1,0.96868759393692
1,0,0.145618543028831
1,1,0.98284125328064
0,0,0.0270481519401073
1,1,0.966974794864655
1,1,0.655757069587708
0,0,0.029799984768033
1,1,0.979909360408783
1,1,0.973520934581757
0,0,0.0603194385766983
1,1,0.982525825500488
1,1,0.967910587787628
0,0,0.0212478972971439
1,1,0.978073418140411
0,0,0.0141223212704062
0,0,0.0347442664206028
1,1,0.967355191707611
0,0,0.028307581320405
1,1,0.9563148021698
0,0,0.0297017637640238
0,0,0.0174946263432503
1,1,0.961202800273895
1,1,0.990383088588715
1,1,0.834994852542877
0,0,0.191332444548607
0,0,0.0227999892085791
0,0,0.0340838767588139
1,1,0.866593778133392
1,1,0.983923494815826
1,1,0.927841424942017
0,0,0.0634517073631287
0,0,0.0491900779306889
0,0,0.116760514676571
0,0,0.114076010882854
1,1,0.915451109409332
1,1,0.976866781711578
0,1,0.672330975532532
1,1,0.86592173576355
1,1,0.948768973350525
1,1,0.980807721614838
0,0,0.0150920087471604
0,0,0.0323742032051086
0,0,0.00986624881625175
1,1,0.903141856193542
0,0,0.0936469361186028
1,1,0.951438307762146
1,1,0.811541736125946
0,0,0.124413765966892
0,0,0.0281159859150648
1,1,0.854264914989471
1,1,0.946148037910461
1,1,0.890900731086731
1,1,0.854930877685547
1,1,0.971061050891876
0,0,0.0132815847173333
0,0,0.26477262377739
0,0,0.0138752767816186
1,1,0.950929641723633
0,0,0.316812336444855
1,1,0.981824815273285
0,0,0.0667111650109291
1,1,0.981959164142609
0,0,0.231376156210899
1,1,0.981030106544495
0,0,0.0186612140387297
1,1,0.98078840970993
1,1,0.956886649131775
1,1,0.967614829540253
1,1,0.973786532878876
0,0,0.0296152494847775
1,0,0.0177627019584179
0,0,0.028434170410037
0,0,0.0172303467988968
0,0,0.0139192342758179
1,1,0.801472067832947
1,1,0.975433051586151
0,0,0.0541953667998314
1,1,0.974510490894318
1,1,0.976839125156403
1,1,0.976121306419373
1,1,0.989315032958984
0,0,0.0388811714947224
0,0,0.0138647751882672
1,1,0.986620306968689
0,0,0.0649546086788177
1,1,0.896897912025452
0,0,0.0692100375890732
1,1,0.969461977481842
1,1,0.893359839916229
0,0,0.0328070223331451
1,1,0.971370697021484
1,1,0.957730352878571
0,0,0.0188051927834749
0,0,0.0191803630441427
0,0,0.0186860896646976
0,0,0.0270082876086235
1,1,0.958344638347626
1,1,0.978908777236938
1,1,0.948218107223511
0,0,0.106775134801865
0,0,0.0391431339085102
1,1,0.981761157512665
1,1,0.965836524963379
0,0,0.043341688811779
0,0,0.0405823513865471
1,1,0.970943033695221
1,0,0.189719378948212
0,0,0.0206923522055149
0,0,0.22945798933506
0,0,0.0359347388148308
1,1,0.82867693901062
0,0,0.0349695794284344
1,1,0.989095628261566
1,0,0.419138848781586
1,1,0.987461626529694
0,0,0.0279985070228577
0,0,0.0359183326363564
1,1,0.949927568435669
0,0,0.0340117998421192
0,0,0.0174488350749016
1,1,0.937280595302582
0,0,0.00758557580411434
0,0,0.139177933335304
0,0,0.0302407406270504
1,1,0.87804126739502
1,1,0.98395848274231
1,1,0.968039810657501
0,0,0.151806086301804
1,1,0.85515570640564
0,0,0.0117509551346302
1,1,0.887466192245483
1,1,0.9599369764328
1,1,0.971184849739075
0,0,0.0473417267203331
0,0,0.0150431236252189
0,0,0.0260800197720528
1,1,0.732097506523132
0,0,0.0340505465865135
0,0,0.0207522921264172
0,0,0.107104763388634
1,1,0.974306344985962
1,1,0.972927153110504
1,1,0.809680104255676
1,1,0.984883010387421
1,1,0.97261917591095
0,0,0.0213470403105021
1,1,0.976869642734528
1,1,0.957019150257111
1,1,0.97221565246582
0,0,0.0413608066737652
0,0,0.0212143212556839
0,0,0.0142111582681537
1,1,0.874377131462097
0,0,0.0857856124639511
1,1,0.945141673088074
1,1,0.977778732776642
0,0,0.01903260871768
0,0,0.0337847881019115
1,1,0.957766234874725
0,0,0.0273876059800386
0,0,0.484500676393509
1,1,0.91535347700119
0,0,0.0654308497905731
1,1,0.984429240226746
1,1,0.983681321144104
1,1,0.960241556167603
1,1,0.978723764419556
1,1,0.959059417247772
0,0,0.0463341623544693
1,1,0.960339546203613
0,0,0.0186240989714861
1,1,0.982804715633392
1,0,0.368779957294464
1,1,0.980835556983948
0,0,0.0291637759655714
0,0,0.044826228171587
1,1,0.815460324287415
1,1,0.929938077926636
0,0,0.0195801556110382
0,0,0.0614527575671673
0,0,0.0171376075595617
1,1,0.971373200416565
0,0,0.0283692982047796
0,0,0.275388687849045
0,0,0.0274278372526169
1,1,0.981591463088989
1,1,0.939763247966766
1,0,0.219100221991539
1,1,0.975084483623505
1,1,0.939274609088898
0,0,0.0397640131413937
0,1,0.839678645133972
1,1,0.982187807559967
1,1,0.962045669555664
0,0,0.0166704952716827
1,1,0.922257721424103
1,1,0.945027053356171
1,1,0.964015901088715
1,1,0.980348408222198
1,1,0.983136713504791
1,1,0.976844251155853
0,0,0.0142126483842731
0,1,0.772573292255402
1,1,0.993112862110138
0,0,0.0751859024167061
0,0,0.0506477169692516
0,0,0.0236709453165531
0,0,0.0203477796167135
0,1,0.965250730514526
1,0,0.0255105216056108
0,0,0.0197069421410561
1,1,0.935230195522308
0,0,0.217627793550491
0,0,0.024183439090848
0,0,0.0417495034635067
1,1,0.98028689622879
0,1,0.895013511180878
1,1,0.82096791267395
1,1,0.981169760227203
0,0,0.00785861350595951
0,0,0.00761331664398313
0,0,0.0523123070597649
0,0,0.017718056216836
0,0,0.013506374321878
0,1,0.95497465133667
1,1,0.947935879230499
1,1,0.761146783828735
1,1,0.975563943386078
1,1,0.853044092655182
1,1,0.98475444316864
0,0,0.020682068541646
0,0,0.0173668731004
0,0,0.0256995689123869
1,1,0.971371054649353
1,1,0.979602098464966
1,1,0.866304934024811
1,1,0.967050492763519
0,0,0.0336463339626789
0,0,0.0144012263044715
1,1,0.865221679210663
0,0,0.0138270715251565
0,0,0.351592302322388
0,0,0.0136305447667837
1,1,0.981616616249084
1,1,0.961607396602631
0,0,0.0422030836343765
0,0,0.015948798507452
0,0,0.0354808084666729
0,0,0.0271946750581264
0,0,0.0767951011657715
1,1,0.964717209339142
1,1,0.982244670391083
1,1,0.955993413925171
0,0,0.0421795323491096
0,0,0.0374942496418953
1,1,0.749355256557465
1,1,0.985334396362305
1,1,0.715206742286682
1,1,0.979725778102875
0,1,0.973725140094757
1,1,0.569332540035248
0,0,0.0393693372607231
0,0,0.0247528925538063
1,1,0.941480994224548
0,0,0.0320111736655235
0,0,0.128196582198143
1,1,0.856923878192902
0,0,0.024675864726305
0,0,0.118361808359623
1,1,0.98693060874939
0,0,0.0151295140385628
0,0,0.100088246166706
1,1,0.890279114246368
1,1,0.957117795944214
1,1,0.980859994888306
1,1,0.954237997531891
1,0,0.0423018485307693
0,0,0.0281053632497787
0,0,0.0212499052286148
1,1,0.863493263721466
1,1,0.945277094841003
0,0,0.011226586997509
1,1,0.924223363399506
0,0,0.0229654386639595
1,1,0.975123167037964
1,0,0.019656103104353
0,0,0.0288509111851454
1,1,0.977410852909088
0,0,0.0521279536187649
1,1,0.805329561233521
0,0,0.0213693268597126
0,1,0.967269957065582
1,1,0.937958896160126
0,0,0.0310608670115471
0,0,0.156252667307854
0,0,0.0128410784527659
1,0,0.097425565123558
0,0,0.197920590639114
0,0,0.0309468545019627
0,0,0.0384317263960838
1,1,0.930111527442932
1,0,0.115710660815239
0,0,0.0304027702659369
1,1,0.971221387386322
1,1,0.987220406532288
0,0,0.0268654357641935
0,0,0.0954653099179268
0,0,0.0205725617706776
0,0,0.157928556203842
1,1,0.880011200904846
0,0,0.477092891931534
0,0,0.0281806215643883
1,1,0.825292408466339
1,0,0.0569506958127022
1,1,0.907761812210083
1,0,0.370790660381317
1,1,0.982103407382965
0,0,0.0189166609197855
1,1,0.969411551952362
1,1,0.981509327888489
0,0,0.016126424074173
0,1,0.96646636724472
1,1,0.993284583091736
1,1,0.946942210197449
1,1,0.978714644908905
1,1,0.981322646141052
1,1,0.964797675609589
1,1,0.978733479976654
1,1,0.953314363956451
1,1,0.980099260807037
0,0,0.011684212833643
0,0,0.0288492441177368
1,1,0.555945158004761
0,0,0.367070257663727
0,0,0.0166092459112406
1,1,0.965870678424835
1,1,0.96257883310318
0,0,0.0494531467556953
0,0,0.0531352013349533
0,0,0.0277382675558329
0,0,0.0842979699373245
1,1,0.986878335475922
1,1,0.967078924179077
1,1,0.985458970069885
0,0,0.0168392136693001
1,1,0.979100584983826
0,1,0.875248730182648
1,0,0.461837917566299
0,0,0.0315025895833969
0,0,0.0517144538462162
0,0,0.0281864665448666
0,0,0.0179945006966591
1,1,0.910691380500793
1,1,0.941438019275665
1,1,0.965184509754181
0,0,0.00644430331885815
1,1,0.871175050735474
0,1,0.819485783576965
1,1,0.98123174905777
1,1,0.984297215938568
1,1,0.956456124782562
0,0,0.019136743620038
0,0,0.0420694388449192
1,0,0.185372412204742
1,1,0.964831948280334
0,0,0.104051433503628
0,0,0.177219614386559
1,1,0.965876698493958
0,0,0.0153893334791064
0,0,0.0224571581929922
0,0,0.0188252441585064
1,1,0.974487543106079
0,0,0.0421237498521805
1,1,0.956877470016479
1,1,0.922814786434174
1,1,0.978328824043274
0,0,0.0129301575943828
1,1,0.986590623855591
1,1,0.757409334182739
1,1,0.974179267883301
1,0,0.182027354836464
1,1,0.979767978191376
0,0,0.0118581587448716
0,0,0.0129312602803111
1,1,0.989310741424561
0,0,0.0158306751400232
1,1,0.991790652275085
0,0,0.0503164269030094
0,0,0.0932061076164246
0,0,0.0175629481673241
0,0,0.115304231643677
0,0,0.0711204037070274
1,1,0.982960760593414
1,1,0.970833837985992
0,0,0.0363410487771034
1,1,0.987238824367523
0,0,0.0200965907424688
0,0,0.0239796061068773
1,1,0.973732829093933
1,1,0.975322902202606
1,1,0.961088895797729
0,0,0.0251434855163097
0,0,0.0549048781394958
1,1,0.98530787229538
0,0,0.0118015976622701
1,1,0.937292873859406
1,1,0.624889671802521
0,0,0.011110607534647
0,0,0.0251928437501192
0,0,0.0685650035738945
1,1,0.987072587013245
0,0,0.0108474297448993
0,0,0.0135798435658216
1,1,0.967553019523621
0,0,0.0209552776068449
0,0,0.0132119627669454
1,1,0.989664971828461
1,1,0.980534374713898
0,0,0.297284692525864
0,0,0.200055137276649
1,1,0.864135265350342
0,0,0.101376503705978
1,1,0.942770540714264
1,1,0.844436705112457
0,0,0.0397937037050724
0,0,0.0424958243966103
0,0,0.325251877307892
1,1,0.94584995508194
1,1,0.969228088855743
0,0,0.0597921907901764
1,1,0.982623636722565
0,0,0.0233902260661125
1,1,0.957388758659363
1,1,0.98405659198761
1,1,0.947012364864349
1,1,0.965525507926941
1,1,0.976374089717865
1,1,0.977609694004059
1,1,0.91869705915451
1,1,0.533212661743164
1,1,0.974357485771179
1,1,0.78778874874115
0,0,0.0107807572931051
0,1,0.964631378650665
1,1,0.959694504737854
0,0,0.0186876244843006
1,1,0.955405116081238
0,0,0.03549824655056
1,1,0.963602840900421
1,1,0.970576465129852
0,0,0.248841494321823
1,1,0.967222571372986
0,1,0.582416951656342
1,1,0.924292683601379
0,0,0.0140841910615563
0,0,0.0589278377592564
1,1,0.90769237279892
0,0,0.0306731723248959
1,1,0.972164928913116
1,1,0.770258367061615
0,0,0.0251082461327314
1,0,0.0190518405288458
0,1,0.572517991065979
1,1,0.976913869380951
1,1,0.9834064245224
0,0,0.0226603522896767
0,0,0.0233229137957096
1,1,0.537278234958649
0,0,0.0471022799611092
0,0,0.0426926612854004
0,0,0.0335375592112541
0,0,0.0457719713449478
0,0,0.0222287848591805
1,1,0.980211615562439
1,1,0.892078459262848
1,1,0.984376788139343
0,0,0.0689514130353928
1,1,0.943935036659241
0,0,0.206765905022621
1,1,0.975184679031372
0,0,0.0288297925144434
1,1,0.832633137702942
1,1,0.990103721618652
1,1,0.766539752483368
0,0,0.021782822906971
1,1,0.985530495643616
1,1,0.95706582069397
0,0,0.0151524152606726
0,0,0.0247832182794809
0,0,0.0225364621728659
0,0,0.0666427686810493
0,0,0.40446475148201
0,0,0.265588194131851
0,0,0.0318058542907238
0,0,0.0517770759761333
1,1,0.981379568576813
0,0,0.0353821478784084
1,1,0.941891252994537
1,1,0.956485986709595
1,1,0.971652925014496
0,0,0.0440416894853115
1,1,0.956964015960693
1,1,0.968462288379669
0,1,0.909353792667389
1,1,0.959815859794617
1,1,0.943997800350189
1,1,0.907600343227386
0,0,0.0265129376202822
1,1,0.943122625350952
0,0,0.0222781971096992
1,1,0.988546371459961
1,1,0.971566736698151
0,0,0.0630403086543083
1,1,0.961414873600006
0,0,0.0349824391305447
0,0,0.0257832352072001
1,1,0.962639272212982
0,0,0.0139577519148588
0,0,0.0133970081806183
0,0,0.0212843976914883
0,0,0.0195136275142431
1,1,0.985904157161713
1,1,0.933914959430695
0,0,0.127838864922523
1,1,0.920558333396912
1,1,0.976938247680664
1,0,0.0482033975422382
1,1,0.955164909362793
0,0,0.0249991305172443
0,0,0.0125938523560762
0,0,0.0250490382313728
1,1,0.707663118839264
0,0,0.0308725349605083
0,0,0.0279676113277674
0,0,0.021534563973546
1,1,0.988620817661285
0,0,0.0417569540441036
1,1,0.979714572429657
1,1,0.73492020368576
1,1,0.961990237236023
0,0,0.0135088711977005
0,0,0.0305535905063152
0,0,0.0245372708886862
0,0,0.0542291104793549
1,1,0.767176568508148
0,0,0.109879143536091
1,1,0.977112233638763
0,0,0.0535462088882923
0,0,0.0557793118059635
1,1,0.955579042434692
0,0,0.0139589132741094
0,0,0.0390738807618618
1,1,0.92693418264389
0,0,0.116810761392117
1,1,0.857774674892426
0,0,0.0323030985891819
0,0,0.0361673422157764
1,1,0.927823483943939
1,1,0.967454135417938
0,0,0.0267954878509045
0,0,0.0265508573502302
0,0,0.242795988917351
1,1,0.944523632526398
1,1,0.946205139160156
0,0,0.0219341479241848
0,0,0.014950736425817
1,1,0.927021086215973
1,1,0.973726809024811
1,1,0.986361265182495
0,0,0.0376018099486828
0,0,0.0226794444024563
0,0,0.0167451035231352
1,1,0.977798759937286
1,1,0.95509672164917
0,0,0.0260765794664621
1,1,0.901207506656647
1,1,0.966404438018799
1,1,0.984269380569458
1,1,0.950345575809479
0,0,0.0358708240091801
1,1,0.977659404277802
1,1,0.973211348056793
0,0,0.152087152004242
1,1,0.935142517089844
1,1,0.980662226676941
1,0,0.0244711488485336
1,1,0.983040511608124
0,0,0.00913692358881235
1,1,0.841196238994598
1,1,0.980534374713898
1,1,0.965059161186218
0,0,0.0651989877223969
0,0,0.0142637863755226
0,0,0.0250452384352684
0,0,0.0174610037356615
1,1,0.970813035964966
1,1,0.936148524284363
0,0,0.0145627204328775
1,1,0.964353024959564
1,1,0.991292893886566
1,1,0.75820004940033
0,0,0.151504948735237
0,0,0.169731169939041
0,0,0.0198686141520739
1,1,0.952243030071259
1,1,0.759886503219604
1,1,0.966462433338165
0,0,0.0177547670900822
0,0,0.0294741559773684
0,0,0.021895207464695
0,0,0.14975817501545
1,1,0.828486979007721
1,1,0.984390318393707
0,0,0.103564128279686
0,0,0.0115768657997251
0,0,0.0132944509387016
1,1,0.945132732391357
0,0,0.0282536316663027
0,0,0.401074171066284
1,1,0.970992505550385
1,1,0.643193006515503
0,0,0.0372580103576183
0,1,0.960447490215302
0,0,0.0627647861838341
1,1,0.959291636943817
1,1,0.96871155500412
0,0,0.0394425950944424
0,0,0.0135006066411734
0,0,0.0911979675292969
1,1,0.968921363353729
0,0,0.188916206359863
1,1,0.986325085163116
1,0,0.495344638824463
1,1,0.93320232629776
1,1,0.813051044940948
0,0,0.0178402718156576
1,1,0.93379932641983
1,1,0.960417807102203
1,1,0.964817106723785
0,0,0.0188139136880636
1,1,0.981825053691864
0,0,0.0943836346268654
0,0,0.0119432201609015
0,0,0.0242565535008907
0,0,0.0600449368357658
0,0,0.112330801784992
0,0,0.0199102926999331
1,1,0.941851913928986
0,0,0.149727895855904
0,0,0.0368692874908447
1,1,0.95747709274292
1,1,0.967325150966644
1,1,0.96259617805481
0,0,0.0593026056885719
0,0,0.00507903657853603
0,0,0.0346664004027843
0,0,0.0274578388780355
0,0,0.0783571377396584
0,0,0.307808518409729
0,0,0.013248392380774
1,1,0.961890339851379
1,1,0.979145288467407
1,1,0.986817419528961
0,0,0.0744200125336647
1,1,0.969989717006683
0,1,0.750957131385803
0,1,0.729902327060699
0,0,0.0634586960077286
1,1,0.966877639293671
1,1,0.967494189739227
1,0,0.0879509523510933
1,1,0.966872036457062
1,1,0.774155497550964
1,1,0.98093581199646
1,1,0.979571580886841
0,0,0.0242078118026257
0,0,0.021566241979599
1,1,0.992463946342468
1,1,0.988909304141998
1,1,0.967712700366974
0,0,0.014310565777123
0,0,0.097433790564537
0,0,0.0240856278687716
1,1,0.96581906080246
1,1,0.971628725528717
0,0,0.404277503490448
0,0,0.0412514172494411
0,0,0.0147458408027887
1,1,0.985849499702454
1,1,0.972254872322083
0,0,0.0139636788517237
1,0,0.032803475856781
1,1,0.848554193973541
0,1,0.512166619300842
1,1,0.953369438648224
1,1,0.973536550998688
1,1,0.993358194828033
1,1,0.96363627910614
1,1,0.886728465557098
0,0,0.00671122362837195
1,1,0.652044832706451
1,1,0.927974045276642
1,0,0.2232356518507
0,0,0.0209756791591644
0,0,0.0303051043301821
1,1,0.969739437103271
1,1,0.973178148269653
1,1,0.918338179588318
1,0,0.11224776506424
0,0,0.0409583412110806
0,0,0.0525740571320057
0,0,0.0325856059789658
1,1,0.958616197109222
1,1,0.615734398365021
0,0,0.0185118168592453
1,1,0.930480182170868
0,0,0.0277773458510637
1,1,0.990911066532135
0,0,0.0502536334097385
0,1,0.753126382827759
0,0,0.063152089715004
1,1,0.986077904701233
1,1,0.984188199043274
0,0,0.161197423934937
0,0,0.0380602702498436
0,1,0.58961284160614
1,1,0.814464807510376
1,1,0.512165009975433
0,0,0.0162902399897575
1,1,0.771594285964966
1,1,0.953205823898315
0,0,0.0277788173407316
0,0,0.019201997667551
1,1,0.980300843715668
0,0,0.0230147205293179
1,1,0.940172791481018
1,1,0.956229567527771
1,1,0.961543142795563
0,0,0.0304313451051712
0,0,0.021132780238986
0,0,0.0356254018843174
1,1,0.972129344940186
1,1,0.893244445323944
1,1,0.98987203836441
0,0,0.389955103397369
1,1,0.964337289333344
0,0,0.0650475472211838
0,0,0.0582598671317101
1,1,0.966586053371429
0,0,0.0130993081256747
1,1,0.815425872802734
1,1,0.979739606380463
0,0,0.145164430141449
0,0,0.187500298023224
1,1,0.967558920383453
0,0,0.0474830567836761
0,1,0.954545319080353
1,1,0.982545733451843
0,0,0.0251105409115553
0,0,0.10839219391346
1,1,0.984597563743591
1,1,0.945082724094391
0,0,0.403613597154617
0,0,0.0196687076240778
1,1,0.944012582302094
1,1,0.951410710811615
1,1,0.927593231201172
0,0,0.031052665784955
0,0,0.0583149716258049
0,0,0.139339059591293
1,1,0.992961943149567
1,1,0.981572151184082
0,1,0.961662411689758
0,0,0.0997113287448883
1,1,0.978112876415253
1,1,0.915491938591003
0,0,0.0192118734121323
1,1,0.961417078971863
1,1,0.925998449325562
0,0,0.0338271521031857
1,1,0.974631428718567
0,0,0.110896393656731
1,1,0.983321070671082
0,0,0.0122504634782672
0,0,0.023454999551177
1,1,0.930408954620361
0,0,0.122558787465096
0,0,0.0352993384003639
0,0,0.0313388593494892
1,1,0.566415429115295
1,1,0.986422181129456
1,1,0.939699709415436
1,1,0.982600033283234
0,0,0.118931785225868
1,1,0.972135663032532
1,1,0.931325078010559
0,0,0.0167399141937494
0,0,0.0379992313683033
0,0,0.0223578754812479
0,0,0.0211174674332142
0,0,0.0119836991652846
0,0,0.0122114568948746
0,0,0.0252646673470736
0,0,0.0989658460021019
0,0,0.00908531621098518
1,1,0.712761700153351
1,1,0.95898824930191
1,1,0.9802565574646
1,1,0.972168564796448
1,1,0.970867395401001
0,0,0.048840444535017
0,1,0.735031306743622
0,0,0.0874332934617996
0,0,0.0313373319804668
0,1,0.961310386657715
0,0,0.0149547960609198
0,0,0.0214380268007517
0,0,0.0286229085177183
1,1,0.835987329483032
0,0,0.0660634115338326
1,1,0.773630261421204
1,1,0.968572854995728
1,1,0.938922226428986
1,1,0.966351449489594
1,0,0.0615661516785622
0,1,0.959425687789917
1,0,0.117417566478252
0,0,0.0150911854580045
1,1,0.987732172012329
1,1,0.960297226905823
1,1,0.958664417266846
0,0,0.0487166531383991
1,1,0.969570338726044
1,1,0.894164204597473
1,1,0.984980821609497
1,1,0.962095320224762
1,1,0.980384945869446
0,0,0.0967260003089905
1,1,0.778815150260925
0,0,0.0112151755020022
1,1,0.900538623332977
1,1,0.98708188533783
0,0,0.0111074429005384
1,1,0.978251695632935
0,0,0.0876981690526009
0,0,0.0229058377444744
0,0,0.0894274935126305
0,0,0.0103227440267801
0,0,0.0292036700993776
1,1,0.97002774477005
1,0,0.383334040641785
0,0,0.0171709395945072
0,0,0.0214822590351105
0,0,0.0965344235301018
1,1,0.981650710105896
1,0,0.404816299676895
1,1,0.987568557262421
1,1,0.990455687046051
1,1,0.785260200500488
1,1,0.978037595748901
1,1,0.978194892406464
0,0,0.0369868539273739
0,0,0.0848512798547745
1,1,0.973483681678772
0,0,0.0271656773984432
1,1,0.943441271781921
1,1,0.956099092960358
0,0,0.0558178760111332
0,0,0.0294931512326002
0,0,0.0230954382568598
0,1,0.959221959114075
1,1,0.975555896759033
0,0,0.0109814563766122
0,1,0.650742471218109
0,0,0.0234772972762585
1,1,0.973883152008057
1,1,0.915499866008759
0,1,0.9644935131073
0,0,0.0174278374761343
1,1,0.957515239715576
0,0,0.096093624830246
1,1,0.955528676509857
1,1,0.868203938007355
1,1,0.961987614631653
0,0,0.0714150741696358
0,1,0.928914844989777
1,1,0.949469983577728
0,0,0.016761802136898
1,1,0.980131030082703
0,0,0.0224165674299002
0,0,0.0582139976322651
1,1,0.990845143795013
0,0,0.0178498830646276
0,0,0.165562808513641
0,0,0.0331354290246964
0,0,0.0639838948845863
1,1,0.97489595413208
0,0,0.109670273959637
1,1,0.906598389148712
0,0,0.0132639855146408
0,0,0.0562890693545341
1,1,0.962759137153625
0,0,0.0316550768911839
0,0,0.0368399545550346
1,1,0.886346817016602
0,0,0.0284382794052362
1,1,0.951131939888
1,1,0.969767510890961
1,1,0.974949657917023
0,0,0.0443033650517464
1,1,0.94390070438385
1,1,0.889692962169647
1,1,0.941085636615753
0,0,0.0118630100041628
0,0,0.0185654051601887
0,0,0.0337355583906174
1,1,0.781669318675995
1,1,0.842923581600189
1,1,0.953433990478516
1,1,0.970350444316864
0,0,0.0332996100187302
1,1,0.989566206932068
0,0,0.111102655529976
0,0,0.0272660031914711
0,0,0.00999979674816132
0,0,0.0255121272057295
1,1,0.955044209957123
1,1,0.960419774055481
1,1,0.950568795204163
0,0,0.0319787710905075
1,1,0.927091419696808
1,1,0.971295237541199
1,1,0.974710941314697
0,0,0.139435797929764
0,0,0.0206592064350843
0,0,0.036294411867857
0,0,0.011242201551795
0,0,0.036577146500349
1,1,0.952339887619019
0,0,0.0329061113297939
1,0,0.0408971607685089
1,1,0.937362730503082
1,1,0.96526026725769
1,1,0.977729618549347
1,1,0.867519736289978
0,0,0.0210525095462799
1,1,0.971258699893951
1,1,0.988653957843781
1,1,0.96684855222702
0,0,0.0709429308772087
0,0,0.0130860107019544
1,1,0.97955334186554
0,0,0.0275676175951958
1,1,0.989006280899048
1,1,0.970257103443146
0,0,0.103103213012218
0,0,0.0125099532306194
0,0,0.356699764728546
1,1,0.984499275684357
1,1,0.787381649017334
0,0,0.0495023280382156
1,1,0.950424075126648
1,1,0.957234501838684
0,0,0.0153597304597497
0,0,0.191483154892921
0,0,0.0112722311168909
1,1,0.978907406330109
0,1,0.899288177490234
0,0,0.0166457183659077
1,1,0.921093463897705
0,0,0.0178577676415443
1,0,0.216360181570053
1,1,0.969536900520325
1,0,0.302601188421249
1,1,0.973168671131134
0,0,0.183940231800079
1,1,0.886906266212463
1,1,0.958069443702698
0,0,0.0266529694199562
1,1,0.943506956100464
0,0,0.00627006264403462
0,0,0.149236783385277
1,1,0.539560973644257
0,0,0.160647600889206
1,1,0.746551215648651
1,1,0.930267810821533
1,1,0.921275556087494
1,1,0.970480918884277
0,0,0.0283006113022566
1,1,0.960450768470764
0,0,0.016260327771306
1,1,0.970976948738098
0,0,0.0466911159455776
0,0,0.0463353395462036
0,0,0.0367067418992519
1,1,0.88803368806839
0,0,0.0299728214740753
1,1,0.96249920129776
1,1,0.894688963890076
0,0,0.122652113437653
1,1,0.922057509422302
0,0,0.0149573050439358
0,0,0.382519841194153
0,0,0.0324673764407635
1,1,0.966449320316315
0,0,0.060181375592947
0,0,0.00507903657853603
0,0,0.190176591277122
0,0,0.0203743819147348
0,1,0.563852608203888
1,1,0.948039829730988
1,1,0.947462320327759
1,1,0.978554427623749
0,0,0.0721875727176666
0,0,0.0945751294493675
0,0,0.413350582122803
0,0,0.0182047933340073
1,1,0.972049713134766
0,0,0.0329031683504581
1,1,0.658105909824371
1,1,0.95920592546463
0,0,0.199948310852051
1,1,0.973597347736359
1,1,0.975575864315033
0,0,0.0224728658795357
0,0,0.0318189635872841
0,0,0.0439280308783054
0,0,0.294350147247314
1,1,0.935917615890503
0,0,0.0630629137158394
0,0,0.0269759558141232
0,0,0.352549076080322
1,1,0.958321750164032
0,0,0.00507903657853603
0,1,0.512273609638214
0,0,0.0193307586014271
0,0,0.0304769203066826
1,1,0.882706344127655
1,1,0.79917961359024
0,1,0.509896755218506
0,0,0.0159650836139917
1,1,0.934844553470612
1,1,0.947219371795654
1,1,0.862122297286987
0,0,0.115295760333538
0,0,0.0871207714080811
1,1,0.971917271614075
1,1,0.971221268177032
0,0,0.013822696171701
0,0,0.043682225048542
1,1,0.984045624732971
1,1,0.986540496349335
0,0,0.011426879093051
1,1,0.972680747509003
0,1,0.904448091983795
0,0,0.0218285154551268
1,1,0.947173058986664
1,1,0.815860390663147
0,0,0.00969548337161541
1,1,0.922218382358551
1,1,0.968941390514374
1,1,0.611175358295441
0,0,0.0285762343555689
0,0,0.0308011546730995
0,0,0.0355410873889923
0,0,0.0134054934605956
0,0,0.014181662350893
1,1,0.868484377861023
1,1,0.949402570724487
1,1,0.926864624023438
1,1,0.888946235179901
1,1,0.911007702350616
0,0,0.0375166237354279
1,1,0.956685543060303
1,1,0.936813354492188
1,1,0.983037948608398
0,0,0.0177165139466524
0,0,0.0175266694277525
0,0,0.0134965553879738
1,1,0.959109306335449
1,1,0.972100913524628
0,0,0.00995038822293282
1,1,0.985159873962402
1,1,0.984098970890045
0,0,0.027010740712285
0,0,0.0496492832899094
0,0,0.312516003847122
0,0,0.0245624035596848
0,0,0.170447170734406
0,0,0.0138315400108695
1,0,0.0752865448594093
0,0,0.0103180874139071
0,0,0.0186343975365162
0,0,0.0493814311921597
0,0,0.0596987865865231
0,0,0.092399574816227
0,0,0.018607210367918
0,1,0.954330742359161
1,1,0.964152872562408
0,0,0.227359384298325
1,1,0.965974986553192
0,0,0.0218574702739716
0,0,0.0828707218170166
1,0,0.266348421573639
0,0,0.215798646211624
0,0,0.024663744494319
0,1,0.700564563274384
0,0,0.0210453327745199
1,1,0.978231132030487
0,1,0.595357120037079
1,1,0.974666118621826
0,0,0.0133276497945189
1,1,0.988827466964722
1,1,0.913923561573029
1,1,0.981451690196991
0,0,0.0782206952571869
0,0,0.0287365689873695
1,1,0.983852863311768
1,1,0.967115819454193
0,0,0.0671283006668091
0,0,0.0194614920765162
1,1,0.980339586734772
1,0,0.266161054372787
1,1,0.957760870456696
1,1,0.563166797161102
1,1,0.794227838516235
0,0,0.0117711508646607
0,0,0.0122105646878481
0,0,0.013778449036181
0,0,0.0170292109251022
0,0,0.0592774823307991
1,0,0.342350900173187
1,1,0.98076069355011
1,1,0.969216763973236
0,0,0.0213007666170597
0,0,0.0120486868545413
1,1,0.569329798221588
1,1,0.973250567913055
0,0,0.0203590840101242
1,1,0.562126100063324
0,0,0.0248068403452635
1,1,0.900896370410919
1,1,0.942564904689789
1,1,0.977929294109344
1,1,0.949646055698395
0,0,0.0250990260392427
1,1,0.962610125541687
0,0,0.0134786693379283
1,1,0.969653725624084
0,0,0.0828367471694946
0,0,0.038624219596386
0,0,0.0243118014186621
1,1,0.977706253528595
0,0,0.00977923441678286
1,1,0.985172510147095
0,0,0.0626619085669518
0,0,0.0593142062425613
0,0,0.0272368807345629
0,0,0.0437585115432739
1,1,0.982497990131378
0,0,0.029011582955718
1,1,0.957639932632446
0,0,0.0527049750089645
0,1,0.736930131912231
1,1,0.929618835449219
1,1,0.835002362728119
1,1,0.971604526042938
0,0,0.0470076352357864
1,1,0.955620110034943
1,1,0.780120432376862
1,1,0.979226589202881
0,0,0.182789713144302
0,0,0.0268432796001434
1,1,0.859531581401825
1,1,0.985856771469116
0,0,0.0989061594009399
0,0,0.0261295828968287
1,1,0.977813005447388
0,0,0.043776161968708
1,1,0.984808087348938
0,0,0.0391179695725441
0,0,0.046432975679636
1,1,0.984497308731079
0,0,0.0267996843904257
0,0,0.0159383099526167
1,1,0.966365039348602
0,1,0.58109986782074
0,0,0.0142535055056214
0,1,0.970416486263275
1,1,0.981069028377533
0,0,0.0341550000011921
1,1,0.978442490100861
1,1,0.980366170406342
0,0,0.0204130206257105
0,0,0.025702403858304
0,0,0.0237723086029291
1,1,0.97522383928299
1,1,0.927289962768555
1,1,0.972047090530396
1,1,0.986682057380676
1,1,0.936689794063568
0,0,0.0229207873344421
0,0,0.0122774261981249
1,0,0.221402794122696
0,0,0.0309220254421234
1,1,0.963748633861542
0,0,0.121311366558075
1,1,0.961819529533386
0,0,0.0775494575500488
1,1,0.918550372123718
0,0,0.00621038768440485
1,1,0.972966074943542
1,1,0.983203411102295
0,0,0.041281770914793
1,1,0.966467559337616
0,0,0.0551284290850163
1,1,0.94147127866745
0,0,0.0247178040444851
1,1,0.96742856502533
1,1,0.966851770877838
0,0,0.0145905623212457
0,0,0.0219679158180952
1,1,0.960614264011383
0,0,0.235928222537041
1,1,0.893049120903015
0,0,0.262360394001007
1,1,0.983375608921051
1,0,0.426421493291855
1,1,0.96690970659256
1,1,0.970663607120514
1,1,0.966026842594147
0,0,0.1170499548316
1,1,0.940271317958832
0,0,0.147057980298996
0,0,0.0817916318774223
0,0,0.0164562705904245
1,1,0.927026927471161
1,1,0.922038972377777
0,0,0.0689767971634865
1,1,0.908097505569458
1,1,0.927619099617004
0,0,0.070610947906971
1,1,0.948110938072205
0,0,0.0369028970599174
1,1,0.978931367397308
1,1,0.958218812942505
1,1,0.969345808029175
1,1,0.851781487464905
1,1,0.919344067573547
1,1,0.758295357227325
0,0,0.494297832250595
0,0,0.0155051397159696
1,1,0.971568167209625
1,1,0.968779683113098
1,1,0.919030010700226
1,1,0.976101994514465
0,1,0.836447656154633
0,0,0.0271607208997011
0,0,0.0247758850455284
1,1,0.968216121196747
0,0,0.036557774990797
0,0,0.215450808405876
1,1,0.879635512828827
1,1,0.851717412471771
1,1,0.977507650852203
1,1,0.598160624504089
0,0,0.0348347574472427
1,1,0.980419099330902
1,1,0.969376683235168
0,0,0.0352372415363789
1,1,0.888864994049072
1,1,0.964704275131226
1,1,0.971559524536133
1,1,0.943450152873993
0,0,0.0308325421065092
1,1,0.878491401672363
0,0,0.0344749316573143
1,1,0.657152354717255
0,0,0.0143120652064681
0,0,0.0164019018411636
0,0,0.0125628905370831
0,0,0.021716121584177
1,1,0.881349861621857
0,0,0.0153570398688316
1,1,0.948904275894165
0,0,0.040141973644495
1,0,0.112576015293598
0,0,0.0250637046992779
0,0,0.00886970385909081
1,1,0.861465215682983
1,1,0.984101831912994
0,0,0.0116581851616502
1,1,0.949378073215485
0,0,0.0570968315005302
0,0,0.0230841506272554
0,0,0.0300405845046043
1,1,0.975717902183533
1,1,0.984733521938324
0,0,0.0320362709462643
0,0,0.0290769692510366
0,0,0.0167393498122692
0,0,0.0234636031091213
0,0,0.0428026653826237
1,1,0.899528324604034
0,0,0.0170458368957043
0,0,0.0342704318463802
0,0,0.00796639919281006
0,1,0.587198078632355
0,0,0.0443974919617176
0,0,0.0296241007745266
0,0,0.013715454377234
1,1,0.547322809696198
1,1,0.728747844696045
0,0,0.0167875830084085
1,0,0.28904065489769
1,1,0.969091355800629
0,0,0.0265118610113859
0,0,0.0228374917060137
1,1,0.986113250255585
1,1,0.904404819011688
1,1,0.973900377750397
1,1,0.972712695598602
1,1,0.816648364067078
1,1,0.790995478630066
1,1,0.932263433933258
0,0,0.185452103614807
0,0,0.0569237545132637
1,1,0.972030222415924
1,1,0.947473287582397
1,1,0.95307320356369
0,0,0.0913420468568802
1,1,0.952639162540436
1,1,0.974971175193787
1,1,0.952611923217773
0,0,0.0179864261299372
0,0,0.0323241911828518
0,0,0.0653640851378441
1,1,0.98600035905838
0,0,0.0157852433621883
0,0,0.0206623021513224
1,1,0.893064379692078
0,0,0.0314549989998341
0,0,0.0296874828636646
1,1,0.97945648431778
0,0,0.0203466191887856
1,1,0.915176272392273
1,1,0.979053437709808
1,1,0.740135788917542
0,0,0.0559634454548359
1,1,0.982882261276245
0,0,0.0401162579655647
0,0,0.0855986475944519
1,1,0.974480271339417
1,1,0.975733816623688
1,1,0.960650444030762
0,0,0.0133057460188866
0,0,0.0262898709625006
0,0,0.0343508049845695
0,0,0.0101166116073728
1,1,0.985891401767731
0,0,0.0272142849862576
1,1,0.970493018627167
1,1,0.958458602428436
0,0,0.0230899900197983
1,1,0.963329970836639
1,1,0.96855616569519
0,0,0.0139558287337422
1,1,0.931957364082336
1,1,0.948036253452301
1,1,0.978409051895142
0,0,0.0381830967962742
0,0,0.0670815408229828
1,1,0.98954564332962
1,1,0.988418519496918
1,1,0.799999475479126
1,1,0.934051036834717
0,0,0.0135812368243933
1,1,0.848303854465485
0,0,0.0204434357583523
0,0,0.0126934889703989
1,1,0.956592559814453
0,0,0.0299396608024836
0,0,0.10939472168684
0,0,0.0118153477087617
1,1,0.975745618343353
1,1,0.91929566860199
1,1,0.99280858039856
1,1,0.947433471679688
1,1,0.973544120788574
0,0,0.0586300529539585
1,1,0.911239385604858
0,0,0.0426305755972862
1,1,0.971723616123199
0,0,0.100435994565487
1,0,0.342551797628403
0,0,0.0843012928962708
0,0,0.0243361163884401
1,1,0.974170446395874
0,0,0.0308132749050856
0,0,0.0105913104489446
1,1,0.978767812252045
1,1,0.976780533790588
1,1,0.956739544868469
1,1,0.986450672149658
0,0,0.0214195437729359
0,0,0.0182115957140923
1,1,0.984951913356781
1,1,0.986425518989563
1,1,0.964403808116913
0,0,0.0153088122606277
0,0,0.0508480854332447
1,1,0.965553045272827
1,1,0.982331275939941
1,1,0.862567782402039
1,1,0.985653340816498
1,1,0.893668293952942
1,1,0.972584366798401
0,0,0.0241731889545918
1,1,0.966489493846893
1,1,0.942840337753296
0,0,0.0293976701796055
1,1,0.952766180038452
0,0,0.0226926766335964
1,1,0.97949206829071
0,0,0.124238535761833
0,0,0.0843294784426689
1,1,0.967111706733704
0,0,0.011156527325511
0,1,0.75301730632782
1,1,0.956848680973053
1,1,0.851038753986359
1,1,0.958518505096436
0,0,0.0280530862510204
1,1,0.967293620109558
1,1,0.943386614322662
1,1,0.962400257587433
1,1,0.87913054227829
0,0,0.0304137542843819
0,0,0.0593379177153111
1,1,0.90439236164093
1,1,0.959488034248352
0,0,0.0266079902648926
0,1,0.591151833534241
0,0,0.0103514129295945
0,0,0.0218627266585827
1,1,0.789222061634064
0,0,0.032273069024086
1,1,0.989374101161957
0,0,0.0398160703480244
0,0,0.034109354019165
1,1,0.942946672439575
1,1,0.971489548683167
0,0,0.0864135697484016
0,0,0.0431551970541477
1,1,0.96774160861969
0,0,0.0135984383523464
0,0,0.0210981518030167
0,0,0.0171489510685205
0,0,0.391331315040588
1,1,0.960241556167603
1,1,0.956786692142487
1,1,0.952625334262848
0,0,0.109292894601822
0,0,0.0405036211013794
1,1,0.964775025844574
1,1,0.977818369865417
1,1,0.979825079441071
0,0,0.0166336093097925
0,1,0.898250222206116
0,0,0.0814513564109802
0,0,0.0114542096853256
0,0,0.0234308075159788
1,1,0.924094378948212
0,0,0.0106735825538635
1,1,0.976364016532898
0,0,0.0411831252276897
1,1,0.973508298397064
0,0,0.0374557040631771
1,1,0.964447379112244
1,1,0.899353742599487
1,1,0.981657981872559
0,0,0.0434021316468716
1,1,0.932504177093506
0,0,0.00984589010477066
0,0,0.0983429476618767
1,1,0.969085097312927
1,1,0.967886090278625
1,1,0.944923102855682
0,1,0.957386910915375
1,1,0.744859874248505
0,0,0.0294462833553553
0,0,0.0338530093431473
1,0,0.364508450031281
1,1,0.81980949640274
1,1,0.969300866127014
0,0,0.00905084144324064
1,1,0.992223560810089
0,0,0.0679524540901184
0,0,0.0124124987050891
0,0,0.0157295111566782
0,0,0.0231220871210098
0,0,0.0489138513803482
0,0,0.0104538528248668
1,1,0.988911986351013
1,1,0.984042823314667
1,1,0.979125499725342
0,0,0.0170853976160288
1,1,0.980977118015289
0,0,0.0131686273962259
1,1,0.918442964553833
0,0,0.0235455092042685
0,0,0.10933630168438
1,1,0.945318639278412
0,0,0.028497476130724
0,0,0.0129963317885995
0,0,0.0144323669373989
1,1,0.987415611743927
1,1,0.984268546104431
1,1,0.959600985050201
0,0,0.0377875939011574
1,1,0.92931592464447
0,0,0.038754541426897
1,1,0.977384746074677
1,1,0.984969139099121
0,0,0.0279558300971985
1,1,0.95263946056366
1,1,0.839707791805267
0,0,0.0923482477664948
0,0,0.0264756586402655
0,0,0.0226383600383997
1,1,0.977297782897949
1,1,0.969752252101898
1,1,0.900533020496368
1,1,0.952362060546875
1,1,0.976485133171082
0,0,0.0168118420988321
0,0,0.032349556684494
1,1,0.986567378044128
0,0,0.0495112799108028
0,0,0.44124162197113
0,0,0.0736276134848595
0,0,0.0184516347944736
0,1,0.643604218959808
0,0,0.0428909957408905
1,1,0.95420229434967
0,0,0.0282076522707939
0,0,0.0173036623746157
0,0,0.0203166250139475
1,1,0.982986032962799
0,0,0.013436084613204
0,0,0.0146895479410887
1,1,0.983897984027863
1,1,0.979427099227905
0,0,0.463790476322174
1,1,0.961588084697723
0,0,0.365205615758896
0,0,0.0107176760211587
0,0,0.0306321606040001
1,1,0.917113721370697
0,0,0.00794610194861889
1,1,0.976435005664825
1,1,0.967885434627533
0,0,0.0203426703810692
1,1,0.948302268981934
1,1,0.736093163490295
0,0,0.262566328048706
1,1,0.983812808990479
0,0,0.0525773242115974
1,1,0.848417222499847
1,1,0.944309175014496
1,1,0.982596933841705
1,1,0.975099444389343
1,1,0.960871577262878
0,0,0.0530426725745201
1,1,0.976288318634033
0,0,0.0166178457438946
1,1,0.984828054904938
0,0,0.0191790331155062
1,1,0.951934337615967
1,0,0.390509903430939
0,0,0.0245320722460747
0,0,0.013921806588769
1,1,0.970795035362244
1,1,0.989524185657501
1,1,0.984985828399658
1,1,0.975356340408325
0,0,0.0364963822066784
0,0,0.0657316520810127
1,1,0.678320109844208
1,1,0.967652082443237
1,0,0.0624028109014034
0,0,0.0266620442271233
0,0,0.0237313099205494
1,1,0.634538292884827
1,1,0.905783712863922
0,0,0.20070706307888
1,1,0.83511620759964
1,1,0.973023653030396
0,0,0.414712369441986
1,1,0.96639609336853
0,0,0.0371003560721874
0,0,0.0363141782581806
1,0,0.206242993474007
0,0,0.027843976393342
1,1,0.723092675209045
0,0,0.0903517678380013
0,0,0.0470629259943962
0,0,0.0229206718504429
1,1,0.696091890335083
0,0,0.0562303960323334
1,1,0.970847845077515
1,1,0.835959255695343
0,0,0.207982018589973
0,0,0.0195997077971697
1,1,0.936132431030273
0,0,0.0434633381664753
1,1,0.987919688224792
1,1,0.984566748142242
1,1,0.972167611122131
0,0,0.0123838596045971
0,0,0.0191072467714548
1,1,0.911595344543457
1,1,0.951494097709656
1,1,0.98362535238266
0,0,0.0166545007377863
1,1,0.957281053066254
1,1,0.931760907173157
1,1,0.977815866470337
1,1,0.989567816257477
0,0,0.0420359298586845
1,1,0.969114184379578
1,0,0.279963850975037
0,0,0.0144144240766764
0,0,0.0317933559417725
1,1,0.981164395809174
1,1,0.945514678955078
1,1,0.955253124237061
1,1,0.973019480705261
0,0,0.17134901881218
1,1,0.986446022987366
1,1,0.986078917980194
1,1,0.78663295507431
0,1,0.586583018302917
0,0,0.0276825558394194
0,0,0.0229108966886997
0,0,0.0455896146595478
0,0,0.0767370909452438
0,0,0.0425004921853542
0,0,0.0583574771881104
0,0,0.121297881007195
1,1,0.977980136871338
0,0,0.0352769792079926
0,0,0.0238372571766376
1,1,0.936603605747223
1,1,0.969645202159882
0,0,0.0946596190333366
0,0,0.0232253838330507
1,1,0.974621832370758
0,0,0.0136204771697521
1,1,0.962865769863129
1,0,0.0444776974618435
1,1,0.948701679706573
0,1,0.722259521484375
1,1,0.781843364238739
0,1,0.611847341060638
1,0,0.254300445318222
0,0,0.0354941822588444
1,1,0.887094259262085
0,0,0.0243742000311613
0,0,0.0396487601101398
0,0,0.0358016602694988
0,0,0.231340825557709
0,0,0.0250438172370195
1,1,0.968030989170074
0,0,0.0210504271090031
0,0,0.0118491500616074
1,1,0.975285947322845
1,1,0.916673421859741
0,0,0.037921067327261
1,1,0.955658316612244
1,1,0.981185257434845
1,1,0.876301407814026
0,0,0.0132619459182024
1,1,0.987343311309814
0,0,0.110317200422287
1,1,0.983421623706818
0,0,0.0243008956313133
1,1,0.976508140563965
0,0,0.0390563793480396
1,1,0.980774700641632
0,0,0.0134017998352647
1,1,0.979568362236023
0,0,0.0208767969161272
1,1,0.985132038593292
1,0,0.10832329839468
1,1,0.949913382530212
0,0,0.0134853795170784
0,0,0.0481935776770115
0,0,0.0171788018196821
1,1,0.975597858428955
1,1,0.974751055240631
1,1,0.926507592201233
1,0,0.252191692590714
1,0,0.363527894020081
1,1,0.969966948032379
0,0,0.0833837762475014
0,0,0.0244928598403931
0,0,0.25829342007637
1,1,0.750185608863831
0,0,0.261924713850021
0,0,0.029307596385479
1,1,0.899832367897034
1,1,0.82191526889801
1,1,0.965401351451874
0,0,0.0350625142455101
0,0,0.0233444198966026
0,0,0.436918497085571
0,0,0.0253322124481201
1,1,0.981030821800232
0,0,0.0446055009961128
1,1,0.865555226802826
1,1,0.964886546134949
0,0,0.0548500753939152
1,1,0.985631465911865
0,0,0.0257781334221363
1,1,0.717770516872406
0,0,0.0108544668182731
1,1,0.601956725120544
0,0,0.0152341071516275
1,1,0.986523866653442
1,1,0.96718031167984
0,0,0.0132127152755857
1,1,0.968219697475433
0,0,0.0236972756683826
1,1,0.956408381462097
0,0,0.044109869748354
1,1,0.984226286411285
0,0,0.055745217949152
1,1,0.980516970157623
0,0,0.0310537293553352
1,1,0.576152741909027
0,0,0.0188470743596554
0,0,0.0315031409263611
1,1,0.951484799385071
0,0,0.0128433164209127
1,1,0.973400771617889
1,1,0.954453766345978
0,0,0.111448876559734
0,0,0.041775606572628
1,1,0.950351893901825
0,0,0.0216980408877134
1,1,0.971339881420135
1,1,0.93953537940979
0,0,0.0249587614089251
0,0,0.0328441262245178
1,1,0.97786808013916
0,0,0.0647774934768677
1,1,0.970837533473969
0,0,0.022845234721899
1,0,0.0289348382502794
1,1,0.972080767154694
0,0,0.00968510564416647
0,0,0.0398486703634262
1,1,0.984788298606873
0,0,0.0196109507232904
1,1,0.970997452735901
1,1,0.962166011333466
1,1,0.954350590705872
0,0,0.0719176605343819
0,0,0.0147583298385143
1,1,0.951390624046326
1,1,0.978562653064728
0,0,0.250461637973785
1,1,0.982961356639862
1,1,0.963429629802704
1,1,0.945693731307983
1,0,0.164532750844955
1,1,0.98631751537323
1,1,0.957051575183868
1,1,0.981285572052002
1,1,0.960921227931976
0,0,0.0803254917263985
1,1,0.980454862117767
1,1,0.919768333435059
0,0,0.0146381435915828
0,0,0.05112499371171
0,0,0.0404126867651939
1,1,0.906981289386749
0,0,0.284574955701828
1,1,0.928098201751709
0,0,0.0478156581521034
1,1,0.920376121997833
1,1,0.976094603538513
1,1,0.990408539772034
0,0,0.284677594900131
0,0,0.0110375499352813
1,1,0.960472583770752
0,0,0.0408124476671219
0,0,0.0412596575915813
0,0,0.0508299097418785
1,0,0.412628561258316
1,1,0.762064039707184
0,0,0.250162750482559
0,0,0.0227297060191631
0,1,0.926235437393188
1,1,0.987334251403809
0,0,0.0562698468565941
0,0,0.0187413096427917
0,0,0.191447049379349
0,0,0.132972329854965
0,0,0.0231252294033766
0,0,0.0242884736508131
1,1,0.981705963611603
1,1,0.922078251838684
0,0,0.0105908159166574
1,1,0.97382777929306
1,1,0.987541854381561
0,0,0.0202073846012354
0,0,0.0247962214052677
0,0,0.028311962261796
1,1,0.965432822704315
1,1,0.988872110843658
1,1,0.967514932155609
0,0,0.0100704301148653
1,1,0.96476149559021
1,1,0.94676810503006
0,0,0.0225142370909452
1,1,0.979589760303497
0,0,0.0135308066383004
0,0,0.0137522704899311
0,0,0.0239810850471258
1,1,0.940726757049561
1,1,0.982549667358398
1,1,0.937202274799347
0,0,0.116167634725571
1,1,0.864346325397491
1,1,0.970603406429291
0,0,0.0652033910155296
0,0,0.0213594660162926
1,0,0.104954987764359
1,1,0.920973718166351
1,1,0.97161453962326
0,0,0.0192603934556246
1,1,0.976582109928131
1,1,0.986314415931702
1,1,0.967369019985199
1,1,0.98333078622818
1,1,0.963308155536652
1,1,0.968922793865204
1,1,0.930867671966553
1,1,0.965009093284607
1,1,0.804546415805817
1,1,0.98411500453949
0,0,0.0652468875050545
0,0,0.141553938388824
0,0,0.0310946349054575
0,0,0.159881591796875
1,1,0.976201415061951
0,0,0.0901690274477005
1,1,0.961104333400726
0,0,0.0126069877296686
0,0,0.0313053093850613
1,1,0.973714172840118
1,1,0.851322650909424
1,1,0.988760232925415
0,0,0.0533738806843758
1,1,0.948964953422546
1,1,0.943964123725891
0,0,0.0294351428747177
0,0,0.108552508056164
1,1,0.977541625499725
1,1,0.966053307056427
1,1,0.970907986164093
1,1,0.755721926689148
1,1,0.982142090797424
1,1,0.96096408367157
1,1,0.980584263801575
1,1,0.984195828437805
0,0,0.00993133056908846
0,0,0.0160975642502308
1,1,0.948629558086395
1,1,0.956557869911194
1,1,0.933059096336365
0,0,0.0409468077123165
1,1,0.941113114356995
1,1,0.978632390499115
1,1,0.977615296840668
1,1,0.9752197265625
1,1,0.984070777893066
0,0,0.0238379519432783
0,0,0.119249135255814
1,1,0.983727812767029
1,1,0.901075005531311
0,0,0.177739754319191
1,1,0.91722583770752
1,1,0.953450679779053
0,0,0.024318516254425
1,1,0.984512448310852
1,1,0.966613471508026
1,1,0.985395193099976
0,0,0.0228078681975603
0,0,0.0165248513221741
1,1,0.969296872615814
1,1,0.92885547876358
1,1,0.753955245018005
0,0,0.0237473286688328
1,1,0.97496098279953
1,1,0.938750863075256
0,0,0.0181878320872784
0,0,0.0318454205989838
0,0,0.0163223184645176
0,0,0.0206989161670208
1,1,0.982325732707977
1,1,0.964019358158112
0,0,0.0290862135589123
0,0,0.010035096667707
1,1,0.945228397846222
0,1,0.860454857349396
0,0,0.0171545222401619
0,0,0.0315975397825241
1,1,0.804183125495911
1,1,0.784134805202484
1,1,0.972916185855865
1,1,0.984338581562042
0,0,0.0233727190643549
0,0,0.074916735291481
1,1,0.96889191865921
0,0,0.0377839952707291
1,1,0.925975263118744
1,1,0.98481559753418
0,0,0.0224472098052502
0,0,0.0503250956535339
1,1,0.939138829708099
0,0,0.017435148358345
0,0,0.0254089813679457
1,1,0.960303366184235
1,1,0.884441733360291
0,0,0.0960074439644814
1,1,0.947893679141998
1,1,0.793308258056641
0,0,0.0469035841524601
0,0,0.0273629520088434
0,0,0.0238827876746655
0,0,0.0149575918912888
0,0,0.161114126443863
1,1,0.971640884876251
0,0,0.0148200793191791
1,1,0.985289990901947
1,1,0.991715610027313
1,1,0.956094741821289
0,0,0.0584088489413261
1,1,0.9234379529953
1,1,0.980926394462585
0,0,0.0106656299903989
0,0,0.0425186008214951
1,1,0.956100225448608
1,1,0.978722512722015
1,1,0.910856246948242
1,1,0.988807499408722
1,0,0.469127207994461
1,1,0.991338729858398
0,0,0.0493136346340179
1,1,0.896218597888947
1,1,0.966351568698883
0,0,0.309519559144974
1,1,0.957215845584869
1,1,0.968719363212585
1,1,0.984836995601654
1,1,0.976967811584473
1,1,0.925147771835327
0,0,0.0421326085925102
1,1,0.952429533004761
1,1,0.979857623577118
0,0,0.133395224809647
1,1,0.88061785697937
1,1,0.910023629665375
1,1,0.975823163986206
0,0,0.343282610177994
0,0,0.0148253934457898
1,1,0.98125171661377
1,1,0.989029049873352
1,1,0.972407341003418
0,0,0.0382066927850246
0,1,0.928775250911713
1,1,0.944466710090637
1,1,0.963630318641663
0,0,0.311901599168777
0,0,0.0162536408752203
1,1,0.977029800415039
0,0,0.0377610586583614
0,0,0.0169717874377966
1,1,0.989790618419647
0,0,0.0134542677551508
1,1,0.98949921131134
0,0,0.0176182892173529
1,1,0.966587722301483
1,1,0.966578960418701
1,1,0.946345806121826
0,0,0.0670442208647728
1,1,0.968661189079285
0,0,0.0206590574234724
0,0,0.0519015081226826
1,1,0.954344153404236
0,0,0.0163758210837841
1,1,0.962570548057556
1,1,0.963829398155212
1,1,0.94348156452179
0,0,0.015050919726491
0,0,0.0935665667057037
0,0,0.0259660221636295
1,1,0.965221166610718
0,0,0.0172770470380783
0,0,0.0179911833256483
0,0,0.0176134705543518
1,1,0.936805367469788
1,0,0.0227263923734426
0,0,0.0338016040623188
1,0,0.339665085077286
1,1,0.897916376590729
1,1,0.982337951660156
0,0,0.00832711532711983
1,0,0.178980693221092
0,0,0.0221662987023592
1,0,0.067496195435524
0,0,0.0236026514321566
0,0,0.0209119748324156
1,1,0.911555051803589
1,1,0.968497276306152
0,0,0.0684908106923103
1,1,0.984632134437561
1,1,0.796335577964783
1,1,0.935106992721558
1,1,0.982599139213562
1,1,0.887020885944366
0,0,0.473063617944717
0,0,0.0147735197097063
1,1,0.949834406375885
0,1,0.802892863750458
1,1,0.985261261463165
0,0,0.0369897074997425
0,0,0.0151345515623689
1,1,0.866431534290314
1,1,0.953495681285858
1,1,0.90161120891571
0,0,0.0228042136877775
1,1,0.86462390422821
1,1,0.95971417427063
1,1,0.949341118335724
0,0,0.0252427663654089
1,1,0.956714868545532
1,1,0.810178160667419
1,1,0.955584704875946
1,1,0.973140120506287
1,1,0.945792675018311
1,1,0.910332262516022
1,1,0.985048294067383
0,0,0.0114352256059647
1,1,0.977798521518707
0,0,0.014899174682796
0,0,0.0371754840016365
0,0,0.0574546530842781
0,0,0.0703221037983894
0,0,0.0265610404312611
0,0,0.0790423974394798
0,0,0.252481281757355
0,0,0.0295067317783833
0,0,0.0241347514092922
0,0,0.0221058502793312
1,1,0.985522747039795
1,1,0.955743014812469
1,1,0.505418002605438
0,0,0.013659649528563
0,0,0.0686726719141006
1,1,0.940557777881622
0,0,0.47658970952034
1,1,0.95103120803833
1,1,0.984929263591766
0,0,0.0572476573288441
0,0,0.0122590400278568
1,1,0.953077495098114
1,1,0.926119089126587
1,1,0.96185427904129
0,0,0.0124995075166225
1,1,0.96605509519577
1,1,0.878550350666046
0,0,0.0915340110659599
0,0,0.00776036363095045
0,0,0.0192224029451609
0,0,0.0288021881133318
0,1,0.959160327911377
1,1,0.891428887844086
1,1,0.984876155853271
1,1,0.957286417484283
1,1,0.954044818878174
0,0,0.0153032997623086
0,0,0.105858214199543
1,1,0.961065590381622
0,0,0.0269719026982784
1,1,0.907697319984436
0,0,0.028068570420146
0,0,0.0208743810653687
1,1,0.97014993429184
0,0,0.0857763364911079
0,0,0.0194244738668203
1,1,0.954054355621338
0,0,0.439194738864899
0,0,0.035844374448061
0,0,0.0707999616861343
1,1,0.980727910995483
0,0,0.142103463411331
1,1,0.967766761779785
0,0,0.0283612161874771
0,0,0.138729482889175
0,0,0.0158477108925581
0,0,0.0227140579372644
1,1,0.956603348255157
0,0,0.311047166585922
0,1,0.616444170475006
0,0,0.019255768507719
0,0,0.0221555475145578
1,1,0.955581247806549
1,1,0.885278642177582
0,0,0.0113894818350673
0,0,0.0651070103049278
0,0,0.0211296044290066
1,1,0.957403302192688
1,1,0.97676008939743
0,0,0.0229578744620085
1,1,0.992449760437012
1,1,0.957250714302063
1,1,0.985477566719055
1,1,0.869274020195007
1,1,0.830257833003998
1,1,0.887917339801788
1,1,0.977920413017273
0,0,0.0329708382487297
0,0,0.0216384176164865
0,0,0.366723090410233
0,0,0.0196172576397657
1,0,0.0285054240375757
1,1,0.883046984672546
0,0,0.023998586460948
0,1,0.702051758766174
1,1,0.935903012752533
0,0,0.0172935537993908
1,0,0.0223843548446894
0,0,0.00963847618550062
0,0,0.0228297933936119
0,0,0.137777656316757
0,0,0.0290349163115025
0,0,0.034291248768568
0,0,0.0472588613629341
1,1,0.704567849636078
1,1,0.962041139602661
1,1,0.936242580413818
1,0,0.244429662823677
0,0,0.141416355967522
1,1,0.985610961914062
0,0,0.0107604973018169
0,0,0.0139056602492929
0,0,0.0624552257359028
1,1,0.970472276210785
0,0,0.127848088741302
1,1,0.841516196727753
1,0,0.0452638566493988
1,1,0.947495937347412
1,1,0.965164005756378
1,1,0.935949742794037
0,0,0.0488777793943882
1,1,0.980749428272247
1,1,0.971096038818359
0,0,0.028039438650012
1,1,0.981355965137482
0,1,0.947333753108978
0,0,0.0351033620536327
0,0,0.016860343515873
1,1,0.97967791557312
1,1,0.93048894405365
0,0,0.0174037255346775
0,0,0.0197778735309839
1,1,0.972001135349274
1,1,0.940519273281097
0,0,0.0135545218363404
0,0,0.0388421043753624
0,0,0.0363744534552097
0,0,0.0184549652040005
1,1,0.9678955078125
0,0,0.0231120381504297
0,0,0.0114483749493957
1,1,0.939180791378021
1,1,0.957464396953583
1,1,0.978087902069092
0,0,0.0214400514960289
0,0,0.404395312070847
0,0,0.0346711091697216
0,0,0.0396020263433456
0,0,0.0990954861044884
0,0,0.0312248524278402
1,1,0.980548918247223
1,1,0.832838535308838
1,1,0.913558065891266
1,1,0.960012435913086
0,0,0.223009079694748
1,1,0.969704270362854
1,1,0.98014897108078
1,1,0.67932265996933
1,0,0.424042463302612
0,0,0.0521536059677601
0,0,0.0179015267640352
0,0,0.022299088537693
1,1,0.975541710853577
1,1,0.934303879737854
0,0,0.0164976734668016
0,0,0.054131843149662
0,0,0.0141810104250908
0,0,0.0202017165720463
0,0,0.0178114529699087
1,1,0.978766202926636
0,0,0.0188190098851919
0,0,0.0717400461435318
0,0,0.0342661589384079
0,0,0.0432394929230213
1,1,0.970772266387939
0,0,0.0122671090066433
0,0,0.0800958275794983
0,0,0.0285877827554941
0,0,0.0235981736332178
0,0,0.108059577643871
1,1,0.918702483177185
1,1,0.542131721973419
1,1,0.963883996009827
1,1,0.97704941034317
0,1,0.777440309524536
1,1,0.973696291446686
1,1,0.886344850063324
0,0,0.0571882016956806
1,1,0.987196803092957
1,1,0.565521657466888
0,0,0.0319577120244503
1,1,0.988108694553375
0,0,0.131424635648727
1,1,0.940962135791779
1,1,0.911650359630585
1,1,0.962009370326996
0,0,0.0372549183666706
1,0,0.312554448843002
0,0,0.034027986228466
0,0,0.0306539498269558
0,0,0.0186807531863451
0,0,0.0418666489422321
1,1,0.953451335430145
1,1,0.980920433998108
1,1,0.762603640556335
0,0,0.0234473831951618
0,0,0.0135389938950539
1,1,0.990015923976898
1,1,0.77520090341568
1,1,0.931270480155945
1,1,0.986461102962494
1,1,0.985182106494904
0,0,0.0110459700226784
1,1,0.877176463603973
1,1,0.760984003543854
0,0,0.0180411078035831
1,1,0.980427801609039
0,0,0.0365493111312389
1,1,0.974351048469543
1,1,0.963751196861267
0,0,0.356650441884995
1,1,0.989589869976044
0,0,0.134492158889771
1,1,0.949098944664001
1,1,0.951172351837158
0,0,0.0321530029177666
1,1,0.766394078731537
0,0,0.013764901086688
0,0,0.0458207838237286
0,0,0.0136286346241832
0,1,0.805953800678253
0,0,0.0150006581097841
1,0,0.0815287902951241
1,1,0.967485010623932
1,1,0.920153915882111
0,0,0.0724252089858055
1,1,0.750541388988495
0,0,0.0415487661957741
0,0,0.0277022197842598
0,0,0.0153888929635286
1,1,0.620441615581512
1,0,0.0242154281586409
0,0,0.0293299481272697
0,0,0.301438599824905
0,0,0.0227648094296455
1,1,0.978563547134399
0,0,0.20529867708683
0,0,0.017792085185647
1,1,0.977309465408325
1,1,0.991097450256348
1,1,0.954716742038727
0,0,0.017785370349884
1,1,0.981171250343323
0,0,0.0165621992200613
0,0,0.0544672757387161
0,0,0.0207762848585844
0,0,0.0529152676463127
0,0,0.0244729071855545
1,1,0.979281663894653
1,1,0.950519263744354
0,0,0.0192525815218687
0,0,0.0280995666980743
0,0,0.0382995419204235
1,1,0.98567396402359
1,1,0.986028075218201
0,0,0.0342803634703159
0,0,0.0421524830162525
1,1,0.540893971920013
1,1,0.978789508342743
0,0,0.0323886945843697
1,1,0.96707147359848
1,1,0.964926421642303
1,1,0.974115550518036
0,0,0.0125591047108173
1,1,0.971836507320404
1,1,0.981458008289337
0,1,0.64390105009079
1,1,0.9225252866745
0,0,0.0666395500302315
0,0,0.0582410842180252
1,1,0.980440974235535
1,1,0.97587639093399
1,1,0.968921542167664
0,0,0.0348940044641495
1,1,0.969184160232544
0,0,0.0268879011273384
1,1,0.968304634094238
1,1,0.924631059169769
1,1,0.977667510509491
1,1,0.544793486595154
1,1,0.985645592212677
0,0,0.0193733293563128
1,1,0.965070188045502
0,0,0.04958151653409
0,0,0.0210709739476442
0,0,0.0465652905404568
0,0,0.0607709363102913
0,0,0.0150250485166907
1,1,0.749903321266174
0,0,0.0525403916835785
0,0,0.140753373503685
0,1,0.791383802890778
0,0,0.00958852656185627
0,0,0.0264437552541494
0,0,0.273146241903305
0,0,0.0582139976322651
1,1,0.543364524841309
1,1,0.901749730110168
0,1,0.60913211107254
0,0,0.0394382029771805
0,0,0.217336907982826
1,1,0.990305066108704
0,0,0.0248188953846693
0,0,0.0378283597528934
0,0,0.0499437339603901
0,0,0.319077610969543
1,1,0.975045144557953
0,0,0.0279472228139639
0,0,0.0308949071913958
0,0,0.0819210931658745
0,0,0.0199064947664738
1,1,0.959470212459564
1,1,0.796965718269348
1,1,0.950027704238892
0,0,0.054688137024641
0,0,0.057981014251709
1,1,0.96694403886795
1,1,0.966659903526306
1,1,0.698010981082916
0,0,0.0289291329681873
0,0,0.0186359547078609
0,0,0.369147032499313
1,1,0.92504358291626
0,0,0.0106756528839469
1,1,0.976212322711945
0,0,0.0224400218576193
0,0,0.0297407750040293
0,0,0.0676334649324417
0,0,0.0197470057755709
0,0,0.32608962059021
0,0,0.0161383971571922
1,1,0.991597235202789
0,0,0.0297959744930267
0,0,0.018996849656105
1,1,0.973362147808075
0,0,0.0387506783008575
0,0,0.0132050942629576
1,0,0.376204758882523
1,1,0.981005787849426
1,1,0.824585318565369
1,1,0.981478691101074
1,1,0.974920630455017
1,1,0.977780878543854
0,0,0.0305303186178207
0,0,0.0825533270835876
1,1,0.954241275787354
1,1,0.963409721851349
1,1,0.95966100692749
0,0,0.0401377193629742
0,0,0.0170332007110119
0,0,0.0126113155856729
1,1,0.932017028331757
0,0,0.0558904595673084
1,1,0.97736531496048
0,0,0.0216059405356646
0,0,0.0284242462366819
0,0,0.0125074265524745
0,0,0.0491849705576897
0,0,0.0788646340370178
1,1,0.976248323917389
1,1,0.973436772823334
0,0,0.0818260386586189
0,0,0.0472957454621792
0,0,0.0951980426907539
0,0,0.10195791721344
0,0,0.0569962933659554
1,1,0.922527372837067
1,1,0.967323482036591
0,0,0.0351653322577477
1,1,0.958637773990631
1,1,0.958994209766388
1,1,0.978979587554932
0,0,0.382688820362091
1,1,0.969100654125214
1,1,0.957523107528687
1,1,0.963503897190094
1,1,0.985287666320801
0,0,0.0259765405207872
0,0,0.0158866457641125
1,1,0.954907774925232
1,1,0.948937118053436
0,0,0.0195109266787767
0,0,0.00856261607259512
0,0,0.0488362684845924
0,0,0.0413148403167725
1,1,0.984770476818085
0,0,0.0737249031662941
1,1,0.960290372371674
0,0,0.0227447636425495
0,0,0.0170329231768847
0,0,0.0213262755423784
0,0,0.0438486933708191
1,1,0.97573858499527
1,1,0.9128457903862
1,1,0.965966403484344
1,1,0.986738443374634
1,1,0.978644251823425
0,0,0.34345605969429
1,1,0.970328152179718
1,1,0.575766384601593
1,1,0.978506624698639
1,1,0.984480977058411
1,1,0.982371509075165
0,0,0.0163012854754925
0,0,0.133523866534233
0,0,0.129574626684189
0,0,0.00899654813110828
1,1,0.766528129577637
1,1,0.974647283554077
1,0,0.0923081859946251
0,0,0.0294961109757423
1,1,0.972586810588837
0,0,0.0238559786230326
1,1,0.95304948091507
1,1,0.982476234436035
0,0,0.0654607862234116
1,1,0.982286512851715
0,0,0.019683850929141
0,0,0.102516636252403
0,0,0.062847413122654
0,0,0.014180501922965
0,0,0.0144916092976928
1,1,0.726038098335266
1,1,0.982676267623901
1,1,0.871075630187988
0,0,0.170979037880898
0,0,0.256681501865387
1,1,0.769109487533569
1,1,0.979922592639923
1,1,0.979755640029907
1,1,0.979554831981659
0,0,0.179924875497818
1,1,0.966413795948029
0,0,0.008543292991817
0,0,0.0180363990366459
0,1,0.574667811393738
1,1,0.965105891227722
0,0,0.0176189169287682
0,0,0.0175526104867458
0,0,0.0351374000310898
1,1,0.877241134643555
1,0,0.486559003591537
1,1,0.795425832271576
0,0,0.0175514426082373
0,1,0.600807905197144
1,1,0.965777933597565
1,1,0.987552523612976
0,0,0.156982347369194
1,1,0.977713763713837
1,1,0.973318099975586
1,1,0.980197668075562
0,0,0.05994563549757
0,0,0.0877743661403656
0,0,0.0322983227670193
0,0,0.0911974534392357
0,0,0.0136156221851707
0,0,0.0191276911646128
0,0,0.0472503900527954
0,0,0.0251149646937847
1,1,0.962225079536438
0,0,0.0350463390350342
1,1,0.988352239131927
0,0,0.0967239364981651
1,1,0.98037189245224
0,0,0.0631826370954514
0,0,0.0312632657587528
0,0,0.0213969312608242
1,1,0.745554506778717
0,0,0.0540252514183521
0,0,0.0144757023081183
1,1,0.954007804393768
0,0,0.0903018563985825
1,1,0.573717653751373
0,0,0.0201278887689114
1,1,0.968923032283783
0,0,0.013342977501452
0,0,0.0694471299648285
1,1,0.589368999004364
0,0,0.0137846060097218
1,1,0.926836788654327
0,0,0.0712420120835304
0,0,0.160618275403976
0,0,0.0458825975656509
1,1,0.96893185377121
0,0,0.0277836658060551
0,0,0.0363948307931423
1,1,0.784811973571777
0,1,0.758294343948364
1,1,0.910785436630249
0,0,0.0176505632698536
0,0,0.00947026442736387
0,0,0.0119940191507339
1,1,0.939842998981476
0,0,0.0305196270346642
1,1,0.926220536231995
0,0,0.102053813636303
1,1,0.973242521286011
1,1,0.971147954463959
1,1,0.984494626522064
1,1,0.985794544219971
0,0,0.0324873253703117
1,1,0.941554248332977
0,0,0.0192042775452137
1,1,0.933896839618683
0,0,0.0194247923791409
0,0,0.0149181243032217
0,0,0.0305862836539745
1,1,0.971089959144592
0,0,0.133114904165268
1,1,0.968887984752655
1,1,0.957283556461334
1,1,0.686981499195099
0,0,0.0352064818143845
1,1,0.990587592124939
0,0,0.103280149400234
1,1,0.933425068855286
1,1,0.940925419330597
1,1,0.960107624530792
0,0,0.028014037758112
0,0,0.024680545553565
1,1,0.989732682704926
1,1,0.984631538391113
1,1,0.894281566143036
0,0,0.0329212285578251
0,0,0.0329422540962696
1,1,0.982934653759003
0,0,0.0356459580361843
0,0,0.0392969399690628
0,0,0.017126776278019
0,0,0.0409759916365147
1,1,0.579990983009338
0,0,0.027080275118351
1,1,0.981544613838196
0,0,0.0288757346570492
1,1,0.985864639282227
0,0,0.0167698841542006
1,1,0.940898716449738
1,1,0.988867819309235
1,1,0.959320664405823
0,0,0.0319590792059898
0,0,0.0259473398327827
1,1,0.986242532730103
1,1,0.954601883888245
0,0,0.0194938816130161
1,1,0.985260009765625
0,0,0.0172717925161123
1,1,0.710873782634735
0,0,0.0142918592318892
0,0,0.0961569920182228
1,1,0.861464440822601
0,0,0.127523884177208
0,0,0.0369406975805759
1,1,0.942203462123871
1,1,0.96050238609314
1,1,0.940973162651062
1,1,0.966608881950378
1,1,0.942701518535614
0,0,0.0226522274315357
0,0,0.14514921605587
0,0,0.388701677322388
0,0,0.0183235127478838
0,0,0.10921947658062
0,1,0.940245091915131
1,1,0.976934373378754
1,1,0.919607877731323
1,1,0.98065197467804
1,1,0.970997214317322
0,0,0.0184715744107962
1,1,0.972195148468018
0,0,0.0176241341978312
0,0,0.00993810780346394
0,0,0.0267015043646097
1,1,0.613243699073792
1,1,0.874329805374146
1,1,0.986040472984314
1,1,0.94453501701355
1,1,0.87026059627533
0,1,0.842415630817413
1,1,0.945256054401398
0,0,0.0165408309549093
1,1,0.971197783946991
0,0,0.39390555024147
1,1,0.988607466220856
1,1,0.646061539649963
1,1,0.980608522891998
1,1,0.971455097198486
1,1,0.977105259895325
1,1,0.781660079956055
1,1,0.967514932155609
1,1,0.966634094715118
0,0,0.0128598436713219
0,0,0.0258600600063801
1,1,0.966151118278503
1,1,0.946812391281128
0,0,0.0225774701684713
1,1,0.979382932186127
0,0,0.0636416301131248
1,1,0.953683853149414
1,1,0.985549628734589
1,1,0.926572442054749
1,1,0.972688972949982
0,0,0.0138872349634767
0,0,0.0126406326889992
1,1,0.964214146137238
1,1,0.974118292331696
1,1,0.853691577911377
1,1,0.887477338314056
0,0,0.227098941802979
1,1,0.968229293823242
0,0,0.0100986016914248
1,1,0.941104054450989
1,1,0.950182676315308
1,1,0.922348260879517
1,1,0.989331841468811
0,0,0.101551048457623
1,1,0.970122337341309
0,0,0.019311111420393
0,0,0.0951458960771561
1,1,0.97848916053772
1,1,0.970910668373108
1,1,0.606715142726898
1,1,0.987964868545532
0,0,0.0169055741280317
1,1,0.949735462665558
0,0,0.0585904084146023
0,1,0.507113218307495
1,1,0.985048055648804
1,1,0.966736972332001
1,1,0.991142630577087
1,1,0.964141011238098
0,0,0.0519538521766663
1,1,0.963484287261963
1,1,0.9438236951828
0,0,0.0180063340812922
0,0,0.0353563465178013
0,0,0.0660962983965874
0,0,0.0155372582376003
1,1,0.98417454957962
0,0,0.0337670035660267
0,0,0.174775451421738
0,0,0.0169077701866627
1,1,0.944978475570679
0,1,0.517884194850922
0,0,0.0691744983196259
0,0,0.306216061115265
0,0,0.0105737010017037
1,1,0.988249897956848
0,0,0.0131700960919261
1,1,0.923094272613525
0,0,0.056711308658123
0,0,0.0376229211688042
0,0,0.0287594981491566
0,0,0.0133786676451564
1,1,0.970061957836151
1,1,0.97555273771286
1,1,0.983444452285767
0,0,0.0194965973496437
1,1,0.97889769077301
1,1,0.668791770935059
1,1,0.974969923496246
1,1,0.975185036659241
0,0,0.039755541831255
1,1,0.93791925907135
0,0,0.0185242313891649
1,1,0.976653099060059
0,0,0.059077113866806
1,1,0.97851836681366
1,1,0.975709080696106
1,1,0.989524841308594
0,0,0.0105411447584629
1,1,0.954351544380188
1,1,0.968509197235107
0,0,0.0192074626684189
1,1,0.887163639068604
0,0,0.0151022039353848
0,0,0.0250350553542376
0,0,0.022940531373024
1,1,0.973536670207977
0,1,0.656331896781921
1,1,0.973024666309357
1,1,0.980333030223846
1,1,0.958138942718506
1,1,0.974343538284302
1,1,0.960641741752625
0,0,0.0205841083079576
1,1,0.96723872423172
0,0,0.0184650216251612
0,0,0.111798882484436
0,1,0.98077780008316
0,0,0.0188211556524038
0,0,0.0144501477479935
1,1,0.873613297939301
1,1,0.973570764064789
1,1,0.952660024166107
1,1,0.982810378074646
0,0,0.0250762198120356
0,0,0.0597966574132442
1,1,0.952744424343109
1,1,0.954887807369232
1,1,0.984829366207123
0,0,0.0221774075180292
0,0,0.0327747873961926
1,1,0.964246809482574
1,1,0.665028810501099
0,0,0.0518309697508812
1,1,0.966728329658508
0,0,0.0106810731813312
1,1,0.966433942317963
1,1,0.943338751792908
1,1,0.973906576633453
0,0,0.0353128127753735
0,0,0.0532391481101513
0,0,0.011997302994132
0,0,0.0291816350072622
0,0,0.0359449237585068
0,0,0.0258996691554785
0,0,0.252339869737625
0,0,0.205685898661613
1,1,0.980958878993988
0,0,0.026008078828454
0,0,0.0425809286534786
0,0,0.0396527983248234
1,1,0.985522985458374
1,1,0.945528209209442
0,0,0.117474794387817
1,1,0.507246017456055
0,0,0.0297332964837551
1,1,0.93349301815033
1,1,0.969751477241516
1,1,0.961473166942596
0,0,0.17995573580265
1,1,0.962387025356293
0,0,0.140985980629921
1,1,0.974360406398773
0,0,0.0315919667482376
0,0,0.363732039928436
1,1,0.936987459659576
0,0,0.0306367892771959
1,1,0.956965565681458
1,1,0.948888838291168
1,1,0.938067615032196
1,1,0.959893465042114
0,0,0.0285312421619892
1,1,0.976669788360596
1,1,0.968456566333771
0,0,0.0649671480059624
0,0,0.0874877497553825
0,0,0.0237396974116564
1,1,0.979701399803162
0,0,0.0222773775458336
0,0,0.0381871797144413
1,1,0.970359921455383
1,1,0.977459907531738
0,0,0.0195454154163599
1,1,0.958790004253387
1,1,0.930470883846283
1,1,0.970558941364288
1,1,0.983083844184875
0,1,0.692270040512085
0,0,0.027161531150341
1,1,0.961709141731262
0,0,0.0429926328361034
1,1,0.97230464220047
0,0,0.022461898624897
1,1,0.974457681179047
1,1,0.980405569076538
0,0,0.0105592533946037
0,0,0.0297320056706667
0,0,0.023997887969017
1,0,0.464010387659073
0,0,0.0110862916335464
1,1,0.944764375686646
0,0,0.0162536166608334
0,0,0.374382168054581
1,1,0.981031358242035
0,0,0.0952581763267517
1,1,0.960428476333618
0,0,0.0227116327732801
1,1,0.971714913845062
1,1,0.986962497234344
0,0,0.491168439388275
1,1,0.937898874282837
0,0,0.0224971268326044
1,1,0.970964729785919
1,1,0.983571410179138
0,0,0.0234594140201807
0,0,0.014649199321866
0,0,0.0497353598475456
0,0,0.0443947315216064
0,0,0.199713259935379
0,0,0.0174642521888018
0,0,0.0251952148973942
1,1,0.612562894821167
0,0,0.0177120249718428
1,1,0.963945329189301
0,0,0.0112166712060571
1,1,0.990665316581726
0,0,0.0301146302372217
1,1,0.97075617313385
1,1,0.982654392719269
0,0,0.0357070900499821
0,0,0.048644233494997
0,0,0.013664647936821
0,0,0.016119010746479
1,1,0.947521865367889
1,1,0.856368243694305
0,0,0.136416673660278
0,0,0.0416748337447643
1,1,0.988077938556671
1,1,0.977118134498596
1,1,0.979275465011597
0,1,0.751313805580139
0,0,0.0435265488922596
0,0,0.0630517154932022
0,0,0.0366556905210018
0,0,0.0730883553624153
0,1,0.968847155570984
1,1,0.987320303916931
1,1,0.945736706256866
0,0,0.0132941687479615
1,1,0.983292639255524
1,1,0.975600600242615
1,1,0.968972623348236
0,0,0.0603314749896526
1,1,0.861785173416138
0,0,0.0141513627022505
0,0,0.046699371188879
0,0,0.106152459979057
1,1,0.94949609041214
0,0,0.0273648034781218
0,0,0.0183968506753445
0,0,0.026426799595356
0,0,0.0200479980558157
0,0,0.0179306231439114
0,0,0.0173577945679426
1,1,0.972597181797028
0,0,0.137625992298126
0,0,0.0133057711645961
1,1,0.984810590744019
1,1,0.978401362895966
1,1,0.849974274635315
1,1,0.981701612472534
1,1,0.978662550449371
1,1,0.837633430957794
1,1,0.977652549743652
1,1,0.931494295597076
1,1,0.975172579288483
1,1,0.611227750778198
0,0,0.0398972854018211
0,0,0.393610686063766
1,1,0.962540209293365
1,1,0.954086184501648
1,1,0.97092866897583
0,0,0.162666335701942
1,1,0.934199512004852
0,0,0.108047842979431
1,1,0.977741003036499
1,0,0.0230535231530666
0,0,0.0243599507957697
0,0,0.0199887938797474
0,0,0.0548815168440342
0,1,0.724082887172699
0,0,0.0475576668977737
0,0,0.0184045378118753
0,1,0.541935205459595
1,1,0.978184163570404
0,0,0.0230512041598558
1,1,0.948167324066162
0,1,0.777147948741913
1,1,0.967981517314911
1,1,0.983254134654999
0,0,0.0138216754421592
0,0,0.0209300275892019
1,1,0.929631173610687
0,0,0.034784123301506
1,1,0.944436609745026
1,1,0.939156651496887
0,0,0.0241360496729612
0,0,0.0209164060652256
1,1,0.970931231975555
0,0,0.0196121241897345
1,1,0.959125995635986
0,0,0.020904453471303
1,1,0.973146677017212
1,1,0.977177858352661
0,0,0.0138232950121164
0,0,0.0254864636808634
0,0,0.241567462682724
1,1,0.948949813842773
1,1,0.973116219043732
0,0,0.0579540021717548
0,1,0.781614720821381
1,1,0.90380448102951
1,1,0.97867351770401
1,1,0.978265702724457
1,1,0.96543425321579
1,1,0.978260695934296
1,1,0.987616360187531
0,0,0.0374345108866692
1,1,0.982393622398376
1,1,0.837764084339142
1,1,0.969002485275269
1,1,0.981901824474335
0,0,0.110766537487507
1,1,0.971409618854523
0,0,0.0315484404563904
0,0,0.018819248303771
1,1,0.977504432201385
1,1,0.944692432880402
1,1,0.971858561038971
0,0,0.0215088631957769
1,1,0.975953102111816
1,0,0.497170329093933
1,1,0.829107701778412
1,0,0.0397426262497902
0,0,0.075221486389637
0,0,0.0472789593040943
0,0,0.168290719389915
1,1,0.722432971000671
1,1,0.859194755554199
0,0,0.0151627315208316
0,0,0.0203153304755688
1,1,0.957397401332855
1,1,0.990076005458832
0,0,0.228089541196823
0,0,0.0619700513780117
1,0,0.340214401483536
0,0,0.0136316735297441
0,0,0.0293380413204432
0,0,0.0254737231880426
1,1,0.966173946857452
0,0,0.0194155033677816
1,1,0.983122646808624
0,0,0.0338554047048092
1,1,0.910936832427979
0,0,0.0626931563019753
1,1,0.954020977020264
1,1,0.968058705329895
0,0,0.0127374092116952
1,1,0.983579933643341
1,1,0.929780423641205
1,1,0.957280158996582
1,1,0.906600654125214
1,0,0.0674164667725563
0,0,0.0200849939137697
1,1,0.979795098304749
0,0,0.124545492231846
1,1,0.921307921409607
1,1,0.976912617683411
1,1,0.708019196987152
0,0,0.193639859557152
1,0,0.355616301298141
1,1,0.991465628147125
1,1,0.935027658939362
1,1,0.961325943470001
1,1,0.979445278644562
1,0,0.331662148237228
1,1,0.773330807685852
0,0,0.183962896466255
0,0,0.0188842490315437
0,0,0.0167670771479607
0,0,0.0134024927392602
1,1,0.973548710346222
1,1,0.971289277076721
0,0,0.0306899603456259
1,1,0.965295493602753
1,1,0.990550875663757
0,0,0.0140945911407471
0,0,0.162032753229141
0,0,0.0389331467449665
0,0,0.0794742628931999
1,1,0.972936630249023
1,1,0.865511476993561
1,1,0.9667809009552
1,1,0.98659086227417
0,0,0.0185605697333813
0,0,0.0194778870791197
0,0,0.0134695479646325
0,0,0.0555346421897411
0,0,0.0366801060736179
0,0,0.0362260155379772
1,1,0.967234790325165
1,1,0.979731142520905
0,0,0.0351075306534767
1,1,0.974656820297241
1,1,0.963693976402283
0,0,0.0112156830728054
0,0,0.0171815156936646
1,1,0.966032087802887
1,1,0.530811786651611
1,1,0.967111051082611
1,1,0.985564529895782
0,0,0.0257096886634827
1,1,0.870136201381683
1,1,0.966585397720337
0,0,0.0574170500040054
0,0,0.0380591787397861
1,0,0.498991966247559
0,0,0.0742035582661629
0,0,0.0824913010001183
1,1,0.969963371753693
1,1,0.573428392410278
0,0,0.00946908351033926
1,1,0.694253742694855
0,0,0.0129012335091829
1,1,0.954110026359558
0,0,0.0509433671832085
0,1,0.974132180213928
0,0,0.0610426925122738
0,0,0.0306894574314356
1,1,0.98438823223114
0,0,0.0325759015977383
0,0,0.0177088640630245
0,0,0.20622743666172
0,0,0.0227961167693138
0,0,0.0264495201408863
1,1,0.964484095573425
1,1,0.986717224121094
1,1,0.979102671146393
0,0,0.0300170369446278
0,0,0.211447224020958
1,1,0.96248596906662
1,1,0.911936461925507
1,1,0.686948716640472
1,1,0.956559598445892
1,1,0.97139298915863
1,1,0.833801627159119
0,0,0.141813650727272
0,0,0.0274316091090441
1,1,0.967588603496552
0,0,0.124649159610271
0,0,0.0173835549503565
1,1,0.985727846622467
0,0,0.0102214496582747
1,1,0.92179548740387
0,0,0.0261179022490978
0,0,0.0415103696286678
1,1,0.984570980072021
0,0,0.0212058331817389
0,0,0.0172655545175076
0,1,0.76244330406189
0,0,0.0256663840264082
0,0,0.0142189702019095
1,1,0.864190399646759
1,1,0.979571461677551
1,1,0.967432916164398
0,0,0.0282042399048805
1,0,0.0490492507815361
0,0,0.0371276028454304
0,1,0.5879065990448
1,1,0.94866269826889
0,0,0.0392531678080559
0,0,0.0270269773900509
0,0,0.137931346893311
1,1,0.958119332790375
0,0,0.0144977197051048
0,0,0.0181282553821802
1,1,0.986017525196075
0,0,0.0244881678372622
1,1,0.916328370571136
1,1,0.973641872406006
1,1,0.985767006874084
1,1,0.963164746761322
1,1,0.963980793952942
1,1,0.976644456386566
0,0,0.0181229896843433
1,1,0.86143946647644
0,0,0.0228234864771366
1,1,0.911147117614746
0,0,0.0481682978570461
1,1,0.973644554615021
1,1,0.949992120265961
0,0,0.0435796156525612
0,0,0.0265227369964123
1,1,0.89045262336731
0,1,0.959552466869354
1,1,0.92515105009079
1,1,0.97848916053772
0,0,0.0528035536408424
1,1,0.967029094696045
0,0,0.0778012648224831
1,1,0.968236148357391
1,1,0.972594261169434
0,0,0.0613779798150063
1,1,0.94037801027298
0,0,0.232660964131355
1,1,0.97929722070694
0,0,0.0290799308568239
0,0,0.0389308370649815
0,0,0.22022832930088
1,1,0.946065008640289
0,0,0.0520441867411137
0,0,0.0168319437652826
0,0,0.0883299335837364
1,1,0.956853330135345
1,1,0.967579245567322
1,1,0.918594300746918
0,0,0.0271608326584101
1,1,0.753609418869019
0,0,0.0119378240779042
1,1,0.967969000339508
1,1,0.964050889015198
0,0,0.0139076095074415
1,1,0.985870659351349
0,0,0.0430838502943516
0,0,0.146958991885185
1,1,0.959356784820557
1,1,0.986105680465698
0,0,0.0178498830646276
0,0,0.033415112644434
0,0,0.026478124782443
0,0,0.0212982967495918
0,0,0.0219507571309805
0,0,0.0209550149738789
0,0,0.0254780445247889
1,1,0.9766526222229
0,0,0.0172589607536793
1,1,0.973234057426453
0,0,0.179627329111099
1,1,0.973484873771667
0,0,0.0284221563488245
1,1,0.992991924285889
0,0,0.0116606028750539
0,0,0.0580313429236412
1,1,0.972234547138214
0,0,0.0233250483870506
0,0,0.0148718068376184
0,0,0.0263262595981359
1,1,0.966860771179199
0,0,0.0146803725510836
0,0,0.0374743454158306
1,1,0.930577099323273
0,0,0.0134446881711483
0,0,0.126049518585205
0,0,0.010112639516592
0,0,0.036821112036705
0,0,0.0126154655590653
0,0,0.0303101427853107
1,1,0.977234899997711
0,0,0.0215008370578289
1,1,0.897172212600708
0,0,0.0706784427165985
1,1,0.978178441524506
0,0,0.0119858914986253
1,1,0.758131742477417
0,0,0.0429015681147575
0,0,0.0486231297254562
1,1,0.804503798484802
1,1,0.969925105571747
1,1,0.956478178501129
0,0,0.0588392689824104
0,0,0.0159462913870811
1,1,0.987766027450562
1,1,0.976534605026245
1,1,0.985022723674774
0,0,0.0121980337426066
1,1,0.915209889411926
1,1,0.984662771224976
0,0,0.013655262067914
0,0,0.0117076709866524
0,0,0.0535936690866947
1,1,0.99168199300766
0,0,0.0266738403588533
1,1,0.966537058353424
1,1,0.977702498435974
1,1,0.979398310184479
1,1,0.872230231761932
1,1,0.980986654758453
0,0,0.0202177483588457
0,0,0.0431826561689377
1,1,0.955995798110962
1,0,0.0319582745432854
0,0,0.0152172548696399
0,0,0.0129905771464109
1,1,0.819893777370453
0,0,0.0206868257373571
0,1,0.810204565525055
0,0,0.0221052225679159
1,1,0.965511560440063
1,1,0.978342056274414
1,1,0.96978360414505
1,1,0.957467377185822
0,0,0.0576115772128105
1,1,0.947219371795654
0,0,0.0279004201292992
0,0,0.145605519413948
1,1,0.969333052635193
1,1,0.966064751148224
1,1,0.93399041891098
1,1,0.970901250839233
0,0,0.0740280523896217
1,1,0.970287263393402
1,1,0.963146030902863
1,1,0.904277801513672
0,0,0.0190579500049353
0,0,0.235731303691864
1,1,0.955368459224701
1,1,0.942504346370697
1,1,0.958682298660278
0,0,0.0122197130694985
1,1,0.974998116493225
0,0,0.0223696082830429
1,1,0.970060527324677
0,0,0.0537154003977776
0,0,0.0116821154952049
1,1,0.978148818016052
1,1,0.986250519752502
0,0,0.0132297230884433
0,0,0.0271593630313873
0,0,0.0471952296793461
1,1,0.951903402805328
1,1,0.984032809734344
0,0,0.0835471749305725
0,0,0.0304737892001867
0,0,0.0139410924166441
1,1,0.980653464794159
0,0,0.219452396035194
0,0,0.0245584230870008
0,0,0.024283779785037
0,0,0.0879502072930336
0,0,0.393583565950394
0,0,0.107200458645821
1,1,0.957094967365265
1,1,0.939296364784241
1,1,0.853001594543457
1,1,0.963392913341522
1,1,0.952079176902771
1,1,0.943767666816711
1,1,0.976423978805542
1,1,0.700048983097076
0,0,0.0221842639148235
1,1,0.966710925102234
1,1,0.969525039196014
1,1,0.975219964981079
1,1,0.931602656841278
1,1,0.965609729290009
0,0,0.355142563581467
1,1,0.979270577430725
1,1,0.963939666748047
1,1,0.971782267093658
0,0,0.0371852219104767
0,0,0.00696195941418409
0,1,0.695618569850922
0,0,0.0273127611726522
0,0,0.0278241466730833
0,0,0.0355367660522461
1,1,0.984687387943268
0,1,0.9476078748703
1,1,0.983918786048889
1,1,0.983540832996368
0,0,0.0604433305561543
1,1,0.976198315620422
0,0,0.1258784532547
1,1,0.701297044754028
1,1,0.949738383293152
0,0,0.0134821822866797
0,0,0.0447743684053421
1,1,0.978956282138824
0,0,0.0214801002293825
1,1,0.966634511947632
1,1,0.965199410915375
0,0,0.0187952350825071
1,0,0.111640997231007
1,0,0.0304479207843542
0,0,0.0204462725669146
1,1,0.862822949886322
0,0,0.0137096112594008
1,1,0.990538597106934
1,1,0.983733773231506
1,1,0.887000262737274
0,0,0.022435337305069
1,1,0.962900280952454
1,1,0.949885308742523
0,0,0.024765357375145
1,1,0.926641583442688
1,0,0.283068597316742
1,1,0.546449542045593
0,0,0.0445740856230259
1,1,0.96091365814209
1,1,0.947484791278839
1,1,0.989647924900055
0,0,0.0710059776902199
0,0,0.0259788315743208
0,0,0.0133042111992836
1,1,0.899697363376617
0,0,0.0427749417722225
1,1,0.983257591724396
1,1,0.971008121967316
0,0,0.0296853333711624
1,1,0.965919733047485
0,0,0.461807101964951
1,1,0.95299220085144
0,0,0.0291765164583921
1,1,0.963708817958832
0,0,0.014400590211153
0,0,0.0102788815274835
0,0,0.0247868113219738
1,1,0.988928318023682
0,0,0.0134880123659968
0,0,0.0637026354670525
0,0,0.0282203536480665
0,0,0.0246597044169903
0,0,0.0338993296027184
0,0,0.0317222699522972
1,1,0.948308289051056
1,1,0.928392350673676
1,1,0.960382759571075
0,0,0.0137423388659954
0,0,0.119310706853867
1,0,0.358648031949997
0,0,0.0205447878688574
1,1,0.971051394939423
1,1,0.976835012435913
1,1,0.982502460479736
0,0,0.0301175601780415
1,1,0.980637311935425
1,1,0.979591012001038
1,1,0.983870506286621
0,0,0.0149207040667534
0,0,0.0605226643383503
0,0,0.0322180986404419
1,1,0.980922996997833
0,0,0.0615033209323883
1,1,0.94995641708374
0,0,0.014787720516324
1,1,0.970546960830688
1,1,0.714473724365234
1,1,0.963045179843903
0,0,0.0111410077661276
0,0,0.00947422347962856
1,1,0.75965279340744
1,1,0.963330328464508
0,0,0.0864244550466537
0,0,0.0708056464791298
0,0,0.014431138522923
1,1,0.964190065860748
0,0,0.330498307943344
0,0,0.0406686775386333
0,0,0.0287125837057829
1,1,0.984173774719238
1,1,0.958087384700775
1,1,0.973161578178406
1,0,0.0253294929862022
1,1,0.955801784992218
1,1,0.928149402141571
1,0,0.105901569128036
1,1,0.918418645858765
1,1,0.968400120735168
1,1,0.958101511001587
0,0,0.0157169159501791
1,1,0.956855118274689
0,0,0.0186692401766777
0,0,0.0156544763594866
1,1,0.970343947410583
1,0,0.0678576678037643
0,0,0.0155597012490034
0,0,0.0745741724967957
1,1,0.942587554454803
0,1,0.954443514347076
0,0,0.0294734332710505
0,0,0.0230997800827026
0,0,0.0151934651657939
1,1,0.964428067207336
1,0,0.248900502920151
1,1,0.899387419223785
0,0,0.013408868573606
0,0,0.358619332313538
0,0,0.0291146300733089
1,1,0.969242632389069
0,0,0.143760979175568
1,1,0.982382714748383
1,1,0.911638617515564
0,0,0.00989580247551203
0,0,0.0448813624680042
1,1,0.956081330776215
0,0,0.109229750931263
1,1,0.983306229114532
1,1,0.964209258556366
1,1,0.981540322303772
1,1,0.984408915042877
1,1,0.948400497436523
0,0,0.139478653669357
0,0,0.088594563305378
0,0,0.0116002429276705
0,0,0.0410399474203587
0,0,0.011487852782011
0,0,0.0208301544189453
0,0,0.0149884875863791
1,1,0.981293261051178
0,0,0.0443364158272743
0,0,0.0216624550521374
0,0,0.0307245850563049
1,1,0.826481938362122
0,0,0.0132021075114608
1,1,0.971122860908508
0,0,0.026909563690424
1,1,0.980324447154999
1,1,0.989350020885468
1,1,0.54078733921051
0,0,0.0297524612396955
0,0,0.0339328721165657
1,1,0.966988742351532
0,0,0.0218574088066816
1,1,0.914155304431915
1,1,0.978879868984222
0,0,0.0311980042606592
1,1,0.969038307666779
0,0,0.103470467031002
1,1,0.895470857620239
1,1,0.909424304962158
1,1,0.982900321483612
1,1,0.978391468524933
1,1,0.980966448783875
1,1,0.975110769271851
0,0,0.0258361510932446
0,0,0.0548715740442276
1,1,0.9622842669487
1,1,0.975018084049225
0,0,0.0201542489230633
0,0,0.0102377971634269
0,0,0.0156371518969536
0,0,0.042575616389513
1,1,0.897376954555511
0,0,0.022278243675828
0,0,0.0259080398827791
1,1,0.966381728649139
0,0,0.0115891387686133
1,1,0.981622219085693
0,0,0.279698073863983
1,1,0.746543765068054
1,0,0.402138203382492
0,0,0.0476347170770168
1,1,0.980527877807617
1,1,0.97428697347641
1,1,0.987727761268616
1,1,0.984232664108276
0,1,0.556749999523163
1,1,0.940989911556244
1,1,0.962692201137543
1,1,0.921929180622101
1,1,0.971141874790192
1,1,0.88104635477066
1,0,0.244081422686577
0,0,0.0204825270920992
1,1,0.756675124168396
1,1,0.963410198688507
0,0,0.0554172657430172
1,1,0.984325528144836
1,0,0.0357241034507751
0,0,0.020503593608737
0,0,0.0204788390547037
1,1,0.709208488464355
1,1,0.982450008392334
0,0,0.0160910785198212
0,0,0.130053102970123
1,1,0.992715775966644
0,0,0.0304280389100313
1,1,0.978684902191162
0,0,0.165341481566429
0,0,0.045737236738205
1,0,0.291232287883759
0,0,0.0139609929174185
0,0,0.0667861625552177
1,1,0.980024516582489
1,1,0.97479659318924
0,0,0.0154491271823645
0,0,0.0554343275725842
0,0,0.0109413266181946
0,0,0.0260110199451447
1,1,0.984231173992157
0,0,0.0276937447488308
1,1,0.969552934169769
0,0,0.0118481339886785
0,0,0.0555582121014595
1,1,0.737000107765198
0,0,0.00818846747279167
1,1,0.993477582931519
1,1,0.978745818138123
0,0,0.0333935208618641
0,0,0.133030757308006
0,0,0.0292263347655535
1,1,0.693287789821625
0,0,0.0453951619565487
0,0,0.0232867561280727
1,1,0.922816932201385
1,1,0.984413743019104
0,0,0.0246299114078283
0,0,0.182568028569221
0,0,0.0486130863428116
0,0,0.0338493846356869
0,0,0.0317159444093704
1,1,0.96211439371109
1,1,0.985934853553772
0,0,0.0210928395390511
0,0,0.0135280443355441
1,1,0.978763401508331
0,0,0.0185118168592453
0,1,0.59447193145752
0,0,0.0800670087337494
1,1,0.558383762836456
1,1,0.94320672750473
0,0,0.0293950047343969
0,0,0.0365963578224182
0,0,0.0384555868804455
0,0,0.0232958178967237
1,0,0.0230382401496172
0,0,0.00904456898570061
1,1,0.972980499267578
1,1,0.735281646251678
0,1,0.859904408454895
1,1,0.975024402141571
0,0,0.0450952351093292
1,1,0.990213334560394
1,1,0.874703228473663
1,1,0.990361571311951
1,1,0.979287922382355
0,0,0.0251180119812489
1,1,0.960321068763733
0,0,0.0281686261296272
0,0,0.257616579532623
1,1,0.98178893327713
0,0,0.0221687499433756
0,0,0.0110162980854511
1,1,0.907694935798645
0,0,0.106490224599838
0,0,0.0374041013419628
0,0,0.0152714289724827
1,1,0.977869868278503
1,1,0.981175124645233
1,1,0.93707674741745
1,1,0.912162661552429
1,1,0.691149055957794
0,0,0.0281096659600735
0,0,0.0198836829513311
1,1,0.970724642276764
1,0,0.113481551408768
0,0,0.050572257488966
1,1,0.960334360599518
1,1,0.804742157459259
0,0,0.105600640177727
1,1,0.691277265548706
0,0,0.0215425081551075
0,0,0.0257406663149595
1,1,0.930144548416138
0,0,0.074389636516571
0,0,0.0452948920428753
0,0,0.0349627323448658
0,0,0.0192617010325193
0,0,0.0158788431435823
0,0,0.0223851408809423
0,0,0.020811602473259
0,0,0.0247062705457211
0,0,0.0165438093245029
0,0,0.0170462913811207
1,1,0.897394359111786
1,1,0.875827193260193
1,1,0.791411280632019
0,0,0.0911235734820366
1,1,0.649626314640045
1,1,0.987236618995667
0,0,0.106149114668369
1,1,0.98619669675827
0,0,0.0424648225307465
0,0,0.0356212146580219
1,1,0.942300498485565
1,1,0.939292252063751
1,1,0.942290127277374
1,1,0.958205163478851
1,1,0.979791939258575
0,1,0.53144907951355
0,0,0.0409003756940365
1,1,0.949415922164917
0,0,0.0183135457336903
1,1,0.952687203884125
1,1,0.972984910011292
1,1,0.982366323471069
1,1,0.954429864883423
1,1,0.970366179943085
1,1,0.968476891517639
0,1,0.773212432861328
1,1,0.961127877235413
0,0,0.0168054345995188
1,1,0.971900999546051
0,0,0.0117463935166597
1,1,0.979352116584778
1,1,0.98329758644104
1,1,0.933619141578674
0,0,0.0187882017344236
1,1,0.91868656873703
0,0,0.0631739124655724
0,0,0.188891887664795
1,1,0.977290689945221
0,0,0.0112439347431064
1,1,0.981802403926849
1,1,0.976786673069
1,1,0.98242849111557
0,0,0.0550399608910084
0,0,0.0355295985937119
0,0,0.0152113903313875
0,0,0.228033736348152
1,1,0.512787759304047
1,1,0.958786725997925
0,0,0.0251688305288553
0,0,0.0221944656223059
1,1,0.965058267116547
0,0,0.484636336565018
0,0,0.0324899442493916
0,0,0.0250499080866575
1,1,0.796077072620392
0,0,0.0188548490405083
0,0,0.0225679911673069
1,1,0.965129911899567
1,1,0.964737176895142
1,1,0.630503058433533
0,0,0.0318724922835827
1,1,0.951525092124939
1,1,0.970887839794159
0,0,0.0139102265238762
1,1,0.892222583293915
0,0,0.0164708942174911
1,1,0.893780767917633
1,1,0.866414844989777
0,0,0.0181123521178961
0,0,0.0220234300941229
0,0,0.0146230338141322
0,0,0.0232683755457401
0,0,0.0160279665142298
1,1,0.982573807239532
1,1,0.891020059585571
0,0,0.0526954494416714
1,1,0.964731752872467
0,0,0.0166160073131323
0,0,0.0100973471999168
1,1,0.978843450546265
1,1,0.956410884857178
1,1,0.970730364322662
0,0,0.0486052595078945
1,1,0.918089747428894
1,1,0.981223464012146
0,0,0.0266038868576288
1,1,0.617516756057739
0,0,0.0290580950677395
0,0,0.055650532245636
0,0,0.0239782221615314
1,1,0.983234167098999
1,1,0.921166777610779
1,1,0.980509757995605
1,1,0.976888477802277
1,1,0.956825971603394
0,0,0.0372104868292809
1,1,0.952373623847961
1,1,0.916228413581848
1,1,0.956350982189178
1,1,0.968804836273193
0,1,0.502776443958282
1,1,0.963979005813599
0,0,0.0233104098588228
1,1,0.987407922744751
1,1,0.674626111984253
1,1,0.989435136318207
0,0,0.0452466532588005
1,1,0.943683981895447
1,1,0.954628705978394
0,0,0.0226504988968372
1,1,0.959096074104309
1,1,0.907004117965698
0,0,0.0503310896456242
0,0,0.0127472830936313
0,0,0.0198103561997414
1,1,0.952447950839996
1,1,0.825441002845764
0,0,0.00973200891166925
0,0,0.0397620834410191
0,0,0.0252395048737526
1,1,0.941442251205444
0,0,0.250464200973511
1,1,0.971554696559906
1,1,0.985715687274933
0,0,0.0878640338778496
0,0,0.0633240342140198
1,1,0.960299611091614
0,0,0.0237463619560003
1,1,0.866870522499084
1,1,0.947730779647827
0,0,0.0240775533020496
0,0,0.0197764821350574
0,0,0.024978606030345
0,0,0.0161268338561058
1,1,0.959789931774139
0,0,0.0260191578418016
0,0,0.21467562019825
0,0,0.0472262687981129
0,0,0.0270167961716652
0,0,0.0292157158255577
0,0,0.0301208887249231
0,0,0.124337300658226
0,0,0.0315419808030128
0,0,0.0165184903889894
1,1,0.982454478740692
0,0,0.0282640885561705
1,1,0.929928839206696
1,0,0.0998099148273468
0,0,0.0951263979077339
1,0,0.499025881290436
1,1,0.92521458864212
1,1,0.989024579524994
0,0,0.0135457571595907
0,0,0.463431775569916
1,1,0.962214171886444
0,0,0.0155226700007915
1,1,0.858310043811798
1,1,0.720978677272797
0,0,0.0273741260170937
0,0,0.0635994598269463
0,0,0.0107738291844726
0,0,0.0162101313471794
1,1,0.964370787143707
0,0,0.195973515510559
1,1,0.620423913002014
1,1,0.979796826839447
1,1,0.981102287769318
0,0,0.026985976845026
1,1,0.919222235679626
0,0,0.0250560324639082
1,1,0.987430274486542
0,0,0.0650937482714653
1,1,0.978688597679138
0,0,0.023393664509058
1,1,0.905553579330444
0,0,0.0275005921721458
0,0,0.0914523005485535
1,1,0.989589869976044
1,1,0.97495448589325
0,0,0.0167645774781704
1,1,0.95218425989151
1,1,0.945153951644897
0,0,0.0171732790768147
0,0,0.151092290878296
0,0,0.0108801666647196
0,0,0.0738804787397385
0,0,0.0555929578840733
0,0,0.0203707609325647
0,0,0.282918781042099
1,1,0.934952795505524
1,1,0.963754057884216
0,0,0.0689726024866104
0,0,0.0249273106455803
1,1,0.958480596542358
0,0,0.0415554903447628
1,1,0.882539451122284
1,1,0.920060157775879
0,0,0.0271206703037024
0,0,0.0197726227343082
0,0,0.0184837933629751
1,1,0.956682443618774
0,0,0.0244075637310743
0,0,0.296442776918411
0,0,0.303756922483444
0,0,0.0138982804492116
1,1,0.960747003555298
1,1,0.937884330749512
0,0,0.113440804183483
1,1,0.953723967075348
1,1,0.905054807662964
0,0,0.0201159492135048
0,0,0.0901324972510338
1,1,0.918632984161377
0,0,0.0870995968580246
1,1,0.783257782459259
1,1,0.871715784072876
1,1,0.965230047702789
0,0,0.0133066531270742
0,0,0.0211951415985823
0,0,0.0165250543504953
0,0,0.0127535136416554
1,1,0.976517796516418
0,0,0.0164029467850924
0,1,0.599543809890747
1,1,0.976701259613037
0,0,0.0204196199774742
1,1,0.949317634105682
1,0,0.193583860993385
0,0,0.0479367934167385
0,0,0.0958781763911247
1,1,0.974940001964569
1,1,0.931723237037659
1,1,0.98508757352829
0,0,0.0997139811515808
0,0,0.0351174511015415
0,0,0.0560272261500359
0,0,0.021252054721117
1,1,0.960510492324829
1,1,0.950326919555664
1,1,0.979442894458771
0,0,0.0143679864704609
1,1,0.935748696327209
0,0,0.0520187988877296
1,1,0.845402359962463
1,1,0.96639496088028
0,0,0.0342556238174438
0,0,0.0147266546264291
0,0,0.0320984050631523
1,1,0.963664412498474
1,1,0.979653775691986
0,0,0.0257566403597593
0,0,0.0309246368706226
1,0,0.463119506835938
1,1,0.980253577232361
0,0,0.0396094620227814
1,1,0.826083838939667
1,1,0.967746436595917
1,1,0.987344264984131
0,0,0.0132947135716677
1,1,0.983097612857819
0,0,0.0501452758908272
0,0,0.0441355183720589
1,1,0.970167875289917
0,0,0.0162519104778767
0,0,0.0184052232652903
0,1,0.561323463916779
1,1,0.703795909881592
0,0,0.0114321373403072
0,0,0.0207275785505772
0,0,0.35564798116684
0,0,0.014287056401372
1,1,0.974607527256012
1,1,0.911437749862671
1,1,0.9890256524086
1,1,0.900768756866455
1,1,0.967136919498444
1,1,0.909985721111298
1,1,0.773615837097168
1,1,0.939994871616364
1,1,0.830637156963348
1,1,0.966275632381439
1,1,0.985721230506897
0,0,0.0143794901669025
0,0,0.00900328438729048
0,0,0.0651700347661972
0,0,0.0164807308465242
1,1,0.963393807411194
1,1,0.812776863574982
0,0,0.0167307499796152
1,1,0.964328050613403
0,0,0.0816470384597778
1,1,0.965417921543121
0,0,0.0115445982664824
1,1,0.975918829441071
0,0,0.0211704932153225
0,0,0.0414177887141705
1,1,0.89361560344696
0,0,0.0496578812599182
1,1,0.935336649417877
0,0,0.360536843538284
1,0,0.122679941356182
1,1,0.983199298381805
1,1,0.971254765987396
1,1,0.97196239233017
1,1,0.990674674510956
1,1,0.975049257278442
0,0,0.229418486356735
1,0,0.172578185796738
0,1,0.967956125736237
1,1,0.959441184997559
0,0,0.391595393419266
0,0,0.187645331025124
1,1,0.9135622382164
1,1,0.937531173229218
0,0,0.0214368309825659
1,1,0.735811531543732
1,1,0.972357273101807
0,0,0.0100565832108259
1,1,0.940345644950867
0,0,0.0155370812863111
0,0,0.0699022710323334
0,0,0.0133227529004216
0,0,0.0651139467954636
0,0,0.0375577621161938
0,0,0.0183322764933109
0,0,0.459405988454819
1,1,0.768603026866913
0,0,0.0107320640236139
0,0,0.0443436317145824
1,1,0.992420971393585
1,1,0.802189350128174
1,1,0.978146314620972
0,1,0.715288817882538
1,1,0.883257687091827
1,1,0.925025343894958
0,0,0.227105677127838
1,1,0.947870135307312
1,1,0.506028354167938
0,0,0.128175109624863
1,1,0.693437933921814
1,1,0.973110675811768
1,1,0.979719340801239
1,1,0.892329931259155
0,0,0.0265892744064331
1,1,0.960765600204468
1,1,0.980122864246368
1,1,0.867124974727631
1,1,0.605721950531006
0,0,0.29629573225975
1,1,0.98535281419754
1,1,0.985639691352844
0,0,0.1216034963727
0,0,0.0304653625935316
1,1,0.964122176170349
1,1,0.952891647815704
0,0,0.0288388635963202
0,0,0.00796808768063784
0,0,0.0125330835580826
1,1,0.804430782794952
0,0,0.0154983066022396
1,1,0.988503396511078
1,0,0.0368192531168461
0,0,0.0198349077254534
1,1,0.965693116188049
0,0,0.0335351377725601
1,1,0.951964139938354
0,0,0.0316401645541191
1,1,0.529522597789764
1,1,0.980039834976196
0,1,0.615012586116791
0,0,0.0207382179796696
1,1,0.905890941619873
1,1,0.969853937625885
1,1,0.985402345657349
0,0,0.0266581308096647
0,0,0.0289518404752016
0,0,0.0235517434775829
1,1,0.977102339267731
0,0,0.122861370444298
0,0,0.0142407957464457
1,1,0.93871146440506
0,0,0.117043152451515
0,0,0.012772330082953
1,1,0.98150622844696
0,0,0.168820559978485
0,0,0.128430142998695
1,1,0.962132036685944
1,1,0.98113602399826
0,0,0.0211092829704285
0,0,0.0671998858451843
1,1,0.977260410785675
0,0,0.0539003945887089
0,0,0.0201009996235371
1,1,0.965604841709137
1,1,0.897012293338776
0,0,0.0161599591374397
1,1,0.969115555286407
1,1,0.977566182613373
0,0,0.173585057258606
1,1,0.96312403678894
0,0,0.0360826477408409
1,1,0.982402920722961
0,0,0.324248015880585
1,1,0.98277735710144
0,0,0.0149737102910876
0,0,0.133268281817436
1,1,0.978630483150482
0,0,0.0201821252703667
0,0,0.0984165221452713
1,1,0.97897332906723
0,0,0.0305876154452562
0,0,0.222803294658661
1,1,0.923125565052032
0,0,0.0450293906033039
1,1,0.727423965930939
1,1,0.929609894752502
1,1,0.940339386463165
0,0,0.0173035971820354
1,1,0.979094445705414
0,0,0.169704362750053
1,1,0.965717673301697
0,0,0.0161545854061842
0,1,0.95117461681366
1,1,0.66183465719223
1,1,0.982634007930756
0,0,0.0289512649178505
0,0,0.0112900640815496
1,1,0.94011527299881
1,1,0.935986936092377
1,1,0.903595566749573
0,0,0.0176195036619902
1,1,0.963749647140503
1,1,0.965912282466888
1,1,0.96086710691452
1,1,0.961260855197906
0,0,0.0374197401106358
1,1,0.947365283966064
1,1,0.978700697422028
1,1,0.778765082359314
0,0,0.0149794016033411
1,1,0.949148654937744
0,0,0.0682233944535255
1,1,0.90300989151001
1,1,0.975461840629578
0,0,0.0249635726213455
0,0,0.051546286791563
1,1,0.984779298305511
1,1,0.959599316120148
1,1,0.965342342853546
1,1,0.969952523708344
1,1,0.99121230840683
0,0,0.0353259220719337
0,0,0.0465233251452446
1,1,0.974047124385834
1,1,0.954828321933746
1,1,0.975362062454224
0,0,0.0124738654121757
0,0,0.0291020125150681
0,0,0.0903247818350792
0,0,0.0269219968467951
1,1,0.977709174156189
0,1,0.746011018753052
1,1,0.738662362098694
0,0,0.0222128760069609
0,0,0.042112622410059
0,1,0.782806813716888
1,1,0.983512222766876
1,1,0.9454585313797
0,0,0.0223484542220831
1,1,0.883716642856598
0,0,0.0282374285161495
1,1,0.921990394592285
1,1,0.984511852264404
0,0,0.0278121028095484
0,0,0.0127009674906731
1,0,0.207164645195007
1,1,0.919148623943329
0,0,0.0440978780388832
1,1,0.94558322429657
0,0,0.0373755097389221
1,1,0.969995141029358
0,0,0.0126796560361981
0,0,0.0425739027559757
1,1,0.937740862369537
1,1,0.84116119146347
1,1,0.983017563819885
1,1,0.986760139465332
0,0,0.0306522808969021
1,1,0.950018465518951
0,0,0.0102231092751026
1,1,0.943908452987671
1,1,0.92181259393692
1,1,0.976079523563385
1,1,0.605697870254517
0,0,0.0815591290593147
0,0,0.0228044744580984
0,0,0.0244366992264986
1,1,0.955437123775482
1,0,0.213889226317406
1,1,0.959421098232269
0,0,0.0164325013756752
0,0,0.0247168503701687
0,0,0.0501131117343903
1,1,0.842261254787445
1,1,0.955984055995941
0,0,0.0374427177011967
0,0,0.0385368168354034
0,0,0.0184627491980791
0,0,0.0164118818938732
0,0,0.030057143419981
1,1,0.96295952796936
0,0,0.0285345353186131
0,1,0.962406575679779
0,0,0.0291812233626842
0,0,0.0270167961716652
0,0,0.125456228852272
1,1,0.986021995544434
1,1,0.970333755016327
1,1,0.975651562213898
1,1,0.935372769832611
0,0,0.0127324210479856
1,1,0.980630457401276
1,1,0.933229088783264
0,0,0.0220426991581917
1,1,0.93029397726059
0,0,0.0267117489129305
0,0,0.0278215333819389
1,1,0.76392924785614
1,1,0.936065375804901
1,1,0.927196502685547
1,1,0.97652280330658
1,1,0.971109747886658
0,0,0.0339554063975811
0,0,0.0533473715186119
0,0,0.0584275685250759
1,1,0.976122915744781
0,0,0.0395096987485886
1,1,0.970702171325684
1,1,0.847457230091095
1,1,0.830399632453918
1,1,0.959063053131104
0,0,0.0168051365762949
1,1,0.921845197677612
1,1,0.637322187423706
0,0,0.0570937916636467
1,1,0.959047377109528
0,0,0.0159249138087034
1,1,0.94287371635437
0,0,0.0203207451850176
1,1,0.898758471012115
0,0,0.0421811416745186
0,0,0.038837805390358
0,0,0.0128899374976754
1,1,0.954639613628387
1,1,0.977262496948242
0,0,0.0251334477216005
1,1,0.843162596225739
0,0,0.198515251278877
1,1,0.977409601211548
1,1,0.968597888946533
1,1,0.911622524261475
0,0,0.0238990616053343
1,1,0.985982954502106
0,0,0.0506691224873066
1,1,0.993028581142426
1,1,0.95875096321106
0,0,0.0683103799819946
0,0,0.0141465738415718
1,1,0.965016663074493
1,1,0.953756749629974
1,1,0.986168563365936
0,0,0.0181269738823175
0,0,0.0618380755186081
1,1,0.963835477828979
1,1,0.964854717254639
0,0,0.0358706004917622
0,0,0.387922406196594
0,0,0.0414037145674229
0,0,0.189155071973801
1,1,0.983083724975586
1,1,0.968572616577148
1,0,0.0691935792565346
0,0,0.0152841918170452
0,0,0.0111093753948808
1,1,0.961924195289612
0,0,0.0173827819526196
0,0,0.120807498693466
1,1,0.942360460758209
0,0,0.0396996401250362
0,0,0.0168286934494972
1,1,0.982331514358521
1,1,0.958541929721832
0,0,0.00923220161348581
1,1,0.981995820999146
1,1,0.914126992225647
0,0,0.0271558947861195
0,0,0.00965662207454443
0,0,0.0217840112745762
0,1,0.558505594730377
1,1,0.845049679279327
0,0,0.0138646923005581
1,1,0.680976510047913
0,0,0.0127651654183865
1,1,0.961138665676117
1,1,0.909323275089264
1,1,0.985318303108215
1,1,0.918778777122498
0,0,0.0157354045659304
1,1,0.844619810581207
1,1,0.959419190883636
1,1,0.926927626132965
1,1,0.577787518501282
0,0,0.0425294823944569
0,0,0.0100214770063758
1,1,0.935516834259033
1,1,0.945720374584198
0,0,0.0117750456556678
1,1,0.987354695796967
1,1,0.950487673282623
0,0,0.0246079992502928
0,0,0.0144645506516099
0,0,0.233005285263062
0,0,0.287807106971741
0,0,0.0160780530422926
0,0,0.0146233914420009
0,0,0.073707289993763
0,0,0.0141375456005335
0,0,0.0103922560811043
1,1,0.961030125617981
0,0,0.0319911949336529
1,1,0.985697984695435
1,1,0.979426324367523
0,0,0.0201743822544813
0,0,0.0796363279223442
1,1,0.985092103481293
1,1,0.972137689590454
1,1,0.950008690357208
0,0,0.0198162868618965
0,0,0.0170348063111305
0,0,0.156042233109474
0,0,0.0109510105103254
1,1,0.881902515888214
0,1,0.878349661827087
1,1,0.973772048950195
0,0,0.113188989460468
0,0,0.0157947354018688
0,0,0.0223042238503695
1,1,0.952617764472961
0,0,0.0244552344083786
1,1,0.935521602630615
0,0,0.02803660556674
1,1,0.956231951713562
1,0,0.352731019258499
1,1,0.950047969818115
0,0,0.211827754974365
1,1,0.968521177768707
1,1,0.977941691875458
0,0,0.0296594053506851
1,1,0.977740883827209
1,1,0.963877975940704
0,0,0.133246243000031
1,1,0.759874284267426
0,0,0.026459164917469
1,1,0.981718182563782
1,1,0.862905204296112
1,1,0.980190694332123
0,0,0.0211268290877342
1,1,0.972937881946564
0,0,0.0194063503295183
1,1,0.933975160121918
1,1,0.954691112041473
1,1,0.975462734699249
1,1,0.927254796028137
1,1,0.958783209323883
1,1,0.972540020942688
1,1,0.985430598258972
1,1,0.978387475013733
0,0,0.0303322449326515
0,0,0.0352665595710278
1,1,0.877963364124298
1,1,0.925242066383362
0,0,0.0130065008997917
1,1,0.954745292663574
0,0,0.0460183285176754
0,0,0.0153712732717395
0,0,0.0613723881542683
1,1,0.974224507808685
1,1,0.972333610057831
1,1,0.984891355037689
1,1,0.969608843326569
0,0,0.0114811882376671
0,0,0.0272899344563484
0,0,0.0154743734747171
1,1,0.973839640617371
0,0,0.0188692808151245
1,0,0.196725741028786
1,1,0.978808045387268
0,0,0.133950918912888
1,1,0.974031567573547
0,0,0.0757272094488144
0,0,0.0641535818576813
0,0,0.0144868697971106
0,0,0.0145877255126834
1,1,0.984491527080536
1,1,0.986896693706512
1,1,0.719368040561676
1,1,0.977451264858246
0,0,0.0374956764280796
0,0,0.337126880884171
0,0,0.02952472679317
0,0,0.27973946928978
0,0,0.0963182225823402
0,0,0.0882502198219299
0,0,0.0179411303251982
0,0,0.0170222353190184
1,1,0.967531442642212
0,0,0.0416188426315784
0,0,0.0400820635259151
1,1,0.747436463832855
1,1,0.715638697147369
0,1,0.951098084449768
0,0,0.0218342430889606
0,0,0.0479707457125187
0,0,0.0288368426263332
0,0,0.0348063595592976
0,1,0.787039458751678
1,1,0.960189461708069
0,0,0.0141613576561213
1,1,0.97322028875351
1,1,0.958920061588287
1,1,0.963844001293182
1,1,0.666281580924988
0,0,0.0245846100151539
1,1,0.966816782951355
1,1,0.961835741996765
0,0,0.0577926784753799
1,1,0.808792114257812
1,1,0.97783899307251
0,0,0.174097046256065
1,1,0.955371499061584
1,1,0.98023909330368
1,1,0.972998142242432
1,0,0.117460899055004
0,0,0.0137690305709839
1,1,0.766368329524994
0,0,0.016105443239212
1,1,0.848142862319946
0,0,0.038378432393074
1,1,0.709669411182404
1,1,0.930954158306122
1,1,0.953799366950989
1,1,0.922785460948944
1,1,0.581731200218201
0,0,0.183288052678108
0,0,0.0528636835515499
1,0,0.0187539234757423
1,1,0.966533064842224
1,1,0.98518431186676
1,1,0.93375027179718
0,0,0.0183245427906513
1,1,0.978701233863831
0,0,0.0736276134848595
0,0,0.0153006771579385
1,1,0.980856359004974
1,1,0.914601922035217
0,0,0.0343512780964375
0,0,0.0212593898177147
1,1,0.952443301677704
0,0,0.0631507933139801
0,0,0.0208236202597618
0,0,0.0254774522036314
1,1,0.983162879943848
1,1,0.973074793815613
0,0,0.06700599193573
0,0,0.0445125065743923
0,0,0.0431158132851124
1,1,0.950559437274933
0,0,0.0659565031528473
1,1,0.949423551559448
1,1,0.964977145195007
1,1,0.951035618782043
0,0,0.0284841358661652
0,0,0.0232248716056347
0,0,0.127233773469925
1,1,0.964742183685303
0,0,0.0346793904900551
1,1,0.963559031486511
0,0,0.053565364331007
1,1,0.966895997524261
1,1,0.950227916240692
0,0,0.00790451653301716
1,1,0.975653946399689
0,1,0.948791146278381
0,0,0.309574842453003
1,1,0.909683763980865
0,0,0.297810822725296
0,0,0.0590993836522102
0,1,0.956623554229736
1,1,0.970321834087372
0,0,0.0116899572312832
1,1,0.985127985477448
1,1,0.922394096851349
0,0,0.0234376359730959
0,0,0.101361468434334
0,0,0.0457952842116356
0,0,0.0196724962443113
1,1,0.967426359653473
0,0,0.0249416213482618
0,0,0.0145855518057942
0,0,0.0138317802920938
0,0,0.401436656713486
1,1,0.727793395519257
1,1,0.953255116939545
0,0,0.033079843968153
1,1,0.964974224567413
1,1,0.97577702999115
0,0,0.0749380737543106
1,1,0.981151640415192
1,1,0.994045078754425
0,0,0.0155299939215183
0,0,0.0137490499764681
1,1,0.919067978858948
0,0,0.0262220092117786
1,1,0.970758438110352
0,0,0.0546091124415398
1,1,0.928706884384155
0,0,0.0109059689566493
1,1,0.964942932128906
1,1,0.931450724601746
1,1,0.986224174499512
0,0,0.0231016203761101
1,1,0.935287952423096
1,1,0.951104342937469
1,1,0.986048936843872
0,0,0.0928567424416542
0,0,0.0450881645083427
0,0,0.0506948977708817
1,1,0.678583323955536
1,1,0.950958788394928
1,1,0.550095438957214
0,0,0.00987122021615505
0,1,0.667191982269287
1,1,0.978258788585663
0,0,0.0144457882270217
0,0,0.22539958357811
1,1,0.976690351963043
0,0,0.0294002685695887
1,1,0.98631763458252
0,0,0.0155573710799217
1,1,0.97679215669632
0,0,0.0126993823796511
0,0,0.0114509165287018
0,0,0.0290568228811026
1,1,0.978397369384766
1,1,0.975415587425232
0,0,0.067122258245945
0,0,0.0354732535779476
0,0,0.0519583076238632
0,0,0.0173111315816641
1,1,0.972630321979523
0,0,0.0233692955225706
1,1,0.883279025554657
0,0,0.0149091780185699
0,0,0.0312589518725872
1,1,0.984439611434937
0,0,0.191443413496017
0,0,0.0439884215593338
1,1,0.907368004322052
1,1,0.945565164089203
0,0,0.0441556684672832
0,0,0.0515220127999783
1,1,0.962370455265045
1,1,0.956847786903381
1,1,0.918745160102844
1,1,0.974793076515198
1,1,0.846303880214691
0,0,0.370534539222717
0,0,0.0147476484999061
1,0,0.371861100196838
0,0,0.0395072214305401
0,0,0.0808831304311752
1,1,0.982170343399048
1,1,0.91353964805603
1,1,0.873335719108582
0,0,0.0119509929791093
1,1,0.934406161308289
0,0,0.0221207402646542
1,1,0.977910041809082
0,0,0.0175557434558868
1,0,0.372267127037048
1,1,0.921817541122437
0,0,0.0262491274625063
0,0,0.0159087348729372
1,1,0.941765010356903
1,1,0.951519131660461
1,1,0.949381232261658
1,1,0.900172173976898
0,0,0.0150776617228985
1,1,0.975331425666809
1,1,0.913808643817902
0,0,0.0051067010499537
0,0,0.0152671560645103
0,0,0.021564818918705
1,1,0.982785761356354
1,1,0.668544113636017
0,0,0.0178282540291548
0,0,0.0324698351323605
1,1,0.96479070186615
1,1,0.968033969402313
0,0,0.027984356507659
1,1,0.863116502761841
0,0,0.0242863781750202
1,1,0.85669881105423
0,0,0.0291584506630898
1,1,0.960743486881256
0,0,0.021394994109869
0,0,0.0145293651148677
1,1,0.93615061044693
0,0,0.0266322903335094
1,1,0.982694923877716
0,0,0.0872973203659058
0,0,0.0131589397788048
1,1,0.952446401119232
0,0,0.0928953289985657
0,0,0.0279272366315126
0,0,0.0144378272816539
1,1,0.887287616729736
1,1,0.973545789718628
0,0,0.0872088894248009
1,1,0.977452754974365
1,1,0.97511500120163
0,0,0.0962158739566803
0,0,0.00646014697849751
0,0,0.0410938560962677
0,0,0.122528113424778
0,0,0.0117846596986055
0,0,0.0314877592027187
0,0,0.0281239338219166
0,0,0.0190837904810905
1,1,0.985608220100403
0,0,0.0327893607318401
0,0,0.0154204238206148
0,0,0.0175074897706509
0,0,0.0206864681094885
1,1,0.682383179664612
1,0,0.491028100252151
1,0,0.287029653787613
1,1,0.930747210979462
0,0,0.0195366218686104
1,1,0.975403308868408
0,0,0.0111687844619155
0,0,0.0701707899570465
0,0,0.0131531581282616
0,0,0.0187836661934853
0,0,0.00997188873589039
0,0,0.0422660261392593
1,1,0.948244094848633
0,0,0.00652321288362145
0,0,0.037733867764473
0,0,0.150389939546585
1,1,0.96263861656189
1,0,0.0200736969709396
1,1,0.985798299312592
1,1,0.975944519042969
1,1,0.947676122188568
0,0,0.0389761403203011
1,1,0.963801443576813
1,1,0.887293934822083
0,0,0.0170471388846636
0,0,0.0148324780166149
1,1,0.981146931648254
1,1,0.98130464553833
1,1,0.970396399497986
0,1,0.730641603469849
0,0,0.0172787643969059
1,1,0.967678546905518
0,0,0.0341157577931881
1,1,0.983453333377838
0,0,0.0160517934709787
0,0,0.128999888896942
1,1,0.961562097072601
0,0,0.0352405160665512
0,0,0.0669901967048645
0,0,0.0225600562989712
0,0,0.137583881616592
1,1,0.893286883831024
0,0,0.0682044699788094
1,1,0.984700083732605
1,1,0.975246608257294
0,0,0.0292830765247345
0,0,0.0194001849740744
1,1,0.981995582580566
1,1,0.967955052852631
0,0,0.0455214157700539
0,0,0.0284384526312351
0,0,0.0423664450645447
1,1,0.866152763366699
0,0,0.019093407317996
1,1,0.977871835231781
1,1,0.976111352443695
0,0,0.2718665599823
1,1,0.971638143062592
1,1,0.844596564769745
1,1,0.95327615737915
1,1,0.964427292346954
0,0,0.0266368445008993
0,0,0.011580009944737
1,1,0.947151124477386
0,0,0.0283300243318081
0,0,0.0681322440505028
1,0,0.137673988938332
0,0,0.0203287359327078
1,1,0.788333058357239
0,0,0.0211200900375843
1,1,0.979740858078003
0,0,0.0331576950848103
0,0,0.0178498830646276
0,0,0.0380533896386623
0,0,0.0254090055823326
0,0,0.393659770488739
0,0,0.0218270123004913
0,0,0.027936939150095
0,0,0.0265787448734045
1,1,0.962849199771881
1,1,0.940694987773895
1,1,0.966554999351501
1,1,0.877993524074554
1,1,0.954484343528748
0,0,0.0141945416107774
1,1,0.964302718639374
0,0,0.02988675609231
0,0,0.0315322726964951
1,1,0.980649352073669
1,1,0.986391544342041
0,0,0.0135533669963479
0,0,0.246255651116371
1,1,0.98191225528717
1,1,0.980312347412109
1,1,0.964418232440948
0,0,0.0142693659290671
1,1,0.988815009593964
0,0,0.00701085943728685
0,1,0.838123738765717
1,1,0.931842982769012
0,0,0.19978991150856
1,1,0.947508811950684
0,0,0.0231638252735138
0,0,0.0289132837206125
0,0,0.0520886927843094
0,0,0.0110361343249679
0,0,0.179054096341133
1,1,0.988056182861328
1,1,0.946780323982239
0,1,0.54948765039444
0,0,0.307344377040863
1,1,0.982939004898071
0,0,0.321770757436752
0,0,0.0219440832734108
1,1,0.970576584339142
0,0,0.0365658886730671
0,0,0.0145232630893588
0,0,0.017448965460062
0,0,0.0186140909790993
1,1,0.720315456390381
1,1,0.959904789924622
1,0,0.468701928853989
0,0,0.0127344895154238
1,1,0.962211072444916
1,1,0.950825214385986
1,1,0.925334632396698
1,1,0.918814063072205
0,1,0.64513236284256
1,1,0.972665846347809
1,1,0.77934056520462
1,1,0.940057396888733
1,1,0.89765602350235
1,1,0.84518039226532
0,0,0.109313972294331
1,1,0.909495770931244
1,1,0.981052577495575
1,1,0.977695286273956
1,1,0.982739329338074
1,1,0.978218376636505
0,0,0.328765332698822
0,1,0.912739813327789
1,1,0.988645553588867
1,1,0.964570999145508
0,0,0.0712415128946304
1,1,0.966383039951324
1,1,0.972854018211365
0,0,0.0206846240907907
1,1,0.989269912242889
1,1,0.984945356845856
0,0,0.0171402730047703
1,1,0.987689137458801
0,1,0.801379561424255
1,1,0.946258246898651
1,1,0.975020110607147
1,1,0.969976961612701
1,1,0.963910460472107
0,0,0.0301118046045303
1,1,0.97131359577179
0,0,0.0161808356642723
0,0,0.024693239480257
0,0,0.273636609315872
0,0,0.0614094957709312
0,0,0.0164493024349213
0,0,0.0223358832299709
1,1,0.600935935974121
0,0,0.0565719790756702
1,1,0.894818186759949
0,0,0.025190893560648
1,1,0.964297473430634
1,1,0.967330634593964
1,1,0.986105382442474
0,0,0.0399909801781178
1,0,0.0211218446493149
0,0,0.011989782564342
0,0,0.0300369150936604
1,1,0.982581734657288
0,0,0.0516885109245777
1,1,0.959060609340668
0,1,0.900986909866333
0,0,0.0257805157452822
1,1,0.957786917686462
0,0,0.0520433411002159
0,0,0.0380998477339745
1,1,0.971806347370148
1,1,0.994183719158173
1,1,0.671621739864349
1,1,0.938372790813446
0,0,0.182808712124825
1,1,0.873021185398102
1,1,0.980863809585571
1,1,0.954787373542786
1,1,0.979260265827179
1,1,0.969376921653748
1,1,0.978823125362396
0,0,0.040613804012537
0,0,0.036406647413969
0,0,0.0183694176375866
1,1,0.963276743888855
1,1,0.96799111366272
1,1,0.924481987953186
1,1,0.960801959037781
0,1,0.977079451084137
0,0,0.0256453398615122
1,1,0.921350598335266
0,0,0.10040645301342
0,0,0.0150751061737537
1,1,0.977702915668488
0,0,0.0351164862513542
0,0,0.20931488275528
1,1,0.972310960292816
1,1,0.941460609436035
1,1,0.992319762706757
1,1,0.818235993385315
1,1,0.967511832714081
0,0,0.0141631290316582
1,1,0.97717672586441
0,0,0.17036709189415
0,0,0.0212698895484209
0,0,0.0529879704117775
1,0,0.173660472035408
1,0,0.434609115123749
1,1,0.974295556545258
1,1,0.979736983776093
0,0,0.0116872740909457
0,0,0.0169553514569998
1,1,0.987873196601868
1,1,0.963581025600433
1,1,0.96324896812439
1,1,0.961034536361694
0,0,0.145446807146072
1,1,0.91703873872757
1,1,0.975286185741425
0,0,0.0284976400434971
1,1,0.968143403530121
0,0,0.0238920822739601
0,0,0.0122181251645088
1,1,0.960046947002411
0,0,0.0176902525126934
0,0,0.012616440653801
0,0,0.237107500433922
0,0,0.0272386353462934
1,1,0.986508011817932
1,1,0.809453964233398
0,0,0.0554868169128895
0,0,0.176346361637115
0,0,0.0114214988425374
0,0,0.13562323153019
1,1,0.709290206432343
0,0,0.0464245490729809
1,1,0.986288547515869
0,1,0.571930229663849
1,1,0.968319714069366
0,0,0.0282151568681002
0,0,0.0106199607253075
1,1,0.980165004730225
0,0,0.0265805143862963
0,0,0.0156019451096654
1,1,0.962322890758514
0,0,0.0294017400592566
0,0,0.0644809156656265
1,1,0.939203321933746
0,0,0.0205104555934668
1,1,0.978291273117065
0,0,0.0195758175104856
0,0,0.0111231561750174
1,1,0.978733122348785
1,0,0.0243108868598938
0,0,0.010738936252892
0,1,0.882884442806244
1,0,0.0407657399773598
0,0,0.0181805696338415
1,1,0.951704621315002
0,0,0.0182788874953985
1,1,0.962505280971527
1,1,0.981313467025757
1,1,0.969513297080994
0,0,0.0400876142084599
1,1,0.838854193687439
0,0,0.0284837204962969
1,1,0.98581725358963
1,1,0.956989169120789
0,0,0.012019201181829
0,0,0.0534918271005154
0,0,0.0113728074356914
0,0,0.0244964454323053
0,0,0.0219373907893896
0,0,0.0789469182491302
0,0,0.0537091605365276
1,1,0.800434648990631
0,0,0.0785201266407967
0,0,0.0145570626482368
1,1,0.974555253982544
1,1,0.979075253009796
0,0,0.0536299832165241
0,0,0.059023879468441
1,1,0.963783204555511
0,0,0.0134573001414537
1,1,0.888936281204224
0,0,0.021106781437993
0,0,0.0838792845606804
1,1,0.951474010944366
1,1,0.977310419082642
1,1,0.905902564525604
1,1,0.972781121730804
1,1,0.973187565803528
1,1,0.921305656433105
0,0,0.0408832542598248
1,1,0.982551574707031
0,0,0.0108474297448993
1,1,0.953022062778473
0,0,0.333156555891037
0,0,0.0358085967600346
0,0,0.0180321130901575
0,0,0.0213629342615604
0,0,0.0203107092529535
1,1,0.986666858196259
1,1,0.973163366317749
0,0,0.041884783655405
1,1,0.71601390838623
1,1,0.923977613449097
1,1,0.978017091751099
1,1,0.979503035545349
1,1,0.971996963024139
0,0,0.0182326231151819
1,1,0.978289127349854
0,0,0.0228470433503389
1,1,0.957104682922363
1,1,0.954873740673065
0,0,0.0297132413834333
0,0,0.00997895747423172
0,1,0.978508293628693
1,1,0.971782386302948
0,0,0.00848136935383081
0,0,0.0142404539510608
1,1,0.972456157207489
1,1,0.983715355396271
1,1,0.984514951705933
0,0,0.142441317439079
0,0,0.0288793575018644
0,1,0.942236363887787
0,0,0.191338866949081
1,1,0.982529044151306
0,0,0.0349530354142189
1,1,0.97660630941391
1,1,0.974152326583862
0,0,0.02404292114079
1,1,0.959174156188965
1,1,0.974728167057037
0,0,0.0486541539430618
1,1,0.716639399528503
1,1,0.984591603279114
1,1,0.960792899131775
0,0,0.00778145994991064
0,0,0.0128887612372637
0,0,0.0840516835451126
0,0,0.0641286224126816
0,0,0.0192590150982141
0,0,0.0382232554256916
0,0,0.0198278278112411
1,1,0.986815631389618
1,1,0.970119416713715
0,0,0.0581519901752472
1,1,0.845694065093994
0,0,0.0486283116042614
0,0,0.0671771094202995
1,1,0.963463842868805
0,0,0.0142748868092895
0,0,0.0160599816590548
1,1,0.716152191162109
1,1,0.953726887702942
1,1,0.96664297580719
0,0,0.0189039446413517
0,0,0.0224089343100786
0,0,0.287793874740601
1,1,0.81855297088623
0,0,0.0278586782515049
1,1,0.82087242603302
0,0,0.0239103548228741
1,1,0.918188214302063
1,1,0.962159514427185
1,1,0.96807736158371
0,0,0.0498146787285805
0,0,0.00947622489184141
0,0,0.123168997466564
0,0,0.0282209273427725
1,1,0.96301656961441
1,1,0.974105954170227
1,1,0.894891560077667
1,1,0.820752561092377
1,1,0.990707039833069
1,0,0.471830159425735
0,0,0.128572732210159
1,1,0.817579507827759
0,0,0.0232709683477879
1,1,0.805403709411621
0,0,0.0352906472980976
0,0,0.0126090468838811
0,1,0.73592609167099
0,0,0.112278200685978
1,1,0.96454530954361
0,0,0.0134044727310538
0,0,0.0334922671318054
0,0,0.022332550957799
1,1,0.977409899234772
0,0,0.0246518030762672
0,0,0.0160501431673765
1,1,0.699962496757507
0,0,0.0259504560381174
0,0,0.0528910160064697
0,0,0.0258931685239077
0,1,0.961113035678864
0,0,0.00605745613574982
0,0,0.0438532046973705
0,0,0.0713120996952057
1,1,0.957446813583374
0,0,0.0217392146587372
1,1,0.897509336471558
0,1,0.755719542503357
1,1,0.974716365337372
1,1,0.970440149307251
0,0,0.0292340815067291
0,0,0.0543280430138111
1,1,0.966584861278534
1,1,0.926509141921997
0,0,0.0512800738215446
0,0,0.0623129121959209
1,1,0.985188007354736
1,1,0.949475765228271
1,1,0.976055562496185
1,1,0.971051812171936
1,1,0.972839951515198
0,0,0.0258225500583649
1,1,0.79815536737442
0,0,0.0242269299924374
1,1,0.947648048400879
0,0,0.049086157232523
1,1,0.988068878650665
1,1,0.971710979938507
0,0,0.0176149737089872
1,1,0.973383903503418
1,0,0.365391612052917
0,0,0.227062165737152
0,0,0.0190553832799196
1,1,0.949977695941925
1,1,0.773244142532349
1,1,0.83698171377182
0,1,0.948703467845917
1,1,0.979919195175171
1,1,0.96800285577774
1,1,0.905842781066895
1,1,0.984703481197357
0,0,0.0301594100892544
1,1,0.957740664482117
1,1,0.977293908596039
0,0,0.0722690969705582
0,0,0.0304219294339418
1,1,0.973275721073151
0,0,0.0166593287140131
0,0,0.0317664965987206
0,0,0.0127472830936313
0,0,0.0583261325955391
0,0,0.430883646011353
0,0,0.0202745292335749
0,0,0.0279451496899128
0,0,0.0442694686353207
1,1,0.952007472515106
1,1,0.971449792385101
1,1,0.898276031017303
1,1,0.958175480365753
0,0,0.051849577575922
1,1,0.940963208675385
0,0,0.0271889436990023
0,0,0.275433897972107
1,1,0.937874257564545
0,0,0.0142604159191251
1,1,0.955106735229492
1,1,0.980263411998749
0,0,0.0247832182794809
1,1,0.973103106021881
1,1,0.889072716236115
1,1,0.988059461116791
0,0,0.0191067811101675
0,0,0.0126174744218588
1,1,0.965148448944092
1,1,0.717426598072052
1,1,0.927158772945404
0,0,0.0235059279948473
1,1,0.97881543636322
1,1,0.964849054813385
0,0,0.0162463914602995
1,1,0.9864541888237
0,0,0.0167115740478039
1,1,0.975420534610748
1,1,0.987749516963959
0,1,0.535273313522339
1,1,0.969220340251923
1,1,0.97544276714325
0,0,0.485099136829376
1,1,0.968581557273865
0,0,0.108056642115116
1,1,0.916193664073944
1,1,0.981362164020538
0,0,0.0582715086638927
0,0,0.0312115382403135
1,1,0.970915496349335
1,0,0.385868400335312
0,0,0.0227301362901926
0,0,0.0822916030883789
1,1,0.985400974750519
0,0,0.0266240555793047
1,1,0.94245845079422
1,1,0.933507740497589
1,1,0.965079843997955
1,1,0.980101346969604
1,1,0.978757798671722
0,0,0.034187313169241
1,1,0.979267716407776
1,1,0.952318727970123
0,0,0.0183089505881071
1,1,0.968717157840729
1,1,0.955153167247772
0,0,0.0133626889437437
0,0,0.00935088936239481
0,0,0.070918083190918
1,1,0.803049683570862
0,0,0.0188965518027544
0,0,0.0361951775848866
1,1,0.987282872200012
1,1,0.964600205421448
1,1,0.797080934047699
0,1,0.959430515766144
1,1,0.924219727516174
1,1,0.986092865467072
1,1,0.892626464366913
0,0,0.0173868946731091
0,0,0.498068898916245
0,0,0.0170524772256613
0,0,0.0373698770999908
0,0,0.0157818198204041
0,0,0.063530333340168
1,1,0.938137590885162
1,1,0.849863827228546
0,0,0.0422087386250496
0,0,0.0628208220005035
0,0,0.0238354075700045
0,0,0.0507910214364529
1,1,0.964596092700958
1,1,0.989841639995575
1,1,0.988953590393066
1,1,0.897869765758514
1,1,0.961132168769836
0,1,0.895739734172821
0,0,0.0164765492081642
0,0,0.0336208418011665
0,0,0.0299244318157434
1,1,0.9046431183815
0,0,0.247351944446564
0,0,0.0512475930154324
1,0,0.364590883255005
0,0,0.0232652965933084
0,0,0.0808950215578079
0,0,0.055730864405632
0,0,0.362088859081268
0,0,0.0355943143367767
0,1,0.914754986763
0,0,0.0226795561611652
0,0,0.0399729907512665
1,1,0.991266787052155
1,1,0.974715232849121
0,0,0.0193619728088379
1,1,0.986829221248627
1,1,0.981264591217041
0,0,0.0168719738721848
1,1,0.973370134830475
1,1,0.940800666809082
1,1,0.983183622360229
1,1,0.958061933517456
1,1,0.934227168560028
1,1,0.978810667991638
0,0,0.351391494274139
1,1,0.944913029670715
1,1,0.974675357341766
0,0,0.0113999610766768
1,1,0.939303517341614
0,0,0.0112944459542632
0,0,0.152772352099419
0,0,0.024855263531208
0,0,0.0191694665700197
0,0,0.040850967168808
1,1,0.968653738498688
1,1,0.948845565319061
1,1,0.968989074230194
1,1,0.982913315296173
1,1,0.971145033836365
1,1,0.926165521144867
1,1,0.870676100254059
1,1,0.96853494644165
0,0,0.0671340227127075
1,1,0.898281037807465
0,0,0.0155816357582808
1,1,0.955551743507385
1,1,0.913365662097931
0,0,0.0571311004459858
0,0,0.0301162805408239
1,1,0.962268590927124
0,0,0.0731073617935181
0,0,0.0130165135487914
1,1,0.982475757598877
0,0,0.0335089303553104
1,1,0.986070215702057
1,1,0.98172527551651
1,1,0.953302502632141
1,1,0.980423212051392
0,0,0.0180872939527035
0,0,0.0690032690763474
1,1,0.927486896514893
0,0,0.0169133599847555
1,1,0.969090461730957
0,0,0.0279542561620474
0,1,0.815447211265564
1,1,0.911737024784088
0,0,0.0225780922919512
0,0,0.0675122365355492
1,0,0.0370434336364269
1,1,0.970664620399475
0,0,0.0764603987336159
1,1,0.983973443508148
1,1,0.95641827583313
1,1,0.951623499393463
1,1,0.987009108066559
1,1,0.974603712558746
1,0,0.142454996705055
0,0,0.0191059317439795
0,0,0.0390818640589714
0,0,0.0308280345052481
0,0,0.0136642875149846
0,0,0.0207824409008026
0,0,0.0245210528373718
1,1,0.846809804439545
1,1,0.942122519016266
0,0,0.0107936412096024
0,0,0.0147243235260248
1,1,0.972149848937988
1,1,0.908787131309509
0,0,0.147204160690308
0,0,0.0174435544759035
1,1,0.928190112113953
1,1,0.95588481426239
1,1,0.951877593994141
0,0,0.0461112856864929
0,0,0.0341925881803036
1,1,0.983965158462524
1,1,0.93652081489563
1,1,0.986492693424225
1,1,0.974803805351257
0,0,0.076821006834507
1,0,0.474170207977295
1,1,0.800831496715546
0,0,0.0142606096342206
0,0,0.0119017977267504
1,1,0.954969942569733
1,1,0.979278326034546
0,0,0.0336886271834373
1,1,0.884715259075165
1,1,0.971557140350342
0,0,0.0168887432664633
1,1,0.799254894256592
1,1,0.988400101661682
1,1,0.984672129154205
0,0,0.0133686456829309
1,1,0.974117815494537
0,0,0.0566280670464039
1,1,0.985702037811279
1,1,0.977805495262146
0,0,0.0111937159672379
0,1,0.901333093643188
0,0,0.112872250378132
1,1,0.961314141750336
1,1,0.886691808700562
1,1,0.987157046794891
1,1,0.938440382480621
1,1,0.96737802028656
0,0,0.417984336614609
1,1,0.97208958864212
0,0,0.0251185428351164
0,0,0.031066944822669
1,1,0.919993937015533
1,1,0.987774729728699
1,1,0.973823130130768
0,0,0.0188050344586372
1,1,0.99023562669754
0,0,0.0156072415411472
0,0,0.0397396609187126
1,1,0.984697937965393
0,0,0.0227185878902674
1,1,0.954211533069611
0,0,0.00651661306619644
0,0,0.0454580299556255
0,0,0.0339661687612534
0,0,0.0420579202473164
1,1,0.938139319419861
0,0,0.0135838491842151
0,0,0.0191883519291878
1,1,0.953164339065552
0,0,0.0210548304021358
0,0,0.0226831175386906
1,1,0.923518240451813
0,0,0.0102043664082885
0,0,0.025963319465518
1,1,0.975243985652924
1,1,0.969644069671631
1,1,0.959256052970886
1,1,0.844822227954865
1,1,0.988386034965515
1,1,0.958475470542908
1,1,0.911023616790771
1,1,0.978432774543762
0,0,0.0328818336129189
1,1,0.973808348178864
0,0,0.251278549432755
1,1,0.899938762187958
1,1,0.984202861785889
0,0,0.331588357686996
1,1,0.939642190933228
1,1,0.979375541210175
0,0,0.286699414253235
1,1,0.542898714542389
0,0,0.183742865920067
1,1,0.947539210319519
0,1,0.966587841510773
0,0,0.0216446258127689
0,0,0.0258378461003304
1,1,0.964777827262878
1,1,0.954521059989929
1,1,0.945261716842651
0,0,0.00979963690042496
1,1,0.977273881435394
0,0,0.196274101734161
1,1,0.949622511863708
0,0,0.0420953892171383
1,1,0.977066218852997
0,0,0.289995402097702
1,1,0.554414927959442
0,0,0.11523699760437
0,0,0.0209849458187819
0,0,0.0452396124601364
1,1,0.848415851593018
1,1,0.904381215572357
1,1,0.972285747528076
1,1,0.976094305515289
1,1,0.989163041114807
1,1,0.969554305076599
0,1,0.608674943447113
1,1,0.950149834156036
0,0,0.0385089069604874
1,1,0.975395023822784
0,0,0.014093748293817
0,0,0.0429412424564362
1,1,0.979092061519623
1,0,0.21471831202507
1,1,0.975102305412292
0,0,0.0237057879567146
1,1,0.947128772735596
0,1,0.865152597427368
0,0,0.0219839699566364
1,1,0.985905885696411
1,1,0.984421133995056
1,1,0.948088049888611
1,1,0.955766320228577
1,1,0.919093906879425
1,1,0.982302486896515
0,0,0.0487211719155312
1,1,0.713418424129486
1,1,0.988892018795013
0,0,0.270084649324417
0,0,0.0171314794570208
0,0,0.0395318530499935
1,1,0.955514490604401
1,1,0.963113307952881
0,0,0.480558067560196
0,0,0.0139242941513658
0,0,0.111054919660091
0,0,0.0374783612787724
1,0,0.0632886737585068
1,1,0.945237994194031
1,1,0.962140321731567
1,1,0.939990937709808
0,0,0.0214509703218937
0,0,0.194137990474701
1,1,0.962354242801666
0,0,0.0187130756676197
0,0,0.052696630358696
1,1,0.881761610507965
1,1,0.962319016456604
0,0,0.0922021418809891
1,1,0.981921195983887
1,1,0.960191428661346
0,0,0.0108730783686042
0,0,0.270172894001007
0,0,0.0415513552725315
1,1,0.989896178245544
1,0,0.0193371400237083
1,1,0.985362768173218
0,0,0.015789695084095
0,0,0.0429480746388435
1,1,0.543574571609497
0,0,0.0451745837926865
1,1,0.862437069416046
0,0,0.0142066571861506
0,0,0.014682793058455
0,0,0.0152526535093784
1,0,0.454617142677307
0,0,0.0111479396000504
0,0,0.0142676830291748
0,0,0.0989979952573776
1,1,0.971189200878143
1,1,0.971238374710083
1,1,0.761272788047791
0,1,0.759124755859375
0,0,0.0498240813612938
1,1,0.967861890792847
0,0,0.0375247001647949
0,0,0.0198322329670191
1,1,0.820045351982117
1,1,0.987577557563782
0,0,0.160860776901245
1,1,0.982959628105164
0,0,0.0291145499795675
1,1,0.755912005901337
1,1,0.945484638214111
1,1,0.927243649959564
1,1,0.973176121711731
0,0,0.0107378112152219
1,1,0.983444571495056
1,1,0.806783020496368
1,1,0.975160300731659
1,1,0.969382643699646
0,0,0.0446989275515079
0,0,0.0957005620002747
1,1,0.969683527946472
0,0,0.0779231116175652
1,0,0.342531651258469
1,1,0.979283273220062
0,0,0.0323322676122189
0,1,0.903590977191925
1,1,0.942351102828979
1,1,0.960754156112671
1,1,0.962962806224823
0,0,0.0276489555835724
1,1,0.967078924179077
0,0,0.0221652034670115
0,0,0.0220088716596365
1,0,0.486574977636337
1,1,0.983813524246216
1,1,0.987833976745605
1,1,0.980481207370758
1,1,0.952543556690216
0,0,0.0127420388162136
0,0,0.261012583971024
1,1,0.963647365570068
0,0,0.0167190339416265
0,0,0.14978201687336
1,1,0.970132291316986
0,0,0.0224695336073637
0,0,0.0128956725820899
0,0,0.0145174013450742
1,1,0.535479545593262
1,1,0.963064551353455
1,1,0.963121950626373
0,0,0.0453516729176044
0,0,0.23686183989048
0,0,0.0495857521891594
0,0,0.0173067599534988
1,1,0.988828480243683
1,1,0.939297616481781
1,1,0.96328604221344
1,1,0.966613113880157
0,0,0.0178885292261839
1,1,0.975141644477844
1,1,0.968461692333221
0,0,0.0569052509963512
0,0,0.0193983018398285
0,0,0.0224508512765169
0,0,0.0196630675345659
1,1,0.963324904441833
1,1,0.990751385688782
0,0,0.0161144305020571
0,0,0.014113805256784
0,0,0.0175935328006744
1,0,0.0459211058914661
1,1,0.980456352233887
1,1,0.863234996795654
1,1,0.977653563022614
0,0,0.0631340816617012
0,0,0.0365262515842915
1,1,0.978141605854034
1,1,0.873066306114197
1,1,0.757435619831085
0,0,0.0601334869861603
0,0,0.0373250097036362
0,0,0.379322916269302
1,1,0.6807781457901
1,1,0.972209334373474
0,0,0.0904266312718391
1,1,0.987507402896881
0,0,0.0275588929653168
0,0,0.0244630854576826
0,0,0.0256166812032461
0,0,0.0737502574920654
0,0,0.0131749678403139
1,1,0.988901615142822
0,0,0.021388391032815
0,0,0.0248027332127094
1,1,0.983962833881378
0,0,0.0523393675684929
1,1,0.831645786762238
1,1,0.980293095111847
1,1,0.977607905864716
0,0,0.0127079533413053
1,1,0.91501373052597
0,0,0.014359257183969
0,0,0.0447591543197632
0,0,0.232252851128578
0,0,0.0243945717811584
0,0,0.0109686935320497
1,1,0.972123682498932
1,1,0.973302602767944
1,1,0.981263041496277
0,0,0.0250888857990503
0,0,0.0248123649507761
0,0,0.0141472658142447
0,0,0.0663198158144951
0,0,0.0144916977733374
0,0,0.0286779291927814
1,1,0.965229213237762
1,1,0.96986323595047
0,0,0.0596662722527981
1,1,0.977379083633423
1,0,0.0383148640394211
0,0,0.0154865542426705
1,1,0.536617457866669
1,1,0.977995097637177
0,0,0.0343664102256298
0,0,0.0102030280977488
1,1,0.924785196781158
1,1,0.965851306915283
0,0,0.116090878844261
0,0,0.0256566554307938
1,1,0.979472637176514
1,1,0.869775295257568
1,1,0.975022733211517
0,0,0.0201406460255384
1,1,0.99157989025116
0,0,0.053790021687746
1,0,0.031202744692564
1,1,0.978192806243896
1,1,0.941047012805939
1,1,0.916952729225159
1,1,0.668317437171936
1,1,0.981843173503876
1,1,0.977641522884369
1,1,0.977171301841736
1,1,0.979668796062469
1,1,0.975193440914154
1,1,0.935339868068695
1,1,0.966201305389404
1,1,0.965520679950714
0,0,0.0700207427144051
0,0,0.112832218408585
1,1,0.963390946388245
1,1,0.987274646759033
0,0,0.0266096591949463
0,0,0.0773012563586235
0,0,0.0215542260557413
1,1,0.901671826839447
1,1,0.960108399391174
1,1,0.97525542974472
0,0,0.0413114465773106
0,0,0.10420510917902
0,0,0.0186318811029196
1,1,0.990753531455994
1,1,0.850757122039795
0,0,0.0329716689884663
1,1,0.92791748046875
0,0,0.178530961275101
1,1,0.95064902305603
1,1,0.991461038589478
1,1,0.962923586368561
0,0,0.0135075878351927
0,0,0.0200236104428768
1,1,0.976806402206421
0,0,0.031199648976326
0,0,0.0115114198997617
0,0,0.0567934140563011
1,1,0.983245968818665
0,1,0.761043787002563
1,1,0.983695387840271
1,1,0.656599581241608
1,1,0.972345888614655
1,1,0.954428434371948
0,0,0.0416043549776077
1,1,0.981729567050934
0,0,0.02361224219203
1,1,0.988672912120819
0,0,0.292640000581741
1,0,0.370413154363632
0,0,0.0138628268614411
0,1,0.655833721160889
1,1,0.954638183116913
1,1,0.92267119884491
0,0,0.0196147505193949
1,1,0.945923030376434
1,1,0.984147906303406
0,0,0.0245526488870382
1,1,0.977741301059723
1,1,0.978057444095612
0,0,0.0473342947661877
0,1,0.973357260227203
0,0,0.0458842664957047
1,1,0.636864840984344
0,0,0.0722660198807716
1,1,0.986602663993835
1,1,0.969125866889954
0,0,0.144208148121834
0,0,0.0813403353095055
1,1,0.982935011386871
1,1,0.968720495700836
1,1,0.92339289188385
0,0,0.00669680163264275
1,1,0.678942441940308
0,0,0.0712899416685104
1,1,0.951327800750732
0,0,0.0159089807420969
0,0,0.0799444392323494
1,1,0.979439795017242
1,1,0.978526949882507
0,0,0.110974490642548
0,0,0.367989629507065
1,1,0.971082746982574
0,0,0.00830452796071768
0,0,0.0176415294408798
1,0,0.0583054274320602
1,1,0.966947972774506
0,0,0.0137229645624757
1,1,0.751923263072968
1,1,0.88907390832901
1,1,0.957625269889832
0,0,0.369309604167938
0,0,0.0249101631343365
0,0,0.0287180356681347
0,0,0.0293759852647781
1,1,0.956154048442841
1,1,0.957543015480042
1,0,0.463253796100616
1,1,0.857199013233185
0,0,0.0315205752849579
0,0,0.0129329403862357
1,1,0.979652106761932
1,1,0.930525481700897
1,1,0.907488167285919
0,0,0.0373821184039116
1,1,0.933952152729034
1,1,0.956615149974823
1,1,0.94613778591156
1,1,0.901479363441467
0,0,0.0154522247612476
0,1,0.943933963775635
0,0,0.040298618376255
1,1,0.95831823348999
0,0,0.022441141307354
1,1,0.916721940040588
1,1,0.974200963973999
0,0,0.0301834717392921
1,1,0.969795823097229
0,0,0.0706181451678276
1,1,0.890073776245117
0,0,0.0288375094532967
1,1,0.96349561214447
1,1,0.977539777755737
0,0,0.0180720426142216
0,0,0.0143194263800979
0,0,0.0248786732554436
0,0,0.0212621875107288
1,1,0.61788135766983
1,1,0.889386773109436
0,0,0.017425250262022
1,1,0.966066777706146
1,1,0.95454216003418
1,1,0.976536333560944
1,1,0.975336194038391
1,1,0.950204074382782
0,1,0.507220864295959
0,0,0.0265211667865515
0,0,0.0170761831104755
0,1,0.967875063419342
0,0,0.0797830671072006
0,0,0.020378140732646
0,0,0.0530671775341034
0,0,0.022859662771225
1,1,0.950445175170898
1,1,0.978885114192963
1,1,0.920520067214966
1,1,0.919960796833038
0,0,0.338951528072357
1,1,0.970803797245026
1,1,0.952079176902771
1,1,0.970767617225647
1,1,0.829061210155487
1,1,0.978029191493988
1,1,0.981619358062744
0,0,0.150081560015678
1,1,0.975476264953613
1,1,0.97749924659729
1,0,0.360245555639267
1,1,0.561628639698029
0,0,0.0446328707039356
0,0,0.013023879379034
1,1,0.518212080001831
1,1,0.972705781459808
1,1,0.959281086921692
0,0,0.0272733140736818
1,1,0.96577924489975
0,0,0.0121496189385653
1,1,0.979153275489807
0,0,0.0163690857589245
1,1,0.972769439220428
1,1,0.967823922634125
0,0,0.147417053580284
0,0,0.161162570118904
1,1,0.978460371494293
0,0,0.045475535094738
1,1,0.960720837116241
1,1,0.985188603401184
1,1,0.96391099691391
1,1,0.895997881889343
0,0,0.0891609415411949
1,1,0.874968767166138
0,0,0.0251576714217663
0,0,0.0285388492047787
1,1,0.927747845649719
0,0,0.0196544006466866
0,0,0.387960523366928
1,1,0.969049274921417
1,1,0.757438838481903
0,0,0.19460517168045
0,0,0.0181568171828985
1,1,0.982823967933655
0,0,0.0652995035052299
1,1,0.961145162582397
0,0,0.0281522236764431
0,1,0.658248543739319
0,0,0.0292870942503214
0,0,0.0134490849450231
1,1,0.979257106781006
1,1,0.974054276943207
0,0,0.039557408541441
0,0,0.0497118383646011
0,0,0.0618246495723724
1,1,0.964784562587738
1,1,0.970698416233063
0,0,0.0662503764033318
0,0,0.0248741917312145
0,0,0.0101596983149648
1,1,0.943216681480408
1,1,0.982150256633759
1,1,0.989820241928101
0,0,0.0166337583214045
1,1,0.972628653049469
0,0,0.037218876183033
1,1,0.95938116312027
0,0,0.0811434388160706
0,0,0.0208123158663511
0,0,0.0325555391609669
0,0,0.028354974463582
1,1,0.967968642711639
0,0,0.0162720400840044
0,0,0.0342116802930832
0,0,0.0594063140451908
0,0,0.126175299286842
1,1,0.986238360404968
0,0,0.141927674412727
0,0,0.0475853979587555
1,1,0.981558620929718
0,0,0.363379567861557
0,0,0.0152489356696606
1,1,0.579316973686218
0,0,0.0620595179498196
0,0,0.0128274327144027
0,0,0.0127285737544298
1,1,0.962305963039398
0,0,0.0631500482559204
0,0,0.0522918626666069
1,1,0.862891137599945
0,0,0.158574715256691
1,1,0.97424590587616
0,0,0.011930194683373
0,0,0.011686353944242
1,1,0.965462684631348
1,1,0.855777144432068
0,0,0.0270658172667027
0,0,0.0216980520635843
0,0,0.335720300674438
1,1,0.982375204563141
1,1,0.983844578266144
0,0,0.132550537586212
0,0,0.0117319216951728
0,0,0.0111764343455434
1,1,0.979438424110413
0,0,0.0149841802194715
0,0,0.0139249041676521
0,0,0.0137913953512907
1,1,0.896103739738464
1,1,0.988643705844879
1,1,0.573559880256653
0,0,0.0219119340181351
0,0,0.0502480529248714
1,1,0.92485910654068
1,1,0.989559054374695
1,1,0.94490110874176
0,0,0.236452698707581
0,0,0.154584020376205
1,1,0.975553512573242
1,1,0.974711835384369
0,0,0.0295474026352167
0,0,0.0819267630577087
1,1,0.973837733268738
0,0,0.0127452900633216
1,1,0.933350503444672
0,1,0.909207165241241
0,0,0.0142606096342206
1,1,0.720205903053284
0,0,0.032014150172472
0,0,0.0510339289903641
1,1,0.97520238161087
0,0,0.0415066033601761
1,1,0.516094565391541
0,0,0.260556668043137
0,0,0.0196527354419231
1,1,0.97789067029953
0,0,0.0272703040391207
1,1,0.978070318698883
1,1,0.921352505683899
1,1,0.960521042346954
0,0,0.0416659899055958
1,1,0.815838813781738
1,1,0.949981153011322
0,0,0.337514221668243
1,1,0.969719588756561
1,1,0.994047164916992
1,1,0.832233309745789
0,1,0.822536885738373
0,0,0.0279559995979071
1,1,0.969914019107819
1,1,0.974214792251587
1,1,0.965791940689087
1,1,0.976825833320618
1,1,0.928894639015198
1,1,0.977619647979736
0,0,0.0215856190770864
1,1,0.991361916065216
1,1,0.787604510784149
1,1,0.969397306442261
1,1,0.981148064136505
1,1,0.954294681549072
1,1,0.958799421787262
1,1,0.986212849617004
0,0,0.0256820395588875
1,1,0.960696518421173
0,0,0.0166108179837465
0,0,0.114453367888927
0,0,0.0541345030069351
1,1,0.970894157886505
1,1,0.962990820407867
1,1,0.97598785161972
0,0,0.0288493558764458
1,0,0.0238763075321913
1,1,0.899722516536713
0,0,0.119988717138767
1,1,0.977236270904541
0,0,0.0320249907672405
1,1,0.951036930084229
1,1,0.97100841999054
1,1,0.988436222076416
1,1,0.905749797821045
1,1,0.981034159660339
0,0,0.0529982447624207
0,0,0.0220234747976065
1,1,0.938141584396362
1,1,0.978998482227325
1,1,0.981185913085938
0,0,0.0183733310550451
0,0,0.0642752051353455
0,0,0.026255689561367
1,1,0.942550480365753
0,0,0.0490770302712917
1,1,0.976908504962921
0,0,0.0280942600220442
0,0,0.0149630662053823
1,1,0.810916006565094
1,1,0.954519748687744
0,0,0.0484194569289684
1,1,0.98160719871521
0,0,0.0218982193619013
0,0,0.424336582422256
1,1,0.980680108070374
1,1,0.960979044437408
0,0,0.0239175949245691
0,0,0.0394228845834732
0,0,0.0128141790628433
1,1,0.970682263374329
1,1,0.983785510063171
1,1,0.968014001846313
1,1,0.678886711597443
0,0,0.0312830694019794
1,1,0.98516571521759
1,1,0.972312331199646
1,1,0.958331167697906
0,0,0.128296598792076
1,1,0.97450578212738
1,1,0.940203845500946
0,0,0.0147550562396646
1,1,0.505908191204071
0,0,0.0264313593506813
1,1,0.981100678443909
1,1,0.8872429728508
1,0,0.160015925765038
1,1,0.926952302455902
0,0,0.0106473108753562
0,0,0.0242345333099365
0,0,0.0268297288566828
1,1,0.940181314945221
1,1,0.957937061786652
1,1,0.983902931213379
0,0,0.0113543514162302
1,1,0.980991780757904
0,0,0.023064661771059
1,0,0.119278162717819
0,0,0.0446767061948776
1,1,0.974321365356445
0,0,0.0823250040411949
1,1,0.62725156545639
0,0,0.0392978675663471
0,0,0.0691820979118347
1,1,0.981267690658569
1,1,0.975490093231201
1,1,0.962267816066742
0,0,0.0560001358389854
1,1,0.908152878284454
0,0,0.0964785441756248
0,0,0.0194837301969528
0,0,0.0526944361627102
0,0,0.088659830391407
1,1,0.713043749332428
0,0,0.0106566324830055
0,0,0.104940585792065
1,1,0.705230951309204
1,1,0.96338826417923
1,1,0.97427624464035
1,1,0.962430655956268
0,0,0.0260685831308365
0,0,0.0170501843094826
0,0,0.125259354710579
0,0,0.108032539486885
0,0,0.0210935529321432
0,0,0.09602190554142
0,0,0.0234764441847801
0,0,0.0131670227274299
1,1,0.97684234380722
1,0,0.439880162477493
0,1,0.967745304107666
1,1,0.976606905460358
0,0,0.0224014054983854
1,1,0.964704811573029
1,1,0.954521417617798
0,0,0.0317684262990952
0,0,0.0217578802257776
1,0,0.137964278459549
0,0,0.035581611096859
0,1,0.971723794937134
0,0,0.109386414289474
1,1,0.947407007217407
0,0,0.0617393814027309
0,0,0.0152088180184364
1,1,0.967682003974915
1,1,0.97004222869873
1,1,0.964758396148682
0,0,0.0171063020825386
1,1,0.973160326480865
0,0,0.0188730414956808
1,1,0.969846844673157
1,1,0.967787861824036
1,1,0.975359976291656
0,0,0.471206218004227
1,1,0.902656137943268
0,0,0.0138866202905774
0,0,0.0337998680770397
1,1,0.976407647132874
0,0,0.0281399432569742
1,1,0.975888550281525
1,1,0.964717328548431
1,1,0.982098281383514
1,1,0.972290098667145
1,1,0.962568461894989
1,1,0.975079596042633
1,1,0.982209026813507
1,1,0.961796998977661
1,1,0.983357191085815
0,0,0.115932568907738
0,0,0.0224440917372704
1,1,0.951280474662781
1,1,0.84392648935318
1,1,0.96711540222168
0,0,0.0225498601794243
1,1,0.979484140872955
1,0,0.494868665933609
1,1,0.981356501579285
1,1,0.785836338996887
0,0,0.0177775751799345
0,0,0.0327495597302914
0,0,0.0448090471327305
1,1,0.762752950191498
0,0,0.062380351126194
1,1,0.972360670566559
0,1,0.655451774597168
1,1,0.933502972126007
0,0,0.026426162570715
1,1,0.966089010238647
1,1,0.927593469619751
1,1,0.965878546237946
1,1,0.939010798931122
1,1,0.969518303871155
1,1,0.986115455627441
0,0,0.197835862636566
0,0,0.0162636078894138
1,1,0.977948784828186
1,1,0.902548789978027
0,0,0.179398715496063
1,1,0.987880408763885
0,0,0.0134374303743243
1,1,0.993699193000793
1,1,0.977333068847656
1,1,0.97321879863739
1,1,0.839157521724701
0,1,0.975084125995636
0,0,0.0403954833745956
1,1,0.950468063354492
1,0,0.035866305232048
0,0,0.0283649489283562
0,0,0.0617722682654858
1,1,0.952729165554047
0,0,0.0396512411534786
1,1,0.983218610286713
1,1,0.980628609657288
1,1,0.972282767295837
0,0,0.0286380406469107
1,0,0.068356029689312
1,1,0.969055652618408
0,0,0.0209598559886217
0,0,0.0545567981898785
0,0,0.0179010573774576
1,1,0.981793999671936
0,0,0.0254598632454872
1,1,0.919216394424438
1,1,0.970005452632904
1,1,0.979570508003235
1,1,0.941724181175232
1,1,0.916733860969543
0,0,0.0789851993322372
1,0,0.0140012167394161
1,1,0.970377504825592
1,1,0.969583988189697
0,0,0.0283207129687071
0,0,0.0211339499801397
0,0,0.163757920265198
1,0,0.347517877817154
0,0,0.018533093854785
1,1,0.984268665313721
0,0,0.0590876787900925
0,0,0.0169539228081703
1,1,0.961383998394012
1,1,0.917045414447784
1,1,0.911339044570923
1,1,0.759993374347687
0,0,0.367981821298599
1,1,0.633246302604675
1,1,0.980999946594238
0,0,0.0188500937074423
1,1,0.835447669029236
1,1,0.661090493202209
1,1,0.9578857421875
0,1,0.843405067920685
0,0,0.0111437868326902
1,1,0.971190571784973
0,0,0.0160173885524273
0,0,0.0234897844493389
0,0,0.0314140729606152
0,0,0.0200754459947348
1,1,0.984263837337494
0,0,0.0251559540629387
1,1,0.937308967113495
0,0,0.0781939104199409
1,0,0.19325415790081
0,0,0.106435529887676
1,1,0.976619839668274
0,0,0.0225002430379391
1,1,0.960030794143677
1,0,0.362546741962433
1,0,0.371621131896973
1,1,0.985686123371124
1,1,0.969976723194122
0,0,0.0525588244199753
0,0,0.0124057726934552
1,1,0.946982085704803
0,0,0.0113869961351156
0,0,0.0123581327497959
0,0,0.0379545465111732
1,1,0.974057793617249
1,1,0.970906496047974
1,1,0.827208399772644
1,0,0.455039799213409
0,0,0.0108752576634288
0,0,0.0213434901088476
1,1,0.991020262241364
1,1,0.960753202438354
0,0,0.254796713590622
1,1,0.964947402477264
0,0,0.0271528828889132
0,0,0.0154772056266665
1,1,0.972836315631866
0,0,0.0690023973584175
1,0,0.025706497952342
1,1,0.961079657077789
1,1,0.913770198822021
0,0,0.185434356331825
0,0,0.0181349366903305
0,0,0.0187314637005329
0,0,0.0223690867424011
1,1,0.976041913032532
0,0,0.018498444929719
1,1,0.850393414497375
1,1,0.980953395366669
0,0,0.0294974017888308
0,0,0.0147903058677912
0,0,0.220593690872192
0,0,0.0336248613893986
1,1,0.989334285259247
1,1,0.778119802474976
1,1,0.943521916866302
0,0,0.0908254832029343
1,1,0.987342953681946
1,1,0.950068593025208
1,1,0.747053503990173
1,1,0.978999257087708
0,0,0.0409794487059116
1,1,0.958202064037323
1,1,0.979505300521851
1,1,0.975492477416992
1,1,0.959764957427979
1,1,0.980345189571381
0,0,0.0381864234805107
1,1,0.632346987724304
1,1,0.979262471199036
0,0,0.0269177556037903
0,0,0.0417895056307316
0,0,0.0292181968688965
1,1,0.952056169509888
0,0,0.0300666615366936
0,0,0.00997717212885618
0,0,0.0223514772951603
0,0,0.014369991607964
1,1,0.984822273254395
0,0,0.0204577203840017
1,1,0.976704001426697
0,0,0.301254391670227
0,0,0.0303690042346716
0,0,0.0173972509801388
1,1,0.739562094211578
1,1,0.973388075828552
0,0,0.290888845920563
1,1,0.975190579891205
0,0,0.0286221411079168
1,1,0.990292131900787
1,1,0.981101155281067
0,0,0.0245607923716307
0,0,0.0222096089273691
0,0,0.0333101600408554
0,0,0.0155683802440763
0,0,0.0277318712323904
0,0,0.0167326722294092
1,1,0.974658966064453
1,1,0.978760778903961
1,1,0.98200798034668
1,1,0.875629365444183
0,0,0.0236246380954981
0,0,0.0244088228791952
1,1,0.976381063461304
1,1,0.932079970836639
1,1,0.950523793697357
0,0,0.016893295571208
1,1,0.929367423057556
0,0,0.00894297380000353
0,1,0.816799223423004
1,1,0.964187741279602
1,1,0.889823794364929
1,1,0.96739399433136
1,1,0.954101264476776
1,1,0.969706952571869
1,1,0.969951152801514
1,1,0.980772614479065
1,1,0.951604187488556
0,0,0.0226459428668022
0,0,0.0122438874095678
1,1,0.988997101783752
0,0,0.021263649687171
0,0,0.0741821974515915
0,0,0.0148626649752259
1,1,0.985197603702545
0,0,0.0189214218407869
1,1,0.913970410823822
1,1,0.973957002162933
0,0,0.0626168996095657
0,0,0.098771758377552
0,0,0.0170070342719555
0,0,0.0477069951593876
0,0,0.25382673740387
1,1,0.982352912425995
0,0,0.072247751057148
0,0,0.0345374047756195
0,0,0.0581448599696159
1,1,0.969752550125122
1,1,0.958224177360535
1,1,0.959942579269409
1,1,0.978502750396729
1,1,0.975334823131561
0,0,0.0370386317372322
0,1,0.563228011131287
0,1,0.595049738883972
1,1,0.959379076957703
1,1,0.605280578136444
1,1,0.920087277889252
1,1,0.944736480712891
1,1,0.710718512535095
0,0,0.0136768128722906
0,0,0.0221309531480074
1,1,0.983614444732666
0,1,0.787001132965088
0,0,0.0173668731004
1,1,0.983344376087189
1,1,0.980973660945892
0,0,0.016823960468173
1,1,0.980821013450623
1,1,0.767787635326385
0,0,0.0208135023713112
1,1,0.968636810779572
1,1,0.969701588153839
0,0,0.0698637440800667
0,0,0.012279300019145
1,1,0.977845728397369
0,0,0.0266633089631796
1,1,0.931637167930603
1,1,0.97784823179245
0,0,0.0795020312070847
0,0,0.0110079310834408
1,1,0.934414923191071
1,1,0.989712834358215
0,0,0.0308556836098433
0,0,0.0217791590839624
1,1,0.916510999202728
0,0,0.0558173358440399
0,0,0.0328750498592854
1,1,0.685442328453064
0,1,0.953385055065155
1,1,0.970136821269989
0,0,0.0149199822917581
1,1,0.986327052116394
1,1,0.976944386959076
1,1,0.978643357753754
0,0,0.0189058147370815
0,0,0.017198272049427
1,1,0.97728556394577
1,1,0.940927445888519
0,1,0.800434350967407
0,0,0.016110809519887
0,0,0.0716685876250267
1,1,0.858303248882294
1,1,0.971356093883514
0,0,0.02916513197124
1,1,0.950677812099457
0,0,0.0119900638237596
0,0,0.0137422112748027
0,0,0.0239318031817675
1,1,0.983542084693909
1,1,0.98540860414505
1,1,0.965513706207275
1,1,0.960469365119934
1,1,0.94914984703064
0,0,0.015559402294457
0,0,0.0157629381865263
1,1,0.977583765983582
1,1,0.986657202243805
1,1,0.67254364490509
0,0,0.0254511702805758
1,1,0.975938498973846
1,1,0.98860102891922
0,0,0.121077254414558
1,1,0.78459221124649
1,1,0.972350299358368
1,0,0.0257925782352686
0,0,0.0390819869935513
1,1,0.967136323451996
0,0,0.0460645779967308
0,1,0.869603455066681
1,1,0.975588083267212
0,0,0.0136577738448977
1,1,0.946564316749573
0,0,0.115188106894493
0,0,0.0433150380849838
1,1,0.974889039993286
1,1,0.747190296649933
0,0,0.0177650079131126
0,0,0.017673596739769
0,0,0.0228402744978666
0,0,0.031987302005291
0,0,0.013189229182899
0,1,0.59840589761734
0,0,0.0367482267320156
0,0,0.499362975358963
0,0,0.0422899127006531
1,1,0.955319702625275
1,1,0.97157210111618
0,0,0.0202459823340178
1,0,0.49674579501152
0,1,0.513024568557739
0,0,0.021188510581851
1,1,0.981940984725952
1,1,0.975381791591644
0,0,0.0119905387982726
1,1,0.962083399295807
0,0,0.0145438257604837
1,1,0.970739781856537
1,1,0.96673846244812
1,1,0.973116219043732
0,1,0.818702518939972
1,1,0.914447367191315
0,0,0.433504372835159
0,0,0.012513093650341
1,1,0.977246999740601
0,0,0.0218694508075714
1,1,0.968691945075989
1,1,0.97019749879837
1,1,0.962952196598053
0,0,0.014184670522809
1,1,0.719488203525543
0,0,0.0333563275635242
0,0,0.0533013753592968
1,1,0.749713003635406
0,0,0.0481005795300007
1,1,0.964570820331573
1,1,0.942520499229431
0,0,0.119820304214954
1,1,0.943368077278137
1,1,0.977953910827637
1,1,0.878155469894409
0,0,0.0615626238286495
1,1,0.904112696647644
0,0,0.0289136320352554
0,0,0.301897972822189
1,1,0.880915820598602
0,0,0.0346976108849049
0,0,0.01607671007514
1,1,0.798139095306396
0,0,0.0879420042037964
0,0,0.0322643145918846
1,1,0.970724940299988
0,0,0.027788657695055
0,0,0.0510876029729843
1,1,0.789153158664703
0,0,0.0189904104918242
0,1,0.53361040353775
1,1,0.961597442626953
1,1,0.981543123722076
0,0,0.03041947260499
0,0,0.0305034108459949
0,0,0.0425195917487144
0,0,0.117173261940479
1,1,0.903078317642212
1,1,0.9775031208992
0,0,0.041325606405735
0,0,0.172790423035622
1,1,0.983924508094788
0,0,0.0537554360926151
0,0,0.0302004665136337
0,0,0.208754554390907
1,1,0.901253700256348
0,0,0.0346376188099384
0,0,0.0159939657896757
1,1,0.985061705112457
0,0,0.0194873288273811
0,0,0.311847507953644
0,0,0.0317699946463108
1,1,0.965350687503815
0,0,0.0100180385634303
1,1,0.952881455421448
1,1,0.946763634681702
1,1,0.97355192899704
0,0,0.076010599732399
0,0,0.343929201364517
1,1,0.970907986164093
1,0,0.324026763439178
1,1,0.980385541915894
0,1,0.55768895149231
0,0,0.00795103888958693
1,1,0.954536736011505
0,0,0.160577178001404
1,1,0.915572583675385
1,1,0.883905351161957
0,0,0.104326963424683
0,0,0.0239768717437983
1,1,0.971393764019012
0,0,0.0325105302035809
0,1,0.85847544670105
1,1,0.988901734352112
0,0,0.0338284149765968
1,1,0.948650360107422
0,0,0.0407369807362556
0,1,0.756291806697845
0,0,0.00999537296593189
1,1,0.916630864143372
0,1,0.959372162818909
0,0,0.0231896266341209
0,0,0.00862588733434677
0,0,0.0213004592806101
1,1,0.98069167137146
0,0,0.0166328214108944
0,0,0.0207227189093828
1,1,0.969555079936981
1,1,0.946207582950592
0,0,0.348997235298157
0,0,0.0361985638737679
0,0,0.340256780385971
1,1,0.958921313285828
1,1,0.980452358722687
1,1,0.921158790588379
0,0,0.0579210557043552
0,0,0.0281885825097561
0,0,0.152641832828522
1,1,0.982376217842102
0,0,0.0143321724608541
1,1,0.847197711467743
1,0,0.326911956071854
0,0,0.012078870087862
1,1,0.979848682880402
1,1,0.976826846599579
0,0,0.0149671295657754
0,0,0.0127106392756104
0,0,0.0880711749196053
1,1,0.981685638427734
0,0,0.0589336231350899
1,1,0.961218893527985
1,1,0.935095369815826
1,1,0.978012382984161
0,0,0.0300979167222977
0,0,0.0334609225392342
0,0,0.0133289853110909
1,0,0.164303779602051
1,1,0.9715296626091
0,0,0.0183397438377142
0,0,0.0261868145316839
0,0,0.028968520462513
0,0,0.0344626381993294
1,1,0.894893407821655
0,0,0.0507154725492001
0,1,0.80072283744812
0,0,0.0215134918689728
0,0,0.0236825626343489
0,0,0.0160960163921118
0,0,0.0180305521935225
1,1,0.976377606391907
1,1,0.929691970348358
0,0,0.0485858544707298
1,1,0.984084606170654
1,1,0.947188377380371
0,0,0.0438966825604439
1,1,0.962314367294312
0,0,0.048637118190527
1,1,0.949770331382751
0,0,0.0131254019215703
0,0,0.0334167145192623
0,0,0.0740678086876869
1,1,0.970217704772949
0,0,0.0231586862355471
0,0,0.026909563690424
0,0,0.065861776471138
0,0,0.0138595812022686
1,1,0.793287754058838
1,1,0.980751633644104
1,1,0.867604374885559
0,0,0.0306620541960001
1,1,0.955727100372314
1,0,0.245260804891586
0,0,0.0265036430209875
0,0,0.0286090802401304
1,1,0.966569364070892
0,0,0.0648979097604752
1,1,0.975078701972961
1,1,0.951964974403381
0,0,0.371866792440414
1,1,0.91633939743042
1,1,0.931610882282257
1,1,0.9802565574646
0,0,0.0132819842547178
1,1,0.836002230644226
1,1,0.982233285903931
1,1,0.941028356552124
0,0,0.105147577822208
0,0,0.0290091913193464
1,1,0.983494699001312
1,1,0.958170771598816
0,0,0.112799324095249
1,1,0.984237730503082
1,1,0.752243161201477
0,0,0.0133541049435735
1,1,0.79869681596756
0,0,0.0918565914034843
1,1,0.932610154151917
0,0,0.0252718608826399
0,0,0.03407833725214
0,0,0.0159781239926815
1,1,0.98435366153717
0,0,0.0163563843816519
0,0,0.0173940490931273
0,0,0.0441684909164906
0,0,0.013663575053215
0,1,0.951328039169312
0,0,0.0137404203414917
0,0,0.133411735296249
1,1,0.989669382572174
1,1,0.97378933429718
1,1,0.979152023792267
1,1,0.926864326000214
1,1,0.884970128536224
0,0,0.0188350770622492
1,1,0.983432710170746
1,1,0.971544086933136
0,0,0.0273536741733551
0,0,0.0394145362079144
0,0,0.0197169072926044
1,1,0.950818419456482
1,1,0.989036381244659
0,0,0.0132010877132416
1,1,0.972319841384888
1,1,0.96321702003479
0,0,0.0205836221575737
1,1,0.972444891929626
0,0,0.0293620564043522
0,0,0.0398925878107548
0,0,0.0216982085257769
0,0,0.0151571063324809
0,0,0.020153721794486
0,0,0.0127797648310661
0,0,0.0189651735126972
1,1,0.985718011856079
0,0,0.0796224847435951
1,1,0.958371102809906
0,0,0.120495051145554
0,0,0.154212653636932
0,0,0.00732702203094959
1,1,0.979104399681091
0,0,0.0478229075670242
1,1,0.955370664596558
1,1,0.991006910800934
0,0,0.0219619181007147
0,0,0.0189340263605118
1,1,0.961609721183777
0,0,0.0394361168146133
0,0,0.0285215452313423
0,0,0.0219057779759169
0,0,0.0330778025090694
0,0,0.431650459766388
1,0,0.438029587268829
1,1,0.97361034154892
1,1,0.636472940444946
1,1,0.959518849849701
0,1,0.7640500664711
1,1,0.980894207954407
0,0,0.0210590809583664
0,0,0.0420544445514679
1,1,0.970251262187958
1,1,0.965613067150116
1,1,0.984211981296539
0,0,0.395051300525665
0,0,0.0315694026648998
0,0,0.30251345038414
0,0,0.0367714837193489
1,1,0.885023653507233
1,1,0.984526991844177
0,0,0.0214067827910185
1,1,0.922172844409943
1,1,0.96624493598938
0,0,0.0476994477212429
1,1,0.690421581268311
1,1,0.982519745826721
1,1,0.98832893371582
0,0,0.0120769636705518
0,0,0.0489526614546776
1,1,0.955023586750031
1,1,0.750881791114807
0,0,0.0566148087382317
0,0,0.0254486631602049
1,1,0.97925341129303
1,1,0.917491972446442
1,1,0.983619928359985
1,1,0.972308278083801
1,1,0.844825923442841
0,0,0.0192125644534826
1,1,0.514848649501801
1,1,0.958797872066498
0,0,0.0326482243835926
0,0,0.0144412005320191
0,0,0.00959191005676985
1,1,0.982657730579376
0,0,0.0590174235403538
0,0,0.0440280623733997
1,1,0.988215684890747
0,0,0.243474587798119
0,0,0.0360415652394295
0,0,0.0145779605954885
0,0,0.0490358211100101
0,0,0.0236963760107756
1,1,0.983822047710419
1,1,0.967594861984253
0,0,0.0420598722994328
0,0,0.0277529135346413
1,1,0.979397833347321
0,0,0.0142518114298582
1,1,0.971066772937775
0,0,0.19053390622139
1,1,0.944250285625458
0,0,0.0617402754724026
1,1,0.978582859039307
0,0,0.0227396078407764
1,1,0.943441808223724
1,1,0.973422110080719
0,0,0.0210969746112823
1,1,0.97801947593689
1,1,0.977053344249725
0,0,0.0378287471830845
0,0,0.0262264162302017
1,1,0.976238071918488
0,0,0.0736042186617851
1,1,0.968572854995728
0,0,0.0698787420988083
1,1,0.732674121856689
0,0,0.0093688266351819
0,1,0.962688624858856
0,1,0.600375831127167
1,1,0.858124494552612
1,1,0.910393893718719
1,1,0.963705122470856
0,0,0.0257706325501204
1,1,0.960292339324951
0,0,0.0192149877548218
0,0,0.0119854612275958
1,1,0.964021742343903
1,1,0.975430548191071
0,0,0.0356149896979332
1,1,0.976195812225342
1,1,0.877613604068756
0,0,0.0642679259181023
1,1,0.735533893108368
1,1,0.775979697704315
0,0,0.0286981966346502
0,1,0.527142763137817
1,1,0.783356845378876
1,0,0.465030759572983
1,0,0.0948619246482849
0,0,0.116050332784653
0,0,0.0234749745577574
1,1,0.948248565196991
0,0,0.0705383867025375
0,0,0.0464159809052944
0,0,0.0130713637918234
1,1,0.971258282661438
1,1,0.979453086853027
1,1,0.645230293273926
1,1,0.958179116249084
0,0,0.0270018577575684
0,0,0.051623422652483
0,0,0.0409529320895672
0,0,0.0213117357343435
0,0,0.118846319615841
1,1,0.98555600643158
1,1,0.975934028625488
0,0,0.0159449521452188
0,0,0.0549545735120773
1,1,0.771226525306702
0,0,0.0260585248470306
0,0,0.0650254413485527
1,1,0.988240897655487
1,1,0.792370080947876
1,1,0.943513631820679
1,1,0.929308772087097
0,0,0.0184261333197355
1,1,0.990036129951477
1,1,0.983977019786835
0,0,0.0149214332923293
1,1,0.972628891468048
1,1,0.884461879730225
1,1,0.959780156612396
0,0,0.0657556802034378
1,1,0.942325294017792
0,0,0.0218846201896667
1,1,0.93717622756958
0,1,0.754474103450775
1,0,0.207066014409065
0,0,0.0944975093007088
0,0,0.0291697159409523
1,1,0.973921060562134
1,1,0.968878924846649
1,1,0.983738660812378
0,0,0.0200259629637003
0,0,0.0327408835291862
0,0,0.0359499268233776
1,1,0.981479585170746
0,1,0.868892788887024
0,0,0.0799363628029823
0,0,0.0291305687278509
1,1,0.973992764949799
0,0,0.023612879216671
1,1,0.974310040473938
1,1,0.974620223045349
1,1,0.674172878265381
1,1,0.923358857631683
1,1,0.983869016170502
0,0,0.0448847860097885
1,1,0.975768864154816
0,0,0.0146936271339655
0,0,0.0902992859482765
0,0,0.0619969293475151
1,1,0.955105543136597
0,0,0.0102450717240572
1,1,0.902102708816528
0,0,0.066126823425293
0,0,0.0397697240114212
1,1,0.873718857765198
1,1,0.952825844287872
1,1,0.981972277164459
0,0,0.0236951299011707
0,0,0.0462209358811378
1,1,0.979764699935913
1,0,0.286271303892136
0,0,0.0254598632454872
1,1,0.896473109722137
1,1,0.979759633541107
0,0,0.0208680760115385
0,0,0.044761061668396
1,1,0.990956366062164
1,1,0.953630387783051
0,0,0.04177026450634
0,0,0.207971930503845
1,1,0.977410852909088
0,0,0.0164207592606544
1,1,0.97806441783905
0,0,0.083253301680088
0,0,0.39823317527771
1,1,0.983997702598572
1,1,0.948529183864594
0,0,0.0163354072719812
0,0,0.0467520020902157
1,1,0.983117699623108
0,0,0.0126490388065577
0,0,0.0296422503888607
0,0,0.0536532700061798
0,0,0.0351012945175171
0,0,0.019313283264637
0,1,0.950026988983154
0,0,0.0209959540516138
0,0,0.039980310946703
0,0,0.0439745560288429
0,0,0.0172597784548998
1,1,0.977579176425934
0,0,0.0140364989638329
1,1,0.958719193935394
0,0,0.0173591114580631
0,0,0.0210270509123802
0,0,0.0216952785849571
1,1,0.989171922206879
1,1,0.846380293369293
0,0,0.0341199934482574
0,0,0.0340350493788719
0,0,0.0442466959357262
1,1,0.973907709121704
0,0,0.0238477364182472
0,0,0.0143644688650966
0,0,0.484998464584351
0,0,0.0720476880669594
1,1,0.978054165840149
0,0,0.0364921391010284
0,0,0.0354805774986744
0,0,0.106865487992764
0,1,0.936830401420593
1,1,0.855646908283234
0,0,0.00856069382280111
0,0,0.0140069322660565
0,0,0.0971649363636971
1,1,0.980352520942688
0,0,0.0917133763432503
0,0,0.040651261806488
0,1,0.790207326412201
1,1,0.982042372226715
1,1,0.984208166599274
1,1,0.976270377635956
1,1,0.948041617870331
1,1,0.886525273323059
1,1,0.946207702159882
1,1,0.941816508769989
0,0,0.037530530244112
1,1,0.978350698947906
0,0,0.0238409079611301
1,1,0.983859419822693
1,1,0.948106586933136
0,1,0.965903699398041
0,0,0.00945081282407045
1,1,0.963339388370514
1,1,0.949251890182495
1,0,0.270715028047562
1,1,0.947126686573029
0,0,0.0222283657640219
0,0,0.0328622534871101
0,0,0.0296527985483408
1,1,0.945308148860931
0,0,0.0285364910960197
0,0,0.0482376329600811
0,0,0.0135234948247671
0,0,0.0133473901078105
0,0,0.0965140461921692
0,0,0.0166525095701218
0,0,0.0213856529444456
1,1,0.876291334629059
0,1,0.975755631923676
0,0,0.0188593044877052
1,1,0.976768136024475
0,0,0.0272153485566378
0,0,0.0214501991868019
1,0,0.203916266560555
1,0,0.0334048643708229
0,0,0.0227368101477623
1,1,0.86771023273468
1,1,0.961248636245728
0,0,0.0155472522601485
0,0,0.0675980970263481
1,1,0.938705265522003
0,1,0.806498527526855
1,1,0.987270355224609
0,0,0.114257022738457
0,0,0.0917051136493683
0,0,0.0261926203966141
1,1,0.971890568733215
1,1,0.948009371757507
0,0,0.0107975723221898
1,1,0.789361357688904
1,1,0.812070667743683
1,1,0.984301030635834
0,0,0.035189937800169
0,0,0.0551671646535397
1,1,0.976938784122467
1,1,0.972318172454834
0,1,0.53485119342804
0,0,0.0162463914602995
0,0,0.147022113204002
1,1,0.900730550289154
1,1,0.980345904827118
1,1,0.985987722873688
0,0,0.0240857899188995
0,0,0.0468112640082836
1,1,0.976922750473022
1,1,0.810563921928406
0,0,0.0132530564442277
0,0,0.0573951825499535
1,1,0.975598096847534
1,1,0.978834629058838
0,0,0.0287251658737659
1,1,0.948021590709686
1,1,0.985446691513062
0,0,0.038581807166338
1,1,0.952580630779266
1,1,0.967762410640717
0,0,0.030146136879921
0,0,0.159810528159142
0,0,0.0306724142283201
0,0,0.0303299501538277
0,1,0.95604145526886
0,0,0.0401220135390759
1,1,0.969403505325317
1,1,0.992042720317841
0,0,0.0169818475842476
1,1,0.968812108039856
0,0,0.0139537816867232
0,0,0.011963470838964
0,0,0.0199689697474241
0,0,0.020864387974143
0,0,0.0166707765311003
1,1,0.707561314105988
1,1,0.863449692726135
1,1,0.968100607395172
0,0,0.0336280986666679
1,1,0.930503189563751
1,1,0.981086015701294
1,1,0.984672129154205
0,0,0.0321711860597134
0,0,0.0305561404675245
1,1,0.980748176574707
0,0,0.149579957127571
1,1,0.984851181507111
1,1,0.967796444892883
0,0,0.0173197891563177
1,1,0.982342302799225
1,1,0.971199989318848
1,1,0.929896891117096
1,1,0.954526603221893
1,1,0.977030038833618
1,1,0.519353151321411
0,0,0.487246841192245
0,0,0.0150970201939344
1,1,0.983936190605164
0,0,0.075236514210701
1,1,0.907907545566559
1,0,0.293567299842834
0,0,0.329528570175171
0,0,0.0237229149788618
1,1,0.946099162101746
0,0,0.152539476752281
0,0,0.0356173515319824
1,1,0.960933268070221
1,1,0.965390384197235
0,0,0.0470767430961132
1,1,0.965288519859314
0,0,0.0124081978574395
0,0,0.0336665436625481
0,0,0.0186571702361107
1,1,0.980639040470123
0,0,0.0264306236058474
1,1,0.932992279529572
0,0,0.0175593048334122
0,0,0.0332661867141724
0,0,0.0274347756057978
0,0,0.0399804934859276
0,0,0.0272637829184532
1,1,0.974040389060974
1,1,0.985320270061493
1,1,0.984297931194305
1,1,0.975756525993347
1,1,0.973680973052979
1,1,0.822109341621399
1,1,0.976836860179901
0,0,0.0917264297604561
0,0,0.183503702282906
0,0,0.0144289014860988
0,0,0.219873815774918
1,1,0.877214252948761
0,0,0.391740828752518
1,1,0.985292851924896
1,1,0.972065448760986
1,1,0.966602981090546
1,1,0.970307171344757
0,0,0.0169918071478605
1,1,0.982051491737366
1,1,0.889082789421082
1,1,0.977557182312012
0,0,0.0114250099286437
0,0,0.0166338440030813
0,0,0.0176947023719549
1,1,0.958009362220764
1,1,0.984567642211914
0,0,0.0246449206024408
0,1,0.970605790615082
1,1,0.95117861032486
0,0,0.325475722551346
0,0,0.0340794734656811
0,0,0.0245061162859201
1,1,0.96246075630188
0,0,0.030756339430809
1,1,0.976881086826324
0,0,0.045420378446579
1,1,0.964800238609314
0,0,0.0214867927134037
1,1,0.964547514915466
1,1,0.984405815601349
0,0,0.0197844281792641
1,1,0.818259954452515
0,0,0.0386137887835503
0,0,0.0339758954942226
0,1,0.932604014873505
1,1,0.947522580623627
0,0,0.127369433641434
1,1,0.98002815246582
0,0,0.0247866548597813
1,1,0.957066535949707
1,0,0.0251487158238888
0,0,0.020163256675005
0,0,0.0156963840126991
1,1,0.982798993587494
0,0,0.462122827768326
1,1,0.962716817855835
0,0,0.0570730492472649
1,1,0.965827167034149
0,0,0.251750886440277
0,0,0.0525076873600483
1,1,0.967474102973938
0,0,0.112743332982063
1,1,0.956585288047791
0,0,0.037985984236002
0,0,0.153276994824409
0,0,0.35500693321228
0,0,0.0519724152982235
0,0,0.0389576144516468
0,0,0.0128445671871305
1,1,0.954880714416504
1,1,0.960633039474487
0,0,0.0222870633006096
1,1,0.960341036319733
0,0,0.0229611322283745
1,1,0.979146778583527
1,1,0.773084223270416
0,0,0.0236160438507795
1,1,0.654528319835663
0,0,0.0205725617706776
1,1,0.94049459695816
0,0,0.019701274111867
1,1,0.97851300239563
0,0,0.016158564016223
1,1,0.979133665561676
0,0,0.014102510176599
1,1,0.980325043201447
1,1,0.786874949932098
1,1,0.980740368366241
1,1,0.874681890010834
1,1,0.905766129493713
0,0,0.0225892588496208
0,0,0.0146062858402729
1,1,0.991580307483673
0,0,0.0322449058294296
1,1,0.984899163246155
1,1,0.981668055057526
1,1,0.952784717082977
1,1,0.723417162895203
1,1,0.815872609615326
0,0,0.020833857357502
1,1,0.960663497447968
1,1,0.977107882499695
1,1,0.979524970054626
1,1,0.98297381401062
1,1,0.72654139995575
1,1,0.900970578193665
0,0,0.01364472694695
1,1,0.977205574512482
1,0,0.0276081096380949
1,1,0.934816360473633
0,0,0.405296415090561
0,0,0.148797169327736
1,1,0.975890100002289
1,0,0.0659611448645592
0,0,0.0116184242069721
0,0,0.0852178111672401
0,0,0.0287739168852568
0,0,0.0152168134227395
0,0,0.315517514944077
0,0,0.0158563479781151
0,0,0.144749253988266
0,0,0.0503107532858849
0,0,0.026942390948534
1,1,0.986827731132507
0,0,0.0160524547100067
1,1,0.984821617603302
1,1,0.972304999828339
1,1,0.981352865695953
0,0,0.111682802438736
1,1,0.965266704559326
0,0,0.0261471178382635
0,0,0.0161630753427744
1,1,0.962207615375519
1,1,0.798311471939087
0,0,0.0268625114113092
1,1,0.978696465492249
0,0,0.0252888929098845
1,1,0.982278227806091
1,0,0.0168717447668314
0,0,0.108658842742443
1,1,0.972225069999695
1,1,0.849340319633484
1,1,0.554021120071411
0,0,0.023776525631547
1,1,0.982019364833832
1,1,0.976072907447815
1,1,0.932334542274475
1,1,0.972454011440277
0,0,0.0216000396758318
0,0,0.0251480787992477
0,0,0.0418351367115974
1,1,0.932474613189697
0,0,0.0512889698147774
0,0,0.115033462643623
1,1,0.972108483314514
1,0,0.0269549377262592
1,1,0.957831084728241
1,1,0.908092081546783
0,1,0.959751605987549
1,1,0.946362912654877
0,0,0.064006119966507
0,0,0.0119312796741724
0,0,0.0376213155686855
0,0,0.0208736825734377
0,0,0.208870530128479
1,1,0.970637559890747
1,1,0.859878540039062
1,1,0.961687624454498
1,1,0.70313435792923
1,1,0.768977165222168
0,0,0.0386785045266151
0,0,0.0241129342466593
1,1,0.92708683013916
1,1,0.829837083816528
0,0,0.0147173255681992
1,1,0.978166162967682
0,0,0.0173248052597046
0,0,0.0497118383646011
1,0,0.251797169446945
0,0,0.0282883588224649
0,0,0.0289660468697548
1,1,0.800070643424988
0,0,0.0228786710649729
0,0,0.0247664749622345
1,1,0.96250593662262
0,0,0.0300841797143221
0,0,0.0236229673027992
0,0,0.079642616212368
0,0,0.031080175191164
1,1,0.979137182235718
0,0,0.00923775508999825
0,0,0.0160782411694527
1,1,0.956353425979614
1,1,0.945316910743713
0,0,0.153844550251961
0,0,0.0173221174627542
1,1,0.906622409820557
0,0,0.0714715048670769
0,0,0.141322895884514
1,1,0.79399561882019
0,0,0.0309802014380693
0,0,0.016560273244977
1,1,0.982398569583893
1,1,0.986494183540344
1,1,0.91054755449295
0,0,0.45679235458374
1,1,0.984978854656219
0,0,0.0181265287101269
1,1,0.962396085262299
1,1,0.978337228298187
1,1,0.965809166431427
1,1,0.982538819313049
1,1,0.949319541454315
1,1,0.973833084106445
1,1,0.960625112056732
1,1,0.84926962852478
1,1,0.974182903766632
1,0,0.0773888826370239
1,1,0.967310667037964
1,1,0.933769285678864
0,0,0.0202282499521971
0,1,0.876436829566956
1,1,0.798478841781616
1,1,0.93282675743103
0,0,0.0123543916270137
0,0,0.0182342492043972
0,0,0.0134164970368147
1,1,0.831538200378418
1,0,0.216979369521141
0,0,0.0160211026668549
0,0,0.0483683347702026
0,0,0.0586379691958427
1,1,0.983215749263763
1,1,0.795950949192047
0,0,0.0220329165458679
1,1,0.969441115856171
1,1,0.981342852115631
0,0,0.379798024892807
0,0,0.00963312480598688
0,0,0.0127639221027493
0,0,0.0150943323969841
1,1,0.92802095413208
0,0,0.015059812925756
1,1,0.945843636989594
0,0,0.0222754348069429
1,1,0.982948124408722
1,0,0.223401248455048
1,1,0.97730153799057
0,0,0.101643793284893
0,0,0.267199069261551
0,0,0.0641169771552086
0,0,0.0133657520636916
0,0,0.0146940005943179
0,0,0.0359984859824181
0,0,0.0223577599972486
1,1,0.956930935382843
1,1,0.913850128650665
1,1,0.987726747989655
1,1,0.904291450977325
1,1,0.975243985652924
1,1,0.950590670108795
0,0,0.0552774220705032
0,0,0.0820428431034088
1,1,0.795632541179657
0,0,0.0303437970578671
0,0,0.0306562203913927
0,0,0.0217272024601698
1,1,0.878873288631439
1,1,0.990997672080994
0,0,0.0365671068429947
0,0,0.0400719866156578
1,1,0.985005915164948
0,0,0.0860673636198044
0,0,0.059945423156023
1,1,0.910883843898773
0,0,0.0614651329815388
0,0,0.0178058240562677
0,0,0.0171635113656521
0,0,0.0713784322142601
0,0,0.0198232531547546
0,0,0.0164802968502045
1,1,0.9839808344841
0,0,0.1158831641078
0,0,0.0262932348996401
1,1,0.973760545253754
1,1,0.986009299755096
1,1,0.706135332584381
1,1,0.937058329582214
0,0,0.0300264228135347
1,1,0.958106637001038
0,0,0.0196278765797615
0,0,0.101225852966309
0,0,0.0367316380143166
0,0,0.0179340578615665
1,1,0.977923810482025
0,0,0.0539375618100166
0,0,0.0162107106298208
0,0,0.026478985324502
1,1,0.724626123905182
0,0,0.0352691262960434
1,1,0.985742211341858
0,0,0.0218039005994797
1,1,0.600523114204407
0,0,0.0356671027839184
1,1,0.837253630161285
1,1,0.950740873813629
0,0,0.154865458607674
1,1,0.954650461673737
0,0,0.124184772372246
0,0,0.0379547625780106
0,0,0.164605796337128
0,0,0.0141690084710717
0,1,0.852486193180084
1,1,0.95709091424942
1,1,0.958520174026489
1,1,0.961821734905243
0,0,0.0226480904966593
1,1,0.982671082019806
1,1,0.97460663318634
1,1,0.939701080322266
1,1,0.705614268779755
1,1,0.968314230442047
1,1,0.886878132820129
0,0,0.0251146331429482
1,1,0.985593616962433
1,0,0.402542918920517
1,1,0.653198421001434
1,1,0.97299587726593
1,1,0.973370909690857
1,1,0.992124974727631
0,0,0.0401549264788628
1,1,0.967690825462341
0,0,0.0266697630286217
0,0,0.0221688728779554
1,1,0.982418835163116
0,0,0.0382430590689182
0,1,0.732937335968018
1,1,0.957012832164764
0,0,0.0241433568298817
0,0,0.0701496675610542
1,1,0.927765190601349
1,1,0.936073005199432
1,1,0.894254624843597
1,0,0.0436256267130375
1,1,0.97748601436615
0,0,0.0313774012029171
1,1,0.875965654850006
1,1,0.620303750038147
0,0,0.0115823186933994
0,0,0.0264758765697479
1,1,0.759930610656738
0,0,0.0382020436227322
1,0,0.263030469417572
0,0,0.0858721509575844
0,0,0.0162035711109638
1,1,0.928489804267883
0,0,0.0379661843180656
1,1,0.974744021892548
0,0,0.128032952547073
0,0,0.24042072892189
1,1,0.708831548690796
0,0,0.0308989826589823
0,0,0.0224642716348171
1,1,0.94467031955719
0,0,0.0419597364962101
1,1,0.987072825431824
0,0,0.132549598813057
0,0,0.00991131644695997
0,0,0.0206055622547865
0,0,0.0210527405142784
1,1,0.989525318145752
1,1,0.844509959220886
0,0,0.0157659705728292
1,1,0.885709345340729
1,1,0.977263033390045
0,0,0.0113823264837265
0,0,0.0170187167823315
0,1,0.663628995418549
1,1,0.974879145622253
0,1,0.611684322357178
0,0,0.255418419837952
1,1,0.983027040958405
0,0,0.0337412655353546
0,0,0.150660440325737
0,0,0.0168904699385166
1,1,0.970995545387268
0,0,0.0383992716670036
1,1,0.979951560497284
1,0,0.115543767809868
0,0,0.0167786441743374
0,0,0.0225925222039223
1,1,0.984240829944611
0,1,0.689768433570862
0,0,0.0306577365845442
0,0,0.0240910351276398
0,0,0.080823116004467
0,1,0.952711522579193
0,0,0.0093083456158638
1,1,0.973494052886963
1,1,0.922987997531891
1,1,0.975297033786774
0,0,0.0272756032645702
1,1,0.967713177204132
0,0,0.190335541963577
0,1,0.696722269058228
0,0,0.0219024643301964
1,1,0.991521716117859
0,0,0.0315084792673588
0,0,0.224447533488274
0,0,0.0178619083017111
0,1,0.91692852973938
0,1,0.64382529258728
0,0,0.0118180867284536
1,1,0.962915420532227
1,1,0.934492766857147
1,1,0.985446572303772
1,1,0.976842403411865
1,1,0.982407450675964
0,0,0.0177992861717939
0,0,0.0205638688057661
1,1,0.981015980243683
1,1,0.965277969837189
0,0,0.215584486722946
0,0,0.0264505129307508
1,1,0.895810902118683
1,1,0.984129667282104
0,0,0.0833334699273109
0,0,0.0611653327941895
0,0,0.167694732546806
1,1,0.964204251766205
1,1,0.873220801353455
1,1,0.975695013999939
0,0,0.0346446335315704
1,0,0.208754181861877
0,0,0.0394860915839672
1,1,0.889170229434967
1,1,0.959208250045776
0,0,0.0495619811117649
0,0,0.0124667482450604
1,1,0.736213266849518
1,1,0.983178079128265
0,0,0.0304879695177078
0,0,0.117994204163551
1,1,0.970924258232117
1,1,0.833698511123657
0,0,0.0244083181023598
1,0,0.491586774587631
1,1,0.980128586292267
0,0,0.180133134126663
0,0,0.0162051524966955
0,0,0.0101902652531862
1,1,0.944590747356415
1,0,0.248159289360046
1,1,0.950449883937836
1,1,0.987118244171143
0,0,0.0983034074306488
1,1,0.93906307220459
0,0,0.139942437410355
1,1,0.855456292629242
0,1,0.898967087268829
0,0,0.0431178919970989
1,1,0.958123087882996
0,0,0.00925079546868801
1,1,0.970144867897034
1,1,0.969873011112213
1,1,0.963606417179108
0,0,0.0746590346097946
0,0,0.233355358242989
1,0,0.0526954159140587
0,0,0.0175451599061489
0,0,0.0263182353228331
1,1,0.927750110626221
0,0,0.0156677234917879
0,0,0.0123254554346204
1,1,0.975096642971039
1,1,0.632618188858032
1,1,0.907271921634674
1,1,0.966384708881378
1,1,0.983681440353394
0,0,0.032563429325819
0,0,0.0336528308689594
0,0,0.0204753242433071
0,0,0.0707805678248405
0,1,0.733359158039093
1,1,0.978234469890594
1,1,0.905846297740936
0,0,0.0153692383319139
1,1,0.915841281414032
1,1,0.977680683135986
0,0,0.0137338768690825
1,1,0.73514324426651
0,0,0.0642116591334343
1,1,0.953400611877441
1,1,0.842669248580933
0,0,0.0378473922610283
0,0,0.12041487544775
0,0,0.0306040626019239
0,1,0.583727598190308
1,1,0.975235283374786
0,0,0.141610622406006
1,0,0.135265573859215
1,1,0.962381422519684
1,1,0.972891271114349
0,0,0.0359480753540993
1,0,0.336295872926712
0,1,0.848115801811218
1,1,0.582161903381348
0,0,0.0154117755591869
1,1,0.914606094360352
1,1,0.981953620910645
0,0,0.0594415590167046
0,0,0.00888720061630011
0,0,0.056368064135313
0,0,0.111716963350773
0,0,0.0459293760359287
1,1,0.924032688140869
1,1,0.953430354595184
1,1,0.964277446269989
1,1,0.967933475971222
1,1,0.953247666358948
1,0,0.0793220028281212
0,0,0.0352640561759472
1,1,0.950265049934387
0,0,0.042821578681469
1,1,0.980893850326538
1,1,0.962515890598297
0,0,0.0362160801887512
0,0,0.0491505526006222
1,1,0.987882494926453
0,1,0.690444827079773
0,0,0.0276129953563213
1,1,0.971207201480865
1,1,0.97671514749527
1,1,0.984438478946686
1,1,0.983358800411224
1,1,0.869540989398956
0,0,0.0968107506632805
1,1,0.960710048675537
1,1,0.978465855121613
1,1,0.98047000169754
1,1,0.969862103462219
0,0,0.420772910118103
0,0,0.0147643974050879
0,0,0.085475392639637
0,0,0.0579540021717548
1,1,0.970994830131531
1,1,0.976330578327179
1,1,0.664468824863434
0,0,0.0260192342102528
0,0,0.0233005937188864
1,0,0.421377658843994
1,1,0.722594499588013
0,0,0.0182692389935255
0,0,0.0181819368153811
0,0,0.046886183321476
1,1,0.846178233623505
0,0,0.0448280423879623
0,0,0.0604261122643948
0,0,0.0285529401153326
1,1,0.961475253105164
0,0,0.157672092318535
1,1,0.979076385498047
0,0,0.0111044207587838
1,1,0.966057121753693
1,1,0.955911576747894
0,0,0.0157185457646847
0,0,0.0156968180090189
0,0,0.0116363437846303
0,0,0.0695636495947838
0,0,0.0289805829524994
1,1,0.841812610626221
1,1,0.952331721782684
1,0,0.492338329553604
1,1,0.964208483695984
1,0,0.0799412876367569
0,0,0.402292102575302
0,0,0.0273366123437881
0,0,0.0241313483566046
1,1,0.919197559356689
1,1,0.873716592788696
1,1,0.927626669406891
0,0,0.00829796772450209
0,0,0.0184626337140799
1,1,0.984424293041229
0,0,0.0176263879984617
0,0,0.0622134879231453
0,0,0.0198368076235056
0,0,0.0281584747135639
1,1,0.973698258399963
1,1,0.869417786598206
1,1,0.916573584079742
1,1,0.960038721561432
1,1,0.821105778217316
0,0,0.0374819859862328
0,0,0.0536756105720997
1,1,0.939930379390717
1,1,0.970710694789886
0,0,0.0277156569063663
0,1,0.853627681732178
1,1,0.94942569732666
1,1,0.984426558017731
0,1,0.948783755302429
0,1,0.964077591896057
0,0,0.0251193251460791
1,1,0.968560993671417
1,1,0.976800441741943
0,1,0.581031858921051
0,0,0.0195803567767143
0,0,0.0773502662777901
1,1,0.978025853633881
0,0,0.0314360037446022
1,1,0.970209300518036
0,0,0.0237346924841404
0,0,0.0581025667488575
1,1,0.949605405330658
0,0,0.015387736260891
0,0,0.0116102304309607
0,0,0.0722773373126984
0,0,0.0156646557152271
1,1,0.978624045848846
0,0,0.0309807434678078
1,1,0.973337709903717
1,1,0.95636922121048
1,1,0.977195203304291
0,0,0.0256408117711544
0,1,0.754599571228027
1,1,0.800212621688843
1,0,0.0697585716843605
0,0,0.0193586498498917
0,1,0.868045628070831
0,0,0.0127046322450042
0,0,0.0489425621926785
0,0,0.439091145992279
0,0,0.0155019583180547
0,0,0.0477827787399292
1,1,0.906760275363922
0,0,0.0210299082100391
1,1,0.980252861976624
1,1,0.697132706642151
0,0,0.02726442925632
0,0,0.0230892319232225
1,1,0.970539748668671
0,0,0.024417320266366
0,0,0.0104218041524291
0,0,0.0118865091353655
0,0,0.0196400452405214
1,1,0.972282767295837
0,0,0.0227713659405708
0,0,0.0680216327309608
1,1,0.969497263431549
0,0,0.00894065853208303
0,0,0.0222379751503468
0,0,0.0208579637110233
0,0,0.0268041752278805
1,1,0.948556959629059
1,1,0.905572533607483
0,1,0.651508092880249
0,0,0.0565510354936123
0,0,0.0187555979937315
0,0,0.0260974857956171
0,0,0.324122965335846
1,1,0.940640032291412
1,1,0.943392336368561
0,0,0.0215979181230068
0,0,0.0165515001863241
0,0,0.0178681667894125
1,1,0.980411648750305
0,0,0.0513549968600273
1,1,0.846006572246552
1,1,0.962790548801422
1,1,0.98918879032135
0,0,0.01530228741467
0,0,0.318337649106979
0,0,0.0381066538393497
1,1,0.944497227668762
1,1,0.973607063293457
0,0,0.0474598370492458
1,1,0.976965665817261
1,1,0.975139439105988
0,0,0.0156940426677465
1,1,0.935008764266968
0,0,0.107181794941425
1,1,0.983005940914154
1,1,0.969858884811401
1,1,0.972904920578003
0,0,0.0576825924217701
0,0,0.0199689865112305
1,1,0.665009379386902
0,0,0.0228872261941433
1,1,0.972961008548737
0,0,0.311598479747772
1,1,0.986766636371613
0,0,0.0409453846514225
0,0,0.0344417653977871
1,1,0.987751722335815
0,0,0.0239485297352076
0,0,0.0152649711817503
1,1,0.971625030040741
1,1,0.986956357955933
1,1,0.96324348449707
0,0,0.0123438406735659
1,1,0.961700439453125
1,1,0.949323177337646
1,1,0.985286712646484
1,1,0.95601761341095
1,1,0.920811831951141
0,0,0.00911548919975758
0,0,0.0308900251984596
0,0,0.277473479509354
1,1,0.954625010490417
0,0,0.120240963995457
0,0,0.0532968528568745
0,0,0.0200256872922182
0,0,0.0173374656587839
0,0,0.0215970724821091
0,0,0.0161272194236517
1,1,0.980135262012482
0,0,0.0440544188022614
1,1,0.984733879566193
1,1,0.975758910179138
1,1,0.819777429103851
0,0,0.0345792062580585
0,0,0.025099128484726
0,0,0.0155353248119354
0,0,0.0264239124953747
1,1,0.713286638259888
1,1,0.980007112026215
0,0,0.0222722608596087
0,0,0.0177911520004272
0,0,0.0276518706232309
1,1,0.966132521629333
0,0,0.0688348636031151
0,0,0.064007043838501
0,0,0.0415346883237362
0,0,0.427207678556442
0,0,0.36240142583847
0,0,0.0150079438462853
0,0,0.0309408064931631
1,1,0.942746162414551
1,1,0.918849110603333
0,0,0.011452978476882
1,1,0.953098058700562
0,0,0.0223750621080399
1,1,0.987620651721954
0,0,0.0239691343158484
1,1,0.98069304227829
1,1,0.960756182670593
0,0,0.0174541175365448
0,0,0.0353045351803303
0,0,0.0113684004172683
0,0,0.0741796419024467
0,0,0.0198246389627457
1,1,0.942244827747345
1,1,0.981106519699097
1,1,0.982161641120911
1,1,0.938801348209381
0,1,0.864764750003815
1,1,0.768888711929321
0,0,0.0141386957839131
1,1,0.951799929141998
1,1,0.505084753036499
0,0,0.0225081816315651
0,0,0.0189304761588573
0,0,0.0331571325659752
1,1,0.980194449424744
0,0,0.0224359817802906
0,0,0.0467930994927883
1,1,0.915684223175049
1,1,0.942694425582886
0,0,0.373400092124939
0,0,0.0424286872148514
0,0,0.0167140737175941
1,1,0.965943515300751
0,0,0.0502651818096638
0,0,0.0183223802596331
1,1,0.887753069400787
0,0,0.0396561324596405
0,0,0.0496052391827106
1,1,0.949778735637665
1,1,0.971995830535889
1,1,0.986290037631989
1,1,0.795028269290924
1,1,0.980930864810944
0,0,0.0358433946967125
1,1,0.960981488227844
1,1,0.98263818025589
0,0,0.0133189866319299
1,1,0.975118160247803
0,0,0.0361246056854725
1,1,0.968392610549927
0,0,0.158534452319145
1,1,0.964361011981964
0,0,0.0313208065927029
1,1,0.966254830360413
0,0,0.0201598107814789
1,0,0.45870253443718
1,1,0.983265161514282
0,0,0.0102607542648911
0,0,0.156451418995857
1,1,0.783741652965546
0,0,0.0293953698128462
0,0,0.0192133076488972
0,0,0.039510864764452
0,0,0.0281775835901499
0,0,0.0179176721721888
1,1,0.962090134620667
0,0,0.0840913355350494
1,1,0.98225337266922
1,1,0.891387045383453
0,0,0.082968533039093
0,0,0.059971034526825
1,1,0.810574650764465
1,1,0.935087919235229
0,0,0.0507893897593021
1,1,0.983877897262573
1,1,0.981701731681824
0,0,0.297240167856216
1,1,0.977027416229248
1,1,0.944752633571625
0,0,0.0144282300025225
1,1,0.902626991271973
0,0,0.0297661479562521
0,0,0.0118774231523275
0,0,0.0336746349930763
0,0,0.0278046783059835
0,0,0.0585934445261955
0,0,0.0270167775452137
1,1,0.952621519565582
1,1,0.966718375682831
0,0,0.0273388288915157
0,0,0.192016139626503
1,1,0.989707469940186
0,0,0.0344981178641319
1,1,0.889942407608032
0,0,0.109166696667671
1,1,0.830007135868073
1,1,0.962640047073364
0,0,0.387338072061539
0,0,0.0202148109674454
1,1,0.932462215423584
0,0,0.0996250212192535
1,1,0.98542445898056
0,0,0.0342651158571243
0,0,0.467943519353867
0,0,0.0300935935229063
1,1,0.979194581508636
1,1,0.978073060512543
0,0,0.00462175952270627
0,0,0.00600635120645165
0,0,0.0312100704759359
1,1,0.975122332572937
0,0,0.022434301674366
0,0,0.0406389236450195
1,1,0.892859816551208
1,1,0.974137187004089
1,1,0.963545083999634
0,0,0.0454140715301037
0,0,0.0830659419298172
1,1,0.875537931919098
0,0,0.0218899734318256
0,0,0.0158300865441561
1,0,0.0527836531400681
0,0,0.01427979208529
0,0,0.0660132840275764
1,1,0.650968492031097
1,0,0.440771222114563
0,0,0.0259732641279697
1,1,0.988057255744934
0,0,0.0232359934598207
0,0,0.0144304605200887
1,1,0.981378436088562
1,1,0.936560571193695
0,0,0.0156024796888232
0,0,0.019811762496829
0,0,0.052487775683403
1,1,0.985887825489044
0,0,0.023496501147747
0,0,0.0802971422672272
1,1,0.917235970497131
1,1,0.979365944862366
0,0,0.0300336573272943
0,0,0.188224896788597
0,0,0.0198887847363949
1,1,0.945725321769714
1,1,0.945098340511322
0,0,0.0239926446229219
1,1,0.983094155788422
1,1,0.980970680713654
1,1,0.71124666929245
0,0,0.0131895262748003
1,1,0.97450715303421
1,1,0.982514977455139
0,0,0.0285209733992815
1,1,0.958444237709045
1,1,0.963691830635071
0,1,0.900881230831146
0,0,0.0480432137846947
1,1,0.968800365924835
1,1,0.979669451713562
1,1,0.980162143707275
0,1,0.97460412979126
1,1,0.952869415283203
1,1,0.961973369121552
0,0,0.140276461839676
1,1,0.969321131706238
1,1,0.981846511363983
0,0,0.0216102004051208
0,0,0.0143442088738084
0,0,0.0153647577390075
0,0,0.0618685111403465
1,0,0.491983741521835
0,0,0.0109512489289045
0,0,0.0253742709755898
1,1,0.981112480163574
1,1,0.98735123872757
1,1,0.98694521188736
0,0,0.0173329971730709
1,1,0.958189308643341
0,0,0.317781150341034
1,1,0.984103560447693
1,1,0.933572888374329
0,0,0.016908897086978
1,1,0.967929899692535
0,0,0.0638802126049995
1,1,0.904829561710358
0,1,0.851679861545563
1,1,0.96531218290329
0,0,0.0436141416430473
1,1,0.939508974552155
1,1,0.985784709453583
1,1,0.828420221805573
0,0,0.177511945366859
1,1,0.975402772426605
1,1,0.986325442790985
0,0,0.00966948643326759
0,0,0.130529671907425
1,1,0.962188303470612
0,0,0.0949274152517319
0,0,0.01106789521873
0,0,0.0721934661269188
0,1,0.697178423404694
1,1,0.642537951469421
1,1,0.752841293811798
0,0,0.0468512065708637
1,1,0.979368090629578
0,0,0.0256400723010302
1,1,0.955449223518372
0,0,0.0184832885861397
1,1,0.976573824882507
0,0,0.0433218628168106
0,0,0.0264667253941298
1,1,0.946515917778015
1,1,0.981763422489166
0,0,0.00930642895400524
0,0,0.0132464356720448
0,0,0.0269743874669075
0,1,0.505834758281708
1,1,0.990010559558868
1,1,0.941917479038239
0,0,0.0264342911541462
1,1,0.949599027633667
1,1,0.781349718570709
0,0,0.0254088155925274
1,1,0.965988874435425
0,0,0.0132750049233437
0,0,0.0371138677000999
1,1,0.970715165138245
1,1,0.861470103263855
0,0,0.027490021660924
0,0,0.0354896523058414
0,0,0.0515015721321106
0,0,0.017348712310195
0,0,0.235710322856903
0,0,0.0269537307322025
0,0,0.0353287346661091
1,1,0.98089873790741
0,0,0.0536581575870514
0,0,0.17214173078537
0,0,0.021115455776453
1,1,0.972490847110748
0,0,0.0193442218005657
1,1,0.953309178352356
1,1,0.959189355373383
1,1,0.975909411907196
0,0,0.0132021075114608
0,0,0.0328818336129189
0,0,0.038045771420002
1,1,0.960007727146149
1,1,0.955896437168121
0,0,0.0705030933022499
1,1,0.933180749416351
0,0,0.0138558009639382
0,0,0.0226171426475048
1,0,0.471575528383255
0,0,0.0142455818131566
0,0,0.0464131757616997
1,1,0.977464020252228
1,1,0.97346830368042
1,1,0.961034059524536
1,1,0.961996674537659
0,0,0.075828418135643
0,0,0.0186347290873528
0,0,0.0240650922060013
1,1,0.971949338912964
0,0,0.0345238819718361
1,1,0.975071907043457
1,1,0.973267495632172
1,1,0.972676038742065
1,1,0.970534682273865
0,0,0.0200925171375275
0,0,0.061916645616293
1,1,0.975412368774414
1,1,0.868467628955841
0,1,0.941788673400879
1,1,0.975352823734283
1,1,0.982145309448242
0,0,0.0748737379908562
0,0,0.0145615302026272
1,1,0.970510244369507
0,0,0.060372281819582
0,0,0.0348614677786827
0,0,0.0385689921677113
1,1,0.982629537582397
0,0,0.0201622880995274
0,0,0.085374191403389
0,0,0.0439223535358906
0,0,0.0189091265201569
1,1,0.973016858100891
1,1,0.974692285060883
0,0,0.0495917871594429
1,1,0.959590971469879
1,1,0.971798360347748
1,1,0.940424501895905
0,1,0.675437808036804
0,0,0.0195223838090897
0,0,0.0186036378145218
1,1,0.950199604034424
1,1,0.86176073551178
1,1,0.980606973171234
0,0,0.0324007458984852
1,1,0.980537235736847
0,0,0.0145846074447036
0,0,0.0358690582215786
0,0,0.030673710629344
1,1,0.979169547557831
1,1,0.900251567363739
1,1,0.602825105190277
1,1,0.984768092632294
1,1,0.903170049190521
0,0,0.0917476266622543
1,1,0.856948137283325
1,1,0.986155807971954
0,0,0.0158417262136936
0,0,0.0316773727536201
0,0,0.0215152874588966
1,1,0.627149045467377
1,1,0.974531829357147
1,1,0.986133277416229
1,1,0.979810476303101
0,0,0.0261501464992762
1,1,0.858688056468964
0,0,0.056159533560276
1,1,0.831159949302673
1,1,0.954673051834106
0,0,0.38211065530777
0,0,0.0656659305095673
0,0,0.0234093032777309
1,1,0.900630533695221
0,0,0.0120954783633351
1,1,0.969686567783356
1,1,0.668758988380432
0,0,0.0522261746227741
1,0,0.407903462648392
0,0,0.0132474014535546
1,1,0.92300683259964
1,1,0.963259696960449
1,1,0.947774946689606
0,0,0.0194990392774343
0,0,0.0895347818732262
0,0,0.0158955045044422
1,1,0.708614885807037
0,1,0.641384422779083
1,1,0.938719868659973
1,1,0.982857227325439
0,0,0.0169955361634493
1,0,0.423356533050537
1,1,0.978018343448639
0,0,0.0262244343757629
1,1,0.908595681190491
0,0,0.0116511816158891
1,1,0.956670761108398
0,0,0.226059332489967
1,1,0.985857129096985
0,0,0.0121471537277102
1,1,0.732371628284454
0,0,0.0500145107507706
0,0,0.111580550670624
1,1,0.952020525932312
0,0,0.0123052541166544
1,1,0.949380040168762
0,0,0.0443161502480507
1,1,0.630849599838257
0,0,0.0148558663204312
0,0,0.023927453905344
1,1,0.898428380489349
1,1,0.972795784473419
0,0,0.487959206104279
1,1,0.981029450893402
1,1,0.981465458869934
1,1,0.858592629432678
1,1,0.717292964458466
0,0,0.0278814844787121
1,1,0.966649353504181
0,0,0.0248979702591896
0,0,0.0426576845347881
1,1,0.966890215873718
1,1,0.903935372829437
1,1,0.954305827617645
1,1,0.971425831317902
0,0,0.221697747707367
1,1,0.971830785274506
1,1,0.966740787029266
0,0,0.0295007042586803
0,0,0.042182344943285
1,1,0.913108289241791
0,0,0.0480663701891899
0,0,0.0209487974643707
1,1,0.957926869392395
0,0,0.0285209678113461
0,0,0.106118597090244
1,1,0.952203810214996
0,0,0.0507432520389557
1,1,0.922066032886505
0,0,0.0308020804077387
0,0,0.0484141856431961
1,1,0.962505161762238
1,1,0.959865927696228
0,0,0.0361282117664814
1,1,0.970104277133942
0,1,0.557281196117401
0,0,0.06171615421772
0,0,0.0385907851159573
0,0,0.0230380315333605
1,1,0.622858703136444
1,1,0.981760084629059
1,1,0.988183856010437
0,0,0.0196867864578962
0,0,0.167734295129776
1,1,0.989461004734039
1,1,0.969775021076202
0,0,0.0582298897206783
1,1,0.957088828086853
0,0,0.0275908894836903
1,1,0.968805730342865
0,0,0.0274839289486408
1,0,0.324064135551453
1,1,0.957835912704468
0,0,0.0333430878818035
0,0,0.446010112762451
0,0,0.121537417173386
0,0,0.0172223541885614
0,0,0.0240320134907961
1,1,0.833324134349823
0,0,0.031630165874958
1,1,0.978338420391083
1,0,0.0483225397765636
1,1,0.910757958889008
1,1,0.875703752040863
1,1,0.971673309803009
1,1,0.886909306049347
1,1,0.888976216316223
1,1,0.97264838218689
0,0,0.0386353470385075
0,1,0.719493567943573
0,0,0.186550348997116
0,0,0.0360775664448738
0,0,0.0226665697991848
0,0,0.0329009965062141
0,0,0.0314182788133621
1,1,0.731318652629852
1,0,0.0173418689519167
1,1,0.96968948841095
1,1,0.979012727737427
0,0,0.0307678300887346
0,0,0.446835488080978
1,1,0.985120475292206
0,0,0.249412402510643
1,1,0.956764101982117
1,1,0.969320118427277
1,1,0.983696401119232
0,0,0.0263274312019348
1,1,0.854601979255676
1,0,0.0497076362371445
0,0,0.130912199616432
0,0,0.06319659948349
1,0,0.290596127510071
0,0,0.0319157727062702
1,1,0.973085701465607
1,1,0.981166899204254
1,1,0.951049447059631
0,0,0.0139391776174307
0,0,0.0137598197907209
1,0,0.201314657926559
1,1,0.986466109752655
0,0,0.0202700830996037
0,0,0.0633467063307762
0,0,0.0499299801886082
0,0,0.041381873190403
0,0,0.0222870893776417
1,1,0.943014085292816
0,0,0.0271091535687447
0,0,0.0258383508771658
1,1,0.986827373504639
1,1,0.969822406768799
0,0,0.310091972351074
0,0,0.0193133056163788
0,0,0.0224330686032772
0,0,0.025110237300396
0,0,0.00953814946115017
1,1,0.964671850204468
0,0,0.0229924358427525
1,1,0.976233899593353
1,1,0.983785688877106
0,0,0.0462828613817692
0,0,0.0168352890759706
0,0,0.0264213420450687
0,0,0.0117157623171806
0,1,0.559205830097198
0,0,0.0197830051183701
1,1,0.959914445877075
1,1,0.951412856578827
0,0,0.0359926447272301
1,1,0.976102590560913
0,0,0.0130808148533106
1,1,0.951115667819977
0,0,0.00991352461278439
1,0,0.195806846022606
1,1,0.788540124893188
0,0,0.0290034078061581
0,0,0.190707370638847
0,0,0.030164759606123
0,0,0.0193979404866695
0,0,0.0246957428753376
0,0,0.0417244248092175
0,0,0.0197006016969681
1,1,0.962148129940033
0,0,0.0175028406083584
1,1,0.947713434696198
